{"type": "FeatureCollection", "features": [{"type": "Feature", "geometry": {"type": "Polygon", "coordinates": [[[-120.0, -84.0], [-120.0, -78.0], [-180.0, -78.0], [-180.0, -84.0], [-120.0, -84.0]]]}, "properties": {"name": "S84W180_6x60", "kind": "latlon", "epsg": 4326, "lonMult": 6, "height": 6, "width": 60, "available": 255, "selected": 29, "coverage": 0.9907, "unionFrac": 0.9908, "bw": {"40": 29}}}, {"type": "Feature", "geometry": {"type": "Polygon", "coordinates": [[[-60.0, -84.0], [-60.0, -78.0], [-120.0, -78.0], [-120.0, -84.0], [-60.0, -84.0]]]}, "properties": {"name": "S84W120_6x60", "kind": "latlon", "epsg": 4326, "lonMult": 6, "height": 6, "width": 60, "available": 247, "selected": 30, "coverage": 0.9974, "unionFrac": 1.0, "bw": {"40": 30}}}, {"type": "Feature", "geometry": {"type": "Polygon", "coordinates": [[[0.0, -84.0], [0.0, -78.0], [-60.0, -78.0], [-60.0, -84.0], [0.0, -84.0]]]}, "properties": {"name": "S84W060_6x60", "kind": "latlon", "epsg": 4326, "lonMult": 6, "height": 6, "width": 60, "available": 194, "selected": 30, "coverage": 0.9977, "unionFrac": 1.0, "bw": {"40": 30}}}, {"type": "Feature", "geometry": {"type": "Polygon", "coordinates": [[[60.0, -84.0], [60.0, -78.0], [0.0, -78.0], [0.0, -84.0], [60.0, -84.0]]]}, "properties": {"name": "S84E000_6x60", "kind": "latlon", "epsg": 4326, "lonMult": 6, "height": 6, "width": 60, "available": 160, "selected": 30, "coverage": 0.9992, "unionFrac": 1.0, "bw": {"40": 30}}}, {"type": "Feature", "geometry": {"type": "Polygon", "coordinates": [[[120.0, -84.0], [120.0, -78.0], [60.0, -78.0], [60.0, -84.0], [120.0, -84.0]]]}, "properties": {"name": "S84E060_6x60", "kind": "latlon", "epsg": 4326, "lonMult": 6, "height": 6, "width": 60, "available": 131, "selected": 31, "coverage": 0.9987, "unionFrac": 1.0, "bw": {"40": 31}}}, {"type": "Feature", "geometry": {"type": "Polygon", "coordinates": [[[180.0, -84.0], [180.0, -78.0], [120.0, -78.0], [120.0, -84.0], [180.0, -84.0]]]}, "properties": {"name": "S84E120_6x60", "kind": "latlon", "epsg": 4326, "lonMult": 6, "height": 6, "width": 60, "available": 240, "selected": 28, "coverage": 0.9869, "unionFrac": 0.9908, "bw": {"40": 28}}}, {"type": "Feature", "geometry": {"type": "Polygon", "coordinates": [[[-156.0, -78.0], [-156.0, -72.0], [-180.0, -72.0], [-180.0, -78.0], [-156.0, -78.0]]]}, "properties": {"name": "S78W180_6x24", "kind": "latlon", "epsg": 4326, "lonMult": 4, "height": 6, "width": 24, "available": 37, "selected": 12, "coverage": 0.1636, "unionFrac": 0.1654, "bw": {"40": 12}}}, {"type": "Feature", "geometry": {"type": "Polygon", "coordinates": [[[-132.0, -78.0], [-132.0, -72.0], [-156.0, -72.0], [-156.0, -78.0], [-132.0, -78.0]]]}, "properties": {"name": "S78W156_6x24", "kind": "latlon", "epsg": 4326, "lonMult": 4, "height": 6, "width": 24, "available": 93, "selected": 14, "coverage": 0.6083, "unionFrac": 0.6093, "bw": {"40": 14}}}, {"type": "Feature", "geometry": {"type": "Polygon", "coordinates": [[[-108.0, -78.0], [-108.0, -72.0], [-132.0, -72.0], [-132.0, -78.0], [-108.0, -78.0]]]}, "properties": {"name": "S78W132_6x24", "kind": "latlon", "epsg": 4326, "lonMult": 4, "height": 6, "width": 24, "available": 127, "selected": 19, "coverage": 0.8561, "unionFrac": 0.8571, "bw": {"40": 19}}}, {"type": "Feature", "geometry": {"type": "Polygon", "coordinates": [[[-84.0, -78.0], [-84.0, -72.0], [-108.0, -72.0], [-108.0, -78.0], [-84.0, -78.0]]]}, "properties": {"name": "S78W108_6x24", "kind": "latlon", "epsg": 4326, "lonMult": 4, "height": 6, "width": 24, "available": 155, "selected": 20, "coverage": 0.9938, "unionFrac": 0.9957, "bw": {"40": 20}}}, {"type": "Feature", "geometry": {"type": "Polygon", "coordinates": [[[-60.0, -78.0], [-60.0, -72.0], [-84.0, -72.0], [-84.0, -78.0], [-60.0, -78.0]]]}, "properties": {"name": "S78W084_6x24", "kind": "latlon", "epsg": 4326, "lonMult": 4, "height": 6, "width": 24, "available": 133, "selected": 20, "coverage": 0.9992, "unionFrac": 0.9994, "bw": {"40": 20}}}, {"type": "Feature", "geometry": {"type": "Polygon", "coordinates": [[[-36.0, -78.0], [-36.0, -72.0], [-60.0, -72.0], [-60.0, -78.0], [-36.0, -78.0]]]}, "properties": {"name": "S78W060_6x24", "kind": "latlon", "epsg": 4326, "lonMult": 4, "height": 6, "width": 24, "available": 40, "selected": 8, "coverage": 0.4465, "unionFrac": 0.4465, "bw": {"40": 8}}}, {"type": "Feature", "geometry": {"type": "Polygon", "coordinates": [[[-12.0, -78.0], [-12.0, -72.0], [-36.0, -72.0], [-36.0, -78.0], [-12.0, -78.0]]]}, "properties": {"name": "S78W036_6x24", "kind": "latlon", "epsg": 4326, "lonMult": 4, "height": 6, "width": 24, "available": 60, "selected": 19, "coverage": 0.777, "unionFrac": 0.7771, "bw": {"40": 19}}}, {"type": "Feature", "geometry": {"type": "Polygon", "coordinates": [[[12.0, -78.0], [12.0, -72.0], [-12.0, -72.0], [-12.0, -78.0], [12.0, -78.0]]]}, "properties": {"name": "S78W012_6x24", "kind": "latlon", "epsg": 4326, "lonMult": 4, "height": 6, "width": 24, "available": 89, "selected": 21, "coverage": 0.9996, "unionFrac": 1.0, "bw": {"40": 21}}}, {"type": "Feature", "geometry": {"type": "Polygon", "coordinates": [[[36.0, -78.0], [36.0, -72.0], [12.0, -72.0], [12.0, -78.0], [36.0, -78.0]]]}, "properties": {"name": "S78E012_6x24", "kind": "latlon", "epsg": 4326, "lonMult": 4, "height": 6, "width": 24, "available": 82, "selected": 19, "coverage": 0.9995, "unionFrac": 1.0, "bw": {"40": 19}}}, {"type": "Feature", "geometry": {"type": "Polygon", "coordinates": [[[60.0, -78.0], [60.0, -72.0], [36.0, -72.0], [36.0, -78.0], [60.0, -78.0]]]}, "properties": {"name": "S78E036_6x24", "kind": "latlon", "epsg": 4326, "lonMult": 4, "height": 6, "width": 24, "available": 108, "selected": 19, "coverage": 0.9987, "unionFrac": 1.0, "bw": {"40": 19}}}, {"type": "Feature", "geometry": {"type": "Polygon", "coordinates": [[[84.0, -78.0], [84.0, -72.0], [60.0, -72.0], [60.0, -78.0], [84.0, -78.0]]]}, "properties": {"name": "S78E060_6x24", "kind": "latlon", "epsg": 4326, "lonMult": 4, "height": 6, "width": 24, "available": 131, "selected": 20, "coverage": 0.9994, "unionFrac": 1.0, "bw": {"40": 20}}}, {"type": "Feature", "geometry": {"type": "Polygon", "coordinates": [[[108.0, -78.0], [108.0, -72.0], [84.0, -72.0], [84.0, -78.0], [108.0, -78.0]]]}, "properties": {"name": "S78E084_6x24", "kind": "latlon", "epsg": 4326, "lonMult": 4, "height": 6, "width": 24, "available": 86, "selected": 23, "coverage": 1.0, "unionFrac": 1.0, "bw": {"40": 23}}}, {"type": "Feature", "geometry": {"type": "Polygon", "coordinates": [[[132.0, -78.0], [132.0, -72.0], [108.0, -72.0], [108.0, -78.0], [132.0, -78.0]]]}, "properties": {"name": "S78E108_6x24", "kind": "latlon", "epsg": 4326, "lonMult": 4, "height": 6, "width": 24, "available": 86, "selected": 21, "coverage": 0.9987, "unionFrac": 1.0, "bw": {"40": 21}}}, {"type": "Feature", "geometry": {"type": "Polygon", "coordinates": [[[156.0, -78.0], [156.0, -72.0], [132.0, -72.0], [132.0, -78.0], [156.0, -78.0]]]}, "properties": {"name": "S78E132_6x24", "kind": "latlon", "epsg": 4326, "lonMult": 4, "height": 6, "width": 24, "available": 134, "selected": 19, "coverage": 0.9982, "unionFrac": 1.0, "bw": {"40": 19}}}, {"type": "Feature", "geometry": {"type": "Polygon", "coordinates": [[[180.0, -78.0], [180.0, -72.0], [156.0, -72.0], [156.0, -78.0], [180.0, -78.0]]]}, "properties": {"name": "S78E156_6x24", "kind": "latlon", "epsg": 4326, "lonMult": 4, "height": 6, "width": 24, "available": 114, "selected": 21, "coverage": 0.6963, "unionFrac": 0.6984, "bw": {"40": 21}}}, {"type": "Feature", "geometry": {"type": "Polygon", "coordinates": [[[-90.0, -72.0], [-90.0, -66.0], [-108.0, -66.0], [-108.0, -72.0], [-90.0, -72.0]]]}, "properties": {"name": "S72W108_6x18", "kind": "latlon", "epsg": 4326, "lonMult": 3, "height": 6, "width": 18, "available": 23, "selected": 10, "coverage": 0.1353, "unionFrac": 0.1378, "bw": {"77": 1, "40": 9}}}, {"type": "Feature", "geometry": {"type": "Polygon", "coordinates": [[[-72.0, -72.0], [-72.0, -66.0], [-90.0, -66.0], [-90.0, -72.0], [-72.0, -72.0]]]}, "properties": {"name": "S72W090_6x18", "kind": "latlon", "epsg": 4326, "lonMult": 3, "height": 6, "width": 18, "available": 46, "selected": 10, "coverage": 0.3623, "unionFrac": 0.3645, "bw": {"77": 1, "40": 9}}}, {"type": "Feature", "geometry": {"type": "Polygon", "coordinates": [[[-54.0, -72.0], [-54.0, -66.0], [-72.0, -66.0], [-72.0, -72.0], [-54.0, -72.0]]]}, "properties": {"name": "S72W072_6x18", "kind": "latlon", "epsg": 4326, "lonMult": 3, "height": 6, "width": 18, "available": 64, "selected": 16, "coverage": 0.8189, "unionFrac": 0.819, "bw": {"40": 16}}}, {"type": "Feature", "geometry": {"type": "Polygon", "coordinates": [[[-18.0, -72.0], [-18.0, -66.0], [-36.0, -66.0], [-36.0, -72.0], [-18.0, -72.0]]]}, "properties": {"name": "S72W036_6x18", "kind": "latlon", "epsg": 4326, "lonMult": 3, "height": 6, "width": 18, "available": 4, "selected": 2, "coverage": 0.0113, "unionFrac": 0.0113, "bw": {"40": 2}}}, {"type": "Feature", "geometry": {"type": "Polygon", "coordinates": [[[0.0, -72.0], [0.0, -66.0], [-18.0, -66.0], [-18.0, -72.0], [0.0, -72.0]]]}, "properties": {"name": "S72W018_6x18", "kind": "latlon", "epsg": 4326, "lonMult": 3, "height": 6, "width": 18, "available": 23, "selected": 7, "coverage": 0.3188, "unionFrac": 0.3188, "bw": {"40": 7}}}, {"type": "Feature", "geometry": {"type": "Polygon", "coordinates": [[[18.0, -72.0], [18.0, -66.0], [0.0, -66.0], [0.0, -72.0], [18.0, -72.0]]]}, "properties": {"name": "S72E000_6x18", "kind": "latlon", "epsg": 4326, "lonMult": 3, "height": 6, "width": 18, "available": 28, "selected": 8, "coverage": 0.4978, "unionFrac": 0.4978, "bw": {"40": 8}}}, {"type": "Feature", "geometry": {"type": "Polygon", "coordinates": [[[36.0, -72.0], [36.0, -66.0], [18.0, -66.0], [18.0, -72.0], [36.0, -72.0]]]}, "properties": {"name": "S72E018_6x18", "kind": "latlon", "epsg": 4326, "lonMult": 3, "height": 6, "width": 18, "available": 35, "selected": 11, "coverage": 0.5286, "unionFrac": 0.5287, "bw": {"40": 11}}}, {"type": "Feature", "geometry": {"type": "Polygon", "coordinates": [[[54.0, -72.0], [54.0, -66.0], [36.0, -66.0], [36.0, -72.0], [54.0, -72.0]]]}, "properties": {"name": "S72E036_6x18", "kind": "latlon", "epsg": 4326, "lonMult": 3, "height": 6, "width": 18, "available": 96, "selected": 16, "coverage": 0.8999, "unionFrac": 0.9015, "bw": {"40": 16}}}, {"type": "Feature", "geometry": {"type": "Polygon", "coordinates": [[[72.0, -72.0], [72.0, -66.0], [54.0, -66.0], [54.0, -72.0], [72.0, -72.0]]]}, "properties": {"name": "S72E054_6x18", "kind": "latlon", "epsg": 4326, "lonMult": 3, "height": 6, "width": 18, "available": 101, "selected": 17, "coverage": 0.8865, "unionFrac": 0.8885, "bw": {"40": 17}}}, {"type": "Feature", "geometry": {"type": "Polygon", "coordinates": [[[90.0, -72.0], [90.0, -66.0], [72.0, -66.0], [72.0, -72.0], [90.0, -72.0]]]}, "properties": {"name": "S72E072_6x18", "kind": "latlon", "epsg": 4326, "lonMult": 3, "height": 6, "width": 18, "available": 99, "selected": 26, "coverage": 0.8895, "unionFrac": 0.8904, "bw": {"40": 26}}}, {"type": "Feature", "geometry": {"type": "Polygon", "coordinates": [[[108.0, -72.0], [108.0, -66.0], [90.0, -66.0], [90.0, -72.0], [108.0, -72.0]]]}, "properties": {"name": "S72E090_6x18", "kind": "latlon", "epsg": 4326, "lonMult": 3, "height": 6, "width": 18, "available": 110, "selected": 23, "coverage": 1.0, "unionFrac": 1.0, "bw": {"40": 23}}}, {"type": "Feature", "geometry": {"type": "Polygon", "coordinates": [[[126.0, -72.0], [126.0, -66.0], [108.0, -66.0], [108.0, -72.0], [126.0, -72.0]]]}, "properties": {"name": "S72E108_6x18", "kind": "latlon", "epsg": 4326, "lonMult": 3, "height": 6, "width": 18, "available": 105, "selected": 23, "coverage": 0.9958, "unionFrac": 0.9968, "bw": {"40": 23}}}, {"type": "Feature", "geometry": {"type": "Polygon", "coordinates": [[[144.0, -72.0], [144.0, -66.0], [126.0, -66.0], [126.0, -72.0], [144.0, -72.0]]]}, "properties": {"name": "S72E126_6x18", "kind": "latlon", "epsg": 4326, "lonMult": 3, "height": 6, "width": 18, "available": 110, "selected": 20, "coverage": 0.9955, "unionFrac": 0.9964, "bw": {"40": 20}}}, {"type": "Feature", "geometry": {"type": "Polygon", "coordinates": [[[162.0, -72.0], [162.0, -66.0], [144.0, -66.0], [144.0, -72.0], [162.0, -72.0]]]}, "properties": {"name": "S72E144_6x18", "kind": "latlon", "epsg": 4326, "lonMult": 3, "height": 6, "width": 18, "available": 86, "selected": 18, "coverage": 0.7524, "unionFrac": 0.7533, "bw": {"40": 17, "77": 1}}}, {"type": "Feature", "geometry": {"type": "Polygon", "coordinates": [[[180.0, -72.0], [180.0, -66.0], [162.0, -66.0], [162.0, -72.0], [180.0, -72.0]]]}, "properties": {"name": "S72E162_6x18", "kind": "latlon", "epsg": 4326, "lonMult": 3, "height": 6, "width": 18, "available": 35, "selected": 9, "coverage": 0.2479, "unionFrac": 0.2521, "bw": {"77": 2, "40": 7}}}, {"type": "Feature", "geometry": {"type": "Polygon", "coordinates": [[[-60.0, -66.0], [-60.0, -60.0], [-72.0, -60.0], [-72.0, -66.0], [-60.0, -66.0]]]}, "properties": {"name": "S66W072_6x12", "kind": "latlon", "epsg": 4326, "lonMult": 2, "height": 6, "width": 12, "available": 28, "selected": 8, "coverage": 0.4483, "unionFrac": 0.4493, "bw": {"40": 8}}}, {"type": "Feature", "geometry": {"type": "Polygon", "coordinates": [[[-48.0, -66.0], [-48.0, -60.0], [-60.0, -60.0], [-60.0, -66.0], [-48.0, -66.0]]]}, "properties": {"name": "S66W060_6x12", "kind": "latlon", "epsg": 4326, "lonMult": 2, "height": 6, "width": 12, "available": 26, "selected": 6, "coverage": 0.2939, "unionFrac": 0.2949, "bw": {"40": 6}}}, {"type": "Feature", "geometry": {"type": "Polygon", "coordinates": [[[-36.0, -66.0], [-36.0, -60.0], [-48.0, -60.0], [-48.0, -66.0], [-36.0, -66.0]]]}, "properties": {"name": "S66W048_6x12", "kind": "latlon", "epsg": 4326, "lonMult": 2, "height": 6, "width": 12, "available": 7, "selected": 4, "coverage": 0.0438, "unionFrac": 0.044, "bw": {"77": 4}}}, {"type": "Feature", "geometry": {"type": "Polygon", "coordinates": [[[48.0, -66.0], [48.0, -60.0], [36.0, -60.0], [36.0, -66.0], [48.0, -66.0]]]}, "properties": {"name": "S66E036_6x12", "kind": "latlon", "epsg": 4326, "lonMult": 2, "height": 6, "width": 12, "available": 5, "selected": 2, "coverage": 0.0123, "unionFrac": 0.0123, "bw": {"40": 2}}}, {"type": "Feature", "geometry": {"type": "Polygon", "coordinates": [[[60.0, -66.0], [60.0, -60.0], [48.0, -60.0], [48.0, -66.0], [60.0, -66.0]]]}, "properties": {"name": "S66E048_6x12", "kind": "latlon", "epsg": 4326, "lonMult": 2, "height": 6, "width": 12, "available": 13, "selected": 5, "coverage": 0.1082, "unionFrac": 0.1095, "bw": {"40": 5}}}, {"type": "Feature", "geometry": {"type": "Polygon", "coordinates": [[[84.0, -66.0], [84.0, -60.0], [72.0, -60.0], [72.0, -66.0], [84.0, -66.0]]]}, "properties": {"name": "S66E072_6x12", "kind": "latlon", "epsg": 4326, "lonMult": 2, "height": 6, "width": 12, "available": 1, "selected": 1, "coverage": 0.0026, "unionFrac": 0.0026, "bw": {"40": 1}}}, {"type": "Feature", "geometry": {"type": "Polygon", "coordinates": [[[96.0, -66.0], [96.0, -60.0], [84.0, -60.0], [84.0, -66.0], [96.0, -66.0]]]}, "properties": {"name": "S66E084_6x12", "kind": "latlon", "epsg": 4326, "lonMult": 2, "height": 6, "width": 12, "available": 16, "selected": 5, "coverage": 0.1395, "unionFrac": 0.1408, "bw": {"40": 5}}}, {"type": "Feature", "geometry": {"type": "Polygon", "coordinates": [[[108.0, -66.0], [108.0, -60.0], [96.0, -60.0], [96.0, -66.0], [108.0, -66.0]]]}, "properties": {"name": "S66E096_6x12", "kind": "latlon", "epsg": 4326, "lonMult": 2, "height": 6, "width": 12, "available": 22, "selected": 8, "coverage": 0.229, "unionFrac": 0.229, "bw": {"40": 8}}}, {"type": "Feature", "geometry": {"type": "Polygon", "coordinates": [[[120.0, -66.0], [120.0, -60.0], [108.0, -60.0], [108.0, -66.0], [120.0, -66.0]]]}, "properties": {"name": "S66E108_6x12", "kind": "latlon", "epsg": 4326, "lonMult": 2, "height": 6, "width": 12, "available": 13, "selected": 5, "coverage": 0.0998, "unionFrac": 0.0998, "bw": {"40": 5}}}, {"type": "Feature", "geometry": {"type": "Polygon", "coordinates": [[[132.0, -66.0], [132.0, -60.0], [120.0, -60.0], [120.0, -66.0], [132.0, -66.0]]]}, "properties": {"name": "S66E120_6x12", "kind": "latlon", "epsg": 4326, "lonMult": 2, "height": 6, "width": 12, "available": 18, "selected": 5, "coverage": 0.0837, "unionFrac": 0.0839, "bw": {"40": 5}}}, {"type": "Feature", "geometry": {"type": "Polygon", "coordinates": [[[144.0, -66.0], [144.0, -60.0], [132.0, -60.0], [132.0, -66.0], [144.0, -66.0]]]}, "properties": {"name": "S66E132_6x12", "kind": "latlon", "epsg": 4326, "lonMult": 2, "height": 6, "width": 12, "available": 13, "selected": 4, "coverage": 0.0814, "unionFrac": 0.0824, "bw": {"40": 4}}}, {"type": "Feature", "geometry": {"type": "Polygon", "coordinates": [[[156.0, -66.0], [156.0, -60.0], [144.0, -60.0], [144.0, -66.0], [156.0, -66.0]]]}, "properties": {"name": "S66E144_6x12", "kind": "latlon", "epsg": 4326, "lonMult": 2, "height": 6, "width": 12, "available": 1, "selected": 1, "coverage": 0.0018, "unionFrac": 0.0018, "bw": {"40": 1}}}, {"type": "Feature", "geometry": {"type": "Polygon", "coordinates": [[[-72.0, -60.0], [-72.0, -54.0], [-78.0, -54.0], [-78.0, -60.0], [-72.0, -60.0]]]}, "properties": {"name": "S60W078_6x6", "kind": "latlon", "epsg": 4326, "lonMult": 1, "height": 6, "width": 6, "available": 18, "selected": 5, "coverage": 0.1876, "unionFrac": 0.1881, "bw": {"40": 3, "20": 2}}}, {"type": "Feature", "geometry": {"type": "Polygon", "coordinates": [[[-66.0, -60.0], [-66.0, -54.0], [-72.0, -54.0], [-72.0, -60.0], [-66.0, -60.0]]]}, "properties": {"name": "S60W072_6x6", "kind": "latlon", "epsg": 4326, "lonMult": 1, "height": 6, "width": 6, "available": 27, "selected": 6, "coverage": 0.3754, "unionFrac": 0.376, "bw": {"40": 4, "20": 2}}}, {"type": "Feature", "geometry": {"type": "Polygon", "coordinates": [[[-60.0, -60.0], [-60.0, -54.0], [-66.0, -54.0], [-66.0, -60.0], [-60.0, -60.0]]]}, "properties": {"name": "S60W066_6x6", "kind": "latlon", "epsg": 4326, "lonMult": 1, "height": 6, "width": 6, "available": 9, "selected": 3, "coverage": 0.1164, "unionFrac": 0.1165, "bw": {"40": 1, "20": 2}}}, {"type": "Feature", "geometry": {"type": "Polygon", "coordinates": [[[-36.0, -60.0], [-36.0, -54.0], [-42.0, -54.0], [-42.0, -60.0], [-36.0, -60.0]]]}, "properties": {"name": "S60W042_6x6", "kind": "latlon", "epsg": 4326, "lonMult": 1, "height": 6, "width": 6, "available": 6, "selected": 2, "coverage": 0.1516, "unionFrac": 0.1517, "bw": {"20": 2}}}, {"type": "Feature", "geometry": {"type": "Polygon", "coordinates": [[[-30.0, -60.0], [-30.0, -54.0], [-36.0, -54.0], [-36.0, -60.0], [-30.0, -60.0]]]}, "properties": {"name": "S60W036_6x6", "kind": "latlon", "epsg": 4326, "lonMult": 1, "height": 6, "width": 6, "available": 10, "selected": 3, "coverage": 0.0593, "unionFrac": 0.0611, "bw": {"20": 3}}}, {"type": "Feature", "geometry": {"type": "Polygon", "coordinates": [[[-24.0, -60.0], [-24.0, -54.0], [-30.0, -54.0], [-30.0, -60.0], [-24.0, -60.0]]]}, "properties": {"name": "S60W030_6x6", "kind": "latlon", "epsg": 4326, "lonMult": 1, "height": 6, "width": 6, "available": 13, "selected": 6, "coverage": 0.5771, "unionFrac": 0.5779, "bw": {"20": 6}}}, {"type": "Feature", "geometry": {"type": "Polygon", "coordinates": [[[-18.0, -60.0], [-18.0, -54.0], [-24.0, -54.0], [-24.0, -60.0], [-18.0, -60.0]]]}, "properties": {"name": "S60W024_6x6", "kind": "latlon", "epsg": 4326, "lonMult": 1, "height": 6, "width": 6, "available": 5, "selected": 2, "coverage": 0.0332, "unionFrac": 0.0338, "bw": {"20": 2}}}, {"type": "Feature", "geometry": {"type": "Polygon", "coordinates": [[[6.0, -60.0], [6.0, -54.0], [0.0, -54.0], [0.0, -60.0], [6.0, -60.0]]]}, "properties": {"name": "S60E000_6x6", "kind": "latlon", "epsg": 4326, "lonMult": 1, "height": 6, "width": 6, "available": 5, "selected": 3, "coverage": 0.0939, "unionFrac": 0.0939, "bw": {"20": 3}}}, {"type": "Feature", "geometry": {"type": "Polygon", "coordinates": [[[12.0, -60.0], [12.0, -54.0], [6.0, -54.0], [6.0, -60.0], [12.0, -60.0]]]}, "properties": {"name": "S60E006_6x6", "kind": "latlon", "epsg": 4326, "lonMult": 1, "height": 6, "width": 6, "available": 2, "selected": 1, "coverage": 0.0047, "unionFrac": 0.0047, "bw": {"20": 1}}}, {"type": "Feature", "geometry": {"type": "Polygon", "coordinates": [[[-78.0, -54.0], [-78.0, -48.0], [-84.0, -48.0], [-84.0, -54.0], [-78.0, -54.0]]]}, "properties": {"name": "S54W084_6x6", "kind": "latlon", "epsg": 4326, "lonMult": 1, "height": 6, "width": 6, "available": 3, "selected": 1, "coverage": 0.0067, "unionFrac": 0.0071, "bw": {"20": 1}}}, {"type": "Feature", "geometry": {"type": "Polygon", "coordinates": [[[-72.0, -54.0], [-72.0, -48.0], [-78.0, -48.0], [-78.0, -54.0], [-72.0, -54.0]]]}, "properties": {"name": "S54W078_6x6", "kind": "latlon", "epsg": 4326, "lonMult": 1, "height": 6, "width": 6, "available": 33, "selected": 10, "coverage": 0.8976, "unionFrac": 0.8985, "bw": {"40": 5, "20": 5}}}, {"type": "Feature", "geometry": {"type": "Polygon", "coordinates": [[[-66.0, -54.0], [-66.0, -48.0], [-72.0, -48.0], [-72.0, -54.0], [-66.0, -54.0]]]}, "properties": {"name": "S54W072_6x6", "kind": "latlon", "epsg": 4326, "lonMult": 1, "height": 6, "width": 6, "available": 57, "selected": 13, "coverage": 0.9959, "unionFrac": 0.9962, "bw": {"40": 5, "20": 8}}}, {"type": "Feature", "geometry": {"type": "Polygon", "coordinates": [[[-60.0, -54.0], [-60.0, -48.0], [-66.0, -48.0], [-66.0, -54.0], [-60.0, -54.0]]]}, "properties": {"name": "S54W066_6x6", "kind": "latlon", "epsg": 4326, "lonMult": 1, "height": 6, "width": 6, "available": 18, "selected": 8, "coverage": 0.1813, "unionFrac": 0.1818, "bw": {"20": 8}}}, {"type": "Feature", "geometry": {"type": "Polygon", "coordinates": [[[-54.0, -54.0], [-54.0, -48.0], [-60.0, -48.0], [-60.0, -54.0], [-54.0, -54.0]]]}, "properties": {"name": "S54W060_6x6", "kind": "latlon", "epsg": 4326, "lonMult": 1, "height": 6, "width": 6, "available": 3, "selected": 3, "coverage": 0.1237, "unionFrac": 0.1237, "bw": {"20": 3}}}, {"type": "Feature", "geometry": {"type": "Polygon", "coordinates": [[[-36.0, -54.0], [-36.0, -48.0], [-42.0, -48.0], [-42.0, -54.0], [-36.0, -54.0]]]}, "properties": {"name": "S54W042_6x6", "kind": "latlon", "epsg": 4326, "lonMult": 1, "height": 6, "width": 6, "available": 4, "selected": 2, "coverage": 0.047, "unionFrac": 0.047, "bw": {"20": 2}}}, {"type": "Feature", "geometry": {"type": "Polygon", "coordinates": [[[-30.0, -54.0], [-30.0, -48.0], [-36.0, -48.0], [-36.0, -54.0], [-30.0, -54.0]]]}, "properties": {"name": "S54W036_6x6", "kind": "latlon", "epsg": 4326, "lonMult": 1, "height": 6, "width": 6, "available": 6, "selected": 1, "coverage": 0.009, "unionFrac": 0.0093, "bw": {"20": 1}}}, {"type": "Feature", "geometry": {"type": "Polygon", "coordinates": [[[6.0, -54.0], [6.0, -48.0], [0.0, -48.0], [0.0, -54.0], [6.0, -54.0]]]}, "properties": {"name": "S54E000_6x6", "kind": "latlon", "epsg": 4326, "lonMult": 1, "height": 6, "width": 6, "available": 2, "selected": 1, "coverage": 0.0028, "unionFrac": 0.0028, "bw": {"20": 1}}}, {"type": "Feature", "geometry": {"type": "Polygon", "coordinates": [[[72.0, -54.0], [72.0, -48.0], [66.0, -48.0], [66.0, -54.0], [72.0, -54.0]]]}, "properties": {"name": "S54E066_6x6", "kind": "latlon", "epsg": 4326, "lonMult": 1, "height": 6, "width": 6, "available": 3, "selected": 2, "coverage": 0.1643, "unionFrac": 0.1643, "bw": {"20": 2}}}, {"type": "Feature", "geometry": {"type": "Polygon", "coordinates": [[[-72.0, -48.0], [-72.0, -42.0], [-78.0, -42.0], [-78.0, -48.0], [-72.0, -48.0]]]}, "properties": {"name": "S48W078_6x6", "kind": "latlon", "epsg": 4326, "lonMult": 1, "height": 6, "width": 6, "available": 37, "selected": 11, "coverage": 0.6703, "unionFrac": 0.6705, "bw": {"40": 5, "20": 6}}}, {"type": "Feature", "geometry": {"type": "Polygon", "coordinates": [[[-66.0, -48.0], [-66.0, -42.0], [-72.0, -42.0], [-72.0, -48.0], [-66.0, -48.0]]]}, "properties": {"name": "S48W072_6x6", "kind": "latlon", "epsg": 4326, "lonMult": 1, "height": 6, "width": 6, "available": 62, "selected": 19, "coverage": 0.9768, "unionFrac": 0.9777, "bw": {"40": 6, "20": 13}}}, {"type": "Feature", "geometry": {"type": "Polygon", "coordinates": [[[-60.0, -48.0], [-60.0, -42.0], [-66.0, -42.0], [-66.0, -48.0], [-60.0, -48.0]]]}, "properties": {"name": "S48W066_6x6", "kind": "latlon", "epsg": 4326, "lonMult": 1, "height": 6, "width": 6, "available": 22, "selected": 8, "coverage": 0.3651, "unionFrac": 0.3659, "bw": {"20": 8}}}, {"type": "Feature", "geometry": {"type": "Polygon", "coordinates": [[[144.0, -48.0], [144.0, -42.0], [138.0, -42.0], [138.0, -48.0], [144.0, -48.0]]]}, "properties": {"name": "S48E138_6x6", "kind": "latlon", "epsg": 4326, "lonMult": 1, "height": 6, "width": 6, "available": 6, "selected": 2, "coverage": 0.0377, "unionFrac": 0.0378, "bw": {"20": 2}}}, {"type": "Feature", "geometry": {"type": "Polygon", "coordinates": [[[150.0, -48.0], [150.0, -42.0], [144.0, -42.0], [144.0, -48.0], [150.0, -48.0]]]}, "properties": {"name": "S48E144_6x6", "kind": "latlon", "epsg": 4326, "lonMult": 1, "height": 6, "width": 6, "available": 13, "selected": 5, "coverage": 0.2856, "unionFrac": 0.2857, "bw": {"20": 5}}}, {"type": "Feature", "geometry": {"type": "Polygon", "coordinates": [[[156.0, -48.0], [156.0, -42.0], [150.0, -42.0], [150.0, -48.0], [156.0, -48.0]]]}, "properties": {"name": "S48E150_6x6", "kind": "latlon", "epsg": 4326, "lonMult": 1, "height": 6, "width": 6, "available": 6, "selected": 1, "coverage": 0.0307, "unionFrac": 0.0307, "bw": {"20": 1}}}, {"type": "Feature", "geometry": {"type": "Polygon", "coordinates": [[[168.0, -48.0], [168.0, -42.0], [162.0, -42.0], [162.0, -48.0], [168.0, -48.0]]]}, "properties": {"name": "S48E162_6x6", "kind": "latlon", "epsg": 4326, "lonMult": 1, "height": 6, "width": 6, "available": 9, "selected": 4, "coverage": 0.2908, "unionFrac": 0.2909, "bw": {"20": 4}}}, {"type": "Feature", "geometry": {"type": "Polygon", "coordinates": [[[174.0, -48.0], [174.0, -42.0], [168.0, -42.0], [168.0, -48.0], [174.0, -48.0]]]}, "properties": {"name": "S48E168_6x6", "kind": "latlon", "epsg": 4326, "lonMult": 1, "height": 6, "width": 6, "available": 24, "selected": 12, "coverage": 0.6369, "unionFrac": 0.6384, "bw": {"20": 12}}}, {"type": "Feature", "geometry": {"type": "Polygon", "coordinates": [[[180.0, -48.0], [180.0, -42.0], [174.0, -42.0], [174.0, -48.0], [180.0, -48.0]]]}, "properties": {"name": "S48E174_6x6", "kind": "latlon", "epsg": 4326, "lonMult": 1, "height": 6, "width": 6, "available": 4, "selected": 2, "coverage": 0.0962, "unionFrac": 0.0972, "bw": {"20": 2}}}, {"type": "Feature", "geometry": {"type": "Polygon", "coordinates": [[[-72.0, -42.0], [-72.0, -36.0], [-78.0, -36.0], [-78.0, -42.0], [-72.0, -42.0]]]}, "properties": {"name": "S42W078_6x6", "kind": "latlon", "epsg": 4326, "lonMult": 1, "height": 6, "width": 6, "available": 31, "selected": 9, "coverage": 0.5687, "unionFrac": 0.5688, "bw": {"40": 2, "20": 7}}}, {"type": "Feature", "geometry": {"type": "Polygon", "coordinates": [[[-66.0, -42.0], [-66.0, -36.0], [-72.0, -36.0], [-72.0, -42.0], [-66.0, -42.0]]]}, "properties": {"name": "S42W072_6x6", "kind": "latlon", "epsg": 4326, "lonMult": 1, "height": 6, "width": 6, "available": 64, "selected": 17, "coverage": 0.9997, "unionFrac": 1.0, "bw": {"40": 4, "20": 13}}}, {"type": "Feature", "geometry": {"type": "Polygon", "coordinates": [[[-60.0, -42.0], [-60.0, -36.0], [-66.0, -36.0], [-66.0, -42.0], [-60.0, -42.0]]]}, "properties": {"name": "S42W066_6x6", "kind": "latlon", "epsg": 4326, "lonMult": 1, "height": 6, "width": 6, "available": 55, "selected": 17, "coverage": 0.9363, "unionFrac": 0.9367, "bw": {"40": 3, "20": 14}}}, {"type": "Feature", "geometry": {"type": "Polygon", "coordinates": [[[-54.0, -42.0], [-54.0, -36.0], [-60.0, -36.0], [-60.0, -42.0], [-54.0, -42.0]]]}, "properties": {"name": "S42W060_6x6", "kind": "latlon", "epsg": 4326, "lonMult": 1, "height": 6, "width": 6, "available": 25, "selected": 10, "coverage": 0.3511, "unionFrac": 0.3518, "bw": {"40": 5, "20": 5}}}, {"type": "Feature", "geometry": {"type": "Polygon", "coordinates": [[[78.0, -42.0], [78.0, -36.0], [72.0, -36.0], [72.0, -42.0], [78.0, -42.0]]]}, "properties": {"name": "S42E072_6x6", "kind": "latlon", "epsg": 4326, "lonMult": 1, "height": 6, "width": 6, "available": 6, "selected": 3, "coverage": 0.0794, "unionFrac": 0.0794, "bw": {"20": 3}}}, {"type": "Feature", "geometry": {"type": "Polygon", "coordinates": [[[84.0, -42.0], [84.0, -36.0], [78.0, -36.0], [78.0, -42.0], [84.0, -42.0]]]}, "properties": {"name": "S42E078_6x6", "kind": "latlon", "epsg": 4326, "lonMult": 1, "height": 6, "width": 6, "available": 6, "selected": 2, "coverage": 0.0314, "unionFrac": 0.0321, "bw": {"20": 2}}}, {"type": "Feature", "geometry": {"type": "Polygon", "coordinates": [[[138.0, -42.0], [138.0, -36.0], [132.0, -36.0], [132.0, -42.0], [138.0, -42.0]]]}, "properties": {"name": "S42E132_6x6", "kind": "latlon", "epsg": 4326, "lonMult": 1, "height": 6, "width": 6, "available": 12, "selected": 4, "coverage": 0.0289, "unionFrac": 0.0296, "bw": {"40": 1, "20": 3}}}, {"type": "Feature", "geometry": {"type": "Polygon", "coordinates": [[[144.0, -42.0], [144.0, -36.0], [138.0, -36.0], [138.0, -42.0], [144.0, -42.0]]]}, "properties": {"name": "S42E138_6x6", "kind": "latlon", "epsg": 4326, "lonMult": 1, "height": 6, "width": 6, "available": 33, "selected": 10, "coverage": 0.5242, "unionFrac": 0.5245, "bw": {"40": 2, "20": 8}}}, {"type": "Feature", "geometry": {"type": "Polygon", "coordinates": [[[150.0, -42.0], [150.0, -36.0], [144.0, -36.0], [144.0, -42.0], [150.0, -42.0]]]}, "properties": {"name": "S42E144_6x6", "kind": "latlon", "epsg": 4326, "lonMult": 1, "height": 6, "width": 6, "available": 49, "selected": 15, "coverage": 0.9171, "unionFrac": 0.9181, "bw": {"40": 4, "20": 11}}}, {"type": "Feature", "geometry": {"type": "Polygon", "coordinates": [[[156.0, -42.0], [156.0, -36.0], [150.0, -36.0], [150.0, -42.0], [156.0, -42.0]]]}, "properties": {"name": "S42E150_6x6", "kind": "latlon", "epsg": 4326, "lonMult": 1, "height": 6, "width": 6, "available": 14, "selected": 5, "coverage": 0.1268, "unionFrac": 0.1269, "bw": {"20": 4, "40": 1}}}, {"type": "Feature", "geometry": {"type": "Polygon", "coordinates": [[[174.0, -42.0], [174.0, -36.0], [168.0, -36.0], [168.0, -42.0], [174.0, -42.0]]]}, "properties": {"name": "S42E168_6x6", "kind": "latlon", "epsg": 4326, "lonMult": 1, "height": 6, "width": 6, "available": 17, "selected": 8, "coverage": 0.3117, "unionFrac": 0.3117, "bw": {"20": 8}}}, {"type": "Feature", "geometry": {"type": "Polygon", "coordinates": [[[180.0, -42.0], [180.0, -36.0], [174.0, -36.0], [174.0, -42.0], [180.0, -42.0]]]}, "properties": {"name": "S42E174_6x6", "kind": "latlon", "epsg": 4326, "lonMult": 1, "height": 6, "width": 6, "available": 27, "selected": 11, "coverage": 0.6874, "unionFrac": 0.6882, "bw": {"20": 11}}}, {"type": "Feature", "geometry": {"type": "Polygon", "coordinates": [[[-174.0, -36.0], [-174.0, -30.0], [-180.0, -30.0], [-180.0, -36.0], [-174.0, -36.0]]]}, "properties": {"name": "S36W180_6x6", "kind": "latlon", "epsg": 4326, "lonMult": 1, "height": 6, "width": 6, "available": 3, "selected": 2, "coverage": 0.0169, "unionFrac": 0.0169, "bw": {"20": 2}}}, {"type": "Feature", "geometry": {"type": "Polygon", "coordinates": [[[-72.0, -36.0], [-72.0, -30.0], [-78.0, -30.0], [-78.0, -36.0], [-72.0, -36.0]]]}, "properties": {"name": "S36W078_6x6", "kind": "latlon", "epsg": 4326, "lonMult": 1, "height": 6, "width": 6, "available": 17, "selected": 6, "coverage": 0.2298, "unionFrac": 0.2298, "bw": {"20": 6}}}, {"type": "Feature", "geometry": {"type": "Polygon", "coordinates": [[[-66.0, -36.0], [-66.0, -30.0], [-72.0, -30.0], [-72.0, -36.0], [-66.0, -36.0]]]}, "properties": {"name": "S36W072_6x6", "kind": "latlon", "epsg": 4326, "lonMult": 1, "height": 6, "width": 6, "available": 62, "selected": 14, "coverage": 0.9988, "unionFrac": 1.0, "bw": {"20": 14}}}, {"type": "Feature", "geometry": {"type": "Polygon", "coordinates": [[[-60.0, -36.0], [-60.0, -30.0], [-66.0, -30.0], [-66.0, -36.0], [-60.0, -36.0]]]}, "properties": {"name": "S36W066_6x6", "kind": "latlon", "epsg": 4326, "lonMult": 1, "height": 6, "width": 6, "available": 61, "selected": 15, "coverage": 0.9995, "unionFrac": 1.0, "bw": {"20": 15}}}, {"type": "Feature", "geometry": {"type": "Polygon", "coordinates": [[[-54.0, -36.0], [-54.0, -30.0], [-60.0, -30.0], [-60.0, -36.0], [-54.0, -36.0]]]}, "properties": {"name": "S36W060_6x6", "kind": "latlon", "epsg": 4326, "lonMult": 1, "height": 6, "width": 6, "available": 63, "selected": 21, "coverage": 0.9736, "unionFrac": 0.9739, "bw": {"40": 4, "20": 17}}}, {"type": "Feature", "geometry": {"type": "Polygon", "coordinates": [[[-48.0, -36.0], [-48.0, -30.0], [-54.0, -30.0], [-54.0, -36.0], [-48.0, -36.0]]]}, "properties": {"name": "S36W054_6x6", "kind": "latlon", "epsg": 4326, "lonMult": 1, "height": 6, "width": 6, "available": 24, "selected": 8, "coverage": 0.4452, "unionFrac": 0.4455, "bw": {"20": 6, "40": 2}}}, {"type": "Feature", "geometry": {"type": "Polygon", "coordinates": [[[18.0, -36.0], [18.0, -30.0], [12.0, -30.0], [12.0, -36.0], [18.0, -36.0]]]}, "properties": {"name": "S36E012_6x6", "kind": "latlon", "epsg": 4326, "lonMult": 1, "height": 6, "width": 6, "available": 11, "selected": 4, "coverage": 0.2197, "unionFrac": 0.2203, "bw": {"20": 4}}}, {"type": "Feature", "geometry": {"type": "Polygon", "coordinates": [[[24.0, -36.0], [24.0, -30.0], [18.0, -30.0], [18.0, -36.0], [24.0, -36.0]]]}, "properties": {"name": "S36E018_6x6", "kind": "latlon", "epsg": 4326, "lonMult": 1, "height": 6, "width": 6, "available": 45, "selected": 13, "coverage": 0.7756, "unionFrac": 0.7775, "bw": {"20": 13}}}, {"type": "Feature", "geometry": {"type": "Polygon", "coordinates": [[[30.0, -36.0], [30.0, -30.0], [24.0, -30.0], [24.0, -36.0], [30.0, -36.0]]]}, "properties": {"name": "S36E024_6x6", "kind": "latlon", "epsg": 4326, "lonMult": 1, "height": 6, "width": 6, "available": 35, "selected": 10, "coverage": 0.6259, "unionFrac": 0.626, "bw": {"20": 9, "40": 1}}}, {"type": "Feature", "geometry": {"type": "Polygon", "coordinates": [[[36.0, -36.0], [36.0, -30.0], [30.0, -30.0], [30.0, -36.0], [36.0, -36.0]]]}, "properties": {"name": "S36E030_6x6", "kind": "latlon", "epsg": 4326, "lonMult": 1, "height": 6, "width": 6, "available": 10, "selected": 2, "coverage": 0.1046, "unionFrac": 0.1046, "bw": {"40": 2}}}, {"type": "Feature", "geometry": {"type": "Polygon", "coordinates": [[[114.0, -36.0], [114.0, -30.0], [108.0, -30.0], [108.0, -36.0], [114.0, -36.0]]]}, "properties": {"name": "S36E108_6x6", "kind": "latlon", "epsg": 4326, "lonMult": 1, "height": 6, "width": 6, "available": 15, "selected": 5, "coverage": 0.0613, "unionFrac": 0.0614, "bw": {"20": 3, "40": 2}}}, {"type": "Feature", "geometry": {"type": "Polygon", "coordinates": [[[120.0, -36.0], [120.0, -30.0], [114.0, -30.0], [114.0, -36.0], [120.0, -36.0]]]}, "properties": {"name": "S36E114_6x6", "kind": "latlon", "epsg": 4326, "lonMult": 1, "height": 6, "width": 6, "available": 45, "selected": 14, "coverage": 0.8312, "unionFrac": 0.832, "bw": {"20": 10, "40": 4}}}, {"type": "Feature", "geometry": {"type": "Polygon", "coordinates": [[[126.0, -36.0], [126.0, -30.0], [120.0, -30.0], [120.0, -36.0], [126.0, -36.0]]]}, "properties": {"name": "S36E120_6x6", "kind": "latlon", "epsg": 4326, "lonMult": 1, "height": 6, "width": 6, "available": 30, "selected": 12, "coverage": 0.6668, "unionFrac": 0.6674, "bw": {"20": 12}}}, {"type": "Feature", "geometry": {"type": "Polygon", "coordinates": [[[132.0, -36.0], [132.0, -30.0], [126.0, -30.0], [126.0, -36.0], [132.0, -36.0]]]}, "properties": {"name": "S36E126_6x6", "kind": "latlon", "epsg": 4326, "lonMult": 1, "height": 6, "width": 6, "available": 21, "selected": 9, "coverage": 0.3868, "unionFrac": 0.3876, "bw": {"20": 9}}}, {"type": "Feature", "geometry": {"type": "Polygon", "coordinates": [[[138.0, -36.0], [138.0, -30.0], [132.0, -30.0], [132.0, -36.0], [138.0, -36.0]]]}, "properties": {"name": "S36E132_6x6", "kind": "latlon", "epsg": 4326, "lonMult": 1, "height": 6, "width": 6, "available": 45, "selected": 14, "coverage": 0.8131, "unionFrac": 0.815, "bw": {"40": 2, "20": 12}}}, {"type": "Feature", "geometry": {"type": "Polygon", "coordinates": [[[144.0, -36.0], [144.0, -30.0], [138.0, -30.0], [138.0, -36.0], [144.0, -36.0]]]}, "properties": {"name": "S36E138_6x6", "kind": "latlon", "epsg": 4326, "lonMult": 1, "height": 6, "width": 6, "available": 69, "selected": 15, "coverage": 0.9993, "unionFrac": 1.0, "bw": {"40": 3, "20": 12}}}, {"type": "Feature", "geometry": {"type": "Polygon", "coordinates": [[[150.0, -36.0], [150.0, -30.0], [144.0, -30.0], [144.0, -36.0], [150.0, -36.0]]]}, "properties": {"name": "S36E144_6x6", "kind": "latlon", "epsg": 4326, "lonMult": 1, "height": 6, "width": 6, "available": 66, "selected": 20, "coverage": 1.0, "unionFrac": 1.0, "bw": {"40": 5, "20": 15}}}, {"type": "Feature", "geometry": {"type": "Polygon", "coordinates": [[[156.0, -36.0], [156.0, -30.0], [150.0, -30.0], [150.0, -36.0], [156.0, -36.0]]]}, "properties": {"name": "S36E150_6x6", "kind": "latlon", "epsg": 4326, "lonMult": 1, "height": 6, "width": 6, "available": 36, "selected": 10, "coverage": 0.5496, "unionFrac": 0.5499, "bw": {"20": 6, "40": 4}}}, {"type": "Feature", "geometry": {"type": "Polygon", "coordinates": [[[174.0, -36.0], [174.0, -30.0], [168.0, -30.0], [168.0, -36.0], [174.0, -36.0]]]}, "properties": {"name": "S36E168_6x6", "kind": "latlon", "epsg": 4326, "lonMult": 1, "height": 6, "width": 6, "available": 4, "selected": 2, "coverage": 0.1474, "unionFrac": 0.1478, "bw": {"20": 2}}}, {"type": "Feature", "geometry": {"type": "Polygon", "coordinates": [[[180.0, -36.0], [180.0, -30.0], [174.0, -30.0], [174.0, -36.0], [180.0, -36.0]]]}, "properties": {"name": "S36E174_6x6", "kind": "latlon", "epsg": 4326, "lonMult": 1, "height": 6, "width": 6, "available": 6, "selected": 3, "coverage": 0.0786, "unionFrac": 0.0786, "bw": {"20": 3}}}, {"type": "Feature", "geometry": {"type": "Polygon", "coordinates": [[[-174.0, -30.0], [-174.0, -24.0], [-180.0, -24.0], [-180.0, -30.0], [-174.0, -30.0]]]}, "properties": {"name": "S30W180_6x6", "kind": "latlon", "epsg": 4326, "lonMult": 1, "height": 6, "width": 6, "available": 3, "selected": 2, "coverage": 0.0812, "unionFrac": 0.0812, "bw": {"20": 2}}}, {"type": "Feature", "geometry": {"type": "Polygon", "coordinates": [[[-72.0, -30.0], [-72.0, -24.0], [-78.0, -24.0], [-78.0, -30.0], [-72.0, -30.0]]]}, "properties": {"name": "S30W078_6x6", "kind": "latlon", "epsg": 4326, "lonMult": 1, "height": 6, "width": 6, "available": 13, "selected": 5, "coverage": 0.1187, "unionFrac": 0.1187, "bw": {"20": 5}}}, {"type": "Feature", "geometry": {"type": "Polygon", "coordinates": [[[-66.0, -30.0], [-66.0, -24.0], [-72.0, -24.0], [-72.0, -30.0], [-66.0, -30.0]]]}, "properties": {"name": "S30W072_6x6", "kind": "latlon", "epsg": 4326, "lonMult": 1, "height": 6, "width": 6, "available": 52, "selected": 15, "coverage": 0.9904, "unionFrac": 0.9916, "bw": {"20": 15}}}, {"type": "Feature", "geometry": {"type": "Polygon", "coordinates": [[[-60.0, -30.0], [-60.0, -24.0], [-66.0, -24.0], [-66.0, -30.0], [-60.0, -30.0]]]}, "properties": {"name": "S30W066_6x6", "kind": "latlon", "epsg": 4326, "lonMult": 1, "height": 6, "width": 6, "available": 52, "selected": 20, "coverage": 0.9985, "unionFrac": 0.9996, "bw": {"20": 20}}}, {"type": "Feature", "geometry": {"type": "Polygon", "coordinates": [[[-54.0, -30.0], [-54.0, -24.0], [-60.0, -24.0], [-60.0, -30.0], [-54.0, -30.0]]]}, "properties": {"name": "S30W060_6x6", "kind": "latlon", "epsg": 4326, "lonMult": 1, "height": 6, "width": 6, "available": 51, "selected": 17, "coverage": 0.9992, "unionFrac": 1.0, "bw": {"40": 2, "20": 15}}}, {"type": "Feature", "geometry": {"type": "Polygon", "coordinates": [[[-48.0, -30.0], [-48.0, -24.0], [-54.0, -24.0], [-54.0, -30.0], [-48.0, -30.0]]]}, "properties": {"name": "S30W054_6x6", "kind": "latlon", "epsg": 4326, "lonMult": 1, "height": 6, "width": 6, "available": 48, "selected": 18, "coverage": 0.9947, "unionFrac": 0.995, "bw": {"40": 10, "20": 8}}}, {"type": "Feature", "geometry": {"type": "Polygon", "coordinates": [[[-42.0, -30.0], [-42.0, -24.0], [-48.0, -24.0], [-48.0, -30.0], [-42.0, -30.0]]]}, "properties": {"name": "S30W048_6x6", "kind": "latlon", "epsg": 4326, "lonMult": 1, "height": 6, "width": 6, "available": 27, "selected": 11, "coverage": 0.2414, "unionFrac": 0.2424, "bw": {"40": 9, "20": 2}}}, {"type": "Feature", "geometry": {"type": "Polygon", "coordinates": [[[-36.0, -30.0], [-36.0, -24.0], [-42.0, -24.0], [-42.0, -30.0], [-36.0, -30.0]]]}, "properties": {"name": "S30W042_6x6", "kind": "latlon", "epsg": 4326, "lonMult": 1, "height": 6, "width": 6, "available": 3, "selected": 1, "coverage": 0.0038, "unionFrac": 0.0046, "bw": {"40": 1}}}, {"type": "Feature", "geometry": {"type": "Polygon", "coordinates": [[[18.0, -30.0], [18.0, -24.0], [12.0, -24.0], [12.0, -30.0], [18.0, -30.0]]]}, "properties": {"name": "S30E012_6x6", "kind": "latlon", "epsg": 4326, "lonMult": 1, "height": 6, "width": 6, "available": 40, "selected": 9, "coverage": 0.6608, "unionFrac": 0.6614, "bw": {"20": 9}}}, {"type": "Feature", "geometry": {"type": "Polygon", "coordinates": [[[24.0, -30.0], [24.0, -24.0], [18.0, -24.0], [18.0, -30.0], [24.0, -30.0]]]}, "properties": {"name": "S30E018_6x6", "kind": "latlon", "epsg": 4326, "lonMult": 1, "height": 6, "width": 6, "available": 71, "selected": 15, "coverage": 0.9993, "unionFrac": 1.0, "bw": {"20": 15}}}, {"type": "Feature", "geometry": {"type": "Polygon", "coordinates": [[[30.0, -30.0], [30.0, -24.0], [24.0, -24.0], [24.0, -30.0], [30.0, -30.0]]]}, "properties": {"name": "S30E024_6x6", "kind": "latlon", "epsg": 4326, "lonMult": 1, "height": 6, "width": 6, "available": 66, "selected": 20, "coverage": 0.9994, "unionFrac": 1.0, "bw": {"40": 4, "20": 16}}}, {"type": "Feature", "geometry": {"type": "Polygon", "coordinates": [[[36.0, -30.0], [36.0, -24.0], [30.0, -24.0], [30.0, -30.0], [36.0, -30.0]]]}, "properties": {"name": "S30E030_6x6", "kind": "latlon", "epsg": 4326, "lonMult": 1, "height": 6, "width": 6, "available": 41, "selected": 13, "coverage": 0.6767, "unionFrac": 0.6775, "bw": {"40": 6, "20": 7}}}, {"type": "Feature", "geometry": {"type": "Polygon", "coordinates": [[[42.0, -30.0], [42.0, -24.0], [36.0, -24.0], [36.0, -30.0], [42.0, -30.0]]]}, "properties": {"name": "S30E036_6x6", "kind": "latlon", "epsg": 4326, "lonMult": 1, "height": 6, "width": 6, "available": 11, "selected": 2, "coverage": 0.0164, "unionFrac": 0.017, "bw": {"20": 2}}}, {"type": "Feature", "geometry": {"type": "Polygon", "coordinates": [[[48.0, -30.0], [48.0, -24.0], [42.0, -24.0], [42.0, -30.0], [48.0, -30.0]]]}, "properties": {"name": "S30E042_6x6", "kind": "latlon", "epsg": 4326, "lonMult": 1, "height": 6, "width": 6, "available": 18, "selected": 6, "coverage": 0.2753, "unionFrac": 0.2758, "bw": {"20": 6}}}, {"type": "Feature", "geometry": {"type": "Polygon", "coordinates": [[[54.0, -30.0], [54.0, -24.0], [48.0, -24.0], [48.0, -30.0], [54.0, -30.0]]]}, "properties": {"name": "S30E048_6x6", "kind": "latlon", "epsg": 4326, "lonMult": 1, "height": 6, "width": 6, "available": 4, "selected": 1, "coverage": 0.0264, "unionFrac": 0.0265, "bw": {"20": 1}}}, {"type": "Feature", "geometry": {"type": "Polygon", "coordinates": [[[114.0, -30.0], [114.0, -24.0], [108.0, -24.0], [108.0, -30.0], [114.0, -30.0]]]}, "properties": {"name": "S30E108_6x6", "kind": "latlon", "epsg": 4326, "lonMult": 1, "height": 6, "width": 6, "available": 21, "selected": 8, "coverage": 0.2364, "unionFrac": 0.2364, "bw": {"20": 7, "40": 1}}}, {"type": "Feature", "geometry": {"type": "Polygon", "coordinates": [[[120.0, -30.0], [120.0, -24.0], [114.0, -24.0], [114.0, -30.0], [120.0, -30.0]]]}, "properties": {"name": "S30E114_6x6", "kind": "latlon", "epsg": 4326, "lonMult": 1, "height": 6, "width": 6, "available": 60, "selected": 16, "coverage": 0.9992, "unionFrac": 1.0, "bw": {"20": 15, "40": 1}}}, {"type": "Feature", "geometry": {"type": "Polygon", "coordinates": [[[126.0, -30.0], [126.0, -24.0], [120.0, -24.0], [120.0, -30.0], [126.0, -30.0]]]}, "properties": {"name": "S30E120_6x6", "kind": "latlon", "epsg": 4326, "lonMult": 1, "height": 6, "width": 6, "available": 56, "selected": 17, "coverage": 0.9992, "unionFrac": 1.0, "bw": {"20": 17}}}, {"type": "Feature", "geometry": {"type": "Polygon", "coordinates": [[[132.0, -30.0], [132.0, -24.0], [126.0, -24.0], [126.0, -30.0], [132.0, -30.0]]]}, "properties": {"name": "S30E126_6x6", "kind": "latlon", "epsg": 4326, "lonMult": 1, "height": 6, "width": 6, "available": 58, "selected": 16, "coverage": 0.9992, "unionFrac": 1.0, "bw": {"20": 16}}}, {"type": "Feature", "geometry": {"type": "Polygon", "coordinates": [[[138.0, -30.0], [138.0, -24.0], [132.0, -24.0], [132.0, -30.0], [138.0, -30.0]]]}, "properties": {"name": "S30E132_6x6", "kind": "latlon", "epsg": 4326, "lonMult": 1, "height": 6, "width": 6, "available": 61, "selected": 14, "coverage": 0.9992, "unionFrac": 1.0, "bw": {"20": 14}}}, {"type": "Feature", "geometry": {"type": "Polygon", "coordinates": [[[144.0, -30.0], [144.0, -24.0], [138.0, -24.0], [138.0, -30.0], [144.0, -30.0]]]}, "properties": {"name": "S30E138_6x6", "kind": "latlon", "epsg": 4326, "lonMult": 1, "height": 6, "width": 6, "available": 60, "selected": 16, "coverage": 0.9993, "unionFrac": 1.0, "bw": {"20": 16}}}, {"type": "Feature", "geometry": {"type": "Polygon", "coordinates": [[[150.0, -30.0], [150.0, -24.0], [144.0, -24.0], [144.0, -30.0], [150.0, -30.0]]]}, "properties": {"name": "S30E144_6x6", "kind": "latlon", "epsg": 4326, "lonMult": 1, "height": 6, "width": 6, "available": 50, "selected": 17, "coverage": 0.9985, "unionFrac": 0.9992, "bw": {"20": 17}}}, {"type": "Feature", "geometry": {"type": "Polygon", "coordinates": [[[156.0, -30.0], [156.0, -24.0], [150.0, -24.0], [150.0, -30.0], [156.0, -30.0]]]}, "properties": {"name": "S30E150_6x6", "kind": "latlon", "epsg": 4326, "lonMult": 1, "height": 6, "width": 6, "available": 45, "selected": 14, "coverage": 0.8107, "unionFrac": 0.811, "bw": {"40": 4, "20": 10}}}, {"type": "Feature", "geometry": {"type": "Polygon", "coordinates": [[[-174.0, -24.0], [-174.0, -18.0], [-180.0, -18.0], [-180.0, -24.0], [-174.0, -24.0]]]}, "properties": {"name": "S24W180_6x6", "kind": "latlon", "epsg": 4326, "lonMult": 1, "height": 6, "width": 6, "available": 18, "selected": 10, "coverage": 0.2801, "unionFrac": 0.2802, "bw": {"20": 10}}}, {"type": "Feature", "geometry": {"type": "Polygon", "coordinates": [[[-168.0, -24.0], [-168.0, -18.0], [-174.0, -18.0], [-174.0, -24.0], [-168.0, -24.0]]]}, "properties": {"name": "S24W174_6x6", "kind": "latlon", "epsg": 4326, "lonMult": 1, "height": 6, "width": 6, "available": 6, "selected": 2, "coverage": 0.0682, "unionFrac": 0.0682, "bw": {"20": 2}}}, {"type": "Feature", "geometry": {"type": "Polygon", "coordinates": [[[-72.0, -24.0], [-72.0, -18.0], [-78.0, -18.0], [-78.0, -24.0], [-72.0, -24.0]]]}, "properties": {"name": "S24W078_6x6", "kind": "latlon", "epsg": 4326, "lonMult": 1, "height": 6, "width": 6, "available": 3, "selected": 2, "coverage": 0.0173, "unionFrac": 0.0173, "bw": {"20": 2}}}, {"type": "Feature", "geometry": {"type": "Polygon", "coordinates": [[[-66.0, -24.0], [-66.0, -18.0], [-72.0, -18.0], [-72.0, -24.0], [-66.0, -24.0]]]}, "properties": {"name": "S24W072_6x6", "kind": "latlon", "epsg": 4326, "lonMult": 1, "height": 6, "width": 6, "available": 48, "selected": 14, "coverage": 0.8852, "unionFrac": 0.8866, "bw": {"20": 14}}}, {"type": "Feature", "geometry": {"type": "Polygon", "coordinates": [[[-60.0, -24.0], [-60.0, -18.0], [-66.0, -18.0], [-66.0, -24.0], [-60.0, -24.0]]]}, "properties": {"name": "S24W066_6x6", "kind": "latlon", "epsg": 4326, "lonMult": 1, "height": 6, "width": 6, "available": 58, "selected": 17, "coverage": 0.9985, "unionFrac": 1.0, "bw": {"20": 15, "40": 2}}}, {"type": "Feature", "geometry": {"type": "Polygon", "coordinates": [[[-54.0, -24.0], [-54.0, -18.0], [-60.0, -18.0], [-60.0, -24.0], [-54.0, -24.0]]]}, "properties": {"name": "S24W060_6x6", "kind": "latlon", "epsg": 4326, "lonMult": 1, "height": 6, "width": 6, "available": 55, "selected": 16, "coverage": 0.9985, "unionFrac": 1.0, "bw": {"40": 2, "20": 14}}}, {"type": "Feature", "geometry": {"type": "Polygon", "coordinates": [[[-48.0, -24.0], [-48.0, -18.0], [-54.0, -18.0], [-54.0, -24.0], [-48.0, -24.0]]]}, "properties": {"name": "S24W054_6x6", "kind": "latlon", "epsg": 4326, "lonMult": 1, "height": 6, "width": 6, "available": 60, "selected": 18, "coverage": 0.9996, "unionFrac": 1.0, "bw": {"40": 6, "20": 12}}}, {"type": "Feature", "geometry": {"type": "Polygon", "coordinates": [[[-42.0, -24.0], [-42.0, -18.0], [-48.0, -18.0], [-48.0, -24.0], [-42.0, -24.0]]]}, "properties": {"name": "S24W048_6x6", "kind": "latlon", "epsg": 4326, "lonMult": 1, "height": 6, "width": 6, "available": 72, "selected": 23, "coverage": 0.9303, "unionFrac": 0.9329, "bw": {"40": 16, "20": 7}}}, {"type": "Feature", "geometry": {"type": "Polygon", "coordinates": [[[-36.0, -24.0], [-36.0, -18.0], [-42.0, -18.0], [-42.0, -24.0], [-36.0, -24.0]]]}, "properties": {"name": "S24W042_6x6", "kind": "latlon", "epsg": 4326, "lonMult": 1, "height": 6, "width": 6, "available": 24, "selected": 8, "coverage": 0.4206, "unionFrac": 0.4225, "bw": {"40": 4, "20": 4}}}, {"type": "Feature", "geometry": {"type": "Polygon", "coordinates": [[[12.0, -24.0], [12.0, -18.0], [6.0, -18.0], [6.0, -24.0], [12.0, -24.0]]]}, "properties": {"name": "S24E006_6x6", "kind": "latlon", "epsg": 4326, "lonMult": 1, "height": 6, "width": 6, "available": 10, "selected": 3, "coverage": 0.0714, "unionFrac": 0.0721, "bw": {"20": 3}}}, {"type": "Feature", "geometry": {"type": "Polygon", "coordinates": [[[18.0, -24.0], [18.0, -18.0], [12.0, -18.0], [12.0, -24.0], [18.0, -24.0]]]}, "properties": {"name": "S24E012_6x6", "kind": "latlon", "epsg": 4326, "lonMult": 1, "height": 6, "width": 6, "available": 54, "selected": 12, "coverage": 0.9449, "unionFrac": 0.9459, "bw": {"40": 1, "20": 11}}}, {"type": "Feature", "geometry": {"type": "Polygon", "coordinates": [[[24.0, -24.0], [24.0, -18.0], [18.0, -18.0], [18.0, -24.0], [24.0, -24.0]]]}, "properties": {"name": "S24E018_6x6", "kind": "latlon", "epsg": 4326, "lonMult": 1, "height": 6, "width": 6, "available": 62, "selected": 17, "coverage": 0.9992, "unionFrac": 1.0, "bw": {"40": 1, "20": 16}}}, {"type": "Feature", "geometry": {"type": "Polygon", "coordinates": [[[30.0, -24.0], [30.0, -18.0], [24.0, -18.0], [24.0, -24.0], [30.0, -24.0]]]}, "properties": {"name": "S24E024_6x6", "kind": "latlon", "epsg": 4326, "lonMult": 1, "height": 6, "width": 6, "available": 48, "selected": 17, "coverage": 0.999, "unionFrac": 1.0, "bw": {"20": 16, "40": 1}}}, {"type": "Feature", "geometry": {"type": "Polygon", "coordinates": [[[36.0, -24.0], [36.0, -18.0], [30.0, -18.0], [30.0, -24.0], [36.0, -24.0]]]}, "properties": {"name": "S24E030_6x6", "kind": "latlon", "epsg": 4326, "lonMult": 1, "height": 6, "width": 6, "available": 50, "selected": 16, "coverage": 0.9741, "unionFrac": 0.9747, "bw": {"40": 3, "20": 13}}}, {"type": "Feature", "geometry": {"type": "Polygon", "coordinates": [[[42.0, -24.0], [42.0, -18.0], [36.0, -18.0], [36.0, -24.0], [42.0, -24.0]]]}, "properties": {"name": "S24E036_6x6", "kind": "latlon", "epsg": 4326, "lonMult": 1, "height": 6, "width": 6, "available": 26, "selected": 6, "coverage": 0.1202, "unionFrac": 0.1214, "bw": {"40": 2, "20": 4}}}, {"type": "Feature", "geometry": {"type": "Polygon", "coordinates": [[[48.0, -24.0], [48.0, -18.0], [42.0, -18.0], [42.0, -24.0], [48.0, -24.0]]]}, "properties": {"name": "S24E042_6x6", "kind": "latlon", "epsg": 4326, "lonMult": 1, "height": 6, "width": 6, "available": 55, "selected": 17, "coverage": 0.8931, "unionFrac": 0.8943, "bw": {"20": 11, "40": 6}}}, {"type": "Feature", "geometry": {"type": "Polygon", "coordinates": [[[54.0, -24.0], [54.0, -18.0], [48.0, -18.0], [48.0, -24.0], [54.0, -24.0]]]}, "properties": {"name": "S24E048_6x6", "kind": "latlon", "epsg": 4326, "lonMult": 1, "height": 6, "width": 6, "available": 24, "selected": 9, "coverage": 0.2591, "unionFrac": 0.2592, "bw": {"20": 6, "40": 3}}}, {"type": "Feature", "geometry": {"type": "Polygon", "coordinates": [[[114.0, -24.0], [114.0, -18.0], [108.0, -18.0], [108.0, -24.0], [114.0, -24.0]]]}, "properties": {"name": "S24E108_6x6", "kind": "latlon", "epsg": 4326, "lonMult": 1, "height": 6, "width": 6, "available": 7, "selected": 3, "coverage": 0.1055, "unionFrac": 0.1056, "bw": {"20": 3}}}, {"type": "Feature", "geometry": {"type": "Polygon", "coordinates": [[[120.0, -24.0], [120.0, -18.0], [114.0, -18.0], [114.0, -24.0], [120.0, -24.0]]]}, "properties": {"name": "S24E114_6x6", "kind": "latlon", "epsg": 4326, "lonMult": 1, "height": 6, "width": 6, "available": 36, "selected": 12, "coverage": 0.6261, "unionFrac": 0.628, "bw": {"20": 12}}}, {"type": "Feature", "geometry": {"type": "Polygon", "coordinates": [[[126.0, -24.0], [126.0, -18.0], [120.0, -18.0], [120.0, -24.0], [126.0, -24.0]]]}, "properties": {"name": "S24E120_6x6", "kind": "latlon", "epsg": 4326, "lonMult": 1, "height": 6, "width": 6, "available": 38, "selected": 15, "coverage": 0.9808, "unionFrac": 0.9824, "bw": {"20": 15}}}, {"type": "Feature", "geometry": {"type": "Polygon", "coordinates": [[[132.0, -24.0], [132.0, -18.0], [126.0, -18.0], [126.0, -24.0], [132.0, -24.0]]]}, "properties": {"name": "S24E126_6x6", "kind": "latlon", "epsg": 4326, "lonMult": 1, "height": 6, "width": 6, "available": 56, "selected": 16, "coverage": 0.9992, "unionFrac": 1.0, "bw": {"20": 16}}}, {"type": "Feature", "geometry": {"type": "Polygon", "coordinates": [[[138.0, -24.0], [138.0, -18.0], [132.0, -18.0], [132.0, -24.0], [138.0, -24.0]]]}, "properties": {"name": "S24E132_6x6", "kind": "latlon", "epsg": 4326, "lonMult": 1, "height": 6, "width": 6, "available": 55, "selected": 16, "coverage": 0.9994, "unionFrac": 1.0, "bw": {"20": 16}}}, {"type": "Feature", "geometry": {"type": "Polygon", "coordinates": [[[144.0, -24.0], [144.0, -18.0], [138.0, -18.0], [138.0, -24.0], [144.0, -24.0]]]}, "properties": {"name": "S24E138_6x6", "kind": "latlon", "epsg": 4326, "lonMult": 1, "height": 6, "width": 6, "available": 63, "selected": 15, "coverage": 0.9978, "unionFrac": 1.0, "bw": {"20": 15}}}, {"type": "Feature", "geometry": {"type": "Polygon", "coordinates": [[[150.0, -24.0], [150.0, -18.0], [144.0, -18.0], [144.0, -24.0], [150.0, -24.0]]]}, "properties": {"name": "S24E144_6x6", "kind": "latlon", "epsg": 4326, "lonMult": 1, "height": 6, "width": 6, "available": 44, "selected": 13, "coverage": 0.9101, "unionFrac": 0.912, "bw": {"20": 13}}}, {"type": "Feature", "geometry": {"type": "Polygon", "coordinates": [[[156.0, -24.0], [156.0, -18.0], [150.0, -18.0], [150.0, -24.0], [156.0, -24.0]]]}, "properties": {"name": "S24E150_6x6", "kind": "latlon", "epsg": 4326, "lonMult": 1, "height": 6, "width": 6, "available": 15, "selected": 4, "coverage": 0.1465, "unionFrac": 0.148, "bw": {"20": 4}}}, {"type": "Feature", "geometry": {"type": "Polygon", "coordinates": [[[168.0, -24.0], [168.0, -18.0], [162.0, -18.0], [162.0, -24.0], [168.0, -24.0]]]}, "properties": {"name": "S24E162_6x6", "kind": "latlon", "epsg": 4326, "lonMult": 1, "height": 6, "width": 6, "available": 18, "selected": 8, "coverage": 0.3226, "unionFrac": 0.323, "bw": {"20": 8}}}, {"type": "Feature", "geometry": {"type": "Polygon", "coordinates": [[[174.0, -24.0], [174.0, -18.0], [168.0, -18.0], [168.0, -24.0], [174.0, -24.0]]]}, "properties": {"name": "S24E168_6x6", "kind": "latlon", "epsg": 4326, "lonMult": 1, "height": 6, "width": 6, "available": 12, "selected": 5, "coverage": 0.2057, "unionFrac": 0.2062, "bw": {"20": 5}}}, {"type": "Feature", "geometry": {"type": "Polygon", "coordinates": [[[180.0, -24.0], [180.0, -18.0], [174.0, -18.0], [174.0, -24.0], [180.0, -24.0]]]}, "properties": {"name": "S24E174_6x6", "kind": "latlon", "epsg": 4326, "lonMult": 1, "height": 6, "width": 6, "available": 7, "selected": 3, "coverage": 0.1211, "unionFrac": 0.1211, "bw": {"20": 3}}}, {"type": "Feature", "geometry": {"type": "Polygon", "coordinates": [[[-174.0, -18.0], [-174.0, -12.0], [-180.0, -12.0], [-180.0, -18.0], [-174.0, -18.0]]]}, "properties": {"name": "S18W180_6x6", "kind": "latlon", "epsg": 4326, "lonMult": 1, "height": 6, "width": 6, "available": 12, "selected": 4, "coverage": 0.2381, "unionFrac": 0.2384, "bw": {"20": 4}}}, {"type": "Feature", "geometry": {"type": "Polygon", "coordinates": [[[-168.0, -18.0], [-168.0, -12.0], [-174.0, -12.0], [-174.0, -18.0], [-168.0, -18.0]]]}, "properties": {"name": "S18W174_6x6", "kind": "latlon", "epsg": 4326, "lonMult": 1, "height": 6, "width": 6, "available": 9, "selected": 4, "coverage": 0.0802, "unionFrac": 0.0803, "bw": {"20": 4}}}, {"type": "Feature", "geometry": {"type": "Polygon", "coordinates": [[[-78.0, -18.0], [-78.0, -12.0], [-84.0, -12.0], [-84.0, -18.0], [-78.0, -18.0]]]}, "properties": {"name": "S18W084_6x6", "kind": "latlon", "epsg": 4326, "lonMult": 1, "height": 6, "width": 6, "available": 4, "selected": 2, "coverage": 0.034, "unionFrac": 0.0341, "bw": {"20": 2}}}, {"type": "Feature", "geometry": {"type": "Polygon", "coordinates": [[[-72.0, -18.0], [-72.0, -12.0], [-78.0, -12.0], [-78.0, -18.0], [-72.0, -18.0]]]}, "properties": {"name": "S18W078_6x6", "kind": "latlon", "epsg": 4326, "lonMult": 1, "height": 6, "width": 6, "available": 37, "selected": 13, "coverage": 0.638, "unionFrac": 0.6386, "bw": {"20": 13}}}, {"type": "Feature", "geometry": {"type": "Polygon", "coordinates": [[[-66.0, -18.0], [-66.0, -12.0], [-72.0, -12.0], [-72.0, -18.0], [-66.0, -18.0]]]}, "properties": {"name": "S18W072_6x6", "kind": "latlon", "epsg": 4326, "lonMult": 1, "height": 6, "width": 6, "available": 59, "selected": 15, "coverage": 0.9956, "unionFrac": 0.9964, "bw": {"20": 15}}}, {"type": "Feature", "geometry": {"type": "Polygon", "coordinates": [[[-60.0, -18.0], [-60.0, -12.0], [-66.0, -12.0], [-66.0, -18.0], [-60.0, -18.0]]]}, "properties": {"name": "S18W066_6x6", "kind": "latlon", "epsg": 4326, "lonMult": 1, "height": 6, "width": 6, "available": 59, "selected": 16, "coverage": 0.9992, "unionFrac": 1.0, "bw": {"20": 14, "40": 2}}}, {"type": "Feature", "geometry": {"type": "Polygon", "coordinates": [[[-54.0, -18.0], [-54.0, -12.0], [-60.0, -12.0], [-60.0, -18.0], [-54.0, -18.0]]]}, "properties": {"name": "S18W060_6x6", "kind": "latlon", "epsg": 4326, "lonMult": 1, "height": 6, "width": 6, "available": 53, "selected": 20, "coverage": 1.0, "unionFrac": 1.0, "bw": {"40": 2, "20": 18}}}, {"type": "Feature", "geometry": {"type": "Polygon", "coordinates": [[[-48.0, -18.0], [-48.0, -12.0], [-54.0, -12.0], [-54.0, -18.0], [-48.0, -18.0]]]}, "properties": {"name": "S18W054_6x6", "kind": "latlon", "epsg": 4326, "lonMult": 1, "height": 6, "width": 6, "available": 54, "selected": 19, "coverage": 0.9989, "unionFrac": 1.0, "bw": {"40": 5, "20": 14}}}, {"type": "Feature", "geometry": {"type": "Polygon", "coordinates": [[[-42.0, -18.0], [-42.0, -12.0], [-48.0, -12.0], [-48.0, -18.0], [-42.0, -18.0]]]}, "properties": {"name": "S18W048_6x6", "kind": "latlon", "epsg": 4326, "lonMult": 1, "height": 6, "width": 6, "available": 61, "selected": 21, "coverage": 0.9984, "unionFrac": 0.9987, "bw": {"40": 5, "20": 16}}}, {"type": "Feature", "geometry": {"type": "Polygon", "coordinates": [[[-36.0, -18.0], [-36.0, -12.0], [-42.0, -12.0], [-42.0, -18.0], [-36.0, -18.0]]]}, "properties": {"name": "S18W042_6x6", "kind": "latlon", "epsg": 4326, "lonMult": 1, "height": 6, "width": 6, "available": 42, "selected": 10, "coverage": 0.7168, "unionFrac": 0.7175, "bw": {"40": 2, "20": 8}}}, {"type": "Feature", "geometry": {"type": "Polygon", "coordinates": [[[-30.0, -18.0], [-30.0, -12.0], [-36.0, -12.0], [-36.0, -18.0], [-30.0, -18.0]]]}, "properties": {"name": "S18W036_6x6", "kind": "latlon", "epsg": 4326, "lonMult": 1, "height": 6, "width": 6, "available": 3, "selected": 1, "coverage": 0.0041, "unionFrac": 0.0041, "bw": {"40": 1}}}, {"type": "Feature", "geometry": {"type": "Polygon", "coordinates": [[[12.0, -18.0], [12.0, -12.0], [6.0, -12.0], [6.0, -18.0], [12.0, -18.0]]]}, "properties": {"name": "S18E006_6x6", "kind": "latlon", "epsg": 4326, "lonMult": 1, "height": 6, "width": 6, "available": 13, "selected": 6, "coverage": 0.1638, "unionFrac": 0.1643, "bw": {"20": 6}}}, {"type": "Feature", "geometry": {"type": "Polygon", "coordinates": [[[18.0, -18.0], [18.0, -12.0], [12.0, -12.0], [12.0, -18.0], [18.0, -18.0]]]}, "properties": {"name": "S18E012_6x6", "kind": "latlon", "epsg": 4326, "lonMult": 1, "height": 6, "width": 6, "available": 60, "selected": 15, "coverage": 0.9808, "unionFrac": 0.9826, "bw": {"40": 1, "20": 14}}}, {"type": "Feature", "geometry": {"type": "Polygon", "coordinates": [[[24.0, -18.0], [24.0, -12.0], [18.0, -12.0], [18.0, -18.0], [24.0, -18.0]]]}, "properties": {"name": "S18E018_6x6", "kind": "latlon", "epsg": 4326, "lonMult": 1, "height": 6, "width": 6, "available": 65, "selected": 17, "coverage": 0.9988, "unionFrac": 1.0, "bw": {"40": 1, "20": 16}}}, {"type": "Feature", "geometry": {"type": "Polygon", "coordinates": [[[30.0, -18.0], [30.0, -12.0], [24.0, -12.0], [24.0, -18.0], [30.0, -18.0]]]}, "properties": {"name": "S18E024_6x6", "kind": "latlon", "epsg": 4326, "lonMult": 1, "height": 6, "width": 6, "available": 56, "selected": 16, "coverage": 0.9986, "unionFrac": 1.0, "bw": {"40": 1, "20": 15}}}, {"type": "Feature", "geometry": {"type": "Polygon", "coordinates": [[[36.0, -18.0], [36.0, -12.0], [30.0, -12.0], [30.0, -18.0], [36.0, -18.0]]]}, "properties": {"name": "S18E030_6x6", "kind": "latlon", "epsg": 4326, "lonMult": 1, "height": 6, "width": 6, "available": 61, "selected": 17, "coverage": 0.9985, "unionFrac": 1.0, "bw": {"40": 2, "20": 15}}}, {"type": "Feature", "geometry": {"type": "Polygon", "coordinates": [[[42.0, -18.0], [42.0, -12.0], [36.0, -12.0], [36.0, -18.0], [42.0, -18.0]]]}, "properties": {"name": "S18E036_6x6", "kind": "latlon", "epsg": 4326, "lonMult": 1, "height": 6, "width": 6, "available": 62, "selected": 17, "coverage": 0.874, "unionFrac": 0.8753, "bw": {"40": 4, "20": 13}}}, {"type": "Feature", "geometry": {"type": "Polygon", "coordinates": [[[48.0, -18.0], [48.0, -12.0], [42.0, -12.0], [42.0, -18.0], [48.0, -18.0]]]}, "properties": {"name": "S18E042_6x6", "kind": "latlon", "epsg": 4326, "lonMult": 1, "height": 6, "width": 6, "available": 45, "selected": 18, "coverage": 0.6165, "unionFrac": 0.6177, "bw": {"20": 16, "40": 2}}}, {"type": "Feature", "geometry": {"type": "Polygon", "coordinates": [[[54.0, -18.0], [54.0, -12.0], [48.0, -12.0], [48.0, -18.0], [54.0, -18.0]]]}, "properties": {"name": "S18E048_6x6", "kind": "latlon", "epsg": 4326, "lonMult": 1, "height": 6, "width": 6, "available": 22, "selected": 9, "coverage": 0.4787, "unionFrac": 0.4792, "bw": {"20": 8, "40": 1}}}, {"type": "Feature", "geometry": {"type": "Polygon", "coordinates": [[[126.0, -18.0], [126.0, -12.0], [120.0, -12.0], [120.0, -18.0], [126.0, -18.0]]]}, "properties": {"name": "S18E120_6x6", "kind": "latlon", "epsg": 4326, "lonMult": 1, "height": 6, "width": 6, "available": 22, "selected": 8, "coverage": 0.3919, "unionFrac": 0.3923, "bw": {"20": 8}}}, {"type": "Feature", "geometry": {"type": "Polygon", "coordinates": [[[132.0, -18.0], [132.0, -12.0], [126.0, -12.0], [126.0, -18.0], [132.0, -18.0]]]}, "properties": {"name": "S18E126_6x6", "kind": "latlon", "epsg": 4326, "lonMult": 1, "height": 6, "width": 6, "available": 55, "selected": 15, "coverage": 0.8692, "unionFrac": 0.8702, "bw": {"20": 15}}}, {"type": "Feature", "geometry": {"type": "Polygon", "coordinates": [[[138.0, -18.0], [138.0, -12.0], [132.0, -12.0], [132.0, -18.0], [138.0, -18.0]]]}, "properties": {"name": "S18E132_6x6", "kind": "latlon", "epsg": 4326, "lonMult": 1, "height": 6, "width": 6, "available": 50, "selected": 14, "coverage": 0.9882, "unionFrac": 0.9895, "bw": {"20": 14}}}, {"type": "Feature", "geometry": {"type": "Polygon", "coordinates": [[[144.0, -18.0], [144.0, -12.0], [138.0, -12.0], [138.0, -18.0], [144.0, -18.0]]]}, "properties": {"name": "S18E138_6x6", "kind": "latlon", "epsg": 4326, "lonMult": 1, "height": 6, "width": 6, "available": 43, "selected": 13, "coverage": 0.8073, "unionFrac": 0.8085, "bw": {"20": 13}}}, {"type": "Feature", "geometry": {"type": "Polygon", "coordinates": [[[150.0, -18.0], [150.0, -12.0], [144.0, -12.0], [144.0, -18.0], [150.0, -18.0]]]}, "properties": {"name": "S18E144_6x6", "kind": "latlon", "epsg": 4326, "lonMult": 1, "height": 6, "width": 6, "available": 18, "selected": 7, "coverage": 0.3414, "unionFrac": 0.3414, "bw": {"20": 7}}}, {"type": "Feature", "geometry": {"type": "Polygon", "coordinates": [[[162.0, -18.0], [162.0, -12.0], [156.0, -12.0], [156.0, -18.0], [162.0, -18.0]]]}, "properties": {"name": "S18E156_6x6", "kind": "latlon", "epsg": 4326, "lonMult": 1, "height": 6, "width": 6, "available": 3, "selected": 1, "coverage": 0.0028, "unionFrac": 0.0028, "bw": {"20": 1}}}, {"type": "Feature", "geometry": {"type": "Polygon", "coordinates": [[[168.0, -18.0], [168.0, -12.0], [162.0, -12.0], [162.0, -18.0], [168.0, -18.0]]]}, "properties": {"name": "S18E162_6x6", "kind": "latlon", "epsg": 4326, "lonMult": 1, "height": 6, "width": 6, "available": 13, "selected": 5, "coverage": 0.26, "unionFrac": 0.2605, "bw": {"20": 5}}}, {"type": "Feature", "geometry": {"type": "Polygon", "coordinates": [[[174.0, -18.0], [174.0, -12.0], [168.0, -12.0], [168.0, -18.0], [174.0, -18.0]]]}, "properties": {"name": "S18E168_6x6", "kind": "latlon", "epsg": 4326, "lonMult": 1, "height": 6, "width": 6, "available": 10, "selected": 4, "coverage": 0.2269, "unionFrac": 0.228, "bw": {"20": 4}}}, {"type": "Feature", "geometry": {"type": "Polygon", "coordinates": [[[180.0, -18.0], [180.0, -12.0], [174.0, -12.0], [174.0, -18.0], [180.0, -18.0]]]}, "properties": {"name": "S18E174_6x6", "kind": "latlon", "epsg": 4326, "lonMult": 1, "height": 6, "width": 6, "available": 10, "selected": 4, "coverage": 0.1833, "unionFrac": 0.1838, "bw": {"20": 4}}}, {"type": "Feature", "geometry": {"type": "Polygon", "coordinates": [[[-138.0, -12.0], [-138.0, -6.0], [-144.0, -6.0], [-144.0, -12.0], [-138.0, -12.0]]]}, "properties": {"name": "S12W144_6x6", "kind": "latlon", "epsg": 4326, "lonMult": 1, "height": 6, "width": 6, "available": 1, "selected": 1, "coverage": 0.0368, "unionFrac": 0.0368, "bw": {"20": 1}}}, {"type": "Feature", "geometry": {"type": "Polygon", "coordinates": [[[-132.0, -12.0], [-132.0, -6.0], [-138.0, -6.0], [-138.0, -12.0], [-132.0, -12.0]]]}, "properties": {"name": "S12W138_6x6", "kind": "latlon", "epsg": 4326, "lonMult": 1, "height": 6, "width": 6, "available": 1, "selected": 1, "coverage": 0.0121, "unionFrac": 0.0121, "bw": {"20": 1}}}, {"type": "Feature", "geometry": {"type": "Polygon", "coordinates": [[[-78.0, -12.0], [-78.0, -6.0], [-84.0, -6.0], [-84.0, -12.0], [-78.0, -12.0]]]}, "properties": {"name": "S12W084_6x6", "kind": "latlon", "epsg": 4326, "lonMult": 1, "height": 6, "width": 6, "available": 23, "selected": 6, "coverage": 0.3554, "unionFrac": 0.3556, "bw": {"40": 2, "20": 4}}}, {"type": "Feature", "geometry": {"type": "Polygon", "coordinates": [[[-72.0, -12.0], [-72.0, -6.0], [-78.0, -6.0], [-78.0, -12.0], [-72.0, -12.0]]]}, "properties": {"name": "S12W078_6x6", "kind": "latlon", "epsg": 4326, "lonMult": 1, "height": 6, "width": 6, "available": 52, "selected": 16, "coverage": 0.9985, "unionFrac": 1.0, "bw": {"40": 3, "20": 13}}}, {"type": "Feature", "geometry": {"type": "Polygon", "coordinates": [[[-66.0, -12.0], [-66.0, -6.0], [-72.0, -6.0], [-72.0, -12.0], [-66.0, -12.0]]]}, "properties": {"name": "S12W072_6x6", "kind": "latlon", "epsg": 4326, "lonMult": 1, "height": 6, "width": 6, "available": 56, "selected": 15, "coverage": 0.9982, "unionFrac": 1.0, "bw": {"20": 15}}}, {"type": "Feature", "geometry": {"type": "Polygon", "coordinates": [[[-60.0, -12.0], [-60.0, -6.0], [-66.0, -6.0], [-66.0, -12.0], [-60.0, -12.0]]]}, "properties": {"name": "S12W066_6x6", "kind": "latlon", "epsg": 4326, "lonMult": 1, "height": 6, "width": 6, "available": 50, "selected": 17, "coverage": 0.9995, "unionFrac": 1.0, "bw": {"20": 17}}}, {"type": "Feature", "geometry": {"type": "Polygon", "coordinates": [[[-54.0, -12.0], [-54.0, -6.0], [-60.0, -6.0], [-60.0, -12.0], [-54.0, -12.0]]]}, "properties": {"name": "S12W060_6x6", "kind": "latlon", "epsg": 4326, "lonMult": 1, "height": 6, "width": 6, "available": 51, "selected": 17, "coverage": 0.999, "unionFrac": 1.0, "bw": {"20": 17}}}, {"type": "Feature", "geometry": {"type": "Polygon", "coordinates": [[[-48.0, -12.0], [-48.0, -6.0], [-54.0, -6.0], [-54.0, -12.0], [-48.0, -12.0]]]}, "properties": {"name": "S12W054_6x6", "kind": "latlon", "epsg": 4326, "lonMult": 1, "height": 6, "width": 6, "available": 59, "selected": 17, "coverage": 0.9987, "unionFrac": 1.0, "bw": {"20": 17}}}, {"type": "Feature", "geometry": {"type": "Polygon", "coordinates": [[[-42.0, -12.0], [-42.0, -6.0], [-48.0, -6.0], [-48.0, -12.0], [-42.0, -12.0]]]}, "properties": {"name": "S12W048_6x6", "kind": "latlon", "epsg": 4326, "lonMult": 1, "height": 6, "width": 6, "available": 63, "selected": 15, "coverage": 0.9977, "unionFrac": 1.0, "bw": {"20": 15}}}, {"type": "Feature", "geometry": {"type": "Polygon", "coordinates": [[[-36.0, -12.0], [-36.0, -6.0], [-42.0, -6.0], [-42.0, -12.0], [-36.0, -12.0]]]}, "properties": {"name": "S12W042_6x6", "kind": "latlon", "epsg": 4326, "lonMult": 1, "height": 6, "width": 6, "available": 66, "selected": 18, "coverage": 0.9987, "unionFrac": 1.0, "bw": {"40": 6, "20": 12}}}, {"type": "Feature", "geometry": {"type": "Polygon", "coordinates": [[[-30.0, -12.0], [-30.0, -6.0], [-36.0, -6.0], [-36.0, -12.0], [-30.0, -12.0]]]}, "properties": {"name": "S12W036_6x6", "kind": "latlon", "epsg": 4326, "lonMult": 1, "height": 6, "width": 6, "available": 21, "selected": 7, "coverage": 0.3166, "unionFrac": 0.3169, "bw": {"40": 6, "20": 1}}}, {"type": "Feature", "geometry": {"type": "Polygon", "coordinates": [[[12.0, -12.0], [12.0, -6.0], [6.0, -6.0], [6.0, -12.0], [12.0, -12.0]]]}, "properties": {"name": "S12E006_6x6", "kind": "latlon", "epsg": 4326, "lonMult": 1, "height": 6, "width": 6, "available": 9, "selected": 3, "coverage": 0.0513, "unionFrac": 0.0514, "bw": {"20": 3}}}, {"type": "Feature", "geometry": {"type": "Polygon", "coordinates": [[[18.0, -12.0], [18.0, -6.0], [12.0, -6.0], [12.0, -12.0], [18.0, -12.0]]]}, "properties": {"name": "S12E012_6x6", "kind": "latlon", "epsg": 4326, "lonMult": 1, "height": 6, "width": 6, "available": 53, "selected": 15, "coverage": 0.9801, "unionFrac": 0.9805, "bw": {"20": 15}}}, {"type": "Feature", "geometry": {"type": "Polygon", "coordinates": [[[24.0, -12.0], [24.0, -6.0], [18.0, -6.0], [18.0, -12.0], [24.0, -12.0]]]}, "properties": {"name": "S12E018_6x6", "kind": "latlon", "epsg": 4326, "lonMult": 1, "height": 6, "width": 6, "available": 60, "selected": 15, "coverage": 0.9985, "unionFrac": 1.0, "bw": {"20": 15}}}, {"type": "Feature", "geometry": {"type": "Polygon", "coordinates": [[[30.0, -12.0], [30.0, -6.0], [24.0, -6.0], [24.0, -12.0], [30.0, -12.0]]]}, "properties": {"name": "S12E024_6x6", "kind": "latlon", "epsg": 4326, "lonMult": 1, "height": 6, "width": 6, "available": 54, "selected": 16, "coverage": 0.999, "unionFrac": 1.0, "bw": {"20": 16}}}, {"type": "Feature", "geometry": {"type": "Polygon", "coordinates": [[[36.0, -12.0], [36.0, -6.0], [30.0, -6.0], [30.0, -12.0], [36.0, -12.0]]]}, "properties": {"name": "S12E030_6x6", "kind": "latlon", "epsg": 4326, "lonMult": 1, "height": 6, "width": 6, "available": 61, "selected": 18, "coverage": 0.9985, "unionFrac": 1.0, "bw": {"40": 3, "20": 15}}}, {"type": "Feature", "geometry": {"type": "Polygon", "coordinates": [[[42.0, -12.0], [42.0, -6.0], [36.0, -6.0], [36.0, -12.0], [42.0, -12.0]]]}, "properties": {"name": "S12E036_6x6", "kind": "latlon", "epsg": 4326, "lonMult": 1, "height": 6, "width": 6, "available": 61, "selected": 13, "coverage": 0.8852, "unionFrac": 0.8876, "bw": {"40": 3, "20": 10}}}, {"type": "Feature", "geometry": {"type": "Polygon", "coordinates": [[[48.0, -12.0], [48.0, -6.0], [42.0, -6.0], [42.0, -12.0], [48.0, -12.0]]]}, "properties": {"name": "S12E042_6x6", "kind": "latlon", "epsg": 4326, "lonMult": 1, "height": 6, "width": 6, "available": 10, "selected": 6, "coverage": 0.0745, "unionFrac": 0.0745, "bw": {"20": 6}}}, {"type": "Feature", "geometry": {"type": "Polygon", "coordinates": [[[54.0, -12.0], [54.0, -6.0], [48.0, -6.0], [48.0, -12.0], [54.0, -12.0]]]}, "properties": {"name": "S12E048_6x6", "kind": "latlon", "epsg": 4326, "lonMult": 1, "height": 6, "width": 6, "available": 3, "selected": 2, "coverage": 0.0069, "unionFrac": 0.0069, "bw": {"20": 2}}}, {"type": "Feature", "geometry": {"type": "Polygon", "coordinates": [[[102.0, -12.0], [102.0, -6.0], [96.0, -6.0], [96.0, -12.0], [102.0, -12.0]]]}, "properties": {"name": "S12E096_6x6", "kind": "latlon", "epsg": 4326, "lonMult": 1, "height": 6, "width": 6, "available": 3, "selected": 1, "coverage": 0.0187, "unionFrac": 0.0187, "bw": {"40": 1}}}, {"type": "Feature", "geometry": {"type": "Polygon", "coordinates": [[[108.0, -12.0], [108.0, -6.0], [102.0, -6.0], [102.0, -12.0], [108.0, -12.0]]]}, "properties": {"name": "S12E102_6x6", "kind": "latlon", "epsg": 4326, "lonMult": 1, "height": 6, "width": 6, "available": 27, "selected": 8, "coverage": 0.2777, "unionFrac": 0.2788, "bw": {"40": 8}}}, {"type": "Feature", "geometry": {"type": "Polygon", "coordinates": [[[114.0, -12.0], [114.0, -6.0], [108.0, -6.0], [108.0, -12.0], [114.0, -12.0]]]}, "properties": {"name": "S12E108_6x6", "kind": "latlon", "epsg": 4326, "lonMult": 1, "height": 6, "width": 6, "available": 41, "selected": 11, "coverage": 0.5792, "unionFrac": 0.5792, "bw": {"40": 11}}}, {"type": "Feature", "geometry": {"type": "Polygon", "coordinates": [[[120.0, -12.0], [120.0, -6.0], [114.0, -6.0], [114.0, -12.0], [120.0, -12.0]]]}, "properties": {"name": "S12E114_6x6", "kind": "latlon", "epsg": 4326, "lonMult": 1, "height": 6, "width": 6, "available": 39, "selected": 15, "coverage": 0.7282, "unionFrac": 0.7293, "bw": {"40": 11, "20": 4}}}, {"type": "Feature", "geometry": {"type": "Polygon", "coordinates": [[[126.0, -12.0], [126.0, -6.0], [120.0, -6.0], [120.0, -12.0], [126.0, -12.0]]]}, "properties": {"name": "S12E120_6x6", "kind": "latlon", "epsg": 4326, "lonMult": 1, "height": 6, "width": 6, "available": 44, "selected": 19, "coverage": 0.8046, "unionFrac": 0.8052, "bw": {"40": 12, "20": 7}}}, {"type": "Feature", "geometry": {"type": "Polygon", "coordinates": [[[132.0, -12.0], [132.0, -6.0], [126.0, -6.0], [126.0, -12.0], [132.0, -12.0]]]}, "properties": {"name": "S12E126_6x6", "kind": "latlon", "epsg": 4326, "lonMult": 1, "height": 6, "width": 6, "available": 40, "selected": 16, "coverage": 0.6747, "unionFrac": 0.676, "bw": {"40": 6, "20": 10}}}, {"type": "Feature", "geometry": {"type": "Polygon", "coordinates": [[[138.0, -12.0], [138.0, -6.0], [132.0, -6.0], [132.0, -12.0], [138.0, -12.0]]]}, "properties": {"name": "S12E132_6x6", "kind": "latlon", "epsg": 4326, "lonMult": 1, "height": 6, "width": 6, "available": 35, "selected": 15, "coverage": 0.4337, "unionFrac": 0.4344, "bw": {"20": 15}}}, {"type": "Feature", "geometry": {"type": "Polygon", "coordinates": [[[144.0, -12.0], [144.0, -6.0], [138.0, -6.0], [138.0, -12.0], [144.0, -12.0]]]}, "properties": {"name": "S12E138_6x6", "kind": "latlon", "epsg": 4326, "lonMult": 1, "height": 6, "width": 6, "available": 41, "selected": 14, "coverage": 0.7377, "unionFrac": 0.739, "bw": {"20": 14}}}, {"type": "Feature", "geometry": {"type": "Polygon", "coordinates": [[[150.0, -12.0], [150.0, -6.0], [144.0, -6.0], [144.0, -12.0], [150.0, -12.0]]]}, "properties": {"name": "S12E144_6x6", "kind": "latlon", "epsg": 4326, "lonMult": 1, "height": 6, "width": 6, "available": 38, "selected": 14, "coverage": 0.6556, "unionFrac": 0.6577, "bw": {"20": 12, "40": 2}}}, {"type": "Feature", "geometry": {"type": "Polygon", "coordinates": [[[156.0, -12.0], [156.0, -6.0], [150.0, -6.0], [150.0, -12.0], [156.0, -12.0]]]}, "properties": {"name": "S12E150_6x6", "kind": "latlon", "epsg": 4326, "lonMult": 1, "height": 6, "width": 6, "available": 22, "selected": 11, "coverage": 0.2834, "unionFrac": 0.2836, "bw": {"20": 11}}}, {"type": "Feature", "geometry": {"type": "Polygon", "coordinates": [[[162.0, -12.0], [162.0, -6.0], [156.0, -6.0], [156.0, -12.0], [162.0, -12.0]]]}, "properties": {"name": "S12E156_6x6", "kind": "latlon", "epsg": 4326, "lonMult": 1, "height": 6, "width": 6, "available": 20, "selected": 9, "coverage": 0.5455, "unionFrac": 0.5457, "bw": {"20": 9}}}, {"type": "Feature", "geometry": {"type": "Polygon", "coordinates": [[[168.0, -12.0], [168.0, -6.0], [162.0, -6.0], [162.0, -12.0], [168.0, -12.0]]]}, "properties": {"name": "S12E162_6x6", "kind": "latlon", "epsg": 4326, "lonMult": 1, "height": 6, "width": 6, "available": 6, "selected": 2, "coverage": 0.0317, "unionFrac": 0.0319, "bw": {"20": 2}}}, {"type": "Feature", "geometry": {"type": "Polygon", "coordinates": [[[-90.0, -6.0], [-90.0, 0.0], [-96.0, 0.0], [-96.0, -6.0], [-90.0, -6.0]]]}, "properties": {"name": "S06W096_6x6", "kind": "latlon", "epsg": 4326, "lonMult": 1, "height": 6, "width": 6, "available": 4, "selected": 2, "coverage": 0.0788, "unionFrac": 0.0788, "bw": {"20": 2}}}, {"type": "Feature", "geometry": {"type": "Polygon", "coordinates": [[[-84.0, -6.0], [-84.0, 0.0], [-90.0, 0.0], [-90.0, -6.0], [-84.0, -6.0]]]}, "properties": {"name": "S06W090_6x6", "kind": "latlon", "epsg": 4326, "lonMult": 1, "height": 6, "width": 6, "available": 3, "selected": 2, "coverage": 0.0245, "unionFrac": 0.0245, "bw": {"20": 2}}}, {"type": "Feature", "geometry": {"type": "Polygon", "coordinates": [[[-78.0, -6.0], [-78.0, 0.0], [-84.0, 0.0], [-84.0, -6.0], [-78.0, -6.0]]]}, "properties": {"name": "S06W084_6x6", "kind": "latlon", "epsg": 4326, "lonMult": 1, "height": 6, "width": 6, "available": 38, "selected": 13, "coverage": 0.6977, "unionFrac": 0.6977, "bw": {"40": 7, "20": 6}}}, {"type": "Feature", "geometry": {"type": "Polygon", "coordinates": [[[-72.0, -6.0], [-72.0, 0.0], [-78.0, 0.0], [-78.0, -6.0], [-72.0, -6.0]]]}, "properties": {"name": "S06W078_6x6", "kind": "latlon", "epsg": 4326, "lonMult": 1, "height": 6, "width": 6, "available": 63, "selected": 16, "coverage": 0.9978, "unionFrac": 1.0, "bw": {"40": 4, "20": 12}}}, {"type": "Feature", "geometry": {"type": "Polygon", "coordinates": [[[-66.0, -6.0], [-66.0, 0.0], [-72.0, 0.0], [-72.0, -6.0], [-66.0, -6.0]]]}, "properties": {"name": "S06W072_6x6", "kind": "latlon", "epsg": 4326, "lonMult": 1, "height": 6, "width": 6, "available": 59, "selected": 16, "coverage": 0.9986, "unionFrac": 1.0, "bw": {"20": 16}}}, {"type": "Feature", "geometry": {"type": "Polygon", "coordinates": [[[-60.0, -6.0], [-60.0, 0.0], [-66.0, 0.0], [-66.0, -6.0], [-60.0, -6.0]]]}, "properties": {"name": "S06W066_6x6", "kind": "latlon", "epsg": 4326, "lonMult": 1, "height": 6, "width": 6, "available": 61, "selected": 19, "coverage": 0.9998, "unionFrac": 1.0, "bw": {"40": 2, "20": 17}}}, {"type": "Feature", "geometry": {"type": "Polygon", "coordinates": [[[-54.0, -6.0], [-54.0, 0.0], [-60.0, 0.0], [-60.0, -6.0], [-54.0, -6.0]]]}, "properties": {"name": "S06W060_6x6", "kind": "latlon", "epsg": 4326, "lonMult": 1, "height": 6, "width": 6, "available": 50, "selected": 18, "coverage": 0.9985, "unionFrac": 1.0, "bw": {"40": 2, "20": 16}}}, {"type": "Feature", "geometry": {"type": "Polygon", "coordinates": [[[-48.0, -6.0], [-48.0, 0.0], [-54.0, 0.0], [-54.0, -6.0], [-48.0, -6.0]]]}, "properties": {"name": "S06W054_6x6", "kind": "latlon", "epsg": 4326, "lonMult": 1, "height": 6, "width": 6, "available": 63, "selected": 16, "coverage": 0.9991, "unionFrac": 0.9999, "bw": {"40": 2, "20": 14}}}, {"type": "Feature", "geometry": {"type": "Polygon", "coordinates": [[[-42.0, -6.0], [-42.0, 0.0], [-48.0, 0.0], [-48.0, -6.0], [-42.0, -6.0]]]}, "properties": {"name": "S06W048_6x6", "kind": "latlon", "epsg": 4326, "lonMult": 1, "height": 6, "width": 6, "available": 51, "selected": 17, "coverage": 0.8416, "unionFrac": 0.8431, "bw": {"40": 4, "20": 13}}}, {"type": "Feature", "geometry": {"type": "Polygon", "coordinates": [[[-36.0, -6.0], [-36.0, 0.0], [-42.0, 0.0], [-42.0, -6.0], [-36.0, -6.0]]]}, "properties": {"name": "S06W042_6x6", "kind": "latlon", "epsg": 4326, "lonMult": 1, "height": 6, "width": 6, "available": 30, "selected": 11, "coverage": 0.5271, "unionFrac": 0.5289, "bw": {"40": 3, "20": 8}}}, {"type": "Feature", "geometry": {"type": "Polygon", "coordinates": [[[-30.0, -6.0], [-30.0, 0.0], [-36.0, 0.0], [-36.0, -6.0], [-30.0, -6.0]]]}, "properties": {"name": "S06W036_6x6", "kind": "latlon", "epsg": 4326, "lonMult": 1, "height": 6, "width": 6, "available": 6, "selected": 3, "coverage": 0.0712, "unionFrac": 0.0712, "bw": {"40": 3}}}, {"type": "Feature", "geometry": {"type": "Polygon", "coordinates": [[[6.0, -6.0], [6.0, 0.0], [0.0, 0.0], [0.0, -6.0], [6.0, -6.0]]]}, "properties": {"name": "S06E000_6x6", "kind": "latlon", "epsg": 4326, "lonMult": 1, "height": 6, "width": 6, "available": 3, "selected": 1, "coverage": 0.0015, "unionFrac": 0.0015, "bw": {"20": 1}}}, {"type": "Feature", "geometry": {"type": "Polygon", "coordinates": [[[12.0, -6.0], [12.0, 0.0], [6.0, 0.0], [6.0, -6.0], [12.0, -6.0]]]}, "properties": {"name": "S06E006_6x6", "kind": "latlon", "epsg": 4326, "lonMult": 1, "height": 6, "width": 6, "available": 24, "selected": 8, "coverage": 0.4735, "unionFrac": 0.4742, "bw": {"20": 8}}}, {"type": "Feature", "geometry": {"type": "Polygon", "coordinates": [[[18.0, -6.0], [18.0, 0.0], [12.0, 0.0], [12.0, -6.0], [18.0, -6.0]]]}, "properties": {"name": "S06E012_6x6", "kind": "latlon", "epsg": 4326, "lonMult": 1, "height": 6, "width": 6, "available": 59, "selected": 16, "coverage": 0.9991, "unionFrac": 1.0, "bw": {"20": 16}}}, {"type": "Feature", "geometry": {"type": "Polygon", "coordinates": [[[24.0, -6.0], [24.0, 0.0], [18.0, 0.0], [18.0, -6.0], [24.0, -6.0]]]}, "properties": {"name": "S06E018_6x6", "kind": "latlon", "epsg": 4326, "lonMult": 1, "height": 6, "width": 6, "available": 57, "selected": 17, "coverage": 0.9996, "unionFrac": 1.0, "bw": {"20": 17}}}, {"type": "Feature", "geometry": {"type": "Polygon", "coordinates": [[[30.0, -6.0], [30.0, 0.0], [24.0, 0.0], [24.0, -6.0], [30.0, -6.0]]]}, "properties": {"name": "S06E024_6x6", "kind": "latlon", "epsg": 4326, "lonMult": 1, "height": 6, "width": 6, "available": 66, "selected": 15, "coverage": 0.9974, "unionFrac": 1.0, "bw": {"40": 5, "20": 10}}}, {"type": "Feature", "geometry": {"type": "Polygon", "coordinates": [[[36.0, -6.0], [36.0, 0.0], [30.0, 0.0], [30.0, -6.0], [36.0, -6.0]]]}, "properties": {"name": "S06E030_6x6", "kind": "latlon", "epsg": 4326, "lonMult": 1, "height": 6, "width": 6, "available": 66, "selected": 16, "coverage": 0.9988, "unionFrac": 1.0, "bw": {"40": 4, "20": 12}}}, {"type": "Feature", "geometry": {"type": "Polygon", "coordinates": [[[42.0, -6.0], [42.0, 0.0], [36.0, 0.0], [36.0, -6.0], [42.0, -6.0]]]}, "properties": {"name": "S06E036_6x6", "kind": "latlon", "epsg": 4326, "lonMult": 1, "height": 6, "width": 6, "available": 57, "selected": 16, "coverage": 0.876, "unionFrac": 0.8774, "bw": {"40": 4, "20": 12}}}, {"type": "Feature", "geometry": {"type": "Polygon", "coordinates": [[[48.0, -6.0], [48.0, 0.0], [42.0, 0.0], [42.0, -6.0], [48.0, -6.0]]]}, "properties": {"name": "S06E042_6x6", "kind": "latlon", "epsg": 4326, "lonMult": 1, "height": 6, "width": 6, "available": 5, "selected": 3, "coverage": 0.0769, "unionFrac": 0.0769, "bw": {"20": 3}}}, {"type": "Feature", "geometry": {"type": "Polygon", "coordinates": [[[96.0, -6.0], [96.0, 0.0], [90.0, 0.0], [90.0, -6.0], [96.0, -6.0]]]}, "properties": {"name": "S06E090_6x6", "kind": "latlon", "epsg": 4326, "lonMult": 1, "height": 6, "width": 6, "available": 3, "selected": 1, "coverage": 0.0076, "unionFrac": 0.0081, "bw": {"40": 1}}}, {"type": "Feature", "geometry": {"type": "Polygon", "coordinates": [[[102.0, -6.0], [102.0, 0.0], [96.0, 0.0], [96.0, -6.0], [102.0, -6.0]]]}, "properties": {"name": "S06E096_6x6", "kind": "latlon", "epsg": 4326, "lonMult": 1, "height": 6, "width": 6, "available": 30, "selected": 11, "coverage": 0.5512, "unionFrac": 0.5517, "bw": {"40": 11}}}, {"type": "Feature", "geometry": {"type": "Polygon", "coordinates": [[[108.0, -6.0], [108.0, 0.0], [102.0, 0.0], [102.0, -6.0], [108.0, -6.0]]]}, "properties": {"name": "S06E102_6x6", "kind": "latlon", "epsg": 4326, "lonMult": 1, "height": 6, "width": 6, "available": 60, "selected": 16, "coverage": 0.9524, "unionFrac": 0.9553, "bw": {"40": 13, "20": 3}}}, {"type": "Feature", "geometry": {"type": "Polygon", "coordinates": [[[114.0, -6.0], [114.0, 0.0], [108.0, 0.0], [108.0, -6.0], [114.0, -6.0]]]}, "properties": {"name": "S06E108_6x6", "kind": "latlon", "epsg": 4326, "lonMult": 1, "height": 6, "width": 6, "available": 66, "selected": 21, "coverage": 0.8152, "unionFrac": 0.8163, "bw": {"40": 11, "20": 10}}}, {"type": "Feature", "geometry": {"type": "Polygon", "coordinates": [[[120.0, -6.0], [120.0, 0.0], [114.0, 0.0], [114.0, -6.0], [120.0, -6.0]]]}, "properties": {"name": "S06E114_6x6", "kind": "latlon", "epsg": 4326, "lonMult": 1, "height": 6, "width": 6, "available": 52, "selected": 22, "coverage": 0.9514, "unionFrac": 0.952, "bw": {"40": 7, "20": 15}}}, {"type": "Feature", "geometry": {"type": "Polygon", "coordinates": [[[126.0, -6.0], [126.0, 0.0], [120.0, 0.0], [120.0, -6.0], [126.0, -6.0]]]}, "properties": {"name": "S06E120_6x6", "kind": "latlon", "epsg": 4326, "lonMult": 1, "height": 6, "width": 6, "available": 32, "selected": 18, "coverage": 0.7567, "unionFrac": 0.7575, "bw": {"20": 15, "40": 3}}}, {"type": "Feature", "geometry": {"type": "Polygon", "coordinates": [[[132.0, -6.0], [132.0, 0.0], [126.0, 0.0], [126.0, -6.0], [132.0, -6.0]]]}, "properties": {"name": "S06E126_6x6", "kind": "latlon", "epsg": 4326, "lonMult": 1, "height": 6, "width": 6, "available": 47, "selected": 18, "coverage": 0.7685, "unionFrac": 0.77, "bw": {"40": 2, "20": 16}}}, {"type": "Feature", "geometry": {"type": "Polygon", "coordinates": [[[138.0, -6.0], [138.0, 0.0], [132.0, 0.0], [132.0, -6.0], [138.0, -6.0]]]}, "properties": {"name": "S06E132_6x6", "kind": "latlon", "epsg": 4326, "lonMult": 1, "height": 6, "width": 6, "available": 46, "selected": 15, "coverage": 0.9545, "unionFrac": 0.9554, "bw": {"20": 15}}}, {"type": "Feature", "geometry": {"type": "Polygon", "coordinates": [[[144.0, -6.0], [144.0, 0.0], [138.0, 0.0], [138.0, -6.0], [144.0, -6.0]]]}, "properties": {"name": "S06E138_6x6", "kind": "latlon", "epsg": 4326, "lonMult": 1, "height": 6, "width": 6, "available": 42, "selected": 12, "coverage": 0.6934, "unionFrac": 0.6945, "bw": {"40": 4, "20": 8}}}, {"type": "Feature", "geometry": {"type": "Polygon", "coordinates": [[[150.0, -6.0], [150.0, 0.0], [144.0, 0.0], [144.0, -6.0], [150.0, -6.0]]]}, "properties": {"name": "S06E144_6x6", "kind": "latlon", "epsg": 4326, "lonMult": 1, "height": 6, "width": 6, "available": 30, "selected": 13, "coverage": 0.447, "unionFrac": 0.4484, "bw": {"20": 13}}}, {"type": "Feature", "geometry": {"type": "Polygon", "coordinates": [[[156.0, -6.0], [156.0, 0.0], [150.0, 0.0], [150.0, -6.0], [156.0, -6.0]]]}, "properties": {"name": "S06E150_6x6", "kind": "latlon", "epsg": 4326, "lonMult": 1, "height": 6, "width": 6, "available": 20, "selected": 9, "coverage": 0.4971, "unionFrac": 0.4983, "bw": {"20": 9}}}, {"type": "Feature", "geometry": {"type": "Polygon", "coordinates": [[[162.0, -6.0], [162.0, 0.0], [156.0, 0.0], [156.0, -6.0], [162.0, -6.0]]]}, "properties": {"name": "S06E156_6x6", "kind": "latlon", "epsg": 4326, "lonMult": 1, "height": 6, "width": 6, "available": 5, "selected": 2, "coverage": 0.032, "unionFrac": 0.032, "bw": {"20": 2}}}, {"type": "Feature", "geometry": {"type": "Polygon", "coordinates": [[[-90.0, 0.0], [-90.0, 6.0], [-96.0, 6.0], [-96.0, 0.0], [-90.0, 0.0]]]}, "properties": {"name": "N00W096_6x6", "kind": "latlon", "epsg": 4326, "lonMult": 1, "height": 6, "width": 6, "available": 4, "selected": 2, "coverage": 0.045, "unionFrac": 0.0454, "bw": {"20": 2}}}, {"type": "Feature", "geometry": {"type": "Polygon", "coordinates": [[[-84.0, 0.0], [-84.0, 6.0], [-90.0, 6.0], [-90.0, 0.0], [-84.0, 0.0]]]}, "properties": {"name": "N00W090_6x6", "kind": "latlon", "epsg": 4326, "lonMult": 1, "height": 6, "width": 6, "available": 4, "selected": 2, "coverage": 0.0115, "unionFrac": 0.0118, "bw": {"20": 2}}}, {"type": "Feature", "geometry": {"type": "Polygon", "coordinates": [[[-78.0, 0.0], [-78.0, 6.0], [-84.0, 6.0], [-84.0, 0.0], [-78.0, 0.0]]]}, "properties": {"name": "N00W084_6x6", "kind": "latlon", "epsg": 4326, "lonMult": 1, "height": 6, "width": 6, "available": 29, "selected": 10, "coverage": 0.226, "unionFrac": 0.2265, "bw": {"40": 4, "20": 6}}}, {"type": "Feature", "geometry": {"type": "Polygon", "coordinates": [[[-72.0, 0.0], [-72.0, 6.0], [-78.0, 6.0], [-78.0, 0.0], [-72.0, 0.0]]]}, "properties": {"name": "N00W078_6x6", "kind": "latlon", "epsg": 4326, "lonMult": 1, "height": 6, "width": 6, "available": 62, "selected": 17, "coverage": 0.9976, "unionFrac": 0.999, "bw": {"40": 8, "20": 9}}}, {"type": "Feature", "geometry": {"type": "Polygon", "coordinates": [[[-66.0, 0.0], [-66.0, 6.0], [-72.0, 6.0], [-72.0, 0.0], [-66.0, 0.0]]]}, "properties": {"name": "N00W072_6x6", "kind": "latlon", "epsg": 4326, "lonMult": 1, "height": 6, "width": 6, "available": 60, "selected": 19, "coverage": 0.9995, "unionFrac": 1.0, "bw": {"40": 4, "20": 15}}}, {"type": "Feature", "geometry": {"type": "Polygon", "coordinates": [[[-60.0, 0.0], [-60.0, 6.0], [-66.0, 6.0], [-66.0, 0.0], [-60.0, 0.0]]]}, "properties": {"name": "N00W066_6x6", "kind": "latlon", "epsg": 4326, "lonMult": 1, "height": 6, "width": 6, "available": 59, "selected": 15, "coverage": 0.9986, "unionFrac": 1.0, "bw": {"40": 1, "20": 14}}}, {"type": "Feature", "geometry": {"type": "Polygon", "coordinates": [[[-54.0, 0.0], [-54.0, 6.0], [-60.0, 6.0], [-60.0, 0.0], [-54.0, 0.0]]]}, "properties": {"name": "N00W060_6x6", "kind": "latlon", "epsg": 4326, "lonMult": 1, "height": 6, "width": 6, "available": 45, "selected": 15, "coverage": 0.9995, "unionFrac": 1.0, "bw": {"20": 15}}}, {"type": "Feature", "geometry": {"type": "Polygon", "coordinates": [[[-48.0, 0.0], [-48.0, 6.0], [-54.0, 6.0], [-54.0, 0.0], [-48.0, 0.0]]]}, "properties": {"name": "N00W054_6x6", "kind": "latlon", "epsg": 4326, "lonMult": 1, "height": 6, "width": 6, "available": 41, "selected": 13, "coverage": 0.7016, "unionFrac": 0.7025, "bw": {"40": 2, "20": 11}}}, {"type": "Feature", "geometry": {"type": "Polygon", "coordinates": [[[-42.0, 0.0], [-42.0, 6.0], [-48.0, 6.0], [-48.0, 0.0], [-42.0, 0.0]]]}, "properties": {"name": "N00W048_6x6", "kind": "latlon", "epsg": 4326, "lonMult": 1, "height": 6, "width": 6, "available": 14, "selected": 2, "coverage": 0.0027, "unionFrac": 0.0034, "bw": {"40": 1, "20": 1}}}, {"type": "Feature", "geometry": {"type": "Polygon", "coordinates": [[[-12.0, 0.0], [-12.0, 6.0], [-18.0, 6.0], [-18.0, 0.0], [-12.0, 0.0]]]}, "properties": {"name": "N00W018_6x6", "kind": "latlon", "epsg": 4326, "lonMult": 1, "height": 6, "width": 6, "available": 3, "selected": 1, "coverage": 0.0017, "unionFrac": 0.0017, "bw": {"40": 1}}}, {"type": "Feature", "geometry": {"type": "Polygon", "coordinates": [[[-6.0, 0.0], [-6.0, 6.0], [-12.0, 6.0], [-12.0, 0.0], [-6.0, 0.0]]]}, "properties": {"name": "N00W012_6x6", "kind": "latlon", "epsg": 4326, "lonMult": 1, "height": 6, "width": 6, "available": 21, "selected": 7, "coverage": 0.2631, "unionFrac": 0.2639, "bw": {"40": 2, "20": 5}}}, {"type": "Feature", "geometry": {"type": "Polygon", "coordinates": [[[0.0, 0.0], [0.0, 6.0], [-6.0, 6.0], [-6.0, 0.0], [0.0, 0.0]]]}, "properties": {"name": "N00W006_6x6", "kind": "latlon", "epsg": 4326, "lonMult": 1, "height": 6, "width": 6, "available": 27, "selected": 7, "coverage": 0.2175, "unionFrac": 0.2179, "bw": {"40": 4, "20": 3}}}, {"type": "Feature", "geometry": {"type": "Polygon", "coordinates": [[[6.0, 0.0], [6.0, 6.0], [0.0, 6.0], [0.0, 0.0], [6.0, 0.0]]]}, "properties": {"name": "N00E000_6x6", "kind": "latlon", "epsg": 4326, "lonMult": 1, "height": 6, "width": 6, "available": 18, "selected": 7, "coverage": 0.1349, "unionFrac": 0.1367, "bw": {"40": 5, "20": 2}}}, {"type": "Feature", "geometry": {"type": "Polygon", "coordinates": [[[12.0, 0.0], [12.0, 6.0], [6.0, 6.0], [6.0, 0.0], [12.0, 0.0]]]}, "properties": {"name": "N00E006_6x6", "kind": "latlon", "epsg": 4326, "lonMult": 1, "height": 6, "width": 6, "available": 59, "selected": 18, "coverage": 0.8701, "unionFrac": 0.8713, "bw": {"40": 8, "20": 10}}}, {"type": "Feature", "geometry": {"type": "Polygon", "coordinates": [[[18.0, 0.0], [18.0, 6.0], [12.0, 6.0], [12.0, 0.0], [18.0, 0.0]]]}, "properties": {"name": "N00E012_6x6", "kind": "latlon", "epsg": 4326, "lonMult": 1, "height": 6, "width": 6, "available": 66, "selected": 16, "coverage": 0.9989, "unionFrac": 1.0, "bw": {"20": 16}}}, {"type": "Feature", "geometry": {"type": "Polygon", "coordinates": [[[24.0, 0.0], [24.0, 6.0], [18.0, 6.0], [18.0, 0.0], [24.0, 0.0]]]}, "properties": {"name": "N00E018_6x6", "kind": "latlon", "epsg": 4326, "lonMult": 1, "height": 6, "width": 6, "available": 56, "selected": 19, "coverage": 0.9994, "unionFrac": 1.0, "bw": {"20": 19}}}, {"type": "Feature", "geometry": {"type": "Polygon", "coordinates": [[[30.0, 0.0], [30.0, 6.0], [24.0, 6.0], [24.0, 0.0], [30.0, 0.0]]]}, "properties": {"name": "N00E024_6x6", "kind": "latlon", "epsg": 4326, "lonMult": 1, "height": 6, "width": 6, "available": 51, "selected": 18, "coverage": 0.999, "unionFrac": 1.0, "bw": {"40": 3, "20": 15}}}, {"type": "Feature", "geometry": {"type": "Polygon", "coordinates": [[[36.0, 0.0], [36.0, 6.0], [30.0, 6.0], [30.0, 0.0], [36.0, 0.0]]]}, "properties": {"name": "N00E030_6x6", "kind": "latlon", "epsg": 4326, "lonMult": 1, "height": 6, "width": 6, "available": 66, "selected": 16, "coverage": 0.9986, "unionFrac": 1.0, "bw": {"40": 3, "20": 13}}}, {"type": "Feature", "geometry": {"type": "Polygon", "coordinates": [[[42.0, 0.0], [42.0, 6.0], [36.0, 6.0], [36.0, 0.0], [42.0, 0.0]]]}, "properties": {"name": "N00E036_6x6", "kind": "latlon", "epsg": 4326, "lonMult": 1, "height": 6, "width": 6, "available": 48, "selected": 17, "coverage": 0.9993, "unionFrac": 1.0, "bw": {"40": 2, "20": 15}}}, {"type": "Feature", "geometry": {"type": "Polygon", "coordinates": [[[48.0, 0.0], [48.0, 6.0], [42.0, 6.0], [42.0, 0.0], [48.0, 0.0]]]}, "properties": {"name": "N00E042_6x6", "kind": "latlon", "epsg": 4326, "lonMult": 1, "height": 6, "width": 6, "available": 39, "selected": 13, "coverage": 0.8002, "unionFrac": 0.8011, "bw": {"40": 1, "20": 12}}}, {"type": "Feature", "geometry": {"type": "Polygon", "coordinates": [[[54.0, 0.0], [54.0, 6.0], [48.0, 6.0], [48.0, 0.0], [54.0, 0.0]]]}, "properties": {"name": "N00E048_6x6", "kind": "latlon", "epsg": 4326, "lonMult": 1, "height": 6, "width": 6, "available": 9, "selected": 3, "coverage": 0.0652, "unionFrac": 0.0661, "bw": {"20": 3}}}, {"type": "Feature", "geometry": {"type": "Polygon", "coordinates": [[[84.0, 0.0], [84.0, 6.0], [78.0, 6.0], [78.0, 0.0], [84.0, 0.0]]]}, "properties": {"name": "N00E078_6x6", "kind": "latlon", "epsg": 4326, "lonMult": 1, "height": 6, "width": 6, "available": 3, "selected": 2, "coverage": 0.0207, "unionFrac": 0.0207, "bw": {"40": 2}}}, {"type": "Feature", "geometry": {"type": "Polygon", "coordinates": [[[96.0, 0.0], [96.0, 6.0], [90.0, 6.0], [90.0, 0.0], [96.0, 0.0]]]}, "properties": {"name": "N00E090_6x6", "kind": "latlon", "epsg": 4326, "lonMult": 1, "height": 6, "width": 6, "available": 15, "selected": 6, "coverage": 0.2383, "unionFrac": 0.2384, "bw": {"40": 6}}}, {"type": "Feature", "geometry": {"type": "Polygon", "coordinates": [[[102.0, 0.0], [102.0, 6.0], [96.0, 6.0], [96.0, 0.0], [102.0, 0.0]]]}, "properties": {"name": "N00E096_6x6", "kind": "latlon", "epsg": 4326, "lonMult": 1, "height": 6, "width": 6, "available": 54, "selected": 15, "coverage": 0.9967, "unionFrac": 0.998, "bw": {"40": 13, "20": 2}}}, {"type": "Feature", "geometry": {"type": "Polygon", "coordinates": [[[108.0, 0.0], [108.0, 6.0], [102.0, 6.0], [102.0, 0.0], [108.0, 0.0]]]}, "properties": {"name": "N00E102_6x6", "kind": "latlon", "epsg": 4326, "lonMult": 1, "height": 6, "width": 6, "available": 39, "selected": 12, "coverage": 0.6382, "unionFrac": 0.6394, "bw": {"40": 6, "20": 6}}}, {"type": "Feature", "geometry": {"type": "Polygon", "coordinates": [[[114.0, 0.0], [114.0, 6.0], [108.0, 6.0], [108.0, 0.0], [114.0, 0.0]]]}, "properties": {"name": "N00E108_6x6", "kind": "latlon", "epsg": 4326, "lonMult": 1, "height": 6, "width": 6, "available": 40, "selected": 12, "coverage": 0.6494, "unionFrac": 0.6511, "bw": {"40": 2, "20": 10}}}, {"type": "Feature", "geometry": {"type": "Polygon", "coordinates": [[[120.0, 0.0], [120.0, 6.0], [114.0, 6.0], [114.0, 0.0], [120.0, 0.0]]]}, "properties": {"name": "N00E114_6x6", "kind": "latlon", "epsg": 4326, "lonMult": 1, "height": 6, "width": 6, "available": 35, "selected": 14, "coverage": 0.9593, "unionFrac": 0.9598, "bw": {"40": 1, "20": 13}}}, {"type": "Feature", "geometry": {"type": "Polygon", "coordinates": [[[126.0, 0.0], [126.0, 6.0], [120.0, 6.0], [120.0, 0.0], [126.0, 0.0]]]}, "properties": {"name": "N00E120_6x6", "kind": "latlon", "epsg": 4326, "lonMult": 1, "height": 6, "width": 6, "available": 43, "selected": 17, "coverage": 0.5472, "unionFrac": 0.5481, "bw": {"40": 5, "20": 12}}}, {"type": "Feature", "geometry": {"type": "Polygon", "coordinates": [[[132.0, 0.0], [132.0, 6.0], [126.0, 6.0], [126.0, 0.0], [132.0, 0.0]]]}, "properties": {"name": "N00E126_6x6", "kind": "latlon", "epsg": 4326, "lonMult": 1, "height": 6, "width": 6, "available": 37, "selected": 12, "coverage": 0.5558, "unionFrac": 0.5575, "bw": {"40": 3, "20": 9}}}, {"type": "Feature", "geometry": {"type": "Polygon", "coordinates": [[[138.0, 0.0], [138.0, 6.0], [132.0, 6.0], [132.0, 0.0], [138.0, 0.0]]]}, "properties": {"name": "N00E132_6x6", "kind": "latlon", "epsg": 4326, "lonMult": 1, "height": 6, "width": 6, "available": 12, "selected": 4, "coverage": 0.024, "unionFrac": 0.0264, "bw": {"20": 4}}}, {"type": "Feature", "geometry": {"type": "Polygon", "coordinates": [[[174.0, 0.0], [174.0, 6.0], [168.0, 6.0], [168.0, 0.0], [174.0, 0.0]]]}, "properties": {"name": "N00E168_6x6", "kind": "latlon", "epsg": 4326, "lonMult": 1, "height": 6, "width": 6, "available": 6, "selected": 5, "coverage": 0.1248, "unionFrac": 0.1248, "bw": {"40": 2, "20": 3}}}, {"type": "Feature", "geometry": {"type": "Polygon", "coordinates": [[[180.0, 0.0], [180.0, 6.0], [174.0, 6.0], [174.0, 0.0], [180.0, 0.0]]]}, "properties": {"name": "N00E174_6x6", "kind": "latlon", "epsg": 4326, "lonMult": 1, "height": 6, "width": 6, "available": 3, "selected": 1, "coverage": 0.0074, "unionFrac": 0.0078, "bw": {"20": 1}}}, {"type": "Feature", "geometry": {"type": "Polygon", "coordinates": [[[-84.0, 6.0], [-84.0, 12.0], [-90.0, 12.0], [-90.0, 6.0], [-84.0, 6.0]]]}, "properties": {"name": "N06W090_6x6", "kind": "latlon", "epsg": 4326, "lonMult": 1, "height": 6, "width": 6, "available": 21, "selected": 6, "coverage": 0.3561, "unionFrac": 0.3575, "bw": {"40": 6}}}, {"type": "Feature", "geometry": {"type": "Polygon", "coordinates": [[[-78.0, 6.0], [-78.0, 12.0], [-84.0, 12.0], [-84.0, 6.0], [-78.0, 6.0]]]}, "properties": {"name": "N06W084_6x6", "kind": "latlon", "epsg": 4326, "lonMult": 1, "height": 6, "width": 6, "available": 32, "selected": 14, "coverage": 0.5958, "unionFrac": 0.5961, "bw": {"40": 13, "20": 1}}}, {"type": "Feature", "geometry": {"type": "Polygon", "coordinates": [[[-72.0, 6.0], [-72.0, 12.0], [-78.0, 12.0], [-78.0, 6.0], [-72.0, 6.0]]]}, "properties": {"name": "N06W078_6x6", "kind": "latlon", "epsg": 4326, "lonMult": 1, "height": 6, "width": 6, "available": 53, "selected": 19, "coverage": 0.9019, "unionFrac": 0.9037, "bw": {"40": 13, "20": 6}}}, {"type": "Feature", "geometry": {"type": "Polygon", "coordinates": [[[-66.0, 6.0], [-66.0, 12.0], [-72.0, 12.0], [-72.0, 6.0], [-66.0, 6.0]]]}, "properties": {"name": "N06W072_6x6", "kind": "latlon", "epsg": 4326, "lonMult": 1, "height": 6, "width": 6, "available": 59, "selected": 16, "coverage": 0.9989, "unionFrac": 0.9999, "bw": {"40": 14, "20": 2}}}, {"type": "Feature", "geometry": {"type": "Polygon", "coordinates": [[[-60.0, 6.0], [-60.0, 12.0], [-66.0, 12.0], [-66.0, 6.0], [-60.0, 6.0]]]}, "properties": {"name": "N06W066_6x6", "kind": "latlon", "epsg": 4326, "lonMult": 1, "height": 6, "width": 6, "available": 62, "selected": 15, "coverage": 0.9484, "unionFrac": 0.95, "bw": {"40": 8, "20": 7}}}, {"type": "Feature", "geometry": {"type": "Polygon", "coordinates": [[[-54.0, 6.0], [-54.0, 12.0], [-60.0, 12.0], [-60.0, 6.0], [-54.0, 6.0]]]}, "properties": {"name": "N06W060_6x6", "kind": "latlon", "epsg": 4326, "lonMult": 1, "height": 6, "width": 6, "available": 22, "selected": 12, "coverage": 0.2858, "unionFrac": 0.2861, "bw": {"20": 12}}}, {"type": "Feature", "geometry": {"type": "Polygon", "coordinates": [[[-48.0, 6.0], [-48.0, 12.0], [-54.0, 12.0], [-54.0, 6.0], [-48.0, 6.0]]]}, "properties": {"name": "N06W054_6x6", "kind": "latlon", "epsg": 4326, "lonMult": 1, "height": 6, "width": 6, "available": 8, "selected": 4, "coverage": 0.0205, "unionFrac": 0.0211, "bw": {"20": 4}}}, {"type": "Feature", "geometry": {"type": "Polygon", "coordinates": [[[-12.0, 6.0], [-12.0, 12.0], [-18.0, 12.0], [-18.0, 6.0], [-12.0, 6.0]]]}, "properties": {"name": "N06W018_6x6", "kind": "latlon", "epsg": 4326, "lonMult": 1, "height": 6, "width": 6, "available": 42, "selected": 14, "coverage": 0.498, "unionFrac": 0.4984, "bw": {"40": 6, "20": 8}}}, {"type": "Feature", "geometry": {"type": "Polygon", "coordinates": [[[-6.0, 6.0], [-6.0, 12.0], [-12.0, 12.0], [-12.0, 6.0], [-6.0, 6.0]]]}, "properties": {"name": "N06W012_6x6", "kind": "latlon", "epsg": 4326, "lonMult": 1, "height": 6, "width": 6, "available": 63, "selected": 17, "coverage": 0.9994, "unionFrac": 0.9999, "bw": {"40": 3, "20": 14}}}, {"type": "Feature", "geometry": {"type": "Polygon", "coordinates": [[[0.0, 6.0], [0.0, 12.0], [-6.0, 12.0], [-6.0, 6.0], [0.0, 6.0]]]}, "properties": {"name": "N06W006_6x6", "kind": "latlon", "epsg": 4326, "lonMult": 1, "height": 6, "width": 6, "available": 69, "selected": 20, "coverage": 0.9992, "unionFrac": 1.0, "bw": {"40": 6, "20": 14}}}, {"type": "Feature", "geometry": {"type": "Polygon", "coordinates": [[[6.0, 6.0], [6.0, 12.0], [0.0, 12.0], [0.0, 6.0], [6.0, 6.0]]]}, "properties": {"name": "N06E000_6x6", "kind": "latlon", "epsg": 4326, "lonMult": 1, "height": 6, "width": 6, "available": 63, "selected": 18, "coverage": 0.9987, "unionFrac": 0.9993, "bw": {"40": 8, "20": 10}}}, {"type": "Feature", "geometry": {"type": "Polygon", "coordinates": [[[12.0, 6.0], [12.0, 12.0], [6.0, 12.0], [6.0, 6.0], [12.0, 6.0]]]}, "properties": {"name": "N06E006_6x6", "kind": "latlon", "epsg": 4326, "lonMult": 1, "height": 6, "width": 6, "available": 61, "selected": 17, "coverage": 0.9995, "unionFrac": 1.0, "bw": {"40": 5, "20": 12}}}, {"type": "Feature", "geometry": {"type": "Polygon", "coordinates": [[[18.0, 6.0], [18.0, 12.0], [12.0, 12.0], [12.0, 6.0], [18.0, 6.0]]]}, "properties": {"name": "N06E012_6x6", "kind": "latlon", "epsg": 4326, "lonMult": 1, "height": 6, "width": 6, "available": 67, "selected": 18, "coverage": 0.9994, "unionFrac": 1.0, "bw": {"40": 5, "20": 13}}}, {"type": "Feature", "geometry": {"type": "Polygon", "coordinates": [[[24.0, 6.0], [24.0, 12.0], [18.0, 12.0], [18.0, 6.0], [24.0, 6.0]]]}, "properties": {"name": "N06E018_6x6", "kind": "latlon", "epsg": 4326, "lonMult": 1, "height": 6, "width": 6, "available": 49, "selected": 16, "coverage": 0.9995, "unionFrac": 1.0, "bw": {"40": 1, "20": 15}}}, {"type": "Feature", "geometry": {"type": "Polygon", "coordinates": [[[30.0, 6.0], [30.0, 12.0], [24.0, 12.0], [24.0, 6.0], [30.0, 6.0]]]}, "properties": {"name": "N06E024_6x6", "kind": "latlon", "epsg": 4326, "lonMult": 1, "height": 6, "width": 6, "available": 50, "selected": 16, "coverage": 0.9987, "unionFrac": 1.0, "bw": {"40": 2, "20": 14}}}, {"type": "Feature", "geometry": {"type": "Polygon", "coordinates": [[[36.0, 6.0], [36.0, 12.0], [30.0, 12.0], [30.0, 6.0], [36.0, 6.0]]]}, "properties": {"name": "N06E030_6x6", "kind": "latlon", "epsg": 4326, "lonMult": 1, "height": 6, "width": 6, "available": 61, "selected": 15, "coverage": 0.9994, "unionFrac": 1.0, "bw": {"20": 15}}}, {"type": "Feature", "geometry": {"type": "Polygon", "coordinates": [[[42.0, 6.0], [42.0, 12.0], [36.0, 12.0], [36.0, 6.0], [42.0, 6.0]]]}, "properties": {"name": "N06E036_6x6", "kind": "latlon", "epsg": 4326, "lonMult": 1, "height": 6, "width": 6, "available": 53, "selected": 16, "coverage": 0.9994, "unionFrac": 1.0, "bw": {"20": 16}}}, {"type": "Feature", "geometry": {"type": "Polygon", "coordinates": [[[48.0, 6.0], [48.0, 12.0], [42.0, 12.0], [42.0, 6.0], [48.0, 6.0]]]}, "properties": {"name": "N06E042_6x6", "kind": "latlon", "epsg": 4326, "lonMult": 1, "height": 6, "width": 6, "available": 55, "selected": 15, "coverage": 0.9479, "unionFrac": 0.9503, "bw": {"20": 15}}}, {"type": "Feature", "geometry": {"type": "Polygon", "coordinates": [[[54.0, 6.0], [54.0, 12.0], [48.0, 12.0], [48.0, 6.0], [54.0, 6.0]]]}, "properties": {"name": "N06E048_6x6", "kind": "latlon", "epsg": 4326, "lonMult": 1, "height": 6, "width": 6, "available": 30, "selected": 9, "coverage": 0.5098, "unionFrac": 0.5117, "bw": {"20": 9}}}, {"type": "Feature", "geometry": {"type": "Polygon", "coordinates": [[[78.0, 6.0], [78.0, 12.0], [72.0, 12.0], [72.0, 6.0], [78.0, 6.0]]]}, "properties": {"name": "N06E072_6x6", "kind": "latlon", "epsg": 4326, "lonMult": 1, "height": 6, "width": 6, "available": 18, "selected": 7, "coverage": 0.3907, "unionFrac": 0.3914, "bw": {"40": 7}}}, {"type": "Feature", "geometry": {"type": "Polygon", "coordinates": [[[84.0, 6.0], [84.0, 12.0], [78.0, 12.0], [78.0, 6.0], [84.0, 6.0]]]}, "properties": {"name": "N06E078_6x6", "kind": "latlon", "epsg": 4326, "lonMult": 1, "height": 6, "width": 6, "available": 26, "selected": 9, "coverage": 0.6103, "unionFrac": 0.6113, "bw": {"40": 9}}}, {"type": "Feature", "geometry": {"type": "Polygon", "coordinates": [[[96.0, 6.0], [96.0, 12.0], [90.0, 12.0], [90.0, 6.0], [96.0, 6.0]]]}, "properties": {"name": "N06E090_6x6", "kind": "latlon", "epsg": 4326, "lonMult": 1, "height": 6, "width": 6, "available": 27, "selected": 8, "coverage": 0.7144, "unionFrac": 0.7149, "bw": {"40": 8}}}, {"type": "Feature", "geometry": {"type": "Polygon", "coordinates": [[[102.0, 6.0], [102.0, 12.0], [96.0, 12.0], [96.0, 6.0], [102.0, 6.0]]]}, "properties": {"name": "N06E096_6x6", "kind": "latlon", "epsg": 4326, "lonMult": 1, "height": 6, "width": 6, "available": 54, "selected": 16, "coverage": 0.7578, "unionFrac": 0.7582, "bw": {"40": 12, "20": 4}}}, {"type": "Feature", "geometry": {"type": "Polygon", "coordinates": [[[108.0, 6.0], [108.0, 12.0], [102.0, 12.0], [102.0, 6.0], [108.0, 6.0]]]}, "properties": {"name": "N06E102_6x6", "kind": "latlon", "epsg": 4326, "lonMult": 1, "height": 6, "width": 6, "available": 58, "selected": 19, "coverage": 0.5105, "unionFrac": 0.511, "bw": {"40": 11, "20": 8}}}, {"type": "Feature", "geometry": {"type": "Polygon", "coordinates": [[[114.0, 6.0], [114.0, 12.0], [108.0, 12.0], [108.0, 6.0], [114.0, 6.0]]]}, "properties": {"name": "N06E108_6x6", "kind": "latlon", "epsg": 4326, "lonMult": 1, "height": 6, "width": 6, "available": 16, "selected": 6, "coverage": 0.0773, "unionFrac": 0.0773, "bw": {"40": 4, "20": 2}}}, {"type": "Feature", "geometry": {"type": "Polygon", "coordinates": [[[120.0, 6.0], [120.0, 12.0], [114.0, 12.0], [114.0, 6.0], [120.0, 6.0]]]}, "properties": {"name": "N06E114_6x6", "kind": "latlon", "epsg": 4326, "lonMult": 1, "height": 6, "width": 6, "available": 19, "selected": 10, "coverage": 0.4101, "unionFrac": 0.411, "bw": {"40": 1, "20": 9}}}, {"type": "Feature", "geometry": {"type": "Polygon", "coordinates": [[[126.0, 6.0], [126.0, 12.0], [120.0, 12.0], [120.0, 6.0], [126.0, 6.0]]]}, "properties": {"name": "N06E120_6x6", "kind": "latlon", "epsg": 4326, "lonMult": 1, "height": 6, "width": 6, "available": 42, "selected": 15, "coverage": 0.919, "unionFrac": 0.9195, "bw": {"40": 10, "20": 5}}}, {"type": "Feature", "geometry": {"type": "Polygon", "coordinates": [[[132.0, 6.0], [132.0, 12.0], [126.0, 12.0], [126.0, 6.0], [132.0, 6.0]]]}, "properties": {"name": "N06E126_6x6", "kind": "latlon", "epsg": 4326, "lonMult": 1, "height": 6, "width": 6, "available": 18, "selected": 4, "coverage": 0.1673, "unionFrac": 0.1673, "bw": {"40": 4}}}, {"type": "Feature", "geometry": {"type": "Polygon", "coordinates": [[[174.0, 6.0], [174.0, 12.0], [168.0, 12.0], [168.0, 6.0], [174.0, 6.0]]]}, "properties": {"name": "N06E168_6x6", "kind": "latlon", "epsg": 4326, "lonMult": 1, "height": 6, "width": 6, "available": 3, "selected": 2, "coverage": 0.1037, "unionFrac": 0.104, "bw": {"40": 2}}}, {"type": "Feature", "geometry": {"type": "Polygon", "coordinates": [[[-102.0, 12.0], [-102.0, 18.0], [-108.0, 18.0], [-108.0, 12.0], [-102.0, 12.0]]]}, "properties": {"name": "N12W108_6x6", "kind": "latlon", "epsg": 4326, "lonMult": 1, "height": 6, "width": 6, "available": 9, "selected": 4, "coverage": 0.0456, "unionFrac": 0.0457, "bw": {"40": 4}}}, {"type": "Feature", "geometry": {"type": "Polygon", "coordinates": [[[-96.0, 12.0], [-96.0, 18.0], [-102.0, 18.0], [-102.0, 12.0], [-96.0, 12.0]]]}, "properties": {"name": "N12W102_6x6", "kind": "latlon", "epsg": 4326, "lonMult": 1, "height": 6, "width": 6, "available": 27, "selected": 7, "coverage": 0.3518, "unionFrac": 0.3526, "bw": {"40": 7}}}, {"type": "Feature", "geometry": {"type": "Polygon", "coordinates": [[[-90.0, 12.0], [-90.0, 18.0], [-96.0, 18.0], [-96.0, 12.0], [-90.0, 12.0]]]}, "properties": {"name": "N12W096_6x6", "kind": "latlon", "epsg": 4326, "lonMult": 1, "height": 6, "width": 6, "available": 38, "selected": 11, "coverage": 0.6227, "unionFrac": 0.6231, "bw": {"40": 11}}}, {"type": "Feature", "geometry": {"type": "Polygon", "coordinates": [[[-84.0, 12.0], [-84.0, 18.0], [-90.0, 18.0], [-90.0, 12.0], [-84.0, 12.0]]]}, "properties": {"name": "N12W090_6x6", "kind": "latlon", "epsg": 4326, "lonMult": 1, "height": 6, "width": 6, "available": 50, "selected": 17, "coverage": 0.8424, "unionFrac": 0.843, "bw": {"40": 15, "20": 2}}}, {"type": "Feature", "geometry": {"type": "Polygon", "coordinates": [[[-78.0, 12.0], [-78.0, 18.0], [-84.0, 18.0], [-84.0, 12.0], [-78.0, 12.0]]]}, "properties": {"name": "N12W084_6x6", "kind": "latlon", "epsg": 4326, "lonMult": 1, "height": 6, "width": 6, "available": 23, "selected": 6, "coverage": 0.2472, "unionFrac": 0.2485, "bw": {"40": 4, "20": 2}}}, {"type": "Feature", "geometry": {"type": "Polygon", "coordinates": [[[-72.0, 12.0], [-72.0, 18.0], [-78.0, 18.0], [-78.0, 12.0], [-72.0, 12.0]]]}, "properties": {"name": "N12W078_6x6", "kind": "latlon", "epsg": 4326, "lonMult": 1, "height": 6, "width": 6, "available": 26, "selected": 13, "coverage": 0.1156, "unionFrac": 0.1166, "bw": {"40": 9, "20": 4}}}, {"type": "Feature", "geometry": {"type": "Polygon", "coordinates": [[[-66.0, 12.0], [-66.0, 18.0], [-72.0, 18.0], [-72.0, 12.0], [-66.0, 12.0]]]}, "properties": {"name": "N12W072_6x6", "kind": "latlon", "epsg": 4326, "lonMult": 1, "height": 6, "width": 6, "available": 39, "selected": 14, "coverage": 0.3601, "unionFrac": 0.361, "bw": {"40": 14}}}, {"type": "Feature", "geometry": {"type": "Polygon", "coordinates": [[[-60.0, 12.0], [-60.0, 18.0], [-66.0, 18.0], [-66.0, 12.0], [-60.0, 12.0]]]}, "properties": {"name": "N12W066_6x6", "kind": "latlon", "epsg": 4326, "lonMult": 1, "height": 6, "width": 6, "available": 38, "selected": 11, "coverage": 0.4789, "unionFrac": 0.4812, "bw": {"40": 11}}}, {"type": "Feature", "geometry": {"type": "Polygon", "coordinates": [[[-54.0, 12.0], [-54.0, 18.0], [-60.0, 18.0], [-60.0, 12.0], [-54.0, 12.0]]]}, "properties": {"name": "N12W060_6x6", "kind": "latlon", "epsg": 4326, "lonMult": 1, "height": 6, "width": 6, "available": 7, "selected": 2, "coverage": 0.0508, "unionFrac": 0.0517, "bw": {"40": 2}}}, {"type": "Feature", "geometry": {"type": "Polygon", "coordinates": [[[-24.0, 12.0], [-24.0, 18.0], [-30.0, 18.0], [-30.0, 12.0], [-24.0, 12.0]]]}, "properties": {"name": "N12W030_6x6", "kind": "latlon", "epsg": 4326, "lonMult": 1, "height": 6, "width": 6, "available": 2, "selected": 2, "coverage": 0.0843, "unionFrac": 0.0843, "bw": {"20": 2}}}, {"type": "Feature", "geometry": {"type": "Polygon", "coordinates": [[[-18.0, 12.0], [-18.0, 18.0], [-24.0, 18.0], [-24.0, 12.0], [-18.0, 12.0]]]}, "properties": {"name": "N12W024_6x6", "kind": "latlon", "epsg": 4326, "lonMult": 1, "height": 6, "width": 6, "available": 13, "selected": 5, "coverage": 0.1614, "unionFrac": 0.1625, "bw": {"40": 1, "20": 4}}}, {"type": "Feature", "geometry": {"type": "Polygon", "coordinates": [[[-12.0, 12.0], [-12.0, 18.0], [-18.0, 18.0], [-18.0, 12.0], [-12.0, 12.0]]]}, "properties": {"name": "N12W018_6x6", "kind": "latlon", "epsg": 4326, "lonMult": 1, "height": 6, "width": 6, "available": 59, "selected": 16, "coverage": 0.9487, "unionFrac": 0.9492, "bw": {"40": 5, "20": 11}}}, {"type": "Feature", "geometry": {"type": "Polygon", "coordinates": [[[-6.0, 12.0], [-6.0, 18.0], [-12.0, 18.0], [-12.0, 12.0], [-6.0, 12.0]]]}, "properties": {"name": "N12W012_6x6", "kind": "latlon", "epsg": 4326, "lonMult": 1, "height": 6, "width": 6, "available": 51, "selected": 13, "coverage": 0.9527, "unionFrac": 0.9543, "bw": {"20": 13}}}, {"type": "Feature", "geometry": {"type": "Polygon", "coordinates": [[[0.0, 12.0], [0.0, 18.0], [-6.0, 18.0], [-6.0, 12.0], [0.0, 12.0]]]}, "properties": {"name": "N12W006_6x6", "kind": "latlon", "epsg": 4326, "lonMult": 1, "height": 6, "width": 6, "available": 58, "selected": 18, "coverage": 0.955, "unionFrac": 0.9559, "bw": {"40": 3, "20": 15}}}, {"type": "Feature", "geometry": {"type": "Polygon", "coordinates": [[[6.0, 12.0], [6.0, 18.0], [0.0, 18.0], [0.0, 12.0], [6.0, 12.0]]]}, "properties": {"name": "N12E000_6x6", "kind": "latlon", "epsg": 4326, "lonMult": 1, "height": 6, "width": 6, "available": 66, "selected": 16, "coverage": 0.9992, "unionFrac": 1.0, "bw": {"40": 2, "20": 14}}}, {"type": "Feature", "geometry": {"type": "Polygon", "coordinates": [[[12.0, 12.0], [12.0, 18.0], [6.0, 18.0], [6.0, 12.0], [12.0, 12.0]]]}, "properties": {"name": "N12E006_6x6", "kind": "latlon", "epsg": 4326, "lonMult": 1, "height": 6, "width": 6, "available": 54, "selected": 16, "coverage": 0.9425, "unionFrac": 0.9429, "bw": {"20": 16}}}, {"type": "Feature", "geometry": {"type": "Polygon", "coordinates": [[[18.0, 12.0], [18.0, 18.0], [12.0, 18.0], [12.0, 12.0], [18.0, 12.0]]]}, "properties": {"name": "N12E012_6x6", "kind": "latlon", "epsg": 4326, "lonMult": 1, "height": 6, "width": 6, "available": 48, "selected": 18, "coverage": 0.7099, "unionFrac": 0.7107, "bw": {"40": 4, "20": 14}}}, {"type": "Feature", "geometry": {"type": "Polygon", "coordinates": [[[24.0, 12.0], [24.0, 18.0], [18.0, 18.0], [18.0, 12.0], [24.0, 12.0]]]}, "properties": {"name": "N12E018_6x6", "kind": "latlon", "epsg": 4326, "lonMult": 1, "height": 6, "width": 6, "available": 42, "selected": 16, "coverage": 0.8716, "unionFrac": 0.8741, "bw": {"40": 2, "20": 14}}}, {"type": "Feature", "geometry": {"type": "Polygon", "coordinates": [[[30.0, 12.0], [30.0, 18.0], [24.0, 18.0], [24.0, 12.0], [30.0, 12.0]]]}, "properties": {"name": "N12E024_6x6", "kind": "latlon", "epsg": 4326, "lonMult": 1, "height": 6, "width": 6, "available": 59, "selected": 19, "coverage": 0.8136, "unionFrac": 0.8147, "bw": {"40": 4, "20": 15}}}, {"type": "Feature", "geometry": {"type": "Polygon", "coordinates": [[[36.0, 12.0], [36.0, 18.0], [30.0, 18.0], [30.0, 12.0], [36.0, 12.0]]]}, "properties": {"name": "N12E030_6x6", "kind": "latlon", "epsg": 4326, "lonMult": 1, "height": 6, "width": 6, "available": 71, "selected": 21, "coverage": 0.9997, "unionFrac": 1.0, "bw": {"40": 6, "20": 15}}}, {"type": "Feature", "geometry": {"type": "Polygon", "coordinates": [[[42.0, 12.0], [42.0, 18.0], [36.0, 18.0], [36.0, 12.0], [42.0, 12.0]]]}, "properties": {"name": "N12E036_6x6", "kind": "latlon", "epsg": 4326, "lonMult": 1, "height": 6, "width": 6, "available": 52, "selected": 19, "coverage": 0.9242, "unionFrac": 0.9244, "bw": {"40": 5, "20": 14}}}, {"type": "Feature", "geometry": {"type": "Polygon", "coordinates": [[[48.0, 12.0], [48.0, 18.0], [42.0, 18.0], [42.0, 12.0], [48.0, 12.0]]]}, "properties": {"name": "N12E042_6x6", "kind": "latlon", "epsg": 4326, "lonMult": 1, "height": 6, "width": 6, "available": 63, "selected": 18, "coverage": 0.9097, "unionFrac": 0.9101, "bw": {"40": 5, "20": 13}}}, {"type": "Feature", "geometry": {"type": "Polygon", "coordinates": [[[54.0, 12.0], [54.0, 18.0], [48.0, 18.0], [48.0, 12.0], [54.0, 12.0]]]}, "properties": {"name": "N12E048_6x6", "kind": "latlon", "epsg": 4326, "lonMult": 1, "height": 6, "width": 6, "available": 48, "selected": 13, "coverage": 0.676, "unionFrac": 0.6783, "bw": {"40": 3, "20": 10}}}, {"type": "Feature", "geometry": {"type": "Polygon", "coordinates": [[[60.0, 12.0], [60.0, 18.0], [54.0, 18.0], [54.0, 12.0], [60.0, 12.0]]]}, "properties": {"name": "N12E054_6x6", "kind": "latlon", "epsg": 4326, "lonMult": 1, "height": 6, "width": 6, "available": 10, "selected": 4, "coverage": 0.0682, "unionFrac": 0.0691, "bw": {"40": 3, "20": 1}}}, {"type": "Feature", "geometry": {"type": "Polygon", "coordinates": [[[78.0, 12.0], [78.0, 18.0], [72.0, 18.0], [72.0, 12.0], [78.0, 12.0]]]}, "properties": {"name": "N12E072_6x6", "kind": "latlon", "epsg": 4326, "lonMult": 1, "height": 6, "width": 6, "available": 42, "selected": 11, "coverage": 0.809, "unionFrac": 0.8099, "bw": {"40": 11}}}, {"type": "Feature", "geometry": {"type": "Polygon", "coordinates": [[[84.0, 12.0], [84.0, 18.0], [78.0, 18.0], [78.0, 12.0], [84.0, 12.0]]]}, "properties": {"name": "N12E078_6x6", "kind": "latlon", "epsg": 4326, "lonMult": 1, "height": 6, "width": 6, "available": 42, "selected": 13, "coverage": 0.677, "unionFrac": 0.6789, "bw": {"40": 13}}}, {"type": "Feature", "geometry": {"type": "Polygon", "coordinates": [[[90.0, 12.0], [90.0, 18.0], [84.0, 18.0], [84.0, 12.0], [90.0, 12.0]]]}, "properties": {"name": "N12E084_6x6", "kind": "latlon", "epsg": 4326, "lonMult": 1, "height": 6, "width": 6, "available": 3, "selected": 1, "coverage": 0.0052, "unionFrac": 0.0059, "bw": {"40": 1}}}, {"type": "Feature", "geometry": {"type": "Polygon", "coordinates": [[[96.0, 12.0], [96.0, 18.0], [90.0, 18.0], [90.0, 12.0], [96.0, 12.0]]]}, "properties": {"name": "N12E090_6x6", "kind": "latlon", "epsg": 4326, "lonMult": 1, "height": 6, "width": 6, "available": 33, "selected": 10, "coverage": 0.4932, "unionFrac": 0.494, "bw": {"40": 10}}}, {"type": "Feature", "geometry": {"type": "Polygon", "coordinates": [[[102.0, 12.0], [102.0, 18.0], [96.0, 18.0], [96.0, 12.0], [102.0, 12.0]]]}, "properties": {"name": "N12E096_6x6", "kind": "latlon", "epsg": 4326, "lonMult": 1, "height": 6, "width": 6, "available": 59, "selected": 15, "coverage": 0.9501, "unionFrac": 0.9511, "bw": {"40": 13, "20": 2}}}, {"type": "Feature", "geometry": {"type": "Polygon", "coordinates": [[[108.0, 12.0], [108.0, 18.0], [102.0, 18.0], [102.0, 12.0], [108.0, 12.0]]]}, "properties": {"name": "N12E102_6x6", "kind": "latlon", "epsg": 4326, "lonMult": 1, "height": 6, "width": 6, "available": 78, "selected": 19, "coverage": 0.9995, "unionFrac": 1.0, "bw": {"40": 12, "20": 7}}}, {"type": "Feature", "geometry": {"type": "Polygon", "coordinates": [[[114.0, 12.0], [114.0, 18.0], [108.0, 18.0], [108.0, 12.0], [114.0, 12.0]]]}, "properties": {"name": "N12E108_6x6", "kind": "latlon", "epsg": 4326, "lonMult": 1, "height": 6, "width": 6, "available": 32, "selected": 8, "coverage": 0.4529, "unionFrac": 0.4534, "bw": {"40": 3, "20": 5}}}, {"type": "Feature", "geometry": {"type": "Polygon", "coordinates": [[[120.0, 12.0], [120.0, 18.0], [114.0, 18.0], [114.0, 12.0], [120.0, 12.0]]]}, "properties": {"name": "N12E114_6x6", "kind": "latlon", "epsg": 4326, "lonMult": 1, "height": 6, "width": 6, "available": 15, "selected": 5, "coverage": 0.1934, "unionFrac": 0.1934, "bw": {"40": 4, "20": 1}}}, {"type": "Feature", "geometry": {"type": "Polygon", "coordinates": [[[126.0, 12.0], [126.0, 18.0], [120.0, 18.0], [120.0, 12.0], [126.0, 12.0]]]}, "properties": {"name": "N12E120_6x6", "kind": "latlon", "epsg": 4326, "lonMult": 1, "height": 6, "width": 6, "available": 43, "selected": 11, "coverage": 0.725, "unionFrac": 0.7258, "bw": {"40": 10, "20": 1}}}, {"type": "Feature", "geometry": {"type": "Polygon", "coordinates": [[[132.0, 12.0], [132.0, 18.0], [126.0, 18.0], [126.0, 12.0], [132.0, 12.0]]]}, "properties": {"name": "N12E126_6x6", "kind": "latlon", "epsg": 4326, "lonMult": 1, "height": 6, "width": 6, "available": 6, "selected": 1, "coverage": 0.0061, "unionFrac": 0.0068, "bw": {"40": 1}}}, {"type": "Feature", "geometry": {"type": "Polygon", "coordinates": [[[144.0, 12.0], [144.0, 18.0], [138.0, 18.0], [138.0, 12.0], [144.0, 12.0]]]}, "properties": {"name": "N12E138_6x6", "kind": "latlon", "epsg": 4326, "lonMult": 1, "height": 6, "width": 6, "available": 9, "selected": 3, "coverage": 0.0196, "unionFrac": 0.0205, "bw": {"40": 1, "20": 2}}}, {"type": "Feature", "geometry": {"type": "Polygon", "coordinates": [[[150.0, 12.0], [150.0, 18.0], [144.0, 18.0], [144.0, 12.0], [150.0, 12.0]]]}, "properties": {"name": "N12E144_6x6", "kind": "latlon", "epsg": 4326, "lonMult": 1, "height": 6, "width": 6, "available": 15, "selected": 7, "coverage": 0.2739, "unionFrac": 0.2739, "bw": {"20": 5, "40": 2}}}, {"type": "Feature", "geometry": {"type": "Polygon", "coordinates": [[[-156.0, 18.0], [-156.0, 24.0], [-162.0, 24.0], [-162.0, 18.0], [-156.0, 18.0]]]}, "properties": {"name": "N18W162_6x6", "kind": "latlon", "epsg": 4326, "lonMult": 1, "height": 6, "width": 6, "available": 15, "selected": 8, "coverage": 0.2665, "unionFrac": 0.2666, "bw": {"40": 8}}}, {"type": "Feature", "geometry": {"type": "Polygon", "coordinates": [[[-150.0, 18.0], [-150.0, 24.0], [-156.0, 24.0], [-156.0, 18.0], [-150.0, 18.0]]]}, "properties": {"name": "N18W156_6x6", "kind": "latlon", "epsg": 4326, "lonMult": 1, "height": 6, "width": 6, "available": 6, "selected": 3, "coverage": 0.1137, "unionFrac": 0.1138, "bw": {"40": 3}}}, {"type": "Feature", "geometry": {"type": "Polygon", "coordinates": [[[-108.0, 18.0], [-108.0, 24.0], [-114.0, 24.0], [-114.0, 18.0], [-108.0, 18.0]]]}, "properties": {"name": "N18W114_6x6", "kind": "latlon", "epsg": 4326, "lonMult": 1, "height": 6, "width": 6, "available": 18, "selected": 5, "coverage": 0.1694, "unionFrac": 0.1694, "bw": {"40": 5}}}, {"type": "Feature", "geometry": {"type": "Polygon", "coordinates": [[[-102.0, 18.0], [-102.0, 24.0], [-108.0, 24.0], [-108.0, 18.0], [-102.0, 18.0]]]}, "properties": {"name": "N18W108_6x6", "kind": "latlon", "epsg": 4326, "lonMult": 1, "height": 6, "width": 6, "available": 48, "selected": 14, "coverage": 0.8545, "unionFrac": 0.8545, "bw": {"40": 13, "20": 1}}}, {"type": "Feature", "geometry": {"type": "Polygon", "coordinates": [[[-96.0, 18.0], [-96.0, 24.0], [-102.0, 24.0], [-102.0, 18.0], [-96.0, 18.0]]]}, "properties": {"name": "N18W102_6x6", "kind": "latlon", "epsg": 4326, "lonMult": 1, "height": 6, "width": 6, "available": 54, "selected": 14, "coverage": 0.8979, "unionFrac": 0.8984, "bw": {"40": 12, "20": 2}}}, {"type": "Feature", "geometry": {"type": "Polygon", "coordinates": [[[-90.0, 18.0], [-90.0, 24.0], [-96.0, 24.0], [-96.0, 18.0], [-90.0, 18.0]]]}, "properties": {"name": "N18W096_6x6", "kind": "latlon", "epsg": 4326, "lonMult": 1, "height": 6, "width": 6, "available": 36, "selected": 12, "coverage": 0.3321, "unionFrac": 0.3321, "bw": {"40": 9, "20": 3}}}, {"type": "Feature", "geometry": {"type": "Polygon", "coordinates": [[[-84.0, 18.0], [-84.0, 24.0], [-90.0, 24.0], [-90.0, 18.0], [-84.0, 18.0]]]}, "properties": {"name": "N18W090_6x6", "kind": "latlon", "epsg": 4326, "lonMult": 1, "height": 6, "width": 6, "available": 31, "selected": 11, "coverage": 0.4596, "unionFrac": 0.462, "bw": {"40": 9, "20": 2}}}, {"type": "Feature", "geometry": {"type": "Polygon", "coordinates": [[[-78.0, 18.0], [-78.0, 24.0], [-84.0, 24.0], [-84.0, 18.0], [-78.0, 18.0]]]}, "properties": {"name": "N18W084_6x6", "kind": "latlon", "epsg": 4326, "lonMult": 1, "height": 6, "width": 6, "available": 41, "selected": 18, "coverage": 0.5406, "unionFrac": 0.5407, "bw": {"40": 11, "20": 7}}}, {"type": "Feature", "geometry": {"type": "Polygon", "coordinates": [[[-72.0, 18.0], [-72.0, 24.0], [-78.0, 24.0], [-78.0, 18.0], [-72.0, 18.0]]]}, "properties": {"name": "N18W078_6x6", "kind": "latlon", "epsg": 4326, "lonMult": 1, "height": 6, "width": 6, "available": 57, "selected": 18, "coverage": 0.8922, "unionFrac": 0.8935, "bw": {"40": 7, "20": 11}}}, {"type": "Feature", "geometry": {"type": "Polygon", "coordinates": [[[-66.0, 18.0], [-66.0, 24.0], [-72.0, 24.0], [-72.0, 18.0], [-66.0, 18.0]]]}, "properties": {"name": "N18W072_6x6", "kind": "latlon", "epsg": 4326, "lonMult": 1, "height": 6, "width": 6, "available": 29, "selected": 9, "coverage": 0.4307, "unionFrac": 0.4314, "bw": {"40": 6, "20": 3}}}, {"type": "Feature", "geometry": {"type": "Polygon", "coordinates": [[[-60.0, 18.0], [-60.0, 24.0], [-66.0, 24.0], [-66.0, 18.0], [-60.0, 18.0]]]}, "properties": {"name": "N18W066_6x6", "kind": "latlon", "epsg": 4326, "lonMult": 1, "height": 6, "width": 6, "available": 15, "selected": 5, "coverage": 0.1224, "unionFrac": 0.123, "bw": {"40": 5}}}, {"type": "Feature", "geometry": {"type": "Polygon", "coordinates": [[[-18.0, 18.0], [-18.0, 24.0], [-24.0, 24.0], [-24.0, 18.0], [-18.0, 18.0]]]}, "properties": {"name": "N18W024_6x6", "kind": "latlon", "epsg": 4326, "lonMult": 1, "height": 6, "width": 6, "available": 4, "selected": 1, "coverage": 0.0026, "unionFrac": 0.0029, "bw": {"20": 1}}}, {"type": "Feature", "geometry": {"type": "Polygon", "coordinates": [[[-12.0, 18.0], [-12.0, 24.0], [-18.0, 24.0], [-18.0, 18.0], [-12.0, 18.0]]]}, "properties": {"name": "N18W018_6x6", "kind": "latlon", "epsg": 4326, "lonMult": 1, "height": 6, "width": 6, "available": 35, "selected": 14, "coverage": 0.3614, "unionFrac": 0.3619, "bw": {"40": 4, "20": 10}}}, {"type": "Feature", "geometry": {"type": "Polygon", "coordinates": [[[-6.0, 18.0], [-6.0, 24.0], [-12.0, 24.0], [-12.0, 18.0], [-6.0, 18.0]]]}, "properties": {"name": "N18W012_6x6", "kind": "latlon", "epsg": 4326, "lonMult": 1, "height": 6, "width": 6, "available": 13, "selected": 7, "coverage": 0.1635, "unionFrac": 0.1639, "bw": {"20": 7}}}, {"type": "Feature", "geometry": {"type": "Polygon", "coordinates": [[[0.0, 18.0], [0.0, 24.0], [-6.0, 24.0], [-6.0, 18.0], [0.0, 18.0]]]}, "properties": {"name": "N18W006_6x6", "kind": "latlon", "epsg": 4326, "lonMult": 1, "height": 6, "width": 6, "available": 18, "selected": 5, "coverage": 0.0926, "unionFrac": 0.0942, "bw": {"20": 5}}}, {"type": "Feature", "geometry": {"type": "Polygon", "coordinates": [[[6.0, 18.0], [6.0, 24.0], [0.0, 24.0], [0.0, 18.0], [6.0, 18.0]]]}, "properties": {"name": "N18E000_6x6", "kind": "latlon", "epsg": 4326, "lonMult": 1, "height": 6, "width": 6, "available": 40, "selected": 14, "coverage": 0.668, "unionFrac": 0.6681, "bw": {"20": 14}}}, {"type": "Feature", "geometry": {"type": "Polygon", "coordinates": [[[12.0, 18.0], [12.0, 24.0], [6.0, 24.0], [6.0, 18.0], [12.0, 18.0]]]}, "properties": {"name": "N18E006_6x6", "kind": "latlon", "epsg": 4326, "lonMult": 1, "height": 6, "width": 6, "available": 40, "selected": 11, "coverage": 0.7085, "unionFrac": 0.7085, "bw": {"20": 11}}}, {"type": "Feature", "geometry": {"type": "Polygon", "coordinates": [[[18.0, 18.0], [18.0, 24.0], [12.0, 24.0], [12.0, 18.0], [18.0, 18.0]]]}, "properties": {"name": "N18E012_6x6", "kind": "latlon", "epsg": 4326, "lonMult": 1, "height": 6, "width": 6, "available": 8, "selected": 6, "coverage": 0.1208, "unionFrac": 0.1214, "bw": {"20": 6}}}, {"type": "Feature", "geometry": {"type": "Polygon", "coordinates": [[[24.0, 18.0], [24.0, 24.0], [18.0, 24.0], [18.0, 18.0], [24.0, 18.0]]]}, "properties": {"name": "N18E018_6x6", "kind": "latlon", "epsg": 4326, "lonMult": 1, "height": 6, "width": 6, "available": 7, "selected": 5, "coverage": 0.0619, "unionFrac": 0.0619, "bw": {"20": 5}}}, {"type": "Feature", "geometry": {"type": "Polygon", "coordinates": [[[30.0, 18.0], [30.0, 24.0], [24.0, 24.0], [24.0, 18.0], [30.0, 18.0]]]}, "properties": {"name": "N18E024_6x6", "kind": "latlon", "epsg": 4326, "lonMult": 1, "height": 6, "width": 6, "available": 23, "selected": 10, "coverage": 0.3787, "unionFrac": 0.3791, "bw": {"20": 10}}}, {"type": "Feature", "geometry": {"type": "Polygon", "coordinates": [[[36.0, 18.0], [36.0, 24.0], [30.0, 24.0], [30.0, 18.0], [36.0, 18.0]]]}, "properties": {"name": "N18E030_6x6", "kind": "latlon", "epsg": 4326, "lonMult": 1, "height": 6, "width": 6, "available": 55, "selected": 16, "coverage": 0.9937, "unionFrac": 0.9937, "bw": {"40": 2, "20": 14}}}, {"type": "Feature", "geometry": {"type": "Polygon", "coordinates": [[[42.0, 18.0], [42.0, 24.0], [36.0, 24.0], [36.0, 18.0], [42.0, 18.0]]]}, "properties": {"name": "N18E036_6x6", "kind": "latlon", "epsg": 4326, "lonMult": 1, "height": 6, "width": 6, "available": 44, "selected": 14, "coverage": 0.959, "unionFrac": 0.9604, "bw": {"40": 5, "20": 9}}}, {"type": "Feature", "geometry": {"type": "Polygon", "coordinates": [[[48.0, 18.0], [48.0, 24.0], [42.0, 24.0], [42.0, 18.0], [48.0, 18.0]]]}, "properties": {"name": "N18E042_6x6", "kind": "latlon", "epsg": 4326, "lonMult": 1, "height": 6, "width": 6, "available": 63, "selected": 17, "coverage": 1.0, "unionFrac": 1.0, "bw": {"40": 5, "20": 12}}}, {"type": "Feature", "geometry": {"type": "Polygon", "coordinates": [[[54.0, 18.0], [54.0, 24.0], [48.0, 24.0], [48.0, 18.0], [54.0, 18.0]]]}, "properties": {"name": "N18E048_6x6", "kind": "latlon", "epsg": 4326, "lonMult": 1, "height": 6, "width": 6, "available": 74, "selected": 20, "coverage": 0.9993, "unionFrac": 1.0, "bw": {"40": 9, "20": 11}}}, {"type": "Feature", "geometry": {"type": "Polygon", "coordinates": [[[60.0, 18.0], [60.0, 24.0], [54.0, 24.0], [54.0, 18.0], [60.0, 18.0]]]}, "properties": {"name": "N18E054_6x6", "kind": "latlon", "epsg": 4326, "lonMult": 1, "height": 6, "width": 6, "available": 57, "selected": 18, "coverage": 0.8659, "unionFrac": 0.867, "bw": {"40": 7, "20": 11}}}, {"type": "Feature", "geometry": {"type": "Polygon", "coordinates": [[[66.0, 18.0], [66.0, 24.0], [60.0, 24.0], [60.0, 18.0], [66.0, 18.0]]]}, "properties": {"name": "N18E060_6x6", "kind": "latlon", "epsg": 4326, "lonMult": 1, "height": 6, "width": 6, "available": 2, "selected": 2, "coverage": 0.0693, "unionFrac": 0.0693, "bw": {"20": 2}}}, {"type": "Feature", "geometry": {"type": "Polygon", "coordinates": [[[72.0, 18.0], [72.0, 24.0], [66.0, 24.0], [66.0, 18.0], [72.0, 18.0]]]}, "properties": {"name": "N18E066_6x6", "kind": "latlon", "epsg": 4326, "lonMult": 1, "height": 6, "width": 6, "available": 27, "selected": 11, "coverage": 0.4405, "unionFrac": 0.4406, "bw": {"40": 11}}}, {"type": "Feature", "geometry": {"type": "Polygon", "coordinates": [[[78.0, 18.0], [78.0, 24.0], [72.0, 24.0], [72.0, 18.0], [78.0, 18.0]]]}, "properties": {"name": "N18E072_6x6", "kind": "latlon", "epsg": 4326, "lonMult": 1, "height": 6, "width": 6, "available": 49, "selected": 14, "coverage": 0.9918, "unionFrac": 0.9919, "bw": {"40": 14}}}, {"type": "Feature", "geometry": {"type": "Polygon", "coordinates": [[[84.0, 18.0], [84.0, 24.0], [78.0, 24.0], [78.0, 18.0], [84.0, 18.0]]]}, "properties": {"name": "N18E078_6x6", "kind": "latlon", "epsg": 4326, "lonMult": 1, "height": 6, "width": 6, "available": 52, "selected": 16, "coverage": 0.9999, "unionFrac": 1.0, "bw": {"40": 16}}}, {"type": "Feature", "geometry": {"type": "Polygon", "coordinates": [[[90.0, 18.0], [90.0, 24.0], [84.0, 24.0], [84.0, 18.0], [90.0, 18.0]]]}, "properties": {"name": "N18E084_6x6", "kind": "latlon", "epsg": 4326, "lonMult": 1, "height": 6, "width": 6, "available": 34, "selected": 15, "coverage": 0.6961, "unionFrac": 0.6981, "bw": {"40": 15}}}, {"type": "Feature", "geometry": {"type": "Polygon", "coordinates": [[[96.0, 18.0], [96.0, 24.0], [90.0, 24.0], [90.0, 18.0], [96.0, 18.0]]]}, "properties": {"name": "N18E090_6x6", "kind": "latlon", "epsg": 4326, "lonMult": 1, "height": 6, "width": 6, "available": 46, "selected": 13, "coverage": 0.8135, "unionFrac": 0.8137, "bw": {"40": 13}}}, {"type": "Feature", "geometry": {"type": "Polygon", "coordinates": [[[102.0, 18.0], [102.0, 24.0], [96.0, 24.0], [96.0, 18.0], [102.0, 18.0]]]}, "properties": {"name": "N18E096_6x6", "kind": "latlon", "epsg": 4326, "lonMult": 1, "height": 6, "width": 6, "available": 71, "selected": 18, "coverage": 0.9194, "unionFrac": 0.9205, "bw": {"40": 14, "20": 4}}}, {"type": "Feature", "geometry": {"type": "Polygon", "coordinates": [[[108.0, 18.0], [108.0, 24.0], [102.0, 24.0], [102.0, 18.0], [108.0, 18.0]]]}, "properties": {"name": "N18E102_6x6", "kind": "latlon", "epsg": 4326, "lonMult": 1, "height": 6, "width": 6, "available": 72, "selected": 19, "coverage": 1.0, "unionFrac": 1.0, "bw": {"40": 5, "20": 14}}}, {"type": "Feature", "geometry": {"type": "Polygon", "coordinates": [[[114.0, 18.0], [114.0, 24.0], [108.0, 24.0], [108.0, 18.0], [114.0, 18.0]]]}, "properties": {"name": "N18E108_6x6", "kind": "latlon", "epsg": 4326, "lonMult": 1, "height": 6, "width": 6, "available": 41, "selected": 11, "coverage": 0.7311, "unionFrac": 0.7319, "bw": {"40": 1, "20": 10}}}, {"type": "Feature", "geometry": {"type": "Polygon", "coordinates": [[[120.0, 18.0], [120.0, 24.0], [114.0, 24.0], [114.0, 18.0], [120.0, 18.0]]]}, "properties": {"name": "N18E114_6x6", "kind": "latlon", "epsg": 4326, "lonMult": 1, "height": 6, "width": 6, "available": 31, "selected": 11, "coverage": 0.2864, "unionFrac": 0.2867, "bw": {"40": 4, "20": 7}}}, {"type": "Feature", "geometry": {"type": "Polygon", "coordinates": [[[126.0, 18.0], [126.0, 24.0], [120.0, 24.0], [120.0, 18.0], [126.0, 18.0]]]}, "properties": {"name": "N18E120_6x6", "kind": "latlon", "epsg": 4326, "lonMult": 1, "height": 6, "width": 6, "available": 39, "selected": 12, "coverage": 0.4176, "unionFrac": 0.4195, "bw": {"40": 6, "20": 6}}}, {"type": "Feature", "geometry": {"type": "Polygon", "coordinates": [[[150.0, 18.0], [150.0, 24.0], [144.0, 24.0], [144.0, 18.0], [150.0, 18.0]]]}, "properties": {"name": "N18E144_6x6", "kind": "latlon", "epsg": 4326, "lonMult": 1, "height": 6, "width": 6, "available": 9, "selected": 3, "coverage": 0.2021, "unionFrac": 0.2026, "bw": {"20": 3}}}, {"type": "Feature", "geometry": {"type": "Polygon", "coordinates": [[[-120.0, 24.0], [-120.0, 30.0], [-126.0, 30.0], [-126.0, 24.0], [-120.0, 24.0]]]}, "properties": {"name": "N24W126_6x6", "kind": "latlon", "epsg": 4326, "lonMult": 1, "height": 6, "width": 6, "available": 3, "selected": 1, "coverage": 0.0078, "unionFrac": 0.0084, "bw": {"20": 1}}}, {"type": "Feature", "geometry": {"type": "Polygon", "coordinates": [[[-114.0, 24.0], [-114.0, 30.0], [-120.0, 30.0], [-120.0, 24.0], [-114.0, 24.0]]]}, "properties": {"name": "N24W120_6x6", "kind": "latlon", "epsg": 4326, "lonMult": 1, "height": 6, "width": 6, "available": 18, "selected": 5, "coverage": 0.2773, "unionFrac": 0.2779, "bw": {"40": 3, "20": 2}}}, {"type": "Feature", "geometry": {"type": "Polygon", "coordinates": [[[-108.0, 24.0], [-108.0, 30.0], [-114.0, 30.0], [-114.0, 24.0], [-108.0, 24.0]]]}, "properties": {"name": "N24W114_6x6", "kind": "latlon", "epsg": 4326, "lonMult": 1, "height": 6, "width": 6, "available": 57, "selected": 16, "coverage": 0.9281, "unionFrac": 0.9285, "bw": {"40": 16}}}, {"type": "Feature", "geometry": {"type": "Polygon", "coordinates": [[[-102.0, 24.0], [-102.0, 30.0], [-108.0, 30.0], [-108.0, 24.0], [-102.0, 24.0]]]}, "properties": {"name": "N24W108_6x6", "kind": "latlon", "epsg": 4326, "lonMult": 1, "height": 6, "width": 6, "available": 66, "selected": 15, "coverage": 0.9994, "unionFrac": 1.0, "bw": {"40": 15}}}, {"type": "Feature", "geometry": {"type": "Polygon", "coordinates": [[[-96.0, 24.0], [-96.0, 30.0], [-102.0, 30.0], [-102.0, 24.0], [-96.0, 24.0]]]}, "properties": {"name": "N24W102_6x6", "kind": "latlon", "epsg": 4326, "lonMult": 1, "height": 6, "width": 6, "available": 54, "selected": 14, "coverage": 0.9722, "unionFrac": 0.9728, "bw": {"40": 14}}}, {"type": "Feature", "geometry": {"type": "Polygon", "coordinates": [[[-90.0, 24.0], [-90.0, 30.0], [-96.0, 30.0], [-96.0, 24.0], [-90.0, 24.0]]]}, "properties": {"name": "N24W096_6x6", "kind": "latlon", "epsg": 4326, "lonMult": 1, "height": 6, "width": 6, "available": 30, "selected": 10, "coverage": 0.3861, "unionFrac": 0.3872, "bw": {"40": 10}}}, {"type": "Feature", "geometry": {"type": "Polygon", "coordinates": [[[-84.0, 24.0], [-84.0, 30.0], [-90.0, 30.0], [-90.0, 24.0], [-84.0, 24.0]]]}, "properties": {"name": "N24W090_6x6", "kind": "latlon", "epsg": 4326, "lonMult": 1, "height": 6, "width": 6, "available": 26, "selected": 10, "coverage": 0.2822, "unionFrac": 0.2829, "bw": {"40": 10}}}, {"type": "Feature", "geometry": {"type": "Polygon", "coordinates": [[[-78.0, 24.0], [-78.0, 30.0], [-84.0, 30.0], [-84.0, 24.0], [-78.0, 24.0]]]}, "properties": {"name": "N24W084_6x6", "kind": "latlon", "epsg": 4326, "lonMult": 1, "height": 6, "width": 6, "available": 38, "selected": 12, "coverage": 0.7603, "unionFrac": 0.7608, "bw": {"40": 11, "20": 1}}}, {"type": "Feature", "geometry": {"type": "Polygon", "coordinates": [[[-72.0, 24.0], [-72.0, 30.0], [-78.0, 30.0], [-78.0, 24.0], [-72.0, 24.0]]]}, "properties": {"name": "N24W078_6x6", "kind": "latlon", "epsg": 4326, "lonMult": 1, "height": 6, "width": 6, "available": 27, "selected": 7, "coverage": 0.3137, "unionFrac": 0.3144, "bw": {"40": 2, "20": 5}}}, {"type": "Feature", "geometry": {"type": "Polygon", "coordinates": [[[-18.0, 24.0], [-18.0, 30.0], [-24.0, 30.0], [-24.0, 24.0], [-18.0, 24.0]]]}, "properties": {"name": "N24W024_6x6", "kind": "latlon", "epsg": 4326, "lonMult": 1, "height": 6, "width": 6, "available": 7, "selected": 3, "coverage": 0.08, "unionFrac": 0.08, "bw": {"40": 1, "20": 2}}}, {"type": "Feature", "geometry": {"type": "Polygon", "coordinates": [[[-12.0, 24.0], [-12.0, 30.0], [-18.0, 30.0], [-18.0, 24.0], [-12.0, 24.0]]]}, "properties": {"name": "N24W018_6x6", "kind": "latlon", "epsg": 4326, "lonMult": 1, "height": 6, "width": 6, "available": 21, "selected": 11, "coverage": 0.4718, "unionFrac": 0.4724, "bw": {"40": 5, "20": 6}}}, {"type": "Feature", "geometry": {"type": "Polygon", "coordinates": [[[-6.0, 24.0], [-6.0, 30.0], [-12.0, 30.0], [-12.0, 24.0], [-6.0, 24.0]]]}, "properties": {"name": "N24W012_6x6", "kind": "latlon", "epsg": 4326, "lonMult": 1, "height": 6, "width": 6, "available": 24, "selected": 8, "coverage": 0.1788, "unionFrac": 0.1791, "bw": {"40": 1, "20": 7}}}, {"type": "Feature", "geometry": {"type": "Polygon", "coordinates": [[[0.0, 24.0], [0.0, 30.0], [-6.0, 30.0], [-6.0, 24.0], [0.0, 24.0]]]}, "properties": {"name": "N24W006_6x6", "kind": "latlon", "epsg": 4326, "lonMult": 1, "height": 6, "width": 6, "available": 35, "selected": 12, "coverage": 0.4118, "unionFrac": 0.4153, "bw": {"20": 12}}}, {"type": "Feature", "geometry": {"type": "Polygon", "coordinates": [[[6.0, 24.0], [6.0, 30.0], [0.0, 30.0], [0.0, 24.0], [6.0, 24.0]]]}, "properties": {"name": "N24E000_6x6", "kind": "latlon", "epsg": 4326, "lonMult": 1, "height": 6, "width": 6, "available": 20, "selected": 8, "coverage": 0.3535, "unionFrac": 0.3545, "bw": {"20": 8}}}, {"type": "Feature", "geometry": {"type": "Polygon", "coordinates": [[[12.0, 24.0], [12.0, 30.0], [6.0, 30.0], [6.0, 24.0], [12.0, 24.0]]]}, "properties": {"name": "N24E006_6x6", "kind": "latlon", "epsg": 4326, "lonMult": 1, "height": 6, "width": 6, "available": 11, "selected": 3, "coverage": 0.0393, "unionFrac": 0.04, "bw": {"20": 3}}}, {"type": "Feature", "geometry": {"type": "Polygon", "coordinates": [[[18.0, 24.0], [18.0, 30.0], [12.0, 30.0], [12.0, 24.0], [18.0, 24.0]]]}, "properties": {"name": "N24E012_6x6", "kind": "latlon", "epsg": 4326, "lonMult": 1, "height": 6, "width": 6, "available": 23, "selected": 9, "coverage": 0.1907, "unionFrac": 0.1908, "bw": {"40": 4, "20": 5}}}, {"type": "Feature", "geometry": {"type": "Polygon", "coordinates": [[[24.0, 24.0], [24.0, 30.0], [18.0, 30.0], [18.0, 24.0], [24.0, 24.0]]]}, "properties": {"name": "N24E018_6x6", "kind": "latlon", "epsg": 4326, "lonMult": 1, "height": 6, "width": 6, "available": 32, "selected": 10, "coverage": 0.2364, "unionFrac": 0.239, "bw": {"40": 4, "20": 6}}}, {"type": "Feature", "geometry": {"type": "Polygon", "coordinates": [[[30.0, 24.0], [30.0, 30.0], [24.0, 30.0], [24.0, 24.0], [30.0, 24.0]]]}, "properties": {"name": "N24E024_6x6", "kind": "latlon", "epsg": 4326, "lonMult": 1, "height": 6, "width": 6, "available": 34, "selected": 11, "coverage": 0.5083, "unionFrac": 0.5096, "bw": {"40": 2, "20": 9}}}, {"type": "Feature", "geometry": {"type": "Polygon", "coordinates": [[[36.0, 24.0], [36.0, 30.0], [30.0, 30.0], [30.0, 24.0], [36.0, 24.0]]]}, "properties": {"name": "N24E030_6x6", "kind": "latlon", "epsg": 4326, "lonMult": 1, "height": 6, "width": 6, "available": 54, "selected": 14, "coverage": 0.9662, "unionFrac": 0.9675, "bw": {"40": 4, "20": 10}}}, {"type": "Feature", "geometry": {"type": "Polygon", "coordinates": [[[42.0, 24.0], [42.0, 30.0], [36.0, 30.0], [36.0, 24.0], [42.0, 24.0]]]}, "properties": {"name": "N24E036_6x6", "kind": "latlon", "epsg": 4326, "lonMult": 1, "height": 6, "width": 6, "available": 58, "selected": 16, "coverage": 0.9996, "unionFrac": 1.0, "bw": {"20": 15, "40": 1}}}, {"type": "Feature", "geometry": {"type": "Polygon", "coordinates": [[[48.0, 24.0], [48.0, 30.0], [42.0, 30.0], [42.0, 24.0], [48.0, 24.0]]]}, "properties": {"name": "N24E042_6x6", "kind": "latlon", "epsg": 4326, "lonMult": 1, "height": 6, "width": 6, "available": 64, "selected": 17, "coverage": 1.0, "unionFrac": 1.0, "bw": {"40": 6, "20": 11}}}, {"type": "Feature", "geometry": {"type": "Polygon", "coordinates": [[[54.0, 24.0], [54.0, 30.0], [48.0, 30.0], [48.0, 24.0], [54.0, 24.0]]]}, "properties": {"name": "N24E048_6x6", "kind": "latlon", "epsg": 4326, "lonMult": 1, "height": 6, "width": 6, "available": 81, "selected": 17, "coverage": 0.9999, "unionFrac": 1.0, "bw": {"40": 8, "20": 9}}}, {"type": "Feature", "geometry": {"type": "Polygon", "coordinates": [[[60.0, 24.0], [60.0, 30.0], [54.0, 30.0], [54.0, 24.0], [60.0, 24.0]]]}, "properties": {"name": "N24E054_6x6", "kind": "latlon", "epsg": 4326, "lonMult": 1, "height": 6, "width": 6, "available": 65, "selected": 17, "coverage": 0.9478, "unionFrac": 0.9483, "bw": {"40": 4, "20": 13}}}, {"type": "Feature", "geometry": {"type": "Polygon", "coordinates": [[[66.0, 24.0], [66.0, 30.0], [60.0, 30.0], [60.0, 24.0], [66.0, 24.0]]]}, "properties": {"name": "N24E060_6x6", "kind": "latlon", "epsg": 4326, "lonMult": 1, "height": 6, "width": 6, "available": 53, "selected": 19, "coverage": 0.8423, "unionFrac": 0.8433, "bw": {"40": 15, "20": 4}}}, {"type": "Feature", "geometry": {"type": "Polygon", "coordinates": [[[72.0, 24.0], [72.0, 30.0], [66.0, 30.0], [66.0, 24.0], [72.0, 24.0]]]}, "properties": {"name": "N24E066_6x6", "kind": "latlon", "epsg": 4326, "lonMult": 1, "height": 6, "width": 6, "available": 57, "selected": 16, "coverage": 0.9877, "unionFrac": 0.9878, "bw": {"40": 16}}}, {"type": "Feature", "geometry": {"type": "Polygon", "coordinates": [[[78.0, 24.0], [78.0, 30.0], [72.0, 30.0], [72.0, 24.0], [78.0, 24.0]]]}, "properties": {"name": "N24E072_6x6", "kind": "latlon", "epsg": 4326, "lonMult": 1, "height": 6, "width": 6, "available": 56, "selected": 16, "coverage": 0.9991, "unionFrac": 1.0, "bw": {"40": 16}}}, {"type": "Feature", "geometry": {"type": "Polygon", "coordinates": [[[84.0, 24.0], [84.0, 30.0], [78.0, 30.0], [78.0, 24.0], [84.0, 24.0]]]}, "properties": {"name": "N24E078_6x6", "kind": "latlon", "epsg": 4326, "lonMult": 1, "height": 6, "width": 6, "available": 45, "selected": 16, "coverage": 1.0, "unionFrac": 1.0, "bw": {"40": 16}}}, {"type": "Feature", "geometry": {"type": "Polygon", "coordinates": [[[90.0, 24.0], [90.0, 30.0], [84.0, 30.0], [84.0, 24.0], [90.0, 24.0]]]}, "properties": {"name": "N24E084_6x6", "kind": "latlon", "epsg": 4326, "lonMult": 1, "height": 6, "width": 6, "available": 43, "selected": 14, "coverage": 0.9998, "unionFrac": 1.0, "bw": {"40": 14}}}, {"type": "Feature", "geometry": {"type": "Polygon", "coordinates": [[[96.0, 24.0], [96.0, 30.0], [90.0, 30.0], [90.0, 24.0], [96.0, 24.0]]]}, "properties": {"name": "N24E090_6x6", "kind": "latlon", "epsg": 4326, "lonMult": 1, "height": 6, "width": 6, "available": 58, "selected": 15, "coverage": 1.0, "unionFrac": 1.0, "bw": {"40": 15}}}, {"type": "Feature", "geometry": {"type": "Polygon", "coordinates": [[[102.0, 24.0], [102.0, 30.0], [96.0, 30.0], [96.0, 24.0], [102.0, 24.0]]]}, "properties": {"name": "N24E096_6x6", "kind": "latlon", "epsg": 4326, "lonMult": 1, "height": 6, "width": 6, "available": 71, "selected": 16, "coverage": 1.0, "unionFrac": 1.0, "bw": {"40": 6, "20": 10}}}, {"type": "Feature", "geometry": {"type": "Polygon", "coordinates": [[[108.0, 24.0], [108.0, 30.0], [102.0, 30.0], [102.0, 24.0], [108.0, 24.0]]]}, "properties": {"name": "N24E102_6x6", "kind": "latlon", "epsg": 4326, "lonMult": 1, "height": 6, "width": 6, "available": 60, "selected": 15, "coverage": 1.0, "unionFrac": 1.0, "bw": {"20": 15}}}, {"type": "Feature", "geometry": {"type": "Polygon", "coordinates": [[[114.0, 24.0], [114.0, 30.0], [108.0, 30.0], [108.0, 24.0], [114.0, 24.0]]]}, "properties": {"name": "N24E108_6x6", "kind": "latlon", "epsg": 4326, "lonMult": 1, "height": 6, "width": 6, "available": 46, "selected": 15, "coverage": 0.9312, "unionFrac": 0.9314, "bw": {"20": 15}}}, {"type": "Feature", "geometry": {"type": "Polygon", "coordinates": [[[120.0, 24.0], [120.0, 30.0], [114.0, 30.0], [114.0, 24.0], [120.0, 24.0]]]}, "properties": {"name": "N24E114_6x6", "kind": "latlon", "epsg": 4326, "lonMult": 1, "height": 6, "width": 6, "available": 53, "selected": 15, "coverage": 0.9942, "unionFrac": 0.9953, "bw": {"40": 1, "20": 14}}}, {"type": "Feature", "geometry": {"type": "Polygon", "coordinates": [[[126.0, 24.0], [126.0, 30.0], [120.0, 30.0], [120.0, 24.0], [126.0, 24.0]]]}, "properties": {"name": "N24E120_6x6", "kind": "latlon", "epsg": 4326, "lonMult": 1, "height": 6, "width": 6, "available": 36, "selected": 10, "coverage": 0.3903, "unionFrac": 0.3911, "bw": {"40": 3, "20": 7}}}, {"type": "Feature", "geometry": {"type": "Polygon", "coordinates": [[[132.0, 24.0], [132.0, 30.0], [126.0, 30.0], [126.0, 24.0], [132.0, 24.0]]]}, "properties": {"name": "N24E126_6x6", "kind": "latlon", "epsg": 4326, "lonMult": 1, "height": 6, "width": 6, "available": 9, "selected": 5, "coverage": 0.2353, "unionFrac": 0.2353, "bw": {"20": 5}}}, {"type": "Feature", "geometry": {"type": "Polygon", "coordinates": [[[144.0, 24.0], [144.0, 30.0], [138.0, 30.0], [138.0, 24.0], [144.0, 24.0]]]}, "properties": {"name": "N24E138_6x6", "kind": "latlon", "epsg": 4326, "lonMult": 1, "height": 6, "width": 6, "available": 6, "selected": 3, "coverage": 0.2057, "unionFrac": 0.2058, "bw": {"20": 3}}}, {"type": "Feature", "geometry": {"type": "Polygon", "coordinates": [[[-120.0, 30.0], [-120.0, 36.0], [-126.0, 36.0], [-126.0, 30.0], [-120.0, 30.0]]]}, "properties": {"name": "N30W126_6x6", "kind": "latlon", "epsg": 4326, "lonMult": 1, "height": 6, "width": 6, "available": 15, "selected": 6, "coverage": 0.2138, "unionFrac": 0.2138, "bw": {"40": 6}}}, {"type": "Feature", "geometry": {"type": "Polygon", "coordinates": [[[-114.0, 30.0], [-114.0, 36.0], [-120.0, 36.0], [-120.0, 30.0], [-114.0, 30.0]]]}, "properties": {"name": "N30W120_6x6", "kind": "latlon", "epsg": 4326, "lonMult": 1, "height": 6, "width": 6, "available": 53, "selected": 15, "coverage": 0.86, "unionFrac": 0.8609, "bw": {"40": 15}}}, {"type": "Feature", "geometry": {"type": "Polygon", "coordinates": [[[-108.0, 30.0], [-108.0, 36.0], [-114.0, 36.0], [-114.0, 30.0], [-108.0, 30.0]]]}, "properties": {"name": "N30W114_6x6", "kind": "latlon", "epsg": 4326, "lonMult": 1, "height": 6, "width": 6, "available": 65, "selected": 15, "coverage": 1.0, "unionFrac": 1.0, "bw": {"40": 15}}}, {"type": "Feature", "geometry": {"type": "Polygon", "coordinates": [[[-102.0, 30.0], [-102.0, 36.0], [-108.0, 36.0], [-108.0, 30.0], [-102.0, 30.0]]]}, "properties": {"name": "N30W108_6x6", "kind": "latlon", "epsg": 4326, "lonMult": 1, "height": 6, "width": 6, "available": 63, "selected": 14, "coverage": 1.0, "unionFrac": 1.0, "bw": {"40": 14}}}, {"type": "Feature", "geometry": {"type": "Polygon", "coordinates": [[[-96.0, 30.0], [-96.0, 36.0], [-102.0, 36.0], [-102.0, 30.0], [-96.0, 30.0]]]}, "properties": {"name": "N30W102_6x6", "kind": "latlon", "epsg": 4326, "lonMult": 1, "height": 6, "width": 6, "available": 63, "selected": 15, "coverage": 0.9999, "unionFrac": 1.0, "bw": {"40": 15}}}, {"type": "Feature", "geometry": {"type": "Polygon", "coordinates": [[[-90.0, 30.0], [-90.0, 36.0], [-96.0, 36.0], [-96.0, 30.0], [-90.0, 30.0]]]}, "properties": {"name": "N30W096_6x6", "kind": "latlon", "epsg": 4326, "lonMult": 1, "height": 6, "width": 6, "available": 63, "selected": 16, "coverage": 0.9998, "unionFrac": 1.0, "bw": {"40": 15, "20": 1}}}, {"type": "Feature", "geometry": {"type": "Polygon", "coordinates": [[[-84.0, 30.0], [-84.0, 36.0], [-90.0, 36.0], [-90.0, 30.0], [-84.0, 30.0]]]}, "properties": {"name": "N30W090_6x6", "kind": "latlon", "epsg": 4326, "lonMult": 1, "height": 6, "width": 6, "available": 66, "selected": 16, "coverage": 1.0, "unionFrac": 1.0, "bw": {"40": 15, "20": 1}}}, {"type": "Feature", "geometry": {"type": "Polygon", "coordinates": [[[-78.0, 30.0], [-78.0, 36.0], [-84.0, 36.0], [-84.0, 30.0], [-78.0, 30.0]]]}, "properties": {"name": "N30W084_6x6", "kind": "latlon", "epsg": 4326, "lonMult": 1, "height": 6, "width": 6, "available": 54, "selected": 14, "coverage": 0.887, "unionFrac": 0.8885, "bw": {"40": 14}}}, {"type": "Feature", "geometry": {"type": "Polygon", "coordinates": [[[-72.0, 30.0], [-72.0, 36.0], [-78.0, 36.0], [-78.0, 30.0], [-72.0, 30.0]]]}, "properties": {"name": "N30W078_6x6", "kind": "latlon", "epsg": 4326, "lonMult": 1, "height": 6, "width": 6, "available": 17, "selected": 5, "coverage": 0.2501, "unionFrac": 0.2508, "bw": {"40": 5}}}, {"type": "Feature", "geometry": {"type": "Polygon", "coordinates": [[[-6.0, 30.0], [-6.0, 36.0], [-12.0, 36.0], [-12.0, 30.0], [-6.0, 30.0]]]}, "properties": {"name": "N30W012_6x6", "kind": "latlon", "epsg": 4326, "lonMult": 1, "height": 6, "width": 6, "available": 35, "selected": 10, "coverage": 0.4986, "unionFrac": 0.4994, "bw": {"40": 4, "20": 6}}}, {"type": "Feature", "geometry": {"type": "Polygon", "coordinates": [[[0.0, 30.0], [0.0, 36.0], [-6.0, 36.0], [-6.0, 30.0], [0.0, 30.0]]]}, "properties": {"name": "N30W006_6x6", "kind": "latlon", "epsg": 4326, "lonMult": 1, "height": 6, "width": 6, "available": 65, "selected": 19, "coverage": 0.9769, "unionFrac": 0.9769, "bw": {"40": 9, "20": 10}}}, {"type": "Feature", "geometry": {"type": "Polygon", "coordinates": [[[6.0, 30.0], [6.0, 36.0], [0.0, 36.0], [0.0, 30.0], [6.0, 30.0]]]}, "properties": {"name": "N30E000_6x6", "kind": "latlon", "epsg": 4326, "lonMult": 1, "height": 6, "width": 6, "available": 48, "selected": 12, "coverage": 0.6791, "unionFrac": 0.6796, "bw": {"40": 7, "20": 5}}}, {"type": "Feature", "geometry": {"type": "Polygon", "coordinates": [[[12.0, 30.0], [12.0, 36.0], [6.0, 36.0], [6.0, 30.0], [12.0, 30.0]]]}, "properties": {"name": "N30E006_6x6", "kind": "latlon", "epsg": 4326, "lonMult": 1, "height": 6, "width": 6, "available": 39, "selected": 14, "coverage": 0.5526, "unionFrac": 0.5543, "bw": {"40": 10, "20": 4}}}, {"type": "Feature", "geometry": {"type": "Polygon", "coordinates": [[[18.0, 30.0], [18.0, 36.0], [12.0, 36.0], [12.0, 30.0], [18.0, 30.0]]]}, "properties": {"name": "N30E012_6x6", "kind": "latlon", "epsg": 4326, "lonMult": 1, "height": 6, "width": 6, "available": 31, "selected": 10, "coverage": 0.5582, "unionFrac": 0.5583, "bw": {"40": 6, "20": 4}}}, {"type": "Feature", "geometry": {"type": "Polygon", "coordinates": [[[24.0, 30.0], [24.0, 36.0], [18.0, 36.0], [18.0, 30.0], [24.0, 30.0]]]}, "properties": {"name": "N30E018_6x6", "kind": "latlon", "epsg": 4326, "lonMult": 1, "height": 6, "width": 6, "available": 39, "selected": 14, "coverage": 0.4477, "unionFrac": 0.4483, "bw": {"40": 9, "20": 5}}}, {"type": "Feature", "geometry": {"type": "Polygon", "coordinates": [[[30.0, 30.0], [30.0, 36.0], [24.0, 36.0], [24.0, 30.0], [30.0, 30.0]]]}, "properties": {"name": "N30E024_6x6", "kind": "latlon", "epsg": 4326, "lonMult": 1, "height": 6, "width": 6, "available": 44, "selected": 18, "coverage": 0.5419, "unionFrac": 0.5438, "bw": {"40": 3, "20": 15}}}, {"type": "Feature", "geometry": {"type": "Polygon", "coordinates": [[[36.0, 30.0], [36.0, 36.0], [30.0, 36.0], [30.0, 30.0], [36.0, 30.0]]]}, "properties": {"name": "N30E030_6x6", "kind": "latlon", "epsg": 4326, "lonMult": 1, "height": 6, "width": 6, "available": 40, "selected": 15, "coverage": 0.715, "unionFrac": 0.716, "bw": {"40": 2, "20": 13}}}, {"type": "Feature", "geometry": {"type": "Polygon", "coordinates": [[[42.0, 30.0], [42.0, 36.0], [36.0, 36.0], [36.0, 30.0], [42.0, 30.0]]]}, "properties": {"name": "N30E036_6x6", "kind": "latlon", "epsg": 4326, "lonMult": 1, "height": 6, "width": 6, "available": 58, "selected": 14, "coverage": 0.9996, "unionFrac": 1.0, "bw": {"20": 14}}}, {"type": "Feature", "geometry": {"type": "Polygon", "coordinates": [[[48.0, 30.0], [48.0, 36.0], [42.0, 36.0], [42.0, 30.0], [48.0, 30.0]]]}, "properties": {"name": "N30E042_6x6", "kind": "latlon", "epsg": 4326, "lonMult": 1, "height": 6, "width": 6, "available": 66, "selected": 15, "coverage": 0.9999, "unionFrac": 1.0, "bw": {"40": 4, "20": 11}}}, {"type": "Feature", "geometry": {"type": "Polygon", "coordinates": [[[54.0, 30.0], [54.0, 36.0], [48.0, 36.0], [48.0, 30.0], [54.0, 30.0]]]}, "properties": {"name": "N30E048_6x6", "kind": "latlon", "epsg": 4326, "lonMult": 1, "height": 6, "width": 6, "available": 68, "selected": 16, "coverage": 1.0, "unionFrac": 1.0, "bw": {"40": 3, "20": 13}}}, {"type": "Feature", "geometry": {"type": "Polygon", "coordinates": [[[60.0, 30.0], [60.0, 36.0], [54.0, 36.0], [54.0, 30.0], [60.0, 30.0]]]}, "properties": {"name": "N30E054_6x6", "kind": "latlon", "epsg": 4326, "lonMult": 1, "height": 6, "width": 6, "available": 61, "selected": 16, "coverage": 0.9998, "unionFrac": 1.0, "bw": {"20": 14, "40": 2}}}, {"type": "Feature", "geometry": {"type": "Polygon", "coordinates": [[[66.0, 30.0], [66.0, 36.0], [60.0, 36.0], [60.0, 30.0], [66.0, 30.0]]]}, "properties": {"name": "N30E060_6x6", "kind": "latlon", "epsg": 4326, "lonMult": 1, "height": 6, "width": 6, "available": 69, "selected": 19, "coverage": 1.0, "unionFrac": 1.0, "bw": {"40": 14, "20": 5}}}, {"type": "Feature", "geometry": {"type": "Polygon", "coordinates": [[[72.0, 30.0], [72.0, 36.0], [66.0, 36.0], [66.0, 30.0], [72.0, 30.0]]]}, "properties": {"name": "N30E066_6x6", "kind": "latlon", "epsg": 4326, "lonMult": 1, "height": 6, "width": 6, "available": 60, "selected": 15, "coverage": 1.0, "unionFrac": 1.0, "bw": {"40": 15}}}, {"type": "Feature", "geometry": {"type": "Polygon", "coordinates": [[[78.0, 30.0], [78.0, 36.0], [72.0, 36.0], [72.0, 30.0], [78.0, 30.0]]]}, "properties": {"name": "N30E072_6x6", "kind": "latlon", "epsg": 4326, "lonMult": 1, "height": 6, "width": 6, "available": 58, "selected": 17, "coverage": 0.9997, "unionFrac": 1.0, "bw": {"40": 16, "20": 1}}}, {"type": "Feature", "geometry": {"type": "Polygon", "coordinates": [[[84.0, 30.0], [84.0, 36.0], [78.0, 36.0], [78.0, 30.0], [84.0, 30.0]]]}, "properties": {"name": "N30E078_6x6", "kind": "latlon", "epsg": 4326, "lonMult": 1, "height": 6, "width": 6, "available": 52, "selected": 16, "coverage": 0.971, "unionFrac": 0.971, "bw": {"40": 13, "20": 3}}}, {"type": "Feature", "geometry": {"type": "Polygon", "coordinates": [[[90.0, 30.0], [90.0, 36.0], [84.0, 36.0], [84.0, 30.0], [90.0, 30.0]]]}, "properties": {"name": "N30E084_6x6", "kind": "latlon", "epsg": 4326, "lonMult": 1, "height": 6, "width": 6, "available": 61, "selected": 18, "coverage": 1.0, "unionFrac": 1.0, "bw": {"40": 7, "20": 11}}}, {"type": "Feature", "geometry": {"type": "Polygon", "coordinates": [[[96.0, 30.0], [96.0, 36.0], [90.0, 36.0], [90.0, 30.0], [96.0, 30.0]]]}, "properties": {"name": "N30E090_6x6", "kind": "latlon", "epsg": 4326, "lonMult": 1, "height": 6, "width": 6, "available": 68, "selected": 17, "coverage": 0.9995, "unionFrac": 1.0, "bw": {"40": 6, "20": 11}}}, {"type": "Feature", "geometry": {"type": "Polygon", "coordinates": [[[102.0, 30.0], [102.0, 36.0], [96.0, 36.0], [96.0, 30.0], [102.0, 30.0]]]}, "properties": {"name": "N30E096_6x6", "kind": "latlon", "epsg": 4326, "lonMult": 1, "height": 6, "width": 6, "available": 69, "selected": 17, "coverage": 1.0, "unionFrac": 1.0, "bw": {"40": 2, "20": 15}}}, {"type": "Feature", "geometry": {"type": "Polygon", "coordinates": [[[108.0, 30.0], [108.0, 36.0], [102.0, 36.0], [102.0, 30.0], [108.0, 30.0]]]}, "properties": {"name": "N30E102_6x6", "kind": "latlon", "epsg": 4326, "lonMult": 1, "height": 6, "width": 6, "available": 57, "selected": 14, "coverage": 1.0, "unionFrac": 1.0, "bw": {"20": 14}}}, {"type": "Feature", "geometry": {"type": "Polygon", "coordinates": [[[114.0, 30.0], [114.0, 36.0], [108.0, 36.0], [108.0, 30.0], [114.0, 30.0]]]}, "properties": {"name": "N30E108_6x6", "kind": "latlon", "epsg": 4326, "lonMult": 1, "height": 6, "width": 6, "available": 48, "selected": 16, "coverage": 0.9992, "unionFrac": 1.0, "bw": {"20": 16}}}, {"type": "Feature", "geometry": {"type": "Polygon", "coordinates": [[[120.0, 30.0], [120.0, 36.0], [114.0, 36.0], [114.0, 30.0], [120.0, 30.0]]]}, "properties": {"name": "N30E114_6x6", "kind": "latlon", "epsg": 4326, "lonMult": 1, "height": 6, "width": 6, "available": 60, "selected": 16, "coverage": 1.0, "unionFrac": 1.0, "bw": {"20": 16}}}, {"type": "Feature", "geometry": {"type": "Polygon", "coordinates": [[[126.0, 30.0], [126.0, 36.0], [120.0, 36.0], [120.0, 30.0], [126.0, 30.0]]]}, "properties": {"name": "N30E120_6x6", "kind": "latlon", "epsg": 4326, "lonMult": 1, "height": 6, "width": 6, "available": 40, "selected": 9, "coverage": 0.4741, "unionFrac": 0.4746, "bw": {"40": 3, "20": 6}}}, {"type": "Feature", "geometry": {"type": "Polygon", "coordinates": [[[132.0, 30.0], [132.0, 36.0], [126.0, 36.0], [126.0, 30.0], [132.0, 30.0]]]}, "properties": {"name": "N30E126_6x6", "kind": "latlon", "epsg": 4326, "lonMult": 1, "height": 6, "width": 6, "available": 52, "selected": 16, "coverage": 0.7819, "unionFrac": 0.7823, "bw": {"40": 12, "20": 4}}}, {"type": "Feature", "geometry": {"type": "Polygon", "coordinates": [[[138.0, 30.0], [138.0, 36.0], [132.0, 36.0], [132.0, 30.0], [138.0, 30.0]]]}, "properties": {"name": "N30E132_6x6", "kind": "latlon", "epsg": 4326, "lonMult": 1, "height": 6, "width": 6, "available": 45, "selected": 12, "coverage": 0.5667, "unionFrac": 0.5681, "bw": {"40": 11, "20": 1}}}, {"type": "Feature", "geometry": {"type": "Polygon", "coordinates": [[[144.0, 30.0], [144.0, 36.0], [138.0, 36.0], [138.0, 30.0], [144.0, 30.0]]]}, "properties": {"name": "N30E138_6x6", "kind": "latlon", "epsg": 4326, "lonMult": 1, "height": 6, "width": 6, "available": 18, "selected": 7, "coverage": 0.3228, "unionFrac": 0.3228, "bw": {"40": 5, "20": 2}}}, {"type": "Feature", "geometry": {"type": "Polygon", "coordinates": [[[-126.0, 36.0], [-126.0, 42.0], [-132.0, 42.0], [-132.0, 36.0], [-126.0, 36.0]]]}, "properties": {"name": "N36W132_6x6", "kind": "latlon", "epsg": 4326, "lonMult": 1, "height": 6, "width": 6, "available": 6, "selected": 2, "coverage": 0.038, "unionFrac": 0.0389, "bw": {"40": 2}}}, {"type": "Feature", "geometry": {"type": "Polygon", "coordinates": [[[-120.0, 36.0], [-120.0, 42.0], [-126.0, 42.0], [-126.0, 36.0], [-120.0, 36.0]]]}, "properties": {"name": "N36W126_6x6", "kind": "latlon", "epsg": 4326, "lonMult": 1, "height": 6, "width": 6, "available": 42, "selected": 11, "coverage": 0.8366, "unionFrac": 0.8378, "bw": {"40": 11}}}, {"type": "Feature", "geometry": {"type": "Polygon", "coordinates": [[[-114.0, 36.0], [-114.0, 42.0], [-120.0, 42.0], [-120.0, 36.0], [-114.0, 36.0]]]}, "properties": {"name": "N36W120_6x6", "kind": "latlon", "epsg": 4326, "lonMult": 1, "height": 6, "width": 6, "available": 55, "selected": 14, "coverage": 0.9992, "unionFrac": 1.0, "bw": {"40": 14}}}, {"type": "Feature", "geometry": {"type": "Polygon", "coordinates": [[[-108.0, 36.0], [-108.0, 42.0], [-114.0, 42.0], [-114.0, 36.0], [-108.0, 36.0]]]}, "properties": {"name": "N36W114_6x6", "kind": "latlon", "epsg": 4326, "lonMult": 1, "height": 6, "width": 6, "available": 64, "selected": 14, "coverage": 0.9989, "unionFrac": 0.9992, "bw": {"40": 14}}}, {"type": "Feature", "geometry": {"type": "Polygon", "coordinates": [[[-102.0, 36.0], [-102.0, 42.0], [-108.0, 42.0], [-108.0, 36.0], [-102.0, 36.0]]]}, "properties": {"name": "N36W108_6x6", "kind": "latlon", "epsg": 4326, "lonMult": 1, "height": 6, "width": 6, "available": 66, "selected": 15, "coverage": 0.9999, "unionFrac": 1.0, "bw": {"40": 15}}}, {"type": "Feature", "geometry": {"type": "Polygon", "coordinates": [[[-96.0, 36.0], [-96.0, 42.0], [-102.0, 42.0], [-102.0, 36.0], [-96.0, 36.0]]]}, "properties": {"name": "N36W102_6x6", "kind": "latlon", "epsg": 4326, "lonMult": 1, "height": 6, "width": 6, "available": 68, "selected": 16, "coverage": 1.0, "unionFrac": 1.0, "bw": {"40": 16}}}, {"type": "Feature", "geometry": {"type": "Polygon", "coordinates": [[[-90.0, 36.0], [-90.0, 42.0], [-96.0, 42.0], [-96.0, 36.0], [-90.0, 36.0]]]}, "properties": {"name": "N36W096_6x6", "kind": "latlon", "epsg": 4326, "lonMult": 1, "height": 6, "width": 6, "available": 79, "selected": 16, "coverage": 1.0, "unionFrac": 1.0, "bw": {"40": 10, "20": 6}}}, {"type": "Feature", "geometry": {"type": "Polygon", "coordinates": [[[-84.0, 36.0], [-84.0, 42.0], [-90.0, 42.0], [-90.0, 36.0], [-84.0, 36.0]]]}, "properties": {"name": "N36W090_6x6", "kind": "latlon", "epsg": 4326, "lonMult": 1, "height": 6, "width": 6, "available": 87, "selected": 21, "coverage": 1.0, "unionFrac": 1.0, "bw": {"40": 7, "20": 14}}}, {"type": "Feature", "geometry": {"type": "Polygon", "coordinates": [[[-78.0, 36.0], [-78.0, 42.0], [-84.0, 42.0], [-84.0, 36.0], [-78.0, 36.0]]]}, "properties": {"name": "N36W084_6x6", "kind": "latlon", "epsg": 4326, "lonMult": 1, "height": 6, "width": 6, "available": 71, "selected": 16, "coverage": 1.0, "unionFrac": 1.0, "bw": {"40": 13, "20": 3}}}, {"type": "Feature", "geometry": {"type": "Polygon", "coordinates": [[[-72.0, 36.0], [-72.0, 42.0], [-78.0, 42.0], [-78.0, 36.0], [-72.0, 36.0]]]}, "properties": {"name": "N36W078_6x6", "kind": "latlon", "epsg": 4326, "lonMult": 1, "height": 6, "width": 6, "available": 45, "selected": 14, "coverage": 0.8124, "unionFrac": 0.8137, "bw": {"40": 14}}}, {"type": "Feature", "geometry": {"type": "Polygon", "coordinates": [[[-66.0, 36.0], [-66.0, 42.0], [-72.0, 42.0], [-72.0, 36.0], [-66.0, 36.0]]]}, "properties": {"name": "N36W072_6x6", "kind": "latlon", "epsg": 4326, "lonMult": 1, "height": 6, "width": 6, "available": 12, "selected": 5, "coverage": 0.139, "unionFrac": 0.139, "bw": {"40": 5}}}, {"type": "Feature", "geometry": {"type": "Polygon", "coordinates": [[[-24.0, 36.0], [-24.0, 42.0], [-30.0, 42.0], [-30.0, 36.0], [-24.0, 36.0]]]}, "properties": {"name": "N36W030_6x6", "kind": "latlon", "epsg": 4326, "lonMult": 1, "height": 6, "width": 6, "available": 3, "selected": 2, "coverage": 0.1555, "unionFrac": 0.1563, "bw": {"20": 2}}}, {"type": "Feature", "geometry": {"type": "Polygon", "coordinates": [[[-6.0, 36.0], [-6.0, 42.0], [-12.0, 42.0], [-12.0, 36.0], [-6.0, 36.0]]]}, "properties": {"name": "N36W012_6x6", "kind": "latlon", "epsg": 4326, "lonMult": 1, "height": 6, "width": 6, "available": 37, "selected": 12, "coverage": 0.7513, "unionFrac": 0.7514, "bw": {"40": 1, "20": 11}}}, {"type": "Feature", "geometry": {"type": "Polygon", "coordinates": [[[0.0, 36.0], [0.0, 42.0], [-6.0, 42.0], [-6.0, 36.0], [0.0, 36.0]]]}, "properties": {"name": "N36W006_6x6", "kind": "latlon", "epsg": 4326, "lonMult": 1, "height": 6, "width": 6, "available": 72, "selected": 17, "coverage": 0.9982, "unionFrac": 0.9998, "bw": {"40": 5, "20": 12}}}, {"type": "Feature", "geometry": {"type": "Polygon", "coordinates": [[[6.0, 36.0], [6.0, 42.0], [0.0, 42.0], [0.0, 36.0], [6.0, 36.0]]]}, "properties": {"name": "N36E000_6x6", "kind": "latlon", "epsg": 4326, "lonMult": 1, "height": 6, "width": 6, "available": 46, "selected": 11, "coverage": 0.411, "unionFrac": 0.4115, "bw": {"40": 7, "20": 4}}}, {"type": "Feature", "geometry": {"type": "Polygon", "coordinates": [[[12.0, 36.0], [12.0, 42.0], [6.0, 42.0], [6.0, 36.0], [12.0, 36.0]]]}, "properties": {"name": "N36E006_6x6", "kind": "latlon", "epsg": 4326, "lonMult": 1, "height": 6, "width": 6, "available": 47, "selected": 14, "coverage": 0.7874, "unionFrac": 0.7882, "bw": {"40": 5, "20": 9}}}, {"type": "Feature", "geometry": {"type": "Polygon", "coordinates": [[[18.0, 36.0], [18.0, 42.0], [12.0, 42.0], [12.0, 36.0], [18.0, 36.0]]]}, "properties": {"name": "N36E012_6x6", "kind": "latlon", "epsg": 4326, "lonMult": 1, "height": 6, "width": 6, "available": 48, "selected": 15, "coverage": 0.841, "unionFrac": 0.8415, "bw": {"20": 15}}}, {"type": "Feature", "geometry": {"type": "Polygon", "coordinates": [[[24.0, 36.0], [24.0, 42.0], [18.0, 42.0], [18.0, 36.0], [24.0, 36.0]]]}, "properties": {"name": "N36E018_6x6", "kind": "latlon", "epsg": 4326, "lonMult": 1, "height": 6, "width": 6, "available": 44, "selected": 14, "coverage": 0.8977, "unionFrac": 0.8985, "bw": {"20": 14}}}, {"type": "Feature", "geometry": {"type": "Polygon", "coordinates": [[[30.0, 36.0], [30.0, 42.0], [24.0, 42.0], [24.0, 36.0], [30.0, 36.0]]]}, "properties": {"name": "N36E024_6x6", "kind": "latlon", "epsg": 4326, "lonMult": 1, "height": 6, "width": 6, "available": 58, "selected": 15, "coverage": 0.9987, "unionFrac": 0.9995, "bw": {"20": 15}}}, {"type": "Feature", "geometry": {"type": "Polygon", "coordinates": [[[36.0, 36.0], [36.0, 42.0], [30.0, 42.0], [30.0, 36.0], [36.0, 36.0]]]}, "properties": {"name": "N36E030_6x6", "kind": "latlon", "epsg": 4326, "lonMult": 1, "height": 6, "width": 6, "available": 52, "selected": 16, "coverage": 0.9916, "unionFrac": 0.9927, "bw": {"20": 16}}}, {"type": "Feature", "geometry": {"type": "Polygon", "coordinates": [[[42.0, 36.0], [42.0, 42.0], [36.0, 42.0], [36.0, 36.0], [42.0, 36.0]]]}, "properties": {"name": "N36E036_6x6", "kind": "latlon", "epsg": 4326, "lonMult": 1, "height": 6, "width": 6, "available": 51, "selected": 14, "coverage": 0.9695, "unionFrac": 0.9704, "bw": {"20": 14}}}, {"type": "Feature", "geometry": {"type": "Polygon", "coordinates": [[[48.0, 36.0], [48.0, 42.0], [42.0, 42.0], [42.0, 36.0], [48.0, 36.0]]]}, "properties": {"name": "N36E042_6x6", "kind": "latlon", "epsg": 4326, "lonMult": 1, "height": 6, "width": 6, "available": 62, "selected": 16, "coverage": 0.9996, "unionFrac": 1.0, "bw": {"40": 7, "20": 9}}}, {"type": "Feature", "geometry": {"type": "Polygon", "coordinates": [[[54.0, 36.0], [54.0, 42.0], [48.0, 42.0], [48.0, 36.0], [54.0, 36.0]]]}, "properties": {"name": "N36E048_6x6", "kind": "latlon", "epsg": 4326, "lonMult": 1, "height": 6, "width": 6, "available": 67, "selected": 19, "coverage": 1.0, "unionFrac": 1.0, "bw": {"40": 5, "20": 14}}}, {"type": "Feature", "geometry": {"type": "Polygon", "coordinates": [[[60.0, 36.0], [60.0, 42.0], [54.0, 42.0], [54.0, 36.0], [60.0, 36.0]]]}, "properties": {"name": "N36E054_6x6", "kind": "latlon", "epsg": 4326, "lonMult": 1, "height": 6, "width": 6, "available": 60, "selected": 17, "coverage": 1.0, "unionFrac": 1.0, "bw": {"20": 17}}}, {"type": "Feature", "geometry": {"type": "Polygon", "coordinates": [[[66.0, 36.0], [66.0, 42.0], [60.0, 42.0], [60.0, 36.0], [66.0, 36.0]]]}, "properties": {"name": "N36E060_6x6", "kind": "latlon", "epsg": 4326, "lonMult": 1, "height": 6, "width": 6, "available": 72, "selected": 18, "coverage": 0.9999, "unionFrac": 1.0, "bw": {"40": 4, "20": 14}}}, {"type": "Feature", "geometry": {"type": "Polygon", "coordinates": [[[72.0, 36.0], [72.0, 42.0], [66.0, 42.0], [66.0, 36.0], [72.0, 36.0]]]}, "properties": {"name": "N36E066_6x6", "kind": "latlon", "epsg": 4326, "lonMult": 1, "height": 6, "width": 6, "available": 75, "selected": 16, "coverage": 1.0, "unionFrac": 1.0, "bw": {"40": 6, "20": 10}}}, {"type": "Feature", "geometry": {"type": "Polygon", "coordinates": [[[78.0, 36.0], [78.0, 42.0], [72.0, 42.0], [72.0, 36.0], [78.0, 36.0]]]}, "properties": {"name": "N36E072_6x6", "kind": "latlon", "epsg": 4326, "lonMult": 1, "height": 6, "width": 6, "available": 61, "selected": 19, "coverage": 1.0, "unionFrac": 1.0, "bw": {"40": 5, "20": 14}}}, {"type": "Feature", "geometry": {"type": "Polygon", "coordinates": [[[84.0, 36.0], [84.0, 42.0], [78.0, 42.0], [78.0, 36.0], [84.0, 36.0]]]}, "properties": {"name": "N36E078_6x6", "kind": "latlon", "epsg": 4326, "lonMult": 1, "height": 6, "width": 6, "available": 50, "selected": 20, "coverage": 1.0, "unionFrac": 1.0, "bw": {"40": 2, "20": 18}}}, {"type": "Feature", "geometry": {"type": "Polygon", "coordinates": [[[90.0, 36.0], [90.0, 42.0], [84.0, 42.0], [84.0, 36.0], [90.0, 36.0]]]}, "properties": {"name": "N36E084_6x6", "kind": "latlon", "epsg": 4326, "lonMult": 1, "height": 6, "width": 6, "available": 60, "selected": 14, "coverage": 0.9992, "unionFrac": 1.0, "bw": {"20": 14}}}, {"type": "Feature", "geometry": {"type": "Polygon", "coordinates": [[[96.0, 36.0], [96.0, 42.0], [90.0, 42.0], [90.0, 36.0], [96.0, 36.0]]]}, "properties": {"name": "N36E090_6x6", "kind": "latlon", "epsg": 4326, "lonMult": 1, "height": 6, "width": 6, "available": 64, "selected": 14, "coverage": 1.0, "unionFrac": 1.0, "bw": {"20": 14}}}, {"type": "Feature", "geometry": {"type": "Polygon", "coordinates": [[[102.0, 36.0], [102.0, 42.0], [96.0, 42.0], [96.0, 36.0], [102.0, 36.0]]]}, "properties": {"name": "N36E096_6x6", "kind": "latlon", "epsg": 4326, "lonMult": 1, "height": 6, "width": 6, "available": 66, "selected": 15, "coverage": 1.0, "unionFrac": 1.0, "bw": {"20": 15}}}, {"type": "Feature", "geometry": {"type": "Polygon", "coordinates": [[[108.0, 36.0], [108.0, 42.0], [102.0, 42.0], [102.0, 36.0], [108.0, 36.0]]]}, "properties": {"name": "N36E102_6x6", "kind": "latlon", "epsg": 4326, "lonMult": 1, "height": 6, "width": 6, "available": 54, "selected": 16, "coverage": 1.0, "unionFrac": 1.0, "bw": {"20": 16}}}, {"type": "Feature", "geometry": {"type": "Polygon", "coordinates": [[[114.0, 36.0], [114.0, 42.0], [108.0, 42.0], [108.0, 36.0], [114.0, 36.0]]]}, "properties": {"name": "N36E108_6x6", "kind": "latlon", "epsg": 4326, "lonMult": 1, "height": 6, "width": 6, "available": 54, "selected": 17, "coverage": 1.0, "unionFrac": 1.0, "bw": {"20": 17}}}, {"type": "Feature", "geometry": {"type": "Polygon", "coordinates": [[[120.0, 36.0], [120.0, 42.0], [114.0, 42.0], [114.0, 36.0], [120.0, 36.0]]]}, "properties": {"name": "N36E114_6x6", "kind": "latlon", "epsg": 4326, "lonMult": 1, "height": 6, "width": 6, "available": 64, "selected": 14, "coverage": 1.0, "unionFrac": 1.0, "bw": {"20": 14}}}, {"type": "Feature", "geometry": {"type": "Polygon", "coordinates": [[[126.0, 36.0], [126.0, 42.0], [120.0, 42.0], [120.0, 36.0], [126.0, 36.0]]]}, "properties": {"name": "N36E120_6x6", "kind": "latlon", "epsg": 4326, "lonMult": 1, "height": 6, "width": 6, "available": 51, "selected": 15, "coverage": 0.8751, "unionFrac": 0.8759, "bw": {"40": 3, "20": 12}}}, {"type": "Feature", "geometry": {"type": "Polygon", "coordinates": [[[132.0, 36.0], [132.0, 42.0], [126.0, 42.0], [126.0, 36.0], [132.0, 36.0]]]}, "properties": {"name": "N36E126_6x6", "kind": "latlon", "epsg": 4326, "lonMult": 1, "height": 6, "width": 6, "available": 54, "selected": 12, "coverage": 0.8143, "unionFrac": 0.8157, "bw": {"40": 5, "20": 7}}}, {"type": "Feature", "geometry": {"type": "Polygon", "coordinates": [[[138.0, 36.0], [138.0, 42.0], [132.0, 42.0], [132.0, 36.0], [138.0, 36.0]]]}, "properties": {"name": "N36E132_6x6", "kind": "latlon", "epsg": 4326, "lonMult": 1, "height": 6, "width": 6, "available": 32, "selected": 13, "coverage": 0.3934, "unionFrac": 0.3938, "bw": {"40": 12, "20": 1}}}, {"type": "Feature", "geometry": {"type": "Polygon", "coordinates": [[[144.0, 36.0], [144.0, 42.0], [138.0, 42.0], [138.0, 36.0], [144.0, 36.0]]]}, "properties": {"name": "N36E138_6x6", "kind": "latlon", "epsg": 4326, "lonMult": 1, "height": 6, "width": 6, "available": 39, "selected": 13, "coverage": 0.8822, "unionFrac": 0.8835, "bw": {"40": 13}}}, {"type": "Feature", "geometry": {"type": "Polygon", "coordinates": [[[150.0, 36.0], [150.0, 42.0], [144.0, 42.0], [144.0, 36.0], [150.0, 36.0]]]}, "properties": {"name": "N36E144_6x6", "kind": "latlon", "epsg": 4326, "lonMult": 1, "height": 6, "width": 6, "available": 12, "selected": 2, "coverage": 0.0539, "unionFrac": 0.0548, "bw": {"40": 2}}}, {"type": "Feature", "geometry": {"type": "Polygon", "coordinates": [[[-126.0, 42.0], [-126.0, 48.0], [-132.0, 48.0], [-132.0, 42.0], [-126.0, 42.0]]]}, "properties": {"name": "N42W132_6x6", "kind": "latlon", "epsg": 4326, "lonMult": 1, "height": 6, "width": 6, "available": 12, "selected": 4, "coverage": 0.0317, "unionFrac": 0.0317, "bw": {"40": 4}}}, {"type": "Feature", "geometry": {"type": "Polygon", "coordinates": [[[-120.0, 42.0], [-120.0, 48.0], [-126.0, 48.0], [-126.0, 42.0], [-120.0, 42.0]]]}, "properties": {"name": "N42W126_6x6", "kind": "latlon", "epsg": 4326, "lonMult": 1, "height": 6, "width": 6, "available": 44, "selected": 12, "coverage": 0.9313, "unionFrac": 0.9314, "bw": {"40": 12}}}, {"type": "Feature", "geometry": {"type": "Polygon", "coordinates": [[[-114.0, 42.0], [-114.0, 48.0], [-120.0, 48.0], [-120.0, 42.0], [-114.0, 42.0]]]}, "properties": {"name": "N42W120_6x6", "kind": "latlon", "epsg": 4326, "lonMult": 1, "height": 6, "width": 6, "available": 55, "selected": 16, "coverage": 1.0, "unionFrac": 1.0, "bw": {"40": 16}}}, {"type": "Feature", "geometry": {"type": "Polygon", "coordinates": [[[-108.0, 42.0], [-108.0, 48.0], [-114.0, 48.0], [-114.0, 42.0], [-108.0, 42.0]]]}, "properties": {"name": "N42W114_6x6", "kind": "latlon", "epsg": 4326, "lonMult": 1, "height": 6, "width": 6, "available": 58, "selected": 14, "coverage": 0.9999, "unionFrac": 1.0, "bw": {"40": 14}}}, {"type": "Feature", "geometry": {"type": "Polygon", "coordinates": [[[-102.0, 42.0], [-102.0, 48.0], [-108.0, 48.0], [-108.0, 42.0], [-102.0, 42.0]]]}, "properties": {"name": "N42W108_6x6", "kind": "latlon", "epsg": 4326, "lonMult": 1, "height": 6, "width": 6, "available": 57, "selected": 15, "coverage": 1.0, "unionFrac": 1.0, "bw": {"40": 15}}}, {"type": "Feature", "geometry": {"type": "Polygon", "coordinates": [[[-96.0, 42.0], [-96.0, 48.0], [-102.0, 48.0], [-102.0, 42.0], [-96.0, 42.0]]]}, "properties": {"name": "N42W102_6x6", "kind": "latlon", "epsg": 4326, "lonMult": 1, "height": 6, "width": 6, "available": 56, "selected": 15, "coverage": 1.0, "unionFrac": 1.0, "bw": {"40": 15}}}, {"type": "Feature", "geometry": {"type": "Polygon", "coordinates": [[[-90.0, 42.0], [-90.0, 48.0], [-96.0, 48.0], [-96.0, 42.0], [-90.0, 42.0]]]}, "properties": {"name": "N42W096_6x6", "kind": "latlon", "epsg": 4326, "lonMult": 1, "height": 6, "width": 6, "available": 75, "selected": 17, "coverage": 1.0, "unionFrac": 1.0, "bw": {"40": 11, "20": 6}}}, {"type": "Feature", "geometry": {"type": "Polygon", "coordinates": [[[-84.0, 42.0], [-84.0, 48.0], [-90.0, 48.0], [-90.0, 42.0], [-84.0, 42.0]]]}, "properties": {"name": "N42W090_6x6", "kind": "latlon", "epsg": 4326, "lonMult": 1, "height": 6, "width": 6, "available": 89, "selected": 17, "coverage": 1.0, "unionFrac": 1.0, "bw": {"40": 5, "20": 12}}}, {"type": "Feature", "geometry": {"type": "Polygon", "coordinates": [[[-78.0, 42.0], [-78.0, 48.0], [-84.0, 48.0], [-84.0, 42.0], [-78.0, 42.0]]]}, "properties": {"name": "N42W084_6x6", "kind": "latlon", "epsg": 4326, "lonMult": 1, "height": 6, "width": 6, "available": 80, "selected": 18, "coverage": 1.0, "unionFrac": 1.0, "bw": {"40": 12, "20": 6}}}, {"type": "Feature", "geometry": {"type": "Polygon", "coordinates": [[[-72.0, 42.0], [-72.0, 48.0], [-78.0, 48.0], [-78.0, 42.0], [-72.0, 42.0]]]}, "properties": {"name": "N42W078_6x6", "kind": "latlon", "epsg": 4326, "lonMult": 1, "height": 6, "width": 6, "available": 52, "selected": 17, "coverage": 1.0, "unionFrac": 1.0, "bw": {"40": 17}}}, {"type": "Feature", "geometry": {"type": "Polygon", "coordinates": [[[-66.0, 42.0], [-66.0, 48.0], [-72.0, 48.0], [-72.0, 42.0], [-66.0, 42.0]]]}, "properties": {"name": "N42W072_6x6", "kind": "latlon", "epsg": 4326, "lonMult": 1, "height": 6, "width": 6, "available": 40, "selected": 16, "coverage": 0.9081, "unionFrac": 0.9083, "bw": {"40": 16}}}, {"type": "Feature", "geometry": {"type": "Polygon", "coordinates": [[[-60.0, 42.0], [-60.0, 48.0], [-66.0, 48.0], [-66.0, 42.0], [-60.0, 42.0]]]}, "properties": {"name": "N42W066_6x6", "kind": "latlon", "epsg": 4326, "lonMult": 1, "height": 6, "width": 6, "available": 33, "selected": 10, "coverage": 0.5957, "unionFrac": 0.5967, "bw": {"40": 10}}}, {"type": "Feature", "geometry": {"type": "Polygon", "coordinates": [[[-54.0, 42.0], [-54.0, 48.0], [-60.0, 48.0], [-60.0, 42.0], [-54.0, 42.0]]]}, "properties": {"name": "N42W060_6x6", "kind": "latlon", "epsg": 4326, "lonMult": 1, "height": 6, "width": 6, "available": 21, "selected": 7, "coverage": 0.304, "unionFrac": 0.305, "bw": {"40": 7}}}, {"type": "Feature", "geometry": {"type": "Polygon", "coordinates": [[[-48.0, 42.0], [-48.0, 48.0], [-54.0, 48.0], [-54.0, 42.0], [-48.0, 42.0]]]}, "properties": {"name": "N42W054_6x6", "kind": "latlon", "epsg": 4326, "lonMult": 1, "height": 6, "width": 6, "available": 9, "selected": 2, "coverage": 0.0847, "unionFrac": 0.0847, "bw": {"40": 2}}}, {"type": "Feature", "geometry": {"type": "Polygon", "coordinates": [[[-6.0, 42.0], [-6.0, 48.0], [-12.0, 48.0], [-12.0, 42.0], [-6.0, 42.0]]]}, "properties": {"name": "N42W012_6x6", "kind": "latlon", "epsg": 4326, "lonMult": 1, "height": 6, "width": 6, "available": 14, "selected": 6, "coverage": 0.2037, "unionFrac": 0.2047, "bw": {"20": 6}}}, {"type": "Feature", "geometry": {"type": "Polygon", "coordinates": [[[0.0, 42.0], [0.0, 48.0], [-6.0, 48.0], [-6.0, 42.0], [0.0, 42.0]]]}, "properties": {"name": "N42W006_6x6", "kind": "latlon", "epsg": 4326, "lonMult": 1, "height": 6, "width": 6, "available": 41, "selected": 15, "coverage": 0.8305, "unionFrac": 0.8319, "bw": {"20": 15}}}, {"type": "Feature", "geometry": {"type": "Polygon", "coordinates": [[[6.0, 42.0], [6.0, 48.0], [0.0, 48.0], [0.0, 42.0], [6.0, 42.0]]]}, "properties": {"name": "N42E000_6x6", "kind": "latlon", "epsg": 4326, "lonMult": 1, "height": 6, "width": 6, "available": 46, "selected": 16, "coverage": 0.9233, "unionFrac": 0.9233, "bw": {"40": 2, "20": 14}}}, {"type": "Feature", "geometry": {"type": "Polygon", "coordinates": [[[12.0, 42.0], [12.0, 48.0], [6.0, 48.0], [6.0, 42.0], [12.0, 42.0]]]}, "properties": {"name": "N42E006_6x6", "kind": "latlon", "epsg": 4326, "lonMult": 1, "height": 6, "width": 6, "available": 60, "selected": 19, "coverage": 0.9511, "unionFrac": 0.9514, "bw": {"40": 9, "20": 10}}}, {"type": "Feature", "geometry": {"type": "Polygon", "coordinates": [[[18.0, 42.0], [18.0, 48.0], [12.0, 48.0], [12.0, 42.0], [18.0, 42.0]]]}, "properties": {"name": "N42E012_6x6", "kind": "latlon", "epsg": 4326, "lonMult": 1, "height": 6, "width": 6, "available": 63, "selected": 18, "coverage": 1.0, "unionFrac": 1.0, "bw": {"40": 4, "20": 14}}}, {"type": "Feature", "geometry": {"type": "Polygon", "coordinates": [[[24.0, 42.0], [24.0, 48.0], [18.0, 48.0], [18.0, 42.0], [24.0, 42.0]]]}, "properties": {"name": "N42E018_6x6", "kind": "latlon", "epsg": 4326, "lonMult": 1, "height": 6, "width": 6, "available": 64, "selected": 15, "coverage": 0.9999, "unionFrac": 1.0, "bw": {"20": 15}}}, {"type": "Feature", "geometry": {"type": "Polygon", "coordinates": [[[30.0, 42.0], [30.0, 48.0], [24.0, 48.0], [24.0, 42.0], [30.0, 42.0]]]}, "properties": {"name": "N42E024_6x6", "kind": "latlon", "epsg": 4326, "lonMult": 1, "height": 6, "width": 6, "available": 58, "selected": 16, "coverage": 0.9995, "unionFrac": 0.9995, "bw": {"20": 16}}}, {"type": "Feature", "geometry": {"type": "Polygon", "coordinates": [[[36.0, 42.0], [36.0, 48.0], [30.0, 48.0], [30.0, 42.0], [36.0, 42.0]]]}, "properties": {"name": "N42E030_6x6", "kind": "latlon", "epsg": 4326, "lonMult": 1, "height": 6, "width": 6, "available": 52, "selected": 17, "coverage": 0.7609, "unionFrac": 0.7614, "bw": {"20": 17}}}, {"type": "Feature", "geometry": {"type": "Polygon", "coordinates": [[[42.0, 42.0], [42.0, 48.0], [36.0, 48.0], [36.0, 42.0], [42.0, 42.0]]]}, "properties": {"name": "N42E036_6x6", "kind": "latlon", "epsg": 4326, "lonMult": 1, "height": 6, "width": 6, "available": 56, "selected": 15, "coverage": 0.8702, "unionFrac": 0.8716, "bw": {"40": 1, "20": 14}}}, {"type": "Feature", "geometry": {"type": "Polygon", "coordinates": [[[48.0, 42.0], [48.0, 48.0], [42.0, 48.0], [42.0, 42.0], [48.0, 42.0]]]}, "properties": {"name": "N42E042_6x6", "kind": "latlon", "epsg": 4326, "lonMult": 1, "height": 6, "width": 6, "available": 64, "selected": 17, "coverage": 1.0, "unionFrac": 1.0, "bw": {"40": 6, "20": 11}}}, {"type": "Feature", "geometry": {"type": "Polygon", "coordinates": [[[54.0, 42.0], [54.0, 48.0], [48.0, 48.0], [48.0, 42.0], [54.0, 42.0]]]}, "properties": {"name": "N42E048_6x6", "kind": "latlon", "epsg": 4326, "lonMult": 1, "height": 6, "width": 6, "available": 54, "selected": 15, "coverage": 1.0, "unionFrac": 1.0, "bw": {"40": 1, "20": 14}}}, {"type": "Feature", "geometry": {"type": "Polygon", "coordinates": [[[60.0, 42.0], [60.0, 48.0], [54.0, 48.0], [54.0, 42.0], [60.0, 42.0]]]}, "properties": {"name": "N42E054_6x6", "kind": "latlon", "epsg": 4326, "lonMult": 1, "height": 6, "width": 6, "available": 49, "selected": 16, "coverage": 1.0, "unionFrac": 1.0, "bw": {"20": 16}}}, {"type": "Feature", "geometry": {"type": "Polygon", "coordinates": [[[66.0, 42.0], [66.0, 48.0], [60.0, 48.0], [60.0, 42.0], [66.0, 42.0]]]}, "properties": {"name": "N42E060_6x6", "kind": "latlon", "epsg": 4326, "lonMult": 1, "height": 6, "width": 6, "available": 49, "selected": 14, "coverage": 1.0, "unionFrac": 1.0, "bw": {"20": 14}}}, {"type": "Feature", "geometry": {"type": "Polygon", "coordinates": [[[72.0, 42.0], [72.0, 48.0], [66.0, 48.0], [66.0, 42.0], [72.0, 42.0]]]}, "properties": {"name": "N42E066_6x6", "kind": "latlon", "epsg": 4326, "lonMult": 1, "height": 6, "width": 6, "available": 60, "selected": 14, "coverage": 0.9996, "unionFrac": 1.0, "bw": {"20": 14}}}, {"type": "Feature", "geometry": {"type": "Polygon", "coordinates": [[[78.0, 42.0], [78.0, 48.0], [72.0, 48.0], [72.0, 42.0], [78.0, 42.0]]]}, "properties": {"name": "N42E072_6x6", "kind": "latlon", "epsg": 4326, "lonMult": 1, "height": 6, "width": 6, "available": 48, "selected": 15, "coverage": 0.9993, "unionFrac": 1.0, "bw": {"20": 15}}}, {"type": "Feature", "geometry": {"type": "Polygon", "coordinates": [[[84.0, 42.0], [84.0, 48.0], [78.0, 48.0], [78.0, 42.0], [84.0, 42.0]]]}, "properties": {"name": "N42E078_6x6", "kind": "latlon", "epsg": 4326, "lonMult": 1, "height": 6, "width": 6, "available": 52, "selected": 15, "coverage": 1.0, "unionFrac": 1.0, "bw": {"20": 15}}}, {"type": "Feature", "geometry": {"type": "Polygon", "coordinates": [[[90.0, 42.0], [90.0, 48.0], [84.0, 48.0], [84.0, 42.0], [90.0, 42.0]]]}, "properties": {"name": "N42E084_6x6", "kind": "latlon", "epsg": 4326, "lonMult": 1, "height": 6, "width": 6, "available": 54, "selected": 15, "coverage": 1.0, "unionFrac": 1.0, "bw": {"20": 15}}}, {"type": "Feature", "geometry": {"type": "Polygon", "coordinates": [[[96.0, 42.0], [96.0, 48.0], [90.0, 48.0], [90.0, 42.0], [96.0, 42.0]]]}, "properties": {"name": "N42E090_6x6", "kind": "latlon", "epsg": 4326, "lonMult": 1, "height": 6, "width": 6, "available": 59, "selected": 15, "coverage": 1.0, "unionFrac": 1.0, "bw": {"20": 15}}}, {"type": "Feature", "geometry": {"type": "Polygon", "coordinates": [[[102.0, 42.0], [102.0, 48.0], [96.0, 48.0], [96.0, 42.0], [102.0, 42.0]]]}, "properties": {"name": "N42E096_6x6", "kind": "latlon", "epsg": 4326, "lonMult": 1, "height": 6, "width": 6, "available": 56, "selected": 15, "coverage": 0.9986, "unionFrac": 1.0, "bw": {"20": 15}}}, {"type": "Feature", "geometry": {"type": "Polygon", "coordinates": [[[108.0, 42.0], [108.0, 48.0], [102.0, 48.0], [102.0, 42.0], [108.0, 42.0]]]}, "properties": {"name": "N42E102_6x6", "kind": "latlon", "epsg": 4326, "lonMult": 1, "height": 6, "width": 6, "available": 39, "selected": 16, "coverage": 1.0, "unionFrac": 1.0, "bw": {"20": 16}}}, {"type": "Feature", "geometry": {"type": "Polygon", "coordinates": [[[114.0, 42.0], [114.0, 48.0], [108.0, 48.0], [108.0, 42.0], [114.0, 42.0]]]}, "properties": {"name": "N42E108_6x6", "kind": "latlon", "epsg": 4326, "lonMult": 1, "height": 6, "width": 6, "available": 46, "selected": 14, "coverage": 0.9999, "unionFrac": 1.0, "bw": {"20": 14}}}, {"type": "Feature", "geometry": {"type": "Polygon", "coordinates": [[[120.0, 42.0], [120.0, 48.0], [114.0, 48.0], [114.0, 42.0], [120.0, 42.0]]]}, "properties": {"name": "N42E114_6x6", "kind": "latlon", "epsg": 4326, "lonMult": 1, "height": 6, "width": 6, "available": 60, "selected": 15, "coverage": 1.0, "unionFrac": 1.0, "bw": {"20": 15}}}, {"type": "Feature", "geometry": {"type": "Polygon", "coordinates": [[[126.0, 42.0], [126.0, 48.0], [120.0, 48.0], [120.0, 42.0], [126.0, 42.0]]]}, "properties": {"name": "N42E120_6x6", "kind": "latlon", "epsg": 4326, "lonMult": 1, "height": 6, "width": 6, "available": 58, "selected": 15, "coverage": 0.9994, "unionFrac": 1.0, "bw": {"20": 15}}}, {"type": "Feature", "geometry": {"type": "Polygon", "coordinates": [[[132.0, 42.0], [132.0, 48.0], [126.0, 48.0], [126.0, 42.0], [132.0, 42.0]]]}, "properties": {"name": "N42E126_6x6", "kind": "latlon", "epsg": 4326, "lonMult": 1, "height": 6, "width": 6, "available": 56, "selected": 17, "coverage": 0.9929, "unionFrac": 0.9929, "bw": {"20": 17}}}, {"type": "Feature", "geometry": {"type": "Polygon", "coordinates": [[[138.0, 42.0], [138.0, 48.0], [132.0, 48.0], [132.0, 42.0], [138.0, 42.0]]]}, "properties": {"name": "N42E132_6x6", "kind": "latlon", "epsg": 4326, "lonMult": 1, "height": 6, "width": 6, "available": 49, "selected": 15, "coverage": 0.7999, "unionFrac": 0.8007, "bw": {"40": 2, "20": 13}}}, {"type": "Feature", "geometry": {"type": "Polygon", "coordinates": [[[144.0, 42.0], [144.0, 48.0], [138.0, 48.0], [138.0, 42.0], [144.0, 42.0]]]}, "properties": {"name": "N42E138_6x6", "kind": "latlon", "epsg": 4326, "lonMult": 1, "height": 6, "width": 6, "available": 49, "selected": 13, "coverage": 0.9013, "unionFrac": 0.9021, "bw": {"40": 7, "20": 6}}}, {"type": "Feature", "geometry": {"type": "Polygon", "coordinates": [[[150.0, 42.0], [150.0, 48.0], [144.0, 48.0], [144.0, 42.0], [150.0, 42.0]]]}, "properties": {"name": "N42E144_6x6", "kind": "latlon", "epsg": 4326, "lonMult": 1, "height": 6, "width": 6, "available": 21, "selected": 8, "coverage": 0.4235, "unionFrac": 0.4236, "bw": {"40": 6, "20": 2}}}, {"type": "Feature", "geometry": {"type": "Polygon", "coordinates": [[[156.0, 42.0], [156.0, 48.0], [150.0, 48.0], [150.0, 42.0], [156.0, 42.0]]]}, "properties": {"name": "N42E150_6x6", "kind": "latlon", "epsg": 4326, "lonMult": 1, "height": 6, "width": 6, "available": 9, "selected": 4, "coverage": 0.1672, "unionFrac": 0.168, "bw": {"20": 4}}}, {"type": "Feature", "geometry": {"type": "Polygon", "coordinates": [[[-174.0, 48.0], [-174.0, 54.0], [-180.0, 54.0], [-180.0, 48.0], [-174.0, 48.0]]]}, "properties": {"name": "N48W180_6x6", "kind": "latlon", "epsg": 4326, "lonMult": 1, "height": 6, "width": 6, "available": 3, "selected": 1, "coverage": 0.0098, "unionFrac": 0.0098, "bw": {"20": 1}}}, {"type": "Feature", "geometry": {"type": "Polygon", "coordinates": [[[-168.0, 48.0], [-168.0, 54.0], [-174.0, 54.0], [-174.0, 48.0], [-168.0, 48.0]]]}, "properties": {"name": "N48W174_6x6", "kind": "latlon", "epsg": 4326, "lonMult": 1, "height": 6, "width": 6, "available": 6, "selected": 2, "coverage": 0.0089, "unionFrac": 0.0089, "bw": {"40": 1, "20": 1}}}, {"type": "Feature", "geometry": {"type": "Polygon", "coordinates": [[[-162.0, 48.0], [-162.0, 54.0], [-168.0, 54.0], [-168.0, 48.0], [-162.0, 48.0]]]}, "properties": {"name": "N48W168_6x6", "kind": "latlon", "epsg": 4326, "lonMult": 1, "height": 6, "width": 6, "available": 15, "selected": 4, "coverage": 0.0802, "unionFrac": 0.0807, "bw": {"40": 2, "20": 2}}}, {"type": "Feature", "geometry": {"type": "Polygon", "coordinates": [[[-132.0, 48.0], [-132.0, 54.0], [-138.0, 54.0], [-138.0, 48.0], [-132.0, 48.0]]]}, "properties": {"name": "N48W138_6x6", "kind": "latlon", "epsg": 4326, "lonMult": 1, "height": 6, "width": 6, "available": 12, "selected": 2, "coverage": 0.1734, "unionFrac": 0.1736, "bw": {"40": 2}}}, {"type": "Feature", "geometry": {"type": "Polygon", "coordinates": [[[-126.0, 48.0], [-126.0, 54.0], [-132.0, 54.0], [-132.0, 48.0], [-126.0, 48.0]]]}, "properties": {"name": "N48W132_6x6", "kind": "latlon", "epsg": 4326, "lonMult": 1, "height": 6, "width": 6, "available": 39, "selected": 11, "coverage": 0.6558, "unionFrac": 0.6566, "bw": {"40": 11}}}, {"type": "Feature", "geometry": {"type": "Polygon", "coordinates": [[[-120.0, 48.0], [-120.0, 54.0], [-126.0, 54.0], [-126.0, 48.0], [-120.0, 48.0]]]}, "properties": {"name": "N48W126_6x6", "kind": "latlon", "epsg": 4326, "lonMult": 1, "height": 6, "width": 6, "available": 57, "selected": 13, "coverage": 1.0, "unionFrac": 1.0, "bw": {"40": 13}}}, {"type": "Feature", "geometry": {"type": "Polygon", "coordinates": [[[-114.0, 48.0], [-114.0, 54.0], [-120.0, 54.0], [-120.0, 48.0], [-114.0, 48.0]]]}, "properties": {"name": "N48W120_6x6", "kind": "latlon", "epsg": 4326, "lonMult": 1, "height": 6, "width": 6, "available": 63, "selected": 12, "coverage": 1.0, "unionFrac": 1.0, "bw": {"40": 12}}}, {"type": "Feature", "geometry": {"type": "Polygon", "coordinates": [[[-108.0, 48.0], [-108.0, 54.0], [-114.0, 54.0], [-114.0, 48.0], [-108.0, 48.0]]]}, "properties": {"name": "N48W114_6x6", "kind": "latlon", "epsg": 4326, "lonMult": 1, "height": 6, "width": 6, "available": 63, "selected": 11, "coverage": 0.9998, "unionFrac": 1.0, "bw": {"40": 11}}}, {"type": "Feature", "geometry": {"type": "Polygon", "coordinates": [[[-102.0, 48.0], [-102.0, 54.0], [-108.0, 54.0], [-108.0, 48.0], [-102.0, 48.0]]]}, "properties": {"name": "N48W108_6x6", "kind": "latlon", "epsg": 4326, "lonMult": 1, "height": 6, "width": 6, "available": 59, "selected": 12, "coverage": 0.9995, "unionFrac": 1.0, "bw": {"40": 12}}}, {"type": "Feature", "geometry": {"type": "Polygon", "coordinates": [[[-96.0, 48.0], [-96.0, 54.0], [-102.0, 54.0], [-102.0, 48.0], [-96.0, 48.0]]]}, "properties": {"name": "N48W102_6x6", "kind": "latlon", "epsg": 4326, "lonMult": 1, "height": 6, "width": 6, "available": 58, "selected": 12, "coverage": 0.9991, "unionFrac": 1.0, "bw": {"40": 12}}}, {"type": "Feature", "geometry": {"type": "Polygon", "coordinates": [[[-90.0, 48.0], [-90.0, 54.0], [-96.0, 54.0], [-96.0, 48.0], [-90.0, 48.0]]]}, "properties": {"name": "N48W096_6x6", "kind": "latlon", "epsg": 4326, "lonMult": 1, "height": 6, "width": 6, "available": 63, "selected": 14, "coverage": 1.0, "unionFrac": 1.0, "bw": {"40": 14}}}, {"type": "Feature", "geometry": {"type": "Polygon", "coordinates": [[[-84.0, 48.0], [-84.0, 54.0], [-90.0, 54.0], [-90.0, 48.0], [-84.0, 48.0]]]}, "properties": {"name": "N48W090_6x6", "kind": "latlon", "epsg": 4326, "lonMult": 1, "height": 6, "width": 6, "available": 69, "selected": 14, "coverage": 0.9994, "unionFrac": 1.0, "bw": {"40": 14}}}, {"type": "Feature", "geometry": {"type": "Polygon", "coordinates": [[[-78.0, 48.0], [-78.0, 54.0], [-84.0, 54.0], [-84.0, 48.0], [-78.0, 48.0]]]}, "properties": {"name": "N48W084_6x6", "kind": "latlon", "epsg": 4326, "lonMult": 1, "height": 6, "width": 6, "available": 57, "selected": 15, "coverage": 0.9992, "unionFrac": 1.0, "bw": {"40": 15}}}, {"type": "Feature", "geometry": {"type": "Polygon", "coordinates": [[[-72.0, 48.0], [-72.0, 54.0], [-78.0, 54.0], [-78.0, 48.0], [-72.0, 48.0]]]}, "properties": {"name": "N48W078_6x6", "kind": "latlon", "epsg": 4326, "lonMult": 1, "height": 6, "width": 6, "available": 53, "selected": 16, "coverage": 1.0, "unionFrac": 1.0, "bw": {"40": 16}}}, {"type": "Feature", "geometry": {"type": "Polygon", "coordinates": [[[-66.0, 48.0], [-66.0, 54.0], [-72.0, 54.0], [-72.0, 48.0], [-66.0, 48.0]]]}, "properties": {"name": "N48W072_6x6", "kind": "latlon", "epsg": 4326, "lonMult": 1, "height": 6, "width": 6, "available": 58, "selected": 14, "coverage": 1.0, "unionFrac": 1.0, "bw": {"40": 14}}}, {"type": "Feature", "geometry": {"type": "Polygon", "coordinates": [[[-60.0, 48.0], [-60.0, 54.0], [-66.0, 54.0], [-66.0, 48.0], [-60.0, 48.0]]]}, "properties": {"name": "N48W066_6x6", "kind": "latlon", "epsg": 4326, "lonMult": 1, "height": 6, "width": 6, "available": 60, "selected": 13, "coverage": 0.9828, "unionFrac": 0.9832, "bw": {"40": 13}}}, {"type": "Feature", "geometry": {"type": "Polygon", "coordinates": [[[-54.0, 48.0], [-54.0, 54.0], [-60.0, 54.0], [-60.0, 48.0], [-54.0, 48.0]]]}, "properties": {"name": "N48W060_6x6", "kind": "latlon", "epsg": 4326, "lonMult": 1, "height": 6, "width": 6, "available": 39, "selected": 10, "coverage": 0.9012, "unionFrac": 0.9012, "bw": {"40": 10}}}, {"type": "Feature", "geometry": {"type": "Polygon", "coordinates": [[[-48.0, 48.0], [-48.0, 54.0], [-54.0, 54.0], [-54.0, 48.0], [-48.0, 48.0]]]}, "properties": {"name": "N48W054_6x6", "kind": "latlon", "epsg": 4326, "lonMult": 1, "height": 6, "width": 6, "available": 6, "selected": 2, "coverage": 0.0726, "unionFrac": 0.0726, "bw": {"40": 2}}}, {"type": "Feature", "geometry": {"type": "Polygon", "coordinates": [[[-12.0, 48.0], [-12.0, 54.0], [-18.0, 54.0], [-18.0, 48.0], [-12.0, 48.0]]]}, "properties": {"name": "N48W018_6x6", "kind": "latlon", "epsg": 4326, "lonMult": 1, "height": 6, "width": 6, "available": 2, "selected": 2, "coverage": 0.0332, "unionFrac": 0.0332, "bw": {"20": 2}}}, {"type": "Feature", "geometry": {"type": "Polygon", "coordinates": [[[-6.0, 48.0], [-6.0, 54.0], [-12.0, 54.0], [-12.0, 48.0], [-6.0, 48.0]]]}, "properties": {"name": "N48W012_6x6", "kind": "latlon", "epsg": 4326, "lonMult": 1, "height": 6, "width": 6, "available": 29, "selected": 10, "coverage": 0.5528, "unionFrac": 0.5531, "bw": {"20": 10}}}, {"type": "Feature", "geometry": {"type": "Polygon", "coordinates": [[[0.0, 48.0], [0.0, 54.0], [-6.0, 54.0], [-6.0, 48.0], [0.0, 48.0]]]}, "properties": {"name": "N48W006_6x6", "kind": "latlon", "epsg": 4326, "lonMult": 1, "height": 6, "width": 6, "available": 47, "selected": 15, "coverage": 0.9986, "unionFrac": 0.9987, "bw": {"20": 15}}}, {"type": "Feature", "geometry": {"type": "Polygon", "coordinates": [[[6.0, 48.0], [6.0, 54.0], [0.0, 54.0], [0.0, 48.0], [6.0, 48.0]]]}, "properties": {"name": "N48E000_6x6", "kind": "latlon", "epsg": 4326, "lonMult": 1, "height": 6, "width": 6, "available": 47, "selected": 16, "coverage": 0.9316, "unionFrac": 0.9325, "bw": {"20": 16}}}, {"type": "Feature", "geometry": {"type": "Polygon", "coordinates": [[[12.0, 48.0], [12.0, 54.0], [6.0, 54.0], [6.0, 48.0], [12.0, 48.0]]]}, "properties": {"name": "N48E006_6x6", "kind": "latlon", "epsg": 4326, "lonMult": 1, "height": 6, "width": 6, "available": 65, "selected": 16, "coverage": 0.9947, "unionFrac": 0.995, "bw": {"40": 1, "20": 15}}}, {"type": "Feature", "geometry": {"type": "Polygon", "coordinates": [[[18.0, 48.0], [18.0, 54.0], [12.0, 54.0], [12.0, 48.0], [18.0, 48.0]]]}, "properties": {"name": "N48E012_6x6", "kind": "latlon", "epsg": 4326, "lonMult": 1, "height": 6, "width": 6, "available": 72, "selected": 17, "coverage": 1.0, "unionFrac": 1.0, "bw": {"40": 2, "20": 15}}}, {"type": "Feature", "geometry": {"type": "Polygon", "coordinates": [[[24.0, 48.0], [24.0, 54.0], [18.0, 54.0], [18.0, 48.0], [24.0, 48.0]]]}, "properties": {"name": "N48E018_6x6", "kind": "latlon", "epsg": 4326, "lonMult": 1, "height": 6, "width": 6, "available": 67, "selected": 15, "coverage": 1.0, "unionFrac": 1.0, "bw": {"20": 15}}}, {"type": "Feature", "geometry": {"type": "Polygon", "coordinates": [[[30.0, 48.0], [30.0, 54.0], [24.0, 54.0], [24.0, 48.0], [30.0, 48.0]]]}, "properties": {"name": "N48E024_6x6", "kind": "latlon", "epsg": 4326, "lonMult": 1, "height": 6, "width": 6, "available": 61, "selected": 14, "coverage": 0.9998, "unionFrac": 1.0, "bw": {"20": 14}}}, {"type": "Feature", "geometry": {"type": "Polygon", "coordinates": [[[36.0, 48.0], [36.0, 54.0], [30.0, 54.0], [30.0, 48.0], [36.0, 48.0]]]}, "properties": {"name": "N48E030_6x6", "kind": "latlon", "epsg": 4326, "lonMult": 1, "height": 6, "width": 6, "available": 60, "selected": 13, "coverage": 0.9999, "unionFrac": 1.0, "bw": {"20": 13}}}, {"type": "Feature", "geometry": {"type": "Polygon", "coordinates": [[[42.0, 48.0], [42.0, 54.0], [36.0, 54.0], [36.0, 48.0], [42.0, 48.0]]]}, "properties": {"name": "N48E036_6x6", "kind": "latlon", "epsg": 4326, "lonMult": 1, "height": 6, "width": 6, "available": 64, "selected": 13, "coverage": 0.9997, "unionFrac": 1.0, "bw": {"20": 13}}}, {"type": "Feature", "geometry": {"type": "Polygon", "coordinates": [[[48.0, 48.0], [48.0, 54.0], [42.0, 54.0], [42.0, 48.0], [48.0, 48.0]]]}, "properties": {"name": "N48E042_6x6", "kind": "latlon", "epsg": 4326, "lonMult": 1, "height": 6, "width": 6, "available": 61, "selected": 15, "coverage": 0.9998, "unionFrac": 1.0, "bw": {"40": 2, "20": 13}}}, {"type": "Feature", "geometry": {"type": "Polygon", "coordinates": [[[54.0, 48.0], [54.0, 54.0], [48.0, 54.0], [48.0, 48.0], [54.0, 48.0]]]}, "properties": {"name": "N48E048_6x6", "kind": "latlon", "epsg": 4326, "lonMult": 1, "height": 6, "width": 6, "available": 54, "selected": 14, "coverage": 1.0, "unionFrac": 1.0, "bw": {"20": 14}}}, {"type": "Feature", "geometry": {"type": "Polygon", "coordinates": [[[60.0, 48.0], [60.0, 54.0], [54.0, 54.0], [54.0, 48.0], [60.0, 48.0]]]}, "properties": {"name": "N48E054_6x6", "kind": "latlon", "epsg": 4326, "lonMult": 1, "height": 6, "width": 6, "available": 52, "selected": 13, "coverage": 0.9998, "unionFrac": 1.0, "bw": {"20": 13}}}, {"type": "Feature", "geometry": {"type": "Polygon", "coordinates": [[[66.0, 48.0], [66.0, 54.0], [60.0, 54.0], [60.0, 48.0], [66.0, 48.0]]]}, "properties": {"name": "N48E060_6x6", "kind": "latlon", "epsg": 4326, "lonMult": 1, "height": 6, "width": 6, "available": 54, "selected": 14, "coverage": 1.0, "unionFrac": 1.0, "bw": {"20": 14}}}, {"type": "Feature", "geometry": {"type": "Polygon", "coordinates": [[[72.0, 48.0], [72.0, 54.0], [66.0, 54.0], [66.0, 48.0], [72.0, 48.0]]]}, "properties": {"name": "N48E066_6x6", "kind": "latlon", "epsg": 4326, "lonMult": 1, "height": 6, "width": 6, "available": 55, "selected": 15, "coverage": 0.9995, "unionFrac": 1.0, "bw": {"20": 15}}}, {"type": "Feature", "geometry": {"type": "Polygon", "coordinates": [[[78.0, 48.0], [78.0, 54.0], [72.0, 54.0], [72.0, 48.0], [78.0, 48.0]]]}, "properties": {"name": "N48E072_6x6", "kind": "latlon", "epsg": 4326, "lonMult": 1, "height": 6, "width": 6, "available": 51, "selected": 13, "coverage": 1.0, "unionFrac": 1.0, "bw": {"20": 13}}}, {"type": "Feature", "geometry": {"type": "Polygon", "coordinates": [[[84.0, 48.0], [84.0, 54.0], [78.0, 54.0], [78.0, 48.0], [84.0, 48.0]]]}, "properties": {"name": "N48E078_6x6", "kind": "latlon", "epsg": 4326, "lonMult": 1, "height": 6, "width": 6, "available": 59, "selected": 14, "coverage": 1.0, "unionFrac": 1.0, "bw": {"20": 14}}}, {"type": "Feature", "geometry": {"type": "Polygon", "coordinates": [[[90.0, 48.0], [90.0, 54.0], [84.0, 54.0], [84.0, 48.0], [90.0, 48.0]]]}, "properties": {"name": "N48E084_6x6", "kind": "latlon", "epsg": 4326, "lonMult": 1, "height": 6, "width": 6, "available": 63, "selected": 13, "coverage": 1.0, "unionFrac": 1.0, "bw": {"20": 13}}}, {"type": "Feature", "geometry": {"type": "Polygon", "coordinates": [[[96.0, 48.0], [96.0, 54.0], [90.0, 54.0], [90.0, 48.0], [96.0, 48.0]]]}, "properties": {"name": "N48E090_6x6", "kind": "latlon", "epsg": 4326, "lonMult": 1, "height": 6, "width": 6, "available": 65, "selected": 11, "coverage": 0.9991, "unionFrac": 1.0, "bw": {"20": 11}}}, {"type": "Feature", "geometry": {"type": "Polygon", "coordinates": [[[102.0, 48.0], [102.0, 54.0], [96.0, 54.0], [96.0, 48.0], [102.0, 48.0]]]}, "properties": {"name": "N48E096_6x6", "kind": "latlon", "epsg": 4326, "lonMult": 1, "height": 6, "width": 6, "available": 51, "selected": 14, "coverage": 0.9996, "unionFrac": 1.0, "bw": {"20": 14}}}, {"type": "Feature", "geometry": {"type": "Polygon", "coordinates": [[[108.0, 48.0], [108.0, 54.0], [102.0, 54.0], [102.0, 48.0], [108.0, 48.0]]]}, "properties": {"name": "N48E102_6x6", "kind": "latlon", "epsg": 4326, "lonMult": 1, "height": 6, "width": 6, "available": 48, "selected": 15, "coverage": 1.0, "unionFrac": 1.0, "bw": {"20": 15}}}, {"type": "Feature", "geometry": {"type": "Polygon", "coordinates": [[[114.0, 48.0], [114.0, 54.0], [108.0, 54.0], [108.0, 48.0], [114.0, 48.0]]]}, "properties": {"name": "N48E108_6x6", "kind": "latlon", "epsg": 4326, "lonMult": 1, "height": 6, "width": 6, "available": 58, "selected": 13, "coverage": 0.9999, "unionFrac": 1.0, "bw": {"20": 13}}}, {"type": "Feature", "geometry": {"type": "Polygon", "coordinates": [[[120.0, 48.0], [120.0, 54.0], [114.0, 54.0], [114.0, 48.0], [120.0, 48.0]]]}, "properties": {"name": "N48E114_6x6", "kind": "latlon", "epsg": 4326, "lonMult": 1, "height": 6, "width": 6, "available": 63, "selected": 13, "coverage": 0.9997, "unionFrac": 1.0, "bw": {"20": 13}}}, {"type": "Feature", "geometry": {"type": "Polygon", "coordinates": [[[126.0, 48.0], [126.0, 54.0], [120.0, 54.0], [120.0, 48.0], [126.0, 48.0]]]}, "properties": {"name": "N48E120_6x6", "kind": "latlon", "epsg": 4326, "lonMult": 1, "height": 6, "width": 6, "available": 59, "selected": 14, "coverage": 0.9993, "unionFrac": 1.0, "bw": {"20": 14}}}, {"type": "Feature", "geometry": {"type": "Polygon", "coordinates": [[[132.0, 48.0], [132.0, 54.0], [126.0, 54.0], [126.0, 48.0], [132.0, 48.0]]]}, "properties": {"name": "N48E126_6x6", "kind": "latlon", "epsg": 4326, "lonMult": 1, "height": 6, "width": 6, "available": 59, "selected": 14, "coverage": 0.9993, "unionFrac": 1.0, "bw": {"20": 14}}}, {"type": "Feature", "geometry": {"type": "Polygon", "coordinates": [[[138.0, 48.0], [138.0, 54.0], [132.0, 54.0], [132.0, 48.0], [138.0, 48.0]]]}, "properties": {"name": "N48E132_6x6", "kind": "latlon", "epsg": 4326, "lonMult": 1, "height": 6, "width": 6, "available": 66, "selected": 15, "coverage": 0.9999, "unionFrac": 1.0, "bw": {"40": 3, "20": 12}}}, {"type": "Feature", "geometry": {"type": "Polygon", "coordinates": [[[144.0, 48.0], [144.0, 54.0], [138.0, 54.0], [138.0, 48.0], [144.0, 48.0]]]}, "properties": {"name": "N48E138_6x6", "kind": "latlon", "epsg": 4326, "lonMult": 1, "height": 6, "width": 6, "available": 56, "selected": 15, "coverage": 0.983, "unionFrac": 0.983, "bw": {"40": 3, "20": 12}}}, {"type": "Feature", "geometry": {"type": "Polygon", "coordinates": [[[150.0, 48.0], [150.0, 54.0], [144.0, 54.0], [144.0, 48.0], [150.0, 48.0]]]}, "properties": {"name": "N48E144_6x6", "kind": "latlon", "epsg": 4326, "lonMult": 1, "height": 6, "width": 6, "available": 14, "selected": 3, "coverage": 0.1988, "unionFrac": 0.1989, "bw": {"20": 3}}}, {"type": "Feature", "geometry": {"type": "Polygon", "coordinates": [[[156.0, 48.0], [156.0, 54.0], [150.0, 54.0], [150.0, 48.0], [156.0, 48.0]]]}, "properties": {"name": "N48E150_6x6", "kind": "latlon", "epsg": 4326, "lonMult": 1, "height": 6, "width": 6, "available": 27, "selected": 13, "coverage": 0.4736, "unionFrac": 0.4736, "bw": {"40": 2, "20": 11}}}, {"type": "Feature", "geometry": {"type": "Polygon", "coordinates": [[[162.0, 48.0], [162.0, 54.0], [156.0, 54.0], [156.0, 48.0], [162.0, 48.0]]]}, "properties": {"name": "N48E156_6x6", "kind": "latlon", "epsg": 4326, "lonMult": 1, "height": 6, "width": 6, "available": 39, "selected": 9, "coverage": 0.4464, "unionFrac": 0.4484, "bw": {"40": 4, "20": 5}}}, {"type": "Feature", "geometry": {"type": "Polygon", "coordinates": [[[168.0, 48.0], [168.0, 54.0], [162.0, 54.0], [162.0, 48.0], [168.0, 48.0]]]}, "properties": {"name": "N48E162_6x6", "kind": "latlon", "epsg": 4326, "lonMult": 1, "height": 6, "width": 6, "available": 6, "selected": 2, "coverage": 0.0325, "unionFrac": 0.0326, "bw": {"20": 2}}}, {"type": "Feature", "geometry": {"type": "Polygon", "coordinates": [[[174.0, 48.0], [174.0, 54.0], [168.0, 54.0], [168.0, 48.0], [174.0, 48.0]]]}, "properties": {"name": "N48E168_6x6", "kind": "latlon", "epsg": 4326, "lonMult": 1, "height": 6, "width": 6, "available": 3, "selected": 2, "coverage": 0.1331, "unionFrac": 0.1331, "bw": {"20": 2}}}, {"type": "Feature", "geometry": {"type": "Polygon", "coordinates": [[[180.0, 48.0], [180.0, 54.0], [174.0, 54.0], [174.0, 48.0], [180.0, 48.0]]]}, "properties": {"name": "N48E174_6x6", "kind": "latlon", "epsg": 4326, "lonMult": 1, "height": 6, "width": 6, "available": 8, "selected": 3, "coverage": 0.2335, "unionFrac": 0.2345, "bw": {"20": 3}}}, {"type": "Feature", "geometry": {"type": "Polygon", "coordinates": [[[-168.0, 54.0], [-168.0, 60.0], [-174.0, 60.0], [-174.0, 54.0], [-168.0, 54.0]]]}, "properties": {"name": "N54W174_6x6", "kind": "latlon", "epsg": 4326, "lonMult": 1, "height": 6, "width": 6, "available": 6, "selected": 2, "coverage": 0.0192, "unionFrac": 0.0193, "bw": {"40": 2}}}, {"type": "Feature", "geometry": {"type": "Polygon", "coordinates": [[[-162.0, 54.0], [-162.0, 60.0], [-168.0, 60.0], [-168.0, 54.0], [-162.0, 54.0]]]}, "properties": {"name": "N54W168_6x6", "kind": "latlon", "epsg": 4326, "lonMult": 1, "height": 6, "width": 6, "available": 49, "selected": 15, "coverage": 0.5614, "unionFrac": 0.5616, "bw": {"40": 12, "20": 3}}}, {"type": "Feature", "geometry": {"type": "Polygon", "coordinates": [[[-156.0, 54.0], [-156.0, 60.0], [-162.0, 60.0], [-162.0, 54.0], [-156.0, 54.0]]]}, "properties": {"name": "N54W162_6x6", "kind": "latlon", "epsg": 4326, "lonMult": 1, "height": 6, "width": 6, "available": 63, "selected": 14, "coverage": 0.865, "unionFrac": 0.865, "bw": {"40": 11, "20": 3}}}, {"type": "Feature", "geometry": {"type": "Polygon", "coordinates": [[[-150.0, 54.0], [-150.0, 60.0], [-156.0, 60.0], [-156.0, 54.0], [-150.0, 54.0]]]}, "properties": {"name": "N54W156_6x6", "kind": "latlon", "epsg": 4326, "lonMult": 1, "height": 6, "width": 6, "available": 37, "selected": 9, "coverage": 0.6921, "unionFrac": 0.6928, "bw": {"40": 9}}}, {"type": "Feature", "geometry": {"type": "Polygon", "coordinates": [[[-144.0, 54.0], [-144.0, 60.0], [-150.0, 60.0], [-150.0, 54.0], [-144.0, 54.0]]]}, "properties": {"name": "N54W150_6x6", "kind": "latlon", "epsg": 4326, "lonMult": 1, "height": 6, "width": 6, "available": 22, "selected": 6, "coverage": 0.2472, "unionFrac": 0.2478, "bw": {"40": 6}}}, {"type": "Feature", "geometry": {"type": "Polygon", "coordinates": [[[-138.0, 54.0], [-138.0, 60.0], [-144.0, 60.0], [-144.0, 54.0], [-138.0, 54.0]]]}, "properties": {"name": "N54W144_6x6", "kind": "latlon", "epsg": 4326, "lonMult": 1, "height": 6, "width": 6, "available": 24, "selected": 7, "coverage": 0.4064, "unionFrac": 0.4072, "bw": {"40": 7}}}, {"type": "Feature", "geometry": {"type": "Polygon", "coordinates": [[[-132.0, 54.0], [-132.0, 60.0], [-138.0, 60.0], [-138.0, 54.0], [-132.0, 54.0]]]}, "properties": {"name": "N54W138_6x6", "kind": "latlon", "epsg": 4326, "lonMult": 1, "height": 6, "width": 6, "available": 48, "selected": 8, "coverage": 0.886, "unionFrac": 0.8864, "bw": {"40": 8}}}, {"type": "Feature", "geometry": {"type": "Polygon", "coordinates": [[[-126.0, 54.0], [-126.0, 60.0], [-132.0, 60.0], [-132.0, 54.0], [-126.0, 54.0]]]}, "properties": {"name": "N54W132_6x6", "kind": "latlon", "epsg": 4326, "lonMult": 1, "height": 6, "width": 6, "available": 54, "selected": 11, "coverage": 1.0, "unionFrac": 1.0, "bw": {"40": 11}}}, {"type": "Feature", "geometry": {"type": "Polygon", "coordinates": [[[-120.0, 54.0], [-120.0, 60.0], [-126.0, 60.0], [-126.0, 54.0], [-120.0, 54.0]]]}, "properties": {"name": "N54W126_6x6", "kind": "latlon", "epsg": 4326, "lonMult": 1, "height": 6, "width": 6, "available": 51, "selected": 10, "coverage": 1.0, "unionFrac": 1.0, "bw": {"40": 10}}}, {"type": "Feature", "geometry": {"type": "Polygon", "coordinates": [[[-114.0, 54.0], [-114.0, 60.0], [-120.0, 60.0], [-120.0, 54.0], [-114.0, 54.0]]]}, "properties": {"name": "N54W120_6x6", "kind": "latlon", "epsg": 4326, "lonMult": 1, "height": 6, "width": 6, "available": 49, "selected": 11, "coverage": 1.0, "unionFrac": 1.0, "bw": {"40": 11}}}, {"type": "Feature", "geometry": {"type": "Polygon", "coordinates": [[[-108.0, 54.0], [-108.0, 60.0], [-114.0, 60.0], [-114.0, 54.0], [-108.0, 54.0]]]}, "properties": {"name": "N54W114_6x6", "kind": "latlon", "epsg": 4326, "lonMult": 1, "height": 6, "width": 6, "available": 46, "selected": 10, "coverage": 0.9991, "unionFrac": 1.0, "bw": {"40": 10}}}, {"type": "Feature", "geometry": {"type": "Polygon", "coordinates": [[[-102.0, 54.0], [-102.0, 60.0], [-108.0, 60.0], [-108.0, 54.0], [-102.0, 54.0]]]}, "properties": {"name": "N54W108_6x6", "kind": "latlon", "epsg": 4326, "lonMult": 1, "height": 6, "width": 6, "available": 46, "selected": 11, "coverage": 1.0, "unionFrac": 1.0, "bw": {"40": 11}}}, {"type": "Feature", "geometry": {"type": "Polygon", "coordinates": [[[-96.0, 54.0], [-96.0, 60.0], [-102.0, 60.0], [-102.0, 54.0], [-96.0, 54.0]]]}, "properties": {"name": "N54W102_6x6", "kind": "latlon", "epsg": 4326, "lonMult": 1, "height": 6, "width": 6, "available": 45, "selected": 11, "coverage": 0.9985, "unionFrac": 1.0, "bw": {"40": 11}}}, {"type": "Feature", "geometry": {"type": "Polygon", "coordinates": [[[-90.0, 54.0], [-90.0, 60.0], [-96.0, 60.0], [-96.0, 54.0], [-90.0, 54.0]]]}, "properties": {"name": "N54W096_6x6", "kind": "latlon", "epsg": 4326, "lonMult": 1, "height": 6, "width": 6, "available": 44, "selected": 12, "coverage": 0.878, "unionFrac": 0.8786, "bw": {"40": 12}}}, {"type": "Feature", "geometry": {"type": "Polygon", "coordinates": [[[-84.0, 54.0], [-84.0, 60.0], [-90.0, 60.0], [-90.0, 54.0], [-84.0, 54.0]]]}, "properties": {"name": "N54W090_6x6", "kind": "latlon", "epsg": 4326, "lonMult": 1, "height": 6, "width": 6, "available": 29, "selected": 9, "coverage": 0.5487, "unionFrac": 0.5495, "bw": {"40": 9}}}, {"type": "Feature", "geometry": {"type": "Polygon", "coordinates": [[[-78.0, 54.0], [-78.0, 60.0], [-84.0, 60.0], [-84.0, 54.0], [-78.0, 54.0]]]}, "properties": {"name": "N54W084_6x6", "kind": "latlon", "epsg": 4326, "lonMult": 1, "height": 6, "width": 6, "available": 27, "selected": 11, "coverage": 0.6282, "unionFrac": 0.629, "bw": {"40": 11}}}, {"type": "Feature", "geometry": {"type": "Polygon", "coordinates": [[[-72.0, 54.0], [-72.0, 60.0], [-78.0, 60.0], [-78.0, 54.0], [-72.0, 54.0]]]}, "properties": {"name": "N54W078_6x6", "kind": "latlon", "epsg": 4326, "lonMult": 1, "height": 6, "width": 6, "available": 42, "selected": 12, "coverage": 1.0, "unionFrac": 1.0, "bw": {"40": 12}}}, {"type": "Feature", "geometry": {"type": "Polygon", "coordinates": [[[-66.0, 54.0], [-66.0, 60.0], [-72.0, 60.0], [-72.0, 54.0], [-66.0, 54.0]]]}, "properties": {"name": "N54W072_6x6", "kind": "latlon", "epsg": 4326, "lonMult": 1, "height": 6, "width": 6, "available": 51, "selected": 14, "coverage": 0.9747, "unionFrac": 0.9747, "bw": {"40": 14}}}, {"type": "Feature", "geometry": {"type": "Polygon", "coordinates": [[[-60.0, 54.0], [-60.0, 60.0], [-66.0, 60.0], [-66.0, 54.0], [-60.0, 54.0]]]}, "properties": {"name": "N54W066_6x6", "kind": "latlon", "epsg": 4326, "lonMult": 1, "height": 6, "width": 6, "available": 41, "selected": 10, "coverage": 0.9815, "unionFrac": 0.9816, "bw": {"40": 10}}}, {"type": "Feature", "geometry": {"type": "Polygon", "coordinates": [[[-54.0, 54.0], [-54.0, 60.0], [-60.0, 60.0], [-60.0, 54.0], [-54.0, 54.0]]]}, "properties": {"name": "N54W060_6x6", "kind": "latlon", "epsg": 4326, "lonMult": 1, "height": 6, "width": 6, "available": 15, "selected": 3, "coverage": 0.297, "unionFrac": 0.297, "bw": {"40": 3}}}, {"type": "Feature", "geometry": {"type": "Polygon", "coordinates": [[[-48.0, 54.0], [-48.0, 60.0], [-54.0, 60.0], [-54.0, 54.0], [-48.0, 54.0]]]}, "properties": {"name": "N54W054_6x6", "kind": "latlon", "epsg": 4326, "lonMult": 1, "height": 6, "width": 6, "available": 3, "selected": 1, "coverage": 0.0129, "unionFrac": 0.0129, "bw": {"77": 1}}}, {"type": "Feature", "geometry": {"type": "Polygon", "coordinates": [[[-42.0, 54.0], [-42.0, 60.0], [-48.0, 60.0], [-48.0, 54.0], [-42.0, 54.0]]]}, "properties": {"name": "N54W048_6x6", "kind": "latlon", "epsg": 4326, "lonMult": 1, "height": 6, "width": 6, "available": 12, "selected": 4, "coverage": 0.1171, "unionFrac": 0.1178, "bw": {"77": 4}}}, {"type": "Feature", "geometry": {"type": "Polygon", "coordinates": [[[-36.0, 54.0], [-36.0, 60.0], [-42.0, 60.0], [-42.0, 54.0], [-36.0, 54.0]]]}, "properties": {"name": "N54W042_6x6", "kind": "latlon", "epsg": 4326, "lonMult": 1, "height": 6, "width": 6, "available": 3, "selected": 1, "coverage": 0.0157, "unionFrac": 0.0164, "bw": {"77": 1}}}, {"type": "Feature", "geometry": {"type": "Polygon", "coordinates": [[[-6.0, 54.0], [-6.0, 60.0], [-12.0, 60.0], [-12.0, 54.0], [-6.0, 54.0]]]}, "properties": {"name": "N54W012_6x6", "kind": "latlon", "epsg": 4326, "lonMult": 1, "height": 6, "width": 6, "available": 23, "selected": 9, "coverage": 0.3756, "unionFrac": 0.3756, "bw": {"20": 9}}}, {"type": "Feature", "geometry": {"type": "Polygon", "coordinates": [[[0.0, 54.0], [0.0, 60.0], [-6.0, 60.0], [-6.0, 54.0], [0.0, 54.0]]]}, "properties": {"name": "N54W006_6x6", "kind": "latlon", "epsg": 4326, "lonMult": 1, "height": 6, "width": 6, "available": 25, "selected": 11, "coverage": 0.8055, "unionFrac": 0.8055, "bw": {"20": 11}}}, {"type": "Feature", "geometry": {"type": "Polygon", "coordinates": [[[6.0, 54.0], [6.0, 60.0], [0.0, 60.0], [0.0, 54.0], [6.0, 54.0]]]}, "properties": {"name": "N54E000_6x6", "kind": "latlon", "epsg": 4326, "lonMult": 1, "height": 6, "width": 6, "available": 12, "selected": 4, "coverage": 0.2179, "unionFrac": 0.218, "bw": {"20": 4}}}, {"type": "Feature", "geometry": {"type": "Polygon", "coordinates": [[[12.0, 54.0], [12.0, 60.0], [6.0, 60.0], [6.0, 54.0], [12.0, 54.0]]]}, "properties": {"name": "N54E006_6x6", "kind": "latlon", "epsg": 4326, "lonMult": 1, "height": 6, "width": 6, "available": 39, "selected": 11, "coverage": 0.9147, "unionFrac": 0.9147, "bw": {"20": 11}}}, {"type": "Feature", "geometry": {"type": "Polygon", "coordinates": [[[18.0, 54.0], [18.0, 60.0], [12.0, 60.0], [12.0, 54.0], [18.0, 54.0]]]}, "properties": {"name": "N54E012_6x6", "kind": "latlon", "epsg": 4326, "lonMult": 1, "height": 6, "width": 6, "available": 45, "selected": 10, "coverage": 0.9996, "unionFrac": 1.0, "bw": {"20": 10}}}, {"type": "Feature", "geometry": {"type": "Polygon", "coordinates": [[[24.0, 54.0], [24.0, 60.0], [18.0, 60.0], [18.0, 54.0], [24.0, 54.0]]]}, "properties": {"name": "N54E018_6x6", "kind": "latlon", "epsg": 4326, "lonMult": 1, "height": 6, "width": 6, "available": 47, "selected": 9, "coverage": 1.0, "unionFrac": 1.0, "bw": {"20": 9}}}, {"type": "Feature", "geometry": {"type": "Polygon", "coordinates": [[[30.0, 54.0], [30.0, 60.0], [24.0, 60.0], [24.0, 54.0], [30.0, 54.0]]]}, "properties": {"name": "N54E024_6x6", "kind": "latlon", "epsg": 4326, "lonMult": 1, "height": 6, "width": 6, "available": 59, "selected": 10, "coverage": 0.9997, "unionFrac": 1.0, "bw": {"40": 2, "20": 8}}}, {"type": "Feature", "geometry": {"type": "Polygon", "coordinates": [[[36.0, 54.0], [36.0, 60.0], [30.0, 60.0], [30.0, 54.0], [36.0, 54.0]]]}, "properties": {"name": "N54E030_6x6", "kind": "latlon", "epsg": 4326, "lonMult": 1, "height": 6, "width": 6, "available": 67, "selected": 13, "coverage": 1.0, "unionFrac": 1.0, "bw": {"40": 2, "20": 11}}}, {"type": "Feature", "geometry": {"type": "Polygon", "coordinates": [[[42.0, 54.0], [42.0, 60.0], [36.0, 60.0], [36.0, 54.0], [42.0, 54.0]]]}, "properties": {"name": "N54E036_6x6", "kind": "latlon", "epsg": 4326, "lonMult": 1, "height": 6, "width": 6, "available": 61, "selected": 11, "coverage": 1.0, "unionFrac": 1.0, "bw": {"20": 11}}}, {"type": "Feature", "geometry": {"type": "Polygon", "coordinates": [[[48.0, 54.0], [48.0, 60.0], [42.0, 60.0], [42.0, 54.0], [48.0, 54.0]]]}, "properties": {"name": "N54E042_6x6", "kind": "latlon", "epsg": 4326, "lonMult": 1, "height": 6, "width": 6, "available": 47, "selected": 9, "coverage": 1.0, "unionFrac": 1.0, "bw": {"20": 9}}}, {"type": "Feature", "geometry": {"type": "Polygon", "coordinates": [[[54.0, 54.0], [54.0, 60.0], [48.0, 60.0], [48.0, 54.0], [54.0, 54.0]]]}, "properties": {"name": "N54E048_6x6", "kind": "latlon", "epsg": 4326, "lonMult": 1, "height": 6, "width": 6, "available": 38, "selected": 11, "coverage": 1.0, "unionFrac": 1.0, "bw": {"20": 11}}}, {"type": "Feature", "geometry": {"type": "Polygon", "coordinates": [[[60.0, 54.0], [60.0, 60.0], [54.0, 60.0], [54.0, 54.0], [60.0, 54.0]]]}, "properties": {"name": "N54E054_6x6", "kind": "latlon", "epsg": 4326, "lonMult": 1, "height": 6, "width": 6, "available": 43, "selected": 10, "coverage": 1.0, "unionFrac": 1.0, "bw": {"20": 10}}}, {"type": "Feature", "geometry": {"type": "Polygon", "coordinates": [[[66.0, 54.0], [66.0, 60.0], [60.0, 60.0], [60.0, 54.0], [66.0, 54.0]]]}, "properties": {"name": "N54E060_6x6", "kind": "latlon", "epsg": 4326, "lonMult": 1, "height": 6, "width": 6, "available": 49, "selected": 12, "coverage": 1.0, "unionFrac": 1.0, "bw": {"20": 12}}}, {"type": "Feature", "geometry": {"type": "Polygon", "coordinates": [[[72.0, 54.0], [72.0, 60.0], [66.0, 60.0], [66.0, 54.0], [72.0, 54.0]]]}, "properties": {"name": "N54E066_6x6", "kind": "latlon", "epsg": 4326, "lonMult": 1, "height": 6, "width": 6, "available": 42, "selected": 13, "coverage": 1.0, "unionFrac": 1.0, "bw": {"20": 13}}}, {"type": "Feature", "geometry": {"type": "Polygon", "coordinates": [[[78.0, 54.0], [78.0, 60.0], [72.0, 60.0], [72.0, 54.0], [78.0, 54.0]]]}, "properties": {"name": "N54E072_6x6", "kind": "latlon", "epsg": 4326, "lonMult": 1, "height": 6, "width": 6, "available": 45, "selected": 12, "coverage": 1.0, "unionFrac": 1.0, "bw": {"20": 12}}}, {"type": "Feature", "geometry": {"type": "Polygon", "coordinates": [[[84.0, 54.0], [84.0, 60.0], [78.0, 60.0], [78.0, 54.0], [84.0, 54.0]]]}, "properties": {"name": "N54E078_6x6", "kind": "latlon", "epsg": 4326, "lonMult": 1, "height": 6, "width": 6, "available": 51, "selected": 11, "coverage": 0.9999, "unionFrac": 1.0, "bw": {"20": 11}}}, {"type": "Feature", "geometry": {"type": "Polygon", "coordinates": [[[90.0, 54.0], [90.0, 60.0], [84.0, 60.0], [84.0, 54.0], [90.0, 54.0]]]}, "properties": {"name": "N54E084_6x6", "kind": "latlon", "epsg": 4326, "lonMult": 1, "height": 6, "width": 6, "available": 48, "selected": 10, "coverage": 0.9999, "unionFrac": 1.0, "bw": {"20": 10}}}, {"type": "Feature", "geometry": {"type": "Polygon", "coordinates": [[[96.0, 54.0], [96.0, 60.0], [90.0, 60.0], [90.0, 54.0], [96.0, 54.0]]]}, "properties": {"name": "N54E090_6x6", "kind": "latlon", "epsg": 4326, "lonMult": 1, "height": 6, "width": 6, "available": 39, "selected": 7, "coverage": 0.8673, "unionFrac": 0.8679, "bw": {"20": 7}}}, {"type": "Feature", "geometry": {"type": "Polygon", "coordinates": [[[102.0, 54.0], [102.0, 60.0], [96.0, 60.0], [96.0, 54.0], [102.0, 54.0]]]}, "properties": {"name": "N54E096_6x6", "kind": "latlon", "epsg": 4326, "lonMult": 1, "height": 6, "width": 6, "available": 37, "selected": 12, "coverage": 0.87, "unionFrac": 0.8701, "bw": {"20": 12}}}, {"type": "Feature", "geometry": {"type": "Polygon", "coordinates": [[[108.0, 54.0], [108.0, 60.0], [102.0, 60.0], [102.0, 54.0], [108.0, 54.0]]]}, "properties": {"name": "N54E102_6x6", "kind": "latlon", "epsg": 4326, "lonMult": 1, "height": 6, "width": 6, "available": 48, "selected": 12, "coverage": 1.0, "unionFrac": 1.0, "bw": {"20": 12}}}, {"type": "Feature", "geometry": {"type": "Polygon", "coordinates": [[[114.0, 54.0], [114.0, 60.0], [108.0, 60.0], [108.0, 54.0], [114.0, 54.0]]]}, "properties": {"name": "N54E108_6x6", "kind": "latlon", "epsg": 4326, "lonMult": 1, "height": 6, "width": 6, "available": 48, "selected": 10, "coverage": 1.0, "unionFrac": 1.0, "bw": {"20": 10}}}, {"type": "Feature", "geometry": {"type": "Polygon", "coordinates": [[[120.0, 54.0], [120.0, 60.0], [114.0, 60.0], [114.0, 54.0], [120.0, 54.0]]]}, "properties": {"name": "N54E114_6x6", "kind": "latlon", "epsg": 4326, "lonMult": 1, "height": 6, "width": 6, "available": 48, "selected": 10, "coverage": 1.0, "unionFrac": 1.0, "bw": {"20": 10}}}, {"type": "Feature", "geometry": {"type": "Polygon", "coordinates": [[[126.0, 54.0], [126.0, 60.0], [120.0, 60.0], [120.0, 54.0], [126.0, 54.0]]]}, "properties": {"name": "N54E120_6x6", "kind": "latlon", "epsg": 4326, "lonMult": 1, "height": 6, "width": 6, "available": 47, "selected": 14, "coverage": 1.0, "unionFrac": 1.0, "bw": {"20": 14}}}, {"type": "Feature", "geometry": {"type": "Polygon", "coordinates": [[[132.0, 54.0], [132.0, 60.0], [126.0, 60.0], [126.0, 54.0], [132.0, 54.0]]]}, "properties": {"name": "N54E126_6x6", "kind": "latlon", "epsg": 4326, "lonMult": 1, "height": 6, "width": 6, "available": 48, "selected": 11, "coverage": 0.9999, "unionFrac": 1.0, "bw": {"20": 11}}}, {"type": "Feature", "geometry": {"type": "Polygon", "coordinates": [[[138.0, 54.0], [138.0, 60.0], [132.0, 60.0], [132.0, 54.0], [138.0, 54.0]]]}, "properties": {"name": "N54E132_6x6", "kind": "latlon", "epsg": 4326, "lonMult": 1, "height": 6, "width": 6, "available": 48, "selected": 9, "coverage": 0.9991, "unionFrac": 1.0, "bw": {"20": 9}}}, {"type": "Feature", "geometry": {"type": "Polygon", "coordinates": [[[144.0, 54.0], [144.0, 60.0], [138.0, 60.0], [138.0, 54.0], [144.0, 54.0]]]}, "properties": {"name": "N54E138_6x6", "kind": "latlon", "epsg": 4326, "lonMult": 1, "height": 6, "width": 6, "available": 30, "selected": 12, "coverage": 0.6446, "unionFrac": 0.6446, "bw": {"20": 12}}}, {"type": "Feature", "geometry": {"type": "Polygon", "coordinates": [[[150.0, 54.0], [150.0, 60.0], [144.0, 60.0], [144.0, 54.0], [150.0, 54.0]]]}, "properties": {"name": "N54E144_6x6", "kind": "latlon", "epsg": 4326, "lonMult": 1, "height": 6, "width": 6, "available": 12, "selected": 4, "coverage": 0.2717, "unionFrac": 0.2718, "bw": {"20": 4}}}, {"type": "Feature", "geometry": {"type": "Polygon", "coordinates": [[[156.0, 54.0], [156.0, 60.0], [150.0, 60.0], [150.0, 54.0], [156.0, 54.0]]]}, "properties": {"name": "N54E150_6x6", "kind": "latlon", "epsg": 4326, "lonMult": 1, "height": 6, "width": 6, "available": 24, "selected": 7, "coverage": 0.55, "unionFrac": 0.5503, "bw": {"20": 7}}}, {"type": "Feature", "geometry": {"type": "Polygon", "coordinates": [[[162.0, 54.0], [162.0, 60.0], [156.0, 60.0], [156.0, 54.0], [162.0, 54.0]]]}, "properties": {"name": "N54E156_6x6", "kind": "latlon", "epsg": 4326, "lonMult": 1, "height": 6, "width": 6, "available": 49, "selected": 11, "coverage": 0.8975, "unionFrac": 0.8976, "bw": {"20": 11}}}, {"type": "Feature", "geometry": {"type": "Polygon", "coordinates": [[[168.0, 54.0], [168.0, 60.0], [162.0, 60.0], [162.0, 54.0], [168.0, 54.0]]]}, "properties": {"name": "N54E162_6x6", "kind": "latlon", "epsg": 4326, "lonMult": 1, "height": 6, "width": 6, "available": 33, "selected": 8, "coverage": 0.7497, "unionFrac": 0.7499, "bw": {"20": 8}}}, {"type": "Feature", "geometry": {"type": "Polygon", "coordinates": [[[174.0, 54.0], [174.0, 60.0], [168.0, 60.0], [168.0, 54.0], [174.0, 54.0]]]}, "properties": {"name": "N54E168_6x6", "kind": "latlon", "epsg": 4326, "lonMult": 1, "height": 6, "width": 6, "available": 9, "selected": 3, "coverage": 0.0367, "unionFrac": 0.0369, "bw": {"20": 3}}}, {"type": "Feature", "geometry": {"type": "Polygon", "coordinates": [[[-168.0, 60.0], [-168.0, 66.0], [-180.0, 66.0], [-180.0, 60.0], [-168.0, 60.0]]]}, "properties": {"name": "N60W180_6x12", "kind": "latlon", "epsg": 4326, "lonMult": 2, "height": 6, "width": 12, "available": 44, "selected": 12, "coverage": 0.4831, "unionFrac": 0.4853, "bw": {"40": 2, "20": 10}}}, {"type": "Feature", "geometry": {"type": "Polygon", "coordinates": [[[-156.0, 60.0], [-156.0, 66.0], [-168.0, 66.0], [-168.0, 60.0], [-156.0, 60.0]]]}, "properties": {"name": "N60W168_6x12", "kind": "latlon", "epsg": 4326, "lonMult": 2, "height": 6, "width": 12, "available": 65, "selected": 15, "coverage": 0.9578, "unionFrac": 0.9585, "bw": {"40": 13, "20": 2}}}, {"type": "Feature", "geometry": {"type": "Polygon", "coordinates": [[[-144.0, 60.0], [-144.0, 66.0], [-156.0, 66.0], [-156.0, 60.0], [-144.0, 60.0]]]}, "properties": {"name": "N60W156_6x12", "kind": "latlon", "epsg": 4326, "lonMult": 2, "height": 6, "width": 12, "available": 108, "selected": 17, "coverage": 1.0, "unionFrac": 1.0, "bw": {"40": 17}}}, {"type": "Feature", "geometry": {"type": "Polygon", "coordinates": [[[-132.0, 60.0], [-132.0, 66.0], [-144.0, 66.0], [-144.0, 60.0], [-132.0, 60.0]]]}, "properties": {"name": "N60W144_6x12", "kind": "latlon", "epsg": 4326, "lonMult": 2, "height": 6, "width": 12, "available": 95, "selected": 18, "coverage": 0.999, "unionFrac": 1.0, "bw": {"40": 18}}}, {"type": "Feature", "geometry": {"type": "Polygon", "coordinates": [[[-120.0, 60.0], [-120.0, 66.0], [-132.0, 66.0], [-132.0, 60.0], [-120.0, 60.0]]]}, "properties": {"name": "N60W132_6x12", "kind": "latlon", "epsg": 4326, "lonMult": 2, "height": 6, "width": 12, "available": 73, "selected": 17, "coverage": 0.9999, "unionFrac": 1.0, "bw": {"40": 17}}}, {"type": "Feature", "geometry": {"type": "Polygon", "coordinates": [[[-108.0, 60.0], [-108.0, 66.0], [-120.0, 66.0], [-120.0, 60.0], [-108.0, 60.0]]]}, "properties": {"name": "N60W120_6x12", "kind": "latlon", "epsg": 4326, "lonMult": 2, "height": 6, "width": 12, "available": 72, "selected": 18, "coverage": 0.9996, "unionFrac": 1.0, "bw": {"40": 18}}}, {"type": "Feature", "geometry": {"type": "Polygon", "coordinates": [[[-96.0, 60.0], [-96.0, 66.0], [-108.0, 66.0], [-108.0, 60.0], [-96.0, 60.0]]]}, "properties": {"name": "N60W108_6x12", "kind": "latlon", "epsg": 4326, "lonMult": 2, "height": 6, "width": 12, "available": 62, "selected": 17, "coverage": 1.0, "unionFrac": 1.0, "bw": {"40": 17}}}, {"type": "Feature", "geometry": {"type": "Polygon", "coordinates": [[[-84.0, 60.0], [-84.0, 66.0], [-96.0, 66.0], [-96.0, 60.0], [-84.0, 60.0]]]}, "properties": {"name": "N60W096_6x12", "kind": "latlon", "epsg": 4326, "lonMult": 2, "height": 6, "width": 12, "available": 54, "selected": 13, "coverage": 0.7191, "unionFrac": 0.7195, "bw": {"40": 13}}}, {"type": "Feature", "geometry": {"type": "Polygon", "coordinates": [[[-72.0, 60.0], [-72.0, 66.0], [-84.0, 66.0], [-84.0, 60.0], [-72.0, 60.0]]]}, "properties": {"name": "N60W084_6x12", "kind": "latlon", "epsg": 4326, "lonMult": 2, "height": 6, "width": 12, "available": 45, "selected": 14, "coverage": 0.7984, "unionFrac": 0.8004, "bw": {"40": 14}}}, {"type": "Feature", "geometry": {"type": "Polygon", "coordinates": [[[-60.0, 60.0], [-60.0, 66.0], [-72.0, 66.0], [-72.0, 60.0], [-60.0, 60.0]]]}, "properties": {"name": "N60W072_6x12", "kind": "latlon", "epsg": 4326, "lonMult": 2, "height": 6, "width": 12, "available": 45, "selected": 13, "coverage": 0.7778, "unionFrac": 0.7787, "bw": {"77": 1, "40": 12}}}, {"type": "Feature", "geometry": {"type": "Polygon", "coordinates": [[[-48.0, 60.0], [-48.0, 66.0], [-60.0, 66.0], [-60.0, 60.0], [-48.0, 60.0]]]}, "properties": {"name": "N60W060_6x12", "kind": "latlon", "epsg": 4326, "lonMult": 2, "height": 6, "width": 12, "available": 39, "selected": 9, "coverage": 0.3728, "unionFrac": 0.3739, "bw": {"77": 9}}}, {"type": "Feature", "geometry": {"type": "Polygon", "coordinates": [[[-36.0, 60.0], [-36.0, 66.0], [-48.0, 66.0], [-48.0, 60.0], [-36.0, 60.0]]]}, "properties": {"name": "N60W048_6x12", "kind": "latlon", "epsg": 4326, "lonMult": 2, "height": 6, "width": 12, "available": 71, "selected": 22, "coverage": 0.759, "unionFrac": 0.7593, "bw": {"77": 22}}}, {"type": "Feature", "geometry": {"type": "Polygon", "coordinates": [[[-24.0, 60.0], [-24.0, 66.0], [-36.0, 66.0], [-36.0, 60.0], [-24.0, 60.0]]]}, "properties": {"name": "N60W036_6x12", "kind": "latlon", "epsg": 4326, "lonMult": 2, "height": 6, "width": 12, "available": 29, "selected": 9, "coverage": 0.1919, "unionFrac": 0.1926, "bw": {"77": 2, "40": 7}}}, {"type": "Feature", "geometry": {"type": "Polygon", "coordinates": [[[-12.0, 60.0], [-12.0, 66.0], [-24.0, 66.0], [-24.0, 60.0], [-12.0, 60.0]]]}, "properties": {"name": "N60W024_6x12", "kind": "latlon", "epsg": 4326, "lonMult": 2, "height": 6, "width": 12, "available": 54, "selected": 9, "coverage": 0.4567, "unionFrac": 0.4591, "bw": {"40": 9}}}, {"type": "Feature", "geometry": {"type": "Polygon", "coordinates": [[[0.0, 60.0], [0.0, 66.0], [-12.0, 66.0], [-12.0, 60.0], [0.0, 60.0]]]}, "properties": {"name": "N60W012_6x12", "kind": "latlon", "epsg": 4326, "lonMult": 2, "height": 6, "width": 12, "available": 6, "selected": 2, "coverage": 0.0297, "unionFrac": 0.03, "bw": {"40": 2}}}, {"type": "Feature", "geometry": {"type": "Polygon", "coordinates": [[[12.0, 60.0], [12.0, 66.0], [0.0, 66.0], [0.0, 60.0], [12.0, 60.0]]]}, "properties": {"name": "N60E000_6x12", "kind": "latlon", "epsg": 4326, "lonMult": 2, "height": 6, "width": 12, "available": 32, "selected": 14, "coverage": 0.4869, "unionFrac": 0.4873, "bw": {"20": 14}}}, {"type": "Feature", "geometry": {"type": "Polygon", "coordinates": [[[24.0, 60.0], [24.0, 66.0], [12.0, 66.0], [12.0, 60.0], [24.0, 60.0]]]}, "properties": {"name": "N60E012_6x12", "kind": "latlon", "epsg": 4326, "lonMult": 2, "height": 6, "width": 12, "available": 65, "selected": 15, "coverage": 0.9991, "unionFrac": 1.0, "bw": {"20": 15}}}, {"type": "Feature", "geometry": {"type": "Polygon", "coordinates": [[[36.0, 60.0], [36.0, 66.0], [24.0, 66.0], [24.0, 60.0], [36.0, 60.0]]]}, "properties": {"name": "N60E024_6x12", "kind": "latlon", "epsg": 4326, "lonMult": 2, "height": 6, "width": 12, "available": 82, "selected": 17, "coverage": 1.0, "unionFrac": 1.0, "bw": {"40": 1, "20": 16}}}, {"type": "Feature", "geometry": {"type": "Polygon", "coordinates": [[[48.0, 60.0], [48.0, 66.0], [36.0, 66.0], [36.0, 60.0], [48.0, 60.0]]]}, "properties": {"name": "N60E036_6x12", "kind": "latlon", "epsg": 4326, "lonMult": 2, "height": 6, "width": 12, "available": 60, "selected": 14, "coverage": 0.9999, "unionFrac": 1.0, "bw": {"20": 14}}}, {"type": "Feature", "geometry": {"type": "Polygon", "coordinates": [[[60.0, 60.0], [60.0, 66.0], [48.0, 66.0], [48.0, 60.0], [60.0, 60.0]]]}, "properties": {"name": "N60E048_6x12", "kind": "latlon", "epsg": 4326, "lonMult": 2, "height": 6, "width": 12, "available": 55, "selected": 17, "coverage": 0.9995, "unionFrac": 1.0, "bw": {"20": 17}}}, {"type": "Feature", "geometry": {"type": "Polygon", "coordinates": [[[72.0, 60.0], [72.0, 66.0], [60.0, 66.0], [60.0, 60.0], [72.0, 60.0]]]}, "properties": {"name": "N60E060_6x12", "kind": "latlon", "epsg": 4326, "lonMult": 2, "height": 6, "width": 12, "available": 63, "selected": 16, "coverage": 0.9996, "unionFrac": 1.0, "bw": {"20": 16}}}, {"type": "Feature", "geometry": {"type": "Polygon", "coordinates": [[[84.0, 60.0], [84.0, 66.0], [72.0, 66.0], [72.0, 60.0], [84.0, 60.0]]]}, "properties": {"name": "N60E072_6x12", "kind": "latlon", "epsg": 4326, "lonMult": 2, "height": 6, "width": 12, "available": 65, "selected": 14, "coverage": 1.0, "unionFrac": 1.0, "bw": {"20": 14}}}, {"type": "Feature", "geometry": {"type": "Polygon", "coordinates": [[[96.0, 60.0], [96.0, 66.0], [84.0, 66.0], [84.0, 60.0], [96.0, 60.0]]]}, "properties": {"name": "N60E084_6x12", "kind": "latlon", "epsg": 4326, "lonMult": 2, "height": 6, "width": 12, "available": 56, "selected": 17, "coverage": 0.9682, "unionFrac": 0.9682, "bw": {"20": 17}}}, {"type": "Feature", "geometry": {"type": "Polygon", "coordinates": [[[108.0, 60.0], [108.0, 66.0], [96.0, 66.0], [96.0, 60.0], [108.0, 60.0]]]}, "properties": {"name": "N60E096_6x12", "kind": "latlon", "epsg": 4326, "lonMult": 2, "height": 6, "width": 12, "available": 60, "selected": 15, "coverage": 0.9994, "unionFrac": 0.9994, "bw": {"20": 15}}}, {"type": "Feature", "geometry": {"type": "Polygon", "coordinates": [[[120.0, 60.0], [120.0, 66.0], [108.0, 66.0], [108.0, 60.0], [120.0, 60.0]]]}, "properties": {"name": "N60E108_6x12", "kind": "latlon", "epsg": 4326, "lonMult": 2, "height": 6, "width": 12, "available": 63, "selected": 17, "coverage": 1.0, "unionFrac": 1.0, "bw": {"20": 17}}}, {"type": "Feature", "geometry": {"type": "Polygon", "coordinates": [[[132.0, 60.0], [132.0, 66.0], [120.0, 66.0], [120.0, 60.0], [132.0, 60.0]]]}, "properties": {"name": "N60E120_6x12", "kind": "latlon", "epsg": 4326, "lonMult": 2, "height": 6, "width": 12, "available": 63, "selected": 15, "coverage": 0.9999, "unionFrac": 1.0, "bw": {"20": 15}}}, {"type": "Feature", "geometry": {"type": "Polygon", "coordinates": [[[144.0, 60.0], [144.0, 66.0], [132.0, 66.0], [132.0, 60.0], [144.0, 60.0]]]}, "properties": {"name": "N60E132_6x12", "kind": "latlon", "epsg": 4326, "lonMult": 2, "height": 6, "width": 12, "available": 62, "selected": 16, "coverage": 0.9998, "unionFrac": 1.0, "bw": {"20": 16}}}, {"type": "Feature", "geometry": {"type": "Polygon", "coordinates": [[[156.0, 60.0], [156.0, 66.0], [144.0, 66.0], [144.0, 60.0], [156.0, 60.0]]]}, "properties": {"name": "N60E144_6x12", "kind": "latlon", "epsg": 4326, "lonMult": 2, "height": 6, "width": 12, "available": 60, "selected": 14, "coverage": 0.9892, "unionFrac": 0.9899, "bw": {"20": 14}}}, {"type": "Feature", "geometry": {"type": "Polygon", "coordinates": [[[168.0, 60.0], [168.0, 66.0], [156.0, 66.0], [156.0, 60.0], [168.0, 60.0]]]}, "properties": {"name": "N60E156_6x12", "kind": "latlon", "epsg": 4326, "lonMult": 2, "height": 6, "width": 12, "available": 63, "selected": 17, "coverage": 0.9706, "unionFrac": 0.9713, "bw": {"20": 17}}}, {"type": "Feature", "geometry": {"type": "Polygon", "coordinates": [[[180.0, 60.0], [180.0, 66.0], [168.0, 66.0], [168.0, 60.0], [180.0, 60.0]]]}, "properties": {"name": "N60E168_6x12", "kind": "latlon", "epsg": 4326, "lonMult": 2, "height": 6, "width": 12, "available": 59, "selected": 14, "coverage": 0.8134, "unionFrac": 0.8149, "bw": {"20": 14}}}, {"type": "Feature", "geometry": {"type": "Polygon", "coordinates": [[[-162.0, 66.0], [-162.0, 72.0], [-180.0, 72.0], [-180.0, 66.0], [-162.0, 66.0]]]}, "properties": {"name": "N66W180_6x18", "kind": "latlon", "epsg": 4326, "lonMult": 3, "height": 6, "width": 18, "available": 49, "selected": 12, "coverage": 0.4921, "unionFrac": 0.4929, "bw": {"40": 7, "20": 5}}}, {"type": "Feature", "geometry": {"type": "Polygon", "coordinates": [[[-144.0, 66.0], [-144.0, 72.0], [-162.0, 72.0], [-162.0, 66.0], [-144.0, 66.0]]]}, "properties": {"name": "N66W162_6x18", "kind": "latlon", "epsg": 4326, "lonMult": 3, "height": 6, "width": 18, "available": 80, "selected": 20, "coverage": 0.8626, "unionFrac": 0.8638, "bw": {"40": 20}}}, {"type": "Feature", "geometry": {"type": "Polygon", "coordinates": [[[-126.0, 66.0], [-126.0, 72.0], [-144.0, 72.0], [-144.0, 66.0], [-126.0, 66.0]]]}, "properties": {"name": "N66W144_6x18", "kind": "latlon", "epsg": 4326, "lonMult": 3, "height": 6, "width": 18, "available": 64, "selected": 17, "coverage": 0.7562, "unionFrac": 0.7568, "bw": {"40": 17}}}, {"type": "Feature", "geometry": {"type": "Polygon", "coordinates": [[[-108.0, 66.0], [-108.0, 72.0], [-126.0, 72.0], [-126.0, 66.0], [-108.0, 66.0]]]}, "properties": {"name": "N66W126_6x18", "kind": "latlon", "epsg": 4326, "lonMult": 3, "height": 6, "width": 18, "available": 66, "selected": 22, "coverage": 1.0, "unionFrac": 1.0, "bw": {"40": 22}}}, {"type": "Feature", "geometry": {"type": "Polygon", "coordinates": [[[-90.0, 66.0], [-90.0, 72.0], [-108.0, 72.0], [-108.0, 66.0], [-90.0, 66.0]]]}, "properties": {"name": "N66W108_6x18", "kind": "latlon", "epsg": 4326, "lonMult": 3, "height": 6, "width": 18, "available": 93, "selected": 24, "coverage": 0.9868, "unionFrac": 0.9873, "bw": {"40": 24}}}, {"type": "Feature", "geometry": {"type": "Polygon", "coordinates": [[[-72.0, 66.0], [-72.0, 72.0], [-90.0, 72.0], [-90.0, 66.0], [-72.0, 66.0]]]}, "properties": {"name": "N66W090_6x18", "kind": "latlon", "epsg": 4326, "lonMult": 3, "height": 6, "width": 18, "available": 104, "selected": 24, "coverage": 0.9167, "unionFrac": 0.9175, "bw": {"77": 3, "40": 21}}}, {"type": "Feature", "geometry": {"type": "Polygon", "coordinates": [[[-54.0, 66.0], [-54.0, 72.0], [-72.0, 72.0], [-72.0, 66.0], [-54.0, 66.0]]]}, "properties": {"name": "N66W072_6x18", "kind": "latlon", "epsg": 4326, "lonMult": 3, "height": 6, "width": 18, "available": 92, "selected": 29, "coverage": 0.6016, "unionFrac": 0.6033, "bw": {"77": 18, "40": 11}}}, {"type": "Feature", "geometry": {"type": "Polygon", "coordinates": [[[-36.0, 66.0], [-36.0, 72.0], [-54.0, 72.0], [-54.0, 66.0], [-36.0, 66.0]]]}, "properties": {"name": "N66W054_6x18", "kind": "latlon", "epsg": 4326, "lonMult": 3, "height": 6, "width": 18, "available": 147, "selected": 41, "coverage": 0.9975, "unionFrac": 0.9998, "bw": {"77": 41}}}, {"type": "Feature", "geometry": {"type": "Polygon", "coordinates": [[[-18.0, 66.0], [-18.0, 72.0], [-36.0, 72.0], [-36.0, 66.0], [-18.0, 66.0]]]}, "properties": {"name": "N66W036_6x18", "kind": "latlon", "epsg": 4326, "lonMult": 3, "height": 6, "width": 18, "available": 127, "selected": 34, "coverage": 0.7237, "unionFrac": 0.7257, "bw": {"77": 29, "40": 5}}}, {"type": "Feature", "geometry": {"type": "Polygon", "coordinates": [[[0.0, 66.0], [0.0, 72.0], [-18.0, 72.0], [-18.0, 66.0], [0.0, 66.0]]]}, "properties": {"name": "N66W018_6x18", "kind": "latlon", "epsg": 4326, "lonMult": 3, "height": 6, "width": 18, "available": 24, "selected": 5, "coverage": 0.1036, "unionFrac": 0.1036, "bw": {"40": 5}}}, {"type": "Feature", "geometry": {"type": "Polygon", "coordinates": [[[18.0, 66.0], [18.0, 72.0], [0.0, 72.0], [0.0, 66.0], [18.0, 66.0]]]}, "properties": {"name": "N66E000_6x18", "kind": "latlon", "epsg": 4326, "lonMult": 3, "height": 6, "width": 18, "available": 22, "selected": 7, "coverage": 0.1932, "unionFrac": 0.1956, "bw": {"20": 7}}}, {"type": "Feature", "geometry": {"type": "Polygon", "coordinates": [[[36.0, 66.0], [36.0, 72.0], [18.0, 72.0], [18.0, 66.0], [36.0, 66.0]]]}, "properties": {"name": "N66E018_6x18", "kind": "latlon", "epsg": 4326, "lonMult": 3, "height": 6, "width": 18, "available": 65, "selected": 21, "coverage": 0.8623, "unionFrac": 0.8639, "bw": {"20": 21}}}, {"type": "Feature", "geometry": {"type": "Polygon", "coordinates": [[[54.0, 66.0], [54.0, 72.0], [36.0, 72.0], [36.0, 66.0], [54.0, 66.0]]]}, "properties": {"name": "N66E036_6x18", "kind": "latlon", "epsg": 4326, "lonMult": 3, "height": 6, "width": 18, "available": 51, "selected": 18, "coverage": 0.6526, "unionFrac": 0.6544, "bw": {"20": 18}}}, {"type": "Feature", "geometry": {"type": "Polygon", "coordinates": [[[72.0, 66.0], [72.0, 72.0], [54.0, 72.0], [54.0, 66.0], [72.0, 66.0]]]}, "properties": {"name": "N66E054_6x18", "kind": "latlon", "epsg": 4326, "lonMult": 3, "height": 6, "width": 18, "available": 74, "selected": 18, "coverage": 0.9505, "unionFrac": 0.9514, "bw": {"20": 18}}}, {"type": "Feature", "geometry": {"type": "Polygon", "coordinates": [[[90.0, 66.0], [90.0, 72.0], [72.0, 72.0], [72.0, 66.0], [90.0, 66.0]]]}, "properties": {"name": "N66E072_6x18", "kind": "latlon", "epsg": 4326, "lonMult": 3, "height": 6, "width": 18, "available": 73, "selected": 24, "coverage": 0.9765, "unionFrac": 0.9771, "bw": {"20": 24}}}, {"type": "Feature", "geometry": {"type": "Polygon", "coordinates": [[[108.0, 66.0], [108.0, 72.0], [90.0, 72.0], [90.0, 66.0], [108.0, 66.0]]]}, "properties": {"name": "N66E090_6x18", "kind": "latlon", "epsg": 4326, "lonMult": 3, "height": 6, "width": 18, "available": 90, "selected": 23, "coverage": 0.9997, "unionFrac": 1.0, "bw": {"20": 23}}}, {"type": "Feature", "geometry": {"type": "Polygon", "coordinates": [[[126.0, 66.0], [126.0, 72.0], [108.0, 72.0], [108.0, 66.0], [126.0, 66.0]]]}, "properties": {"name": "N66E108_6x18", "kind": "latlon", "epsg": 4326, "lonMult": 3, "height": 6, "width": 18, "available": 93, "selected": 23, "coverage": 0.9998, "unionFrac": 1.0, "bw": {"20": 23}}}, {"type": "Feature", "geometry": {"type": "Polygon", "coordinates": [[[144.0, 66.0], [144.0, 72.0], [126.0, 72.0], [126.0, 66.0], [144.0, 66.0]]]}, "properties": {"name": "N66E126_6x18", "kind": "latlon", "epsg": 4326, "lonMult": 3, "height": 6, "width": 18, "available": 83, "selected": 20, "coverage": 0.9954, "unionFrac": 0.9966, "bw": {"20": 20}}}, {"type": "Feature", "geometry": {"type": "Polygon", "coordinates": [[[162.0, 66.0], [162.0, 72.0], [144.0, 72.0], [144.0, 66.0], [162.0, 66.0]]]}, "properties": {"name": "N66E144_6x18", "kind": "latlon", "epsg": 4326, "lonMult": 3, "height": 6, "width": 18, "available": 78, "selected": 19, "coverage": 0.9822, "unionFrac": 0.9851, "bw": {"20": 19}}}, {"type": "Feature", "geometry": {"type": "Polygon", "coordinates": [[[180.0, 66.0], [180.0, 72.0], [162.0, 72.0], [162.0, 66.0], [180.0, 66.0]]]}, "properties": {"name": "N66E162_6x18", "kind": "latlon", "epsg": 4326, "lonMult": 3, "height": 6, "width": 18, "available": 56, "selected": 17, "coverage": 0.7067, "unionFrac": 0.709, "bw": {"20": 17}}}, {"type": "Feature", "geometry": {"type": "Polygon", "coordinates": [[[-132.0, 72.0], [-132.0, 77.5], [-156.0, 77.5], [-156.0, 72.0], [-132.0, 72.0]]]}, "properties": {"name": "N72W156_6x24", "kind": "latlon", "epsg": 4326, "lonMult": 4, "height": 6, "width": 24, "available": 2, "selected": 1, "coverage": 0.001, "unionFrac": 0.001, "bw": {"40": 1}}}, {"type": "Feature", "geometry": {"type": "Polygon", "coordinates": [[[-108.0, 72.0], [-108.0, 77.5], [-132.0, 77.5], [-132.0, 72.0], [-108.0, 72.0]]]}, "properties": {"name": "N72W132_6x24", "kind": "latlon", "epsg": 4326, "lonMult": 4, "height": 6, "width": 24, "available": 66, "selected": 17, "coverage": 0.7112, "unionFrac": 0.7118, "bw": {"40": 17}}}, {"type": "Feature", "geometry": {"type": "Polygon", "coordinates": [[[-84.0, 72.0], [-84.0, 77.5], [-108.0, 77.5], [-108.0, 72.0], [-84.0, 72.0]]]}, "properties": {"name": "N72W108_6x24", "kind": "latlon", "epsg": 4326, "lonMult": 4, "height": 6, "width": 24, "available": 119, "selected": 22, "coverage": 0.9327, "unionFrac": 0.935, "bw": {"77": 2, "40": 20}}}, {"type": "Feature", "geometry": {"type": "Polygon", "coordinates": [[[-60.0, 72.0], [-60.0, 77.5], [-84.0, 77.5], [-84.0, 72.0], [-60.0, 72.0]]]}, "properties": {"name": "N72W084_6x24", "kind": "latlon", "epsg": 4326, "lonMult": 4, "height": 6, "width": 24, "available": 107, "selected": 23, "coverage": 0.5743, "unionFrac": 0.577, "bw": {"77": 12, "40": 11}}}, {"type": "Feature", "geometry": {"type": "Polygon", "coordinates": [[[-36.0, 72.0], [-36.0, 77.5], [-60.0, 77.5], [-60.0, 72.0], [-36.0, 72.0]]]}, "properties": {"name": "N72W060_6x24", "kind": "latlon", "epsg": 4326, "lonMult": 4, "height": 6, "width": 24, "available": 138, "selected": 37, "coverage": 0.933, "unionFrac": 0.9342, "bw": {"77": 37}}}, {"type": "Feature", "geometry": {"type": "Polygon", "coordinates": [[[-12.0, 72.0], [-12.0, 77.5], [-36.0, 77.5], [-36.0, 72.0], [-12.0, 72.0]]]}, "properties": {"name": "N72W036_6x24", "kind": "latlon", "epsg": 4326, "lonMult": 4, "height": 6, "width": 24, "available": 101, "selected": 24, "coverage": 0.7777, "unionFrac": 0.7794, "bw": {"77": 24}}}, {"type": "Feature", "geometry": {"type": "Polygon", "coordinates": [[[36.0, 72.0], [36.0, 77.5], [12.0, 77.5], [12.0, 72.0], [36.0, 72.0]]]}, "properties": {"name": "N72E012_6x24", "kind": "latlon", "epsg": 4326, "lonMult": 4, "height": 6, "width": 24, "available": 9, "selected": 5, "coverage": 0.0979, "unionFrac": 0.0984, "bw": {"77": 4, "20": 1}}}, {"type": "Feature", "geometry": {"type": "Polygon", "coordinates": [[[60.0, 72.0], [60.0, 77.5], [36.0, 77.5], [36.0, 72.0], [60.0, 72.0]]]}, "properties": {"name": "N72E036_6x24", "kind": "latlon", "epsg": 4326, "lonMult": 4, "height": 6, "width": 24, "available": 30, "selected": 8, "coverage": 0.2163, "unionFrac": 0.2187, "bw": {"20": 8}}}, {"type": "Feature", "geometry": {"type": "Polygon", "coordinates": [[[84.0, 72.0], [84.0, 77.5], [60.0, 77.5], [60.0, 72.0], [84.0, 72.0]]]}, "properties": {"name": "N72E060_6x24", "kind": "latlon", "epsg": 4326, "lonMult": 4, "height": 6, "width": 24, "available": 51, "selected": 15, "coverage": 0.4982, "unionFrac": 0.5025, "bw": {"20": 15}}}, {"type": "Feature", "geometry": {"type": "Polygon", "coordinates": [[[108.0, 72.0], [108.0, 77.5], [84.0, 77.5], [84.0, 72.0], [108.0, 72.0]]]}, "properties": {"name": "N72E084_6x24", "kind": "latlon", "epsg": 4326, "lonMult": 4, "height": 6, "width": 24, "available": 95, "selected": 22, "coverage": 0.9075, "unionFrac": 0.9097, "bw": {"20": 22}}}, {"type": "Feature", "geometry": {"type": "Polygon", "coordinates": [[[132.0, 72.0], [132.0, 77.5], [108.0, 77.5], [108.0, 72.0], [132.0, 72.0]]]}, "properties": {"name": "N72E108_6x24", "kind": "latlon", "epsg": 4326, "lonMult": 4, "height": 6, "width": 24, "available": 53, "selected": 11, "coverage": 0.604, "unionFrac": 0.6053, "bw": {"20": 11}}}, {"type": "Feature", "geometry": {"type": "Polygon", "coordinates": [[[156.0, 72.0], [156.0, 77.5], [132.0, 77.5], [132.0, 72.0], [156.0, 72.0]]]}, "properties": {"name": "N72E132_6x24", "kind": "latlon", "epsg": 4326, "lonMult": 4, "height": 6, "width": 24, "available": 55, "selected": 20, "coverage": 0.6334, "unionFrac": 0.6355, "bw": {"20": 20}}}, {"type": "Feature", "geometry": {"type": "Polygon", "coordinates": [[[180.0, 72.0], [180.0, 77.5], [156.0, 77.5], [156.0, 72.0], [180.0, 72.0]]]}, "properties": {"name": "N72E156_6x24", "kind": "latlon", "epsg": 4326, "lonMult": 4, "height": 6, "width": 24, "available": 5, "selected": 3, "coverage": 0.0142, "unionFrac": 0.0142, "bw": {"20": 3}}}, {"type": "Feature", "geometry": {"type": "Polygon", "coordinates": [[[180.0, -90.0], [180.0, -84.0], [-180.0, -84.0], [-180.0, -90.0], [180.0, -90.0]]]}, "properties": {"name": "S84PS3031", "kind": "ps", "epsg": 3031, "halfWidthM": 652487, "lonMult": null, "height": null, "width": null, "available": 369, "selected": 61, "coverage": 0.8493, "unionFrac": 0.8575, "bw": {"40": 61}}}]}