{"type": "FeatureCollection", "features": [{"type": "Feature", "geometry": {"type": "Polygon", "coordinates": [[[-120.0, -84.0], [-120.0, -78.0], [-180.0, -78.0], [-180.0, -84.0], [-120.0, -84.0]]]}, "properties": {"name": "S84W180_6x60", "kind": "latlon", "epsg": 4326, "lonMult": 6, "height": 6, "width": 60, "available": 79, "selected": 27, "coverage": 0.9031, "unionFrac": 0.904, "bw": {"40": 26, "5": 1}}}, {"type": "Feature", "geometry": {"type": "Polygon", "coordinates": [[[-60.0, -84.0], [-60.0, -78.0], [-120.0, -78.0], [-120.0, -84.0], [-60.0, -84.0]]]}, "properties": {"name": "S84W120_6x60", "kind": "latlon", "epsg": 4326, "lonMult": 6, "height": 6, "width": 60, "available": 91, "selected": 28, "coverage": 0.9988, "unionFrac": 1.0, "bw": {"40": 28}}}, {"type": "Feature", "geometry": {"type": "Polygon", "coordinates": [[[0.0, -84.0], [0.0, -78.0], [-60.0, -78.0], [-60.0, -84.0], [0.0, -84.0]]]}, "properties": {"name": "S84W060_6x60", "kind": "latlon", "epsg": 4326, "lonMult": 6, "height": 6, "width": 60, "available": 79, "selected": 28, "coverage": 0.997, "unionFrac": 1.0, "bw": {"40": 28}}}, {"type": "Feature", "geometry": {"type": "Polygon", "coordinates": [[[60.0, -84.0], [60.0, -78.0], [0.0, -78.0], [0.0, -84.0], [60.0, -84.0]]]}, "properties": {"name": "S84E000_6x60", "kind": "latlon", "epsg": 4326, "lonMult": 6, "height": 6, "width": 60, "available": 66, "selected": 28, "coverage": 0.9991, "unionFrac": 1.0, "bw": {"40": 28}}}, {"type": "Feature", "geometry": {"type": "Polygon", "coordinates": [[[120.0, -84.0], [120.0, -78.0], [60.0, -78.0], [60.0, -84.0], [120.0, -84.0]]]}, "properties": {"name": "S84E060_6x60", "kind": "latlon", "epsg": 4326, "lonMult": 6, "height": 6, "width": 60, "available": 59, "selected": 30, "coverage": 0.9983, "unionFrac": 1.0, "bw": {"40": 30}}}, {"type": "Feature", "geometry": {"type": "Polygon", "coordinates": [[[180.0, -84.0], [180.0, -78.0], [120.0, -78.0], [120.0, -84.0], [180.0, -84.0]]]}, "properties": {"name": "S84E120_6x60", "kind": "latlon", "epsg": 4326, "lonMult": 6, "height": 6, "width": 60, "available": 78, "selected": 32, "coverage": 1.0, "unionFrac": 1.0, "bw": {"40": 32}}}, {"type": "Feature", "geometry": {"type": "Polygon", "coordinates": [[[-156.0, -78.0], [-156.0, -72.0], [-180.0, -72.0], [-180.0, -78.0], [-156.0, -78.0]]]}, "properties": {"name": "S78W180_6x24", "kind": "latlon", "epsg": 4326, "lonMult": 4, "height": 6, "width": 24, "available": 53, "selected": 20, "coverage": 0.9157, "unionFrac": 0.9176, "bw": {"40": 5, "5": 15}}}, {"type": "Feature", "geometry": {"type": "Polygon", "coordinates": [[[-132.0, -78.0], [-132.0, -72.0], [-156.0, -72.0], [-156.0, -78.0], [-132.0, -78.0]]]}, "properties": {"name": "S78W156_6x24", "kind": "latlon", "epsg": 4326, "lonMult": 4, "height": 6, "width": 24, "available": 68, "selected": 31, "coverage": 1.0, "unionFrac": 1.0, "bw": {"40": 17, "5": 14}}}, {"type": "Feature", "geometry": {"type": "Polygon", "coordinates": [[[-108.0, -78.0], [-108.0, -72.0], [-132.0, -72.0], [-132.0, -78.0], [-108.0, -78.0]]]}, "properties": {"name": "S78W132_6x24", "kind": "latlon", "epsg": 4326, "lonMult": 4, "height": 6, "width": 24, "available": 69, "selected": 24, "coverage": 0.9991, "unionFrac": 1.0, "bw": {"40": 16, "5": 8}}}, {"type": "Feature", "geometry": {"type": "Polygon", "coordinates": [[[-84.0, -78.0], [-84.0, -72.0], [-108.0, -72.0], [-108.0, -78.0], [-84.0, -78.0]]]}, "properties": {"name": "S78W108_6x24", "kind": "latlon", "epsg": 4326, "lonMult": 4, "height": 6, "width": 24, "available": 63, "selected": 22, "coverage": 0.9992, "unionFrac": 1.0, "bw": {"40": 20, "5": 2}}}, {"type": "Feature", "geometry": {"type": "Polygon", "coordinates": [[[-60.0, -78.0], [-60.0, -72.0], [-84.0, -72.0], [-84.0, -78.0], [-60.0, -78.0]]]}, "properties": {"name": "S78W084_6x24", "kind": "latlon", "epsg": 4326, "lonMult": 4, "height": 6, "width": 24, "available": 52, "selected": 18, "coverage": 0.9986, "unionFrac": 1.0, "bw": {"40": 18}}}, {"type": "Feature", "geometry": {"type": "Polygon", "coordinates": [[[-36.0, -78.0], [-36.0, -72.0], [-60.0, -72.0], [-60.0, -78.0], [-36.0, -78.0]]]}, "properties": {"name": "S78W060_6x24", "kind": "latlon", "epsg": 4326, "lonMult": 4, "height": 6, "width": 24, "available": 60, "selected": 23, "coverage": 0.9986, "unionFrac": 1.0, "bw": {"40": 9, "5": 14}}}, {"type": "Feature", "geometry": {"type": "Polygon", "coordinates": [[[-12.0, -78.0], [-12.0, -72.0], [-36.0, -72.0], [-36.0, -78.0], [-12.0, -78.0]]]}, "properties": {"name": "S78W036_6x24", "kind": "latlon", "epsg": 4326, "lonMult": 4, "height": 6, "width": 24, "available": 50, "selected": 22, "coverage": 0.9992, "unionFrac": 1.0, "bw": {"40": 10, "5": 12}}}, {"type": "Feature", "geometry": {"type": "Polygon", "coordinates": [[[12.0, -78.0], [12.0, -72.0], [-12.0, -72.0], [-12.0, -78.0], [12.0, -78.0]]]}, "properties": {"name": "S78W012_6x24", "kind": "latlon", "epsg": 4326, "lonMult": 4, "height": 6, "width": 24, "available": 43, "selected": 19, "coverage": 0.9998, "unionFrac": 1.0, "bw": {"40": 19}}}, {"type": "Feature", "geometry": {"type": "Polygon", "coordinates": [[[36.0, -78.0], [36.0, -72.0], [12.0, -72.0], [12.0, -78.0], [36.0, -78.0]]]}, "properties": {"name": "S78E012_6x24", "kind": "latlon", "epsg": 4326, "lonMult": 4, "height": 6, "width": 24, "available": 42, "selected": 21, "coverage": 0.9989, "unionFrac": 1.0, "bw": {"40": 21}}}, {"type": "Feature", "geometry": {"type": "Polygon", "coordinates": [[[60.0, -78.0], [60.0, -72.0], [36.0, -72.0], [36.0, -78.0], [60.0, -78.0]]]}, "properties": {"name": "S78E036_6x24", "kind": "latlon", "epsg": 4326, "lonMult": 4, "height": 6, "width": 24, "available": 37, "selected": 18, "coverage": 0.9995, "unionFrac": 1.0, "bw": {"40": 18}}}, {"type": "Feature", "geometry": {"type": "Polygon", "coordinates": [[[84.0, -78.0], [84.0, -72.0], [60.0, -72.0], [60.0, -78.0], [84.0, -78.0]]]}, "properties": {"name": "S78E060_6x24", "kind": "latlon", "epsg": 4326, "lonMult": 4, "height": 6, "width": 24, "available": 42, "selected": 20, "coverage": 0.9987, "unionFrac": 1.0, "bw": {"40": 20}}}, {"type": "Feature", "geometry": {"type": "Polygon", "coordinates": [[[108.0, -78.0], [108.0, -72.0], [84.0, -72.0], [84.0, -78.0], [108.0, -78.0]]]}, "properties": {"name": "S78E084_6x24", "kind": "latlon", "epsg": 4326, "lonMult": 4, "height": 6, "width": 24, "available": 37, "selected": 19, "coverage": 0.9987, "unionFrac": 1.0, "bw": {"40": 19}}}, {"type": "Feature", "geometry": {"type": "Polygon", "coordinates": [[[132.0, -78.0], [132.0, -72.0], [108.0, -72.0], [108.0, -78.0], [132.0, -78.0]]]}, "properties": {"name": "S78E108_6x24", "kind": "latlon", "epsg": 4326, "lonMult": 4, "height": 6, "width": 24, "available": 31, "selected": 16, "coverage": 0.9572, "unionFrac": 0.9583, "bw": {"40": 16}}}, {"type": "Feature", "geometry": {"type": "Polygon", "coordinates": [[[156.0, -78.0], [156.0, -72.0], [132.0, -72.0], [132.0, -78.0], [156.0, -78.0]]]}, "properties": {"name": "S78E132_6x24", "kind": "latlon", "epsg": 4326, "lonMult": 4, "height": 6, "width": 24, "available": 42, "selected": 18, "coverage": 0.999, "unionFrac": 1.0, "bw": {"40": 18}}}, {"type": "Feature", "geometry": {"type": "Polygon", "coordinates": [[[180.0, -78.0], [180.0, -72.0], [156.0, -72.0], [156.0, -78.0], [180.0, -78.0]]]}, "properties": {"name": "S78E156_6x24", "kind": "latlon", "epsg": 4326, "lonMult": 4, "height": 6, "width": 24, "available": 65, "selected": 21, "coverage": 0.999, "unionFrac": 1.0, "bw": {"40": 16, "5": 5}}}, {"type": "Feature", "geometry": {"type": "Polygon", "coordinates": [[[-162.0, -72.0], [-162.0, -66.0], [-180.0, -66.0], [-180.0, -72.0], [-162.0, -72.0]]]}, "properties": {"name": "S72W180_6x18", "kind": "latlon", "epsg": 4326, "lonMult": 3, "height": 6, "width": 18, "available": 35, "selected": 15, "coverage": 0.9125, "unionFrac": 0.9127, "bw": {"5": 15}}}, {"type": "Feature", "geometry": {"type": "Polygon", "coordinates": [[[-144.0, -72.0], [-144.0, -66.0], [-162.0, -66.0], [-162.0, -72.0], [-144.0, -72.0]]]}, "properties": {"name": "S72W162_6x18", "kind": "latlon", "epsg": 4326, "lonMult": 3, "height": 6, "width": 18, "available": 48, "selected": 21, "coverage": 0.9994, "unionFrac": 1.0, "bw": {"5": 21}}}, {"type": "Feature", "geometry": {"type": "Polygon", "coordinates": [[[-126.0, -72.0], [-126.0, -66.0], [-144.0, -66.0], [-144.0, -72.0], [-126.0, -72.0]]]}, "properties": {"name": "S72W144_6x18", "kind": "latlon", "epsg": 4326, "lonMult": 3, "height": 6, "width": 18, "available": 47, "selected": 18, "coverage": 0.9984, "unionFrac": 1.0, "bw": {"5": 18}}}, {"type": "Feature", "geometry": {"type": "Polygon", "coordinates": [[[-108.0, -72.0], [-108.0, -66.0], [-126.0, -66.0], [-126.0, -72.0], [-108.0, -72.0]]]}, "properties": {"name": "S72W126_6x18", "kind": "latlon", "epsg": 4326, "lonMult": 3, "height": 6, "width": 18, "available": 48, "selected": 20, "coverage": 0.9997, "unionFrac": 1.0, "bw": {"5": 20}}}, {"type": "Feature", "geometry": {"type": "Polygon", "coordinates": [[[-90.0, -72.0], [-90.0, -66.0], [-108.0, -66.0], [-108.0, -72.0], [-90.0, -72.0]]]}, "properties": {"name": "S72W108_6x18", "kind": "latlon", "epsg": 4326, "lonMult": 3, "height": 6, "width": 18, "available": 56, "selected": 25, "coverage": 0.9984, "unionFrac": 1.0, "bw": {"77": 1, "40": 4, "5": 20}}}, {"type": "Feature", "geometry": {"type": "Polygon", "coordinates": [[[-72.0, -72.0], [-72.0, -66.0], [-90.0, -66.0], [-90.0, -72.0], [-72.0, -72.0]]]}, "properties": {"name": "S72W090_6x18", "kind": "latlon", "epsg": 4326, "lonMult": 3, "height": 6, "width": 18, "available": 46, "selected": 24, "coverage": 0.9984, "unionFrac": 1.0, "bw": {"40": 7, "5": 17}}}, {"type": "Feature", "geometry": {"type": "Polygon", "coordinates": [[[-54.0, -72.0], [-54.0, -66.0], [-72.0, -66.0], [-72.0, -72.0], [-54.0, -72.0]]]}, "properties": {"name": "S72W072_6x18", "kind": "latlon", "epsg": 4326, "lonMult": 3, "height": 6, "width": 18, "available": 48, "selected": 21, "coverage": 0.9999, "unionFrac": 1.0, "bw": {"40": 15, "5": 6}}}, {"type": "Feature", "geometry": {"type": "Polygon", "coordinates": [[[-36.0, -72.0], [-36.0, -66.0], [-54.0, -66.0], [-54.0, -72.0], [-36.0, -72.0]]]}, "properties": {"name": "S72W054_6x18", "kind": "latlon", "epsg": 4326, "lonMult": 3, "height": 6, "width": 18, "available": 47, "selected": 20, "coverage": 0.9993, "unionFrac": 1.0, "bw": {"5": 20}}}, {"type": "Feature", "geometry": {"type": "Polygon", "coordinates": [[[-18.0, -72.0], [-18.0, -66.0], [-36.0, -66.0], [-36.0, -72.0], [-18.0, -72.0]]]}, "properties": {"name": "S72W036_6x18", "kind": "latlon", "epsg": 4326, "lonMult": 3, "height": 6, "width": 18, "available": 48, "selected": 20, "coverage": 0.9992, "unionFrac": 1.0, "bw": {"40": 1, "5": 19}}}, {"type": "Feature", "geometry": {"type": "Polygon", "coordinates": [[[0.0, -72.0], [0.0, -66.0], [-18.0, -66.0], [-18.0, -72.0], [0.0, -72.0]]]}, "properties": {"name": "S72W018_6x18", "kind": "latlon", "epsg": 4326, "lonMult": 3, "height": 6, "width": 18, "available": 48, "selected": 24, "coverage": 1.0, "unionFrac": 1.0, "bw": {"40": 7, "5": 17}}}, {"type": "Feature", "geometry": {"type": "Polygon", "coordinates": [[[18.0, -72.0], [18.0, -66.0], [0.0, -66.0], [0.0, -72.0], [18.0, -72.0]]]}, "properties": {"name": "S72E000_6x18", "kind": "latlon", "epsg": 4326, "lonMult": 3, "height": 6, "width": 18, "available": 48, "selected": 29, "coverage": 0.9962, "unionFrac": 0.9967, "bw": {"40": 11, "5": 18}}}, {"type": "Feature", "geometry": {"type": "Polygon", "coordinates": [[[36.0, -72.0], [36.0, -66.0], [18.0, -66.0], [18.0, -72.0], [36.0, -72.0]]]}, "properties": {"name": "S72E018_6x18", "kind": "latlon", "epsg": 4326, "lonMult": 3, "height": 6, "width": 18, "available": 48, "selected": 25, "coverage": 0.9979, "unionFrac": 0.9981, "bw": {"40": 11, "5": 14}}}, {"type": "Feature", "geometry": {"type": "Polygon", "coordinates": [[[54.0, -72.0], [54.0, -66.0], [36.0, -66.0], [36.0, -72.0], [54.0, -72.0]]]}, "properties": {"name": "S72E036_6x18", "kind": "latlon", "epsg": 4326, "lonMult": 3, "height": 6, "width": 18, "available": 43, "selected": 22, "coverage": 0.9846, "unionFrac": 0.9864, "bw": {"40": 15, "5": 7}}}, {"type": "Feature", "geometry": {"type": "Polygon", "coordinates": [[[72.0, -72.0], [72.0, -66.0], [54.0, -66.0], [54.0, -72.0], [72.0, -72.0]]]}, "properties": {"name": "S72E054_6x18", "kind": "latlon", "epsg": 4326, "lonMult": 3, "height": 6, "width": 18, "available": 45, "selected": 24, "coverage": 0.9958, "unionFrac": 0.9959, "bw": {"40": 16, "5": 8}}}, {"type": "Feature", "geometry": {"type": "Polygon", "coordinates": [[[90.0, -72.0], [90.0, -66.0], [72.0, -66.0], [72.0, -72.0], [90.0, -72.0]]]}, "properties": {"name": "S72E072_6x18", "kind": "latlon", "epsg": 4326, "lonMult": 3, "height": 6, "width": 18, "available": 49, "selected": 25, "coverage": 0.9996, "unionFrac": 1.0, "bw": {"40": 18, "5": 7}}}, {"type": "Feature", "geometry": {"type": "Polygon", "coordinates": [[[108.0, -72.0], [108.0, -66.0], [90.0, -66.0], [90.0, -72.0], [108.0, -72.0]]]}, "properties": {"name": "S72E090_6x18", "kind": "latlon", "epsg": 4326, "lonMult": 3, "height": 6, "width": 18, "available": 43, "selected": 19, "coverage": 0.999, "unionFrac": 1.0, "bw": {"40": 19}}}, {"type": "Feature", "geometry": {"type": "Polygon", "coordinates": [[[126.0, -72.0], [126.0, -66.0], [108.0, -66.0], [108.0, -72.0], [126.0, -72.0]]]}, "properties": {"name": "S72E108_6x18", "kind": "latlon", "epsg": 4326, "lonMult": 3, "height": 6, "width": 18, "available": 43, "selected": 24, "coverage": 0.9992, "unionFrac": 0.9997, "bw": {"40": 23, "5": 1}}}, {"type": "Feature", "geometry": {"type": "Polygon", "coordinates": [[[144.0, -72.0], [144.0, -66.0], [126.0, -66.0], [126.0, -72.0], [144.0, -72.0]]]}, "properties": {"name": "S72E126_6x18", "kind": "latlon", "epsg": 4326, "lonMult": 3, "height": 6, "width": 18, "available": 44, "selected": 21, "coverage": 0.9982, "unionFrac": 0.9992, "bw": {"40": 20, "5": 1}}}, {"type": "Feature", "geometry": {"type": "Polygon", "coordinates": [[[162.0, -72.0], [162.0, -66.0], [144.0, -66.0], [144.0, -72.0], [162.0, -72.0]]]}, "properties": {"name": "S72E144_6x18", "kind": "latlon", "epsg": 4326, "lonMult": 3, "height": 6, "width": 18, "available": 53, "selected": 28, "coverage": 0.9969, "unionFrac": 0.9979, "bw": {"77": 1, "40": 15, "5": 12}}}, {"type": "Feature", "geometry": {"type": "Polygon", "coordinates": [[[180.0, -72.0], [180.0, -66.0], [162.0, -66.0], [162.0, -72.0], [180.0, -72.0]]]}, "properties": {"name": "S72E162_6x18", "kind": "latlon", "epsg": 4326, "lonMult": 3, "height": 6, "width": 18, "available": 56, "selected": 33, "coverage": 0.9984, "unionFrac": 0.9989, "bw": {"77": 2, "40": 10, "5": 21}}}, {"type": "Feature", "geometry": {"type": "Polygon", "coordinates": [[[-168.0, -66.0], [-168.0, -60.0], [-180.0, -60.0], [-180.0, -66.0], [-168.0, -66.0]]]}, "properties": {"name": "S66W180_6x12", "kind": "latlon", "epsg": 4326, "lonMult": 2, "height": 6, "width": 12, "available": 17, "selected": 11, "coverage": 0.6452, "unionFrac": 0.646, "bw": {"5": 11}}}, {"type": "Feature", "geometry": {"type": "Polygon", "coordinates": [[[-156.0, -66.0], [-156.0, -60.0], [-168.0, -60.0], [-168.0, -66.0], [-156.0, -66.0]]]}, "properties": {"name": "S66W168_6x12", "kind": "latlon", "epsg": 4326, "lonMult": 2, "height": 6, "width": 12, "available": 26, "selected": 16, "coverage": 0.9059, "unionFrac": 0.906, "bw": {"5": 16}}}, {"type": "Feature", "geometry": {"type": "Polygon", "coordinates": [[[-144.0, -66.0], [-144.0, -60.0], [-156.0, -60.0], [-156.0, -66.0], [-144.0, -66.0]]]}, "properties": {"name": "S66W156_6x12", "kind": "latlon", "epsg": 4326, "lonMult": 2, "height": 6, "width": 12, "available": 25, "selected": 15, "coverage": 0.9742, "unionFrac": 0.9742, "bw": {"5": 15}}}, {"type": "Feature", "geometry": {"type": "Polygon", "coordinates": [[[-132.0, -66.0], [-132.0, -60.0], [-144.0, -60.0], [-144.0, -66.0], [-132.0, -66.0]]]}, "properties": {"name": "S66W144_6x12", "kind": "latlon", "epsg": 4326, "lonMult": 2, "height": 6, "width": 12, "available": 27, "selected": 15, "coverage": 0.9796, "unionFrac": 0.9796, "bw": {"5": 15}}}, {"type": "Feature", "geometry": {"type": "Polygon", "coordinates": [[[-120.0, -66.0], [-120.0, -60.0], [-132.0, -60.0], [-132.0, -66.0], [-120.0, -66.0]]]}, "properties": {"name": "S66W132_6x12", "kind": "latlon", "epsg": 4326, "lonMult": 2, "height": 6, "width": 12, "available": 20, "selected": 11, "coverage": 0.6013, "unionFrac": 0.6013, "bw": {"5": 11}}}, {"type": "Feature", "geometry": {"type": "Polygon", "coordinates": [[[-108.0, -66.0], [-108.0, -60.0], [-120.0, -60.0], [-120.0, -66.0], [-108.0, -66.0]]]}, "properties": {"name": "S66W120_6x12", "kind": "latlon", "epsg": 4326, "lonMult": 2, "height": 6, "width": 12, "available": 12, "selected": 7, "coverage": 0.3494, "unionFrac": 0.3502, "bw": {"5": 7}}}, {"type": "Feature", "geometry": {"type": "Polygon", "coordinates": [[[-96.0, -66.0], [-96.0, -60.0], [-108.0, -60.0], [-108.0, -66.0], [-96.0, -66.0]]]}, "properties": {"name": "S66W108_6x12", "kind": "latlon", "epsg": 4326, "lonMult": 2, "height": 6, "width": 12, "available": 9, "selected": 7, "coverage": 0.3158, "unionFrac": 0.3158, "bw": {"5": 7}}}, {"type": "Feature", "geometry": {"type": "Polygon", "coordinates": [[[-84.0, -66.0], [-84.0, -60.0], [-96.0, -60.0], [-96.0, -66.0], [-84.0, -66.0]]]}, "properties": {"name": "S66W096_6x12", "kind": "latlon", "epsg": 4326, "lonMult": 2, "height": 6, "width": 12, "available": 14, "selected": 8, "coverage": 0.4219, "unionFrac": 0.4226, "bw": {"5": 8}}}, {"type": "Feature", "geometry": {"type": "Polygon", "coordinates": [[[-72.0, -66.0], [-72.0, -60.0], [-84.0, -60.0], [-84.0, -66.0], [-72.0, -66.0]]]}, "properties": {"name": "S66W084_6x12", "kind": "latlon", "epsg": 4326, "lonMult": 2, "height": 6, "width": 12, "available": 18, "selected": 12, "coverage": 0.6112, "unionFrac": 0.6112, "bw": {"5": 12}}}, {"type": "Feature", "geometry": {"type": "Polygon", "coordinates": [[[-60.0, -66.0], [-60.0, -60.0], [-72.0, -60.0], [-72.0, -66.0], [-60.0, -66.0]]]}, "properties": {"name": "S66W072_6x12", "kind": "latlon", "epsg": 4326, "lonMult": 2, "height": 6, "width": 12, "available": 25, "selected": 17, "coverage": 0.9368, "unionFrac": 0.9368, "bw": {"40": 7, "5": 10}}}, {"type": "Feature", "geometry": {"type": "Polygon", "coordinates": [[[-48.0, -66.0], [-48.0, -60.0], [-60.0, -60.0], [-60.0, -66.0], [-48.0, -66.0]]]}, "properties": {"name": "S66W060_6x12", "kind": "latlon", "epsg": 4326, "lonMult": 2, "height": 6, "width": 12, "available": 32, "selected": 21, "coverage": 0.9714, "unionFrac": 0.9722, "bw": {"77": 1, "40": 8, "5": 12}}}, {"type": "Feature", "geometry": {"type": "Polygon", "coordinates": [[[-36.0, -66.0], [-36.0, -60.0], [-48.0, -60.0], [-48.0, -66.0], [-36.0, -66.0]]]}, "properties": {"name": "S66W048_6x12", "kind": "latlon", "epsg": 4326, "lonMult": 2, "height": 6, "width": 12, "available": 27, "selected": 16, "coverage": 0.964, "unionFrac": 0.9641, "bw": {"77": 2, "5": 14}}}, {"type": "Feature", "geometry": {"type": "Polygon", "coordinates": [[[-24.0, -66.0], [-24.0, -60.0], [-36.0, -60.0], [-36.0, -66.0], [-24.0, -66.0]]]}, "properties": {"name": "S66W036_6x12", "kind": "latlon", "epsg": 4326, "lonMult": 2, "height": 6, "width": 12, "available": 28, "selected": 15, "coverage": 0.9843, "unionFrac": 0.985, "bw": {"5": 15}}}, {"type": "Feature", "geometry": {"type": "Polygon", "coordinates": [[[-12.0, -66.0], [-12.0, -60.0], [-24.0, -60.0], [-24.0, -66.0], [-12.0, -66.0]]]}, "properties": {"name": "S66W024_6x12", "kind": "latlon", "epsg": 4326, "lonMult": 2, "height": 6, "width": 12, "available": 27, "selected": 14, "coverage": 0.9736, "unionFrac": 0.9737, "bw": {"5": 14}}}, {"type": "Feature", "geometry": {"type": "Polygon", "coordinates": [[[0.0, -66.0], [0.0, -60.0], [-12.0, -60.0], [-12.0, -66.0], [0.0, -66.0]]]}, "properties": {"name": "S66W012_6x12", "kind": "latlon", "epsg": 4326, "lonMult": 2, "height": 6, "width": 12, "available": 26, "selected": 16, "coverage": 0.9751, "unionFrac": 0.9751, "bw": {"5": 16}}}, {"type": "Feature", "geometry": {"type": "Polygon", "coordinates": [[[12.0, -66.0], [12.0, -60.0], [0.0, -60.0], [0.0, -66.0], [12.0, -66.0]]]}, "properties": {"name": "S66E000_6x12", "kind": "latlon", "epsg": 4326, "lonMult": 2, "height": 6, "width": 12, "available": 25, "selected": 16, "coverage": 0.9742, "unionFrac": 0.9742, "bw": {"5": 16}}}, {"type": "Feature", "geometry": {"type": "Polygon", "coordinates": [[[24.0, -66.0], [24.0, -60.0], [12.0, -60.0], [12.0, -66.0], [24.0, -66.0]]]}, "properties": {"name": "S66E012_6x12", "kind": "latlon", "epsg": 4326, "lonMult": 2, "height": 6, "width": 12, "available": 26, "selected": 15, "coverage": 0.9736, "unionFrac": 0.9745, "bw": {"5": 15}}}, {"type": "Feature", "geometry": {"type": "Polygon", "coordinates": [[[36.0, -66.0], [36.0, -60.0], [24.0, -60.0], [24.0, -66.0], [36.0, -66.0]]]}, "properties": {"name": "S66E024_6x12", "kind": "latlon", "epsg": 4326, "lonMult": 2, "height": 6, "width": 12, "available": 25, "selected": 14, "coverage": 0.9726, "unionFrac": 0.973, "bw": {"5": 14}}}, {"type": "Feature", "geometry": {"type": "Polygon", "coordinates": [[[48.0, -66.0], [48.0, -60.0], [36.0, -60.0], [36.0, -66.0], [48.0, -66.0]]]}, "properties": {"name": "S66E036_6x12", "kind": "latlon", "epsg": 4326, "lonMult": 2, "height": 6, "width": 12, "available": 26, "selected": 15, "coverage": 0.9735, "unionFrac": 0.9743, "bw": {"5": 15}}}, {"type": "Feature", "geometry": {"type": "Polygon", "coordinates": [[[60.0, -66.0], [60.0, -60.0], [48.0, -60.0], [48.0, -66.0], [60.0, -66.0]]]}, "properties": {"name": "S66E048_6x12", "kind": "latlon", "epsg": 4326, "lonMult": 2, "height": 6, "width": 12, "available": 27, "selected": 19, "coverage": 0.9706, "unionFrac": 0.9713, "bw": {"40": 2, "5": 17}}}, {"type": "Feature", "geometry": {"type": "Polygon", "coordinates": [[[72.0, -66.0], [72.0, -60.0], [60.0, -60.0], [60.0, -66.0], [72.0, -66.0]]]}, "properties": {"name": "S66E060_6x12", "kind": "latlon", "epsg": 4326, "lonMult": 2, "height": 6, "width": 12, "available": 26, "selected": 15, "coverage": 0.9736, "unionFrac": 0.9742, "bw": {"5": 15}}}, {"type": "Feature", "geometry": {"type": "Polygon", "coordinates": [[[84.0, -66.0], [84.0, -60.0], [72.0, -60.0], [72.0, -66.0], [84.0, -66.0]]]}, "properties": {"name": "S66E072_6x12", "kind": "latlon", "epsg": 4326, "lonMult": 2, "height": 6, "width": 12, "available": 26, "selected": 15, "coverage": 0.9744, "unionFrac": 0.9749, "bw": {"40": 1, "5": 14}}}, {"type": "Feature", "geometry": {"type": "Polygon", "coordinates": [[[96.0, -66.0], [96.0, -60.0], [84.0, -60.0], [84.0, -66.0], [96.0, -66.0]]]}, "properties": {"name": "S66E084_6x12", "kind": "latlon", "epsg": 4326, "lonMult": 2, "height": 6, "width": 12, "available": 30, "selected": 18, "coverage": 0.9733, "unionFrac": 0.9738, "bw": {"40": 5, "5": 13}}}, {"type": "Feature", "geometry": {"type": "Polygon", "coordinates": [[[108.0, -66.0], [108.0, -60.0], [96.0, -60.0], [96.0, -66.0], [108.0, -66.0]]]}, "properties": {"name": "S66E096_6x12", "kind": "latlon", "epsg": 4326, "lonMult": 2, "height": 6, "width": 12, "available": 31, "selected": 19, "coverage": 0.971, "unionFrac": 0.9717, "bw": {"40": 5, "5": 14}}}, {"type": "Feature", "geometry": {"type": "Polygon", "coordinates": [[[120.0, -66.0], [120.0, -60.0], [108.0, -60.0], [108.0, -66.0], [120.0, -66.0]]]}, "properties": {"name": "S66E108_6x12", "kind": "latlon", "epsg": 4326, "lonMult": 2, "height": 6, "width": 12, "available": 33, "selected": 20, "coverage": 0.9825, "unionFrac": 0.9833, "bw": {"40": 5, "5": 15}}}, {"type": "Feature", "geometry": {"type": "Polygon", "coordinates": [[[132.0, -66.0], [132.0, -60.0], [120.0, -60.0], [120.0, -66.0], [132.0, -66.0]]]}, "properties": {"name": "S66E120_6x12", "kind": "latlon", "epsg": 4326, "lonMult": 2, "height": 6, "width": 12, "available": 30, "selected": 19, "coverage": 0.8878, "unionFrac": 0.8894, "bw": {"40": 5, "5": 14}}}, {"type": "Feature", "geometry": {"type": "Polygon", "coordinates": [[[144.0, -66.0], [144.0, -60.0], [132.0, -60.0], [132.0, -66.0], [144.0, -66.0]]]}, "properties": {"name": "S66E132_6x12", "kind": "latlon", "epsg": 4326, "lonMult": 2, "height": 6, "width": 12, "available": 27, "selected": 17, "coverage": 0.822, "unionFrac": 0.8227, "bw": {"40": 3, "5": 14}}}, {"type": "Feature", "geometry": {"type": "Polygon", "coordinates": [[[156.0, -66.0], [156.0, -60.0], [144.0, -60.0], [144.0, -66.0], [156.0, -66.0]]]}, "properties": {"name": "S66E144_6x12", "kind": "latlon", "epsg": 4326, "lonMult": 2, "height": 6, "width": 12, "available": 27, "selected": 14, "coverage": 0.9426, "unionFrac": 0.9433, "bw": {"5": 14}}}, {"type": "Feature", "geometry": {"type": "Polygon", "coordinates": [[[168.0, -66.0], [168.0, -60.0], [156.0, -60.0], [156.0, -66.0], [168.0, -66.0]]]}, "properties": {"name": "S66E156_6x12", "kind": "latlon", "epsg": 4326, "lonMult": 2, "height": 6, "width": 12, "available": 25, "selected": 14, "coverage": 0.8568, "unionFrac": 0.8571, "bw": {"5": 14}}}, {"type": "Feature", "geometry": {"type": "Polygon", "coordinates": [[[180.0, -66.0], [180.0, -60.0], [168.0, -60.0], [168.0, -66.0], [180.0, -66.0]]]}, "properties": {"name": "S66E168_6x12", "kind": "latlon", "epsg": 4326, "lonMult": 2, "height": 6, "width": 12, "available": 22, "selected": 11, "coverage": 0.6655, "unionFrac": 0.6665, "bw": {"5": 11}}}, {"type": "Feature", "geometry": {"type": "Polygon", "coordinates": [[[-150.0, -60.0], [-150.0, -54.0], [-156.0, -54.0], [-156.0, -60.0], [-150.0, -60.0]]]}, "properties": {"name": "S60W156_6x6", "kind": "latlon", "epsg": 4326, "lonMult": 1, "height": 6, "width": 6, "available": 3, "selected": 3, "coverage": 0.0061, "unionFrac": 0.0061, "bw": {"5": 3}}}, {"type": "Feature", "geometry": {"type": "Polygon", "coordinates": [[[-144.0, -60.0], [-144.0, -54.0], [-150.0, -54.0], [-150.0, -60.0], [-144.0, -60.0]]]}, "properties": {"name": "S60W150_6x6", "kind": "latlon", "epsg": 4326, "lonMult": 1, "height": 6, "width": 6, "available": 2, "selected": 2, "coverage": 0.0038, "unionFrac": 0.0038, "bw": {"5": 2}}}, {"type": "Feature", "geometry": {"type": "Polygon", "coordinates": [[[-138.0, -60.0], [-138.0, -54.0], [-144.0, -54.0], [-144.0, -60.0], [-138.0, -60.0]]]}, "properties": {"name": "S60W144_6x6", "kind": "latlon", "epsg": 4326, "lonMult": 1, "height": 6, "width": 6, "available": 1, "selected": 1, "coverage": 0.0022, "unionFrac": 0.0022, "bw": {"5": 1}}}, {"type": "Feature", "geometry": {"type": "Polygon", "coordinates": [[[-132.0, -60.0], [-132.0, -54.0], [-138.0, -54.0], [-138.0, -60.0], [-132.0, -60.0]]]}, "properties": {"name": "S60W138_6x6", "kind": "latlon", "epsg": 4326, "lonMult": 1, "height": 6, "width": 6, "available": 1, "selected": 1, "coverage": 0.0331, "unionFrac": 0.0331, "bw": {"5": 1}}}, {"type": "Feature", "geometry": {"type": "Polygon", "coordinates": [[[-72.0, -60.0], [-72.0, -54.0], [-78.0, -54.0], [-78.0, -60.0], [-72.0, -60.0]]]}, "properties": {"name": "S60W078_6x6", "kind": "latlon", "epsg": 4326, "lonMult": 1, "height": 6, "width": 6, "available": 7, "selected": 4, "coverage": 0.1263, "unionFrac": 0.1263, "bw": {"40": 2, "20": 2}}}, {"type": "Feature", "geometry": {"type": "Polygon", "coordinates": [[[-66.0, -60.0], [-66.0, -54.0], [-72.0, -54.0], [-72.0, -60.0], [-66.0, -60.0]]]}, "properties": {"name": "S60W072_6x6", "kind": "latlon", "epsg": 4326, "lonMult": 1, "height": 6, "width": 6, "available": 8, "selected": 5, "coverage": 0.3089, "unionFrac": 0.3089, "bw": {"40": 2, "20": 2, "5": 1}}}, {"type": "Feature", "geometry": {"type": "Polygon", "coordinates": [[[-54.0, -60.0], [-54.0, -54.0], [-60.0, -54.0], [-60.0, -60.0], [-54.0, -60.0]]]}, "properties": {"name": "S60W060_6x6", "kind": "latlon", "epsg": 4326, "lonMult": 1, "height": 6, "width": 6, "available": 1, "selected": 1, "coverage": 0.0021, "unionFrac": 0.0021, "bw": {"5": 1}}}, {"type": "Feature", "geometry": {"type": "Polygon", "coordinates": [[[-48.0, -60.0], [-48.0, -54.0], [-54.0, -54.0], [-54.0, -60.0], [-48.0, -60.0]]]}, "properties": {"name": "S60W054_6x6", "kind": "latlon", "epsg": 4326, "lonMult": 1, "height": 6, "width": 6, "available": 1, "selected": 1, "coverage": 0.0027, "unionFrac": 0.0027, "bw": {"5": 1}}}, {"type": "Feature", "geometry": {"type": "Polygon", "coordinates": [[[-42.0, -60.0], [-42.0, -54.0], [-48.0, -54.0], [-48.0, -60.0], [-42.0, -60.0]]]}, "properties": {"name": "S60W048_6x6", "kind": "latlon", "epsg": 4326, "lonMult": 1, "height": 6, "width": 6, "available": 1, "selected": 1, "coverage": 0.0025, "unionFrac": 0.0025, "bw": {"5": 1}}}, {"type": "Feature", "geometry": {"type": "Polygon", "coordinates": [[[-36.0, -60.0], [-36.0, -54.0], [-42.0, -54.0], [-42.0, -60.0], [-36.0, -60.0]]]}, "properties": {"name": "S60W042_6x6", "kind": "latlon", "epsg": 4326, "lonMult": 1, "height": 6, "width": 6, "available": 3, "selected": 3, "coverage": 0.0931, "unionFrac": 0.0931, "bw": {"20": 2, "5": 1}}}, {"type": "Feature", "geometry": {"type": "Polygon", "coordinates": [[[-30.0, -60.0], [-30.0, -54.0], [-36.0, -54.0], [-36.0, -60.0], [-30.0, -60.0]]]}, "properties": {"name": "S60W036_6x6", "kind": "latlon", "epsg": 4326, "lonMult": 1, "height": 6, "width": 6, "available": 6, "selected": 6, "coverage": 0.0838, "unionFrac": 0.0838, "bw": {"20": 4, "5": 2}}}, {"type": "Feature", "geometry": {"type": "Polygon", "coordinates": [[[-24.0, -60.0], [-24.0, -54.0], [-30.0, -54.0], [-30.0, -60.0], [-24.0, -60.0]]]}, "properties": {"name": "S60W030_6x6", "kind": "latlon", "epsg": 4326, "lonMult": 1, "height": 6, "width": 6, "available": 9, "selected": 7, "coverage": 0.5976, "unionFrac": 0.5976, "bw": {"20": 5, "5": 2}}}, {"type": "Feature", "geometry": {"type": "Polygon", "coordinates": [[[-18.0, -60.0], [-18.0, -54.0], [-24.0, -54.0], [-24.0, -60.0], [-18.0, -60.0]]]}, "properties": {"name": "S60W024_6x6", "kind": "latlon", "epsg": 4326, "lonMult": 1, "height": 6, "width": 6, "available": 4, "selected": 3, "coverage": 0.0519, "unionFrac": 0.0526, "bw": {"20": 2, "5": 1}}}, {"type": "Feature", "geometry": {"type": "Polygon", "coordinates": [[[-12.0, -60.0], [-12.0, -54.0], [-18.0, -54.0], [-18.0, -60.0], [-12.0, -60.0]]]}, "properties": {"name": "S60W018_6x6", "kind": "latlon", "epsg": 4326, "lonMult": 1, "height": 6, "width": 6, "available": 1, "selected": 1, "coverage": 0.0027, "unionFrac": 0.0027, "bw": {"5": 1}}}, {"type": "Feature", "geometry": {"type": "Polygon", "coordinates": [[[-6.0, -60.0], [-6.0, -54.0], [-12.0, -54.0], [-12.0, -60.0], [-6.0, -60.0]]]}, "properties": {"name": "S60W012_6x6", "kind": "latlon", "epsg": 4326, "lonMult": 1, "height": 6, "width": 6, "available": 2, "selected": 2, "coverage": 0.0043, "unionFrac": 0.0043, "bw": {"5": 2}}}, {"type": "Feature", "geometry": {"type": "Polygon", "coordinates": [[[0.0, -60.0], [0.0, -54.0], [-6.0, -54.0], [-6.0, -60.0], [0.0, -60.0]]]}, "properties": {"name": "S60W006_6x6", "kind": "latlon", "epsg": 4326, "lonMult": 1, "height": 6, "width": 6, "available": 2, "selected": 2, "coverage": 0.0047, "unionFrac": 0.0047, "bw": {"5": 2}}}, {"type": "Feature", "geometry": {"type": "Polygon", "coordinates": [[[6.0, -60.0], [6.0, -54.0], [0.0, -54.0], [0.0, -60.0], [6.0, -60.0]]]}, "properties": {"name": "S60E000_6x6", "kind": "latlon", "epsg": 4326, "lonMult": 1, "height": 6, "width": 6, "available": 3, "selected": 3, "coverage": 0.0898, "unionFrac": 0.0898, "bw": {"20": 2, "5": 1}}}, {"type": "Feature", "geometry": {"type": "Polygon", "coordinates": [[[12.0, -60.0], [12.0, -54.0], [6.0, -54.0], [6.0, -60.0], [12.0, -60.0]]]}, "properties": {"name": "S60E006_6x6", "kind": "latlon", "epsg": 4326, "lonMult": 1, "height": 6, "width": 6, "available": 3, "selected": 3, "coverage": 0.0156, "unionFrac": 0.0156, "bw": {"20": 1, "5": 2}}}, {"type": "Feature", "geometry": {"type": "Polygon", "coordinates": [[[18.0, -60.0], [18.0, -54.0], [12.0, -54.0], [12.0, -60.0], [18.0, -60.0]]]}, "properties": {"name": "S60E012_6x6", "kind": "latlon", "epsg": 4326, "lonMult": 1, "height": 6, "width": 6, "available": 2, "selected": 2, "coverage": 0.0039, "unionFrac": 0.0039, "bw": {"5": 2}}}, {"type": "Feature", "geometry": {"type": "Polygon", "coordinates": [[[24.0, -60.0], [24.0, -54.0], [18.0, -54.0], [18.0, -60.0], [24.0, -60.0]]]}, "properties": {"name": "S60E018_6x6", "kind": "latlon", "epsg": 4326, "lonMult": 1, "height": 6, "width": 6, "available": 1, "selected": 1, "coverage": 0.0029, "unionFrac": 0.0029, "bw": {"5": 1}}}, {"type": "Feature", "geometry": {"type": "Polygon", "coordinates": [[[30.0, -60.0], [30.0, -54.0], [24.0, -54.0], [24.0, -60.0], [30.0, -60.0]]]}, "properties": {"name": "S60E024_6x6", "kind": "latlon", "epsg": 4326, "lonMult": 1, "height": 6, "width": 6, "available": 1, "selected": 1, "coverage": 0.0019, "unionFrac": 0.0019, "bw": {"5": 1}}}, {"type": "Feature", "geometry": {"type": "Polygon", "coordinates": [[[36.0, -60.0], [36.0, -54.0], [30.0, -54.0], [30.0, -60.0], [36.0, -60.0]]]}, "properties": {"name": "S60E030_6x6", "kind": "latlon", "epsg": 4326, "lonMult": 1, "height": 6, "width": 6, "available": 1, "selected": 1, "coverage": 0.0024, "unionFrac": 0.0024, "bw": {"5": 1}}}, {"type": "Feature", "geometry": {"type": "Polygon", "coordinates": [[[42.0, -60.0], [42.0, -54.0], [36.0, -54.0], [36.0, -60.0], [42.0, -60.0]]]}, "properties": {"name": "S60E036_6x6", "kind": "latlon", "epsg": 4326, "lonMult": 1, "height": 6, "width": 6, "available": 1, "selected": 1, "coverage": 0.0028, "unionFrac": 0.0028, "bw": {"5": 1}}}, {"type": "Feature", "geometry": {"type": "Polygon", "coordinates": [[[48.0, -60.0], [48.0, -54.0], [42.0, -54.0], [42.0, -60.0], [48.0, -60.0]]]}, "properties": {"name": "S60E042_6x6", "kind": "latlon", "epsg": 4326, "lonMult": 1, "height": 6, "width": 6, "available": 2, "selected": 2, "coverage": 0.0045, "unionFrac": 0.0045, "bw": {"5": 2}}}, {"type": "Feature", "geometry": {"type": "Polygon", "coordinates": [[[54.0, -60.0], [54.0, -54.0], [48.0, -54.0], [48.0, -60.0], [54.0, -60.0]]]}, "properties": {"name": "S60E048_6x6", "kind": "latlon", "epsg": 4326, "lonMult": 1, "height": 6, "width": 6, "available": 2, "selected": 2, "coverage": 0.0045, "unionFrac": 0.0045, "bw": {"5": 2}}}, {"type": "Feature", "geometry": {"type": "Polygon", "coordinates": [[[60.0, -60.0], [60.0, -54.0], [54.0, -54.0], [54.0, -60.0], [60.0, -60.0]]]}, "properties": {"name": "S60E054_6x6", "kind": "latlon", "epsg": 4326, "lonMult": 1, "height": 6, "width": 6, "available": 1, "selected": 1, "coverage": 0.0022, "unionFrac": 0.0022, "bw": {"5": 1}}}, {"type": "Feature", "geometry": {"type": "Polygon", "coordinates": [[[66.0, -60.0], [66.0, -54.0], [60.0, -54.0], [60.0, -60.0], [66.0, -60.0]]]}, "properties": {"name": "S60E060_6x6", "kind": "latlon", "epsg": 4326, "lonMult": 1, "height": 6, "width": 6, "available": 2, "selected": 2, "coverage": 0.0047, "unionFrac": 0.0047, "bw": {"5": 2}}}, {"type": "Feature", "geometry": {"type": "Polygon", "coordinates": [[[72.0, -60.0], [72.0, -54.0], [66.0, -54.0], [66.0, -60.0], [72.0, -60.0]]]}, "properties": {"name": "S60E066_6x6", "kind": "latlon", "epsg": 4326, "lonMult": 1, "height": 6, "width": 6, "available": 2, "selected": 2, "coverage": 0.0036, "unionFrac": 0.0036, "bw": {"5": 2}}}, {"type": "Feature", "geometry": {"type": "Polygon", "coordinates": [[[78.0, -60.0], [78.0, -54.0], [72.0, -54.0], [72.0, -60.0], [78.0, -60.0]]]}, "properties": {"name": "S60E072_6x6", "kind": "latlon", "epsg": 4326, "lonMult": 1, "height": 6, "width": 6, "available": 1, "selected": 1, "coverage": 0.0025, "unionFrac": 0.0025, "bw": {"5": 1}}}, {"type": "Feature", "geometry": {"type": "Polygon", "coordinates": [[[84.0, -60.0], [84.0, -54.0], [78.0, -54.0], [78.0, -60.0], [84.0, -60.0]]]}, "properties": {"name": "S60E078_6x6", "kind": "latlon", "epsg": 4326, "lonMult": 1, "height": 6, "width": 6, "available": 2, "selected": 2, "coverage": 0.0045, "unionFrac": 0.0045, "bw": {"5": 2}}}, {"type": "Feature", "geometry": {"type": "Polygon", "coordinates": [[[90.0, -60.0], [90.0, -54.0], [84.0, -54.0], [84.0, -60.0], [90.0, -60.0]]]}, "properties": {"name": "S60E084_6x6", "kind": "latlon", "epsg": 4326, "lonMult": 1, "height": 6, "width": 6, "available": 1, "selected": 1, "coverage": 0.0022, "unionFrac": 0.0022, "bw": {"5": 1}}}, {"type": "Feature", "geometry": {"type": "Polygon", "coordinates": [[[96.0, -60.0], [96.0, -54.0], [90.0, -54.0], [90.0, -60.0], [96.0, -60.0]]]}, "properties": {"name": "S60E090_6x6", "kind": "latlon", "epsg": 4326, "lonMult": 1, "height": 6, "width": 6, "available": 2, "selected": 2, "coverage": 0.0048, "unionFrac": 0.0048, "bw": {"5": 2}}}, {"type": "Feature", "geometry": {"type": "Polygon", "coordinates": [[[102.0, -60.0], [102.0, -54.0], [96.0, -54.0], [96.0, -60.0], [102.0, -60.0]]]}, "properties": {"name": "S60E096_6x6", "kind": "latlon", "epsg": 4326, "lonMult": 1, "height": 6, "width": 6, "available": 2, "selected": 2, "coverage": 0.004, "unionFrac": 0.004, "bw": {"5": 2}}}, {"type": "Feature", "geometry": {"type": "Polygon", "coordinates": [[[108.0, -60.0], [108.0, -54.0], [102.0, -54.0], [102.0, -60.0], [108.0, -60.0]]]}, "properties": {"name": "S60E102_6x6", "kind": "latlon", "epsg": 4326, "lonMult": 1, "height": 6, "width": 6, "available": 1, "selected": 1, "coverage": 0.0022, "unionFrac": 0.0022, "bw": {"5": 1}}}, {"type": "Feature", "geometry": {"type": "Polygon", "coordinates": [[[114.0, -60.0], [114.0, -54.0], [108.0, -54.0], [108.0, -60.0], [114.0, -60.0]]]}, "properties": {"name": "S60E108_6x6", "kind": "latlon", "epsg": 4326, "lonMult": 1, "height": 6, "width": 6, "available": 2, "selected": 2, "coverage": 0.0042, "unionFrac": 0.0042, "bw": {"5": 2}}}, {"type": "Feature", "geometry": {"type": "Polygon", "coordinates": [[[120.0, -60.0], [120.0, -54.0], [114.0, -54.0], [114.0, -60.0], [120.0, -60.0]]]}, "properties": {"name": "S60E114_6x6", "kind": "latlon", "epsg": 4326, "lonMult": 1, "height": 6, "width": 6, "available": 4, "selected": 2, "coverage": 0.0331, "unionFrac": 0.0331, "bw": {"5": 2}}}, {"type": "Feature", "geometry": {"type": "Polygon", "coordinates": [[[126.0, -60.0], [126.0, -54.0], [120.0, -54.0], [120.0, -60.0], [126.0, -60.0]]]}, "properties": {"name": "S60E120_6x6", "kind": "latlon", "epsg": 4326, "lonMult": 1, "height": 6, "width": 6, "available": 2, "selected": 1, "coverage": 0.0044, "unionFrac": 0.0044, "bw": {"5": 1}}}, {"type": "Feature", "geometry": {"type": "Polygon", "coordinates": [[[150.0, -60.0], [150.0, -54.0], [144.0, -54.0], [144.0, -60.0], [150.0, -60.0]]]}, "properties": {"name": "S60E144_6x6", "kind": "latlon", "epsg": 4326, "lonMult": 1, "height": 6, "width": 6, "available": 1, "selected": 1, "coverage": 0.0145, "unionFrac": 0.0145, "bw": {"5": 1}}}, {"type": "Feature", "geometry": {"type": "Polygon", "coordinates": [[[156.0, -60.0], [156.0, -54.0], [150.0, -54.0], [150.0, -60.0], [156.0, -60.0]]]}, "properties": {"name": "S60E150_6x6", "kind": "latlon", "epsg": 4326, "lonMult": 1, "height": 6, "width": 6, "available": 1, "selected": 1, "coverage": 0.0141, "unionFrac": 0.0141, "bw": {"5": 1}}}, {"type": "Feature", "geometry": {"type": "Polygon", "coordinates": [[[-78.0, -54.0], [-78.0, -48.0], [-84.0, -48.0], [-84.0, -54.0], [-78.0, -54.0]]]}, "properties": {"name": "S54W084_6x6", "kind": "latlon", "epsg": 4326, "lonMult": 1, "height": 6, "width": 6, "available": 1, "selected": 1, "coverage": 0.0044, "unionFrac": 0.0044, "bw": {"20": 1}}}, {"type": "Feature", "geometry": {"type": "Polygon", "coordinates": [[[-72.0, -54.0], [-72.0, -48.0], [-78.0, -48.0], [-78.0, -54.0], [-72.0, -54.0]]]}, "properties": {"name": "S54W078_6x6", "kind": "latlon", "epsg": 4326, "lonMult": 1, "height": 6, "width": 6, "available": 18, "selected": 10, "coverage": 0.8529, "unionFrac": 0.8533, "bw": {"40": 5, "20": 5}}}, {"type": "Feature", "geometry": {"type": "Polygon", "coordinates": [[[-66.0, -54.0], [-66.0, -48.0], [-72.0, -48.0], [-72.0, -54.0], [-66.0, -54.0]]]}, "properties": {"name": "S54W072_6x6", "kind": "latlon", "epsg": 4326, "lonMult": 1, "height": 6, "width": 6, "available": 22, "selected": 16, "coverage": 0.9955, "unionFrac": 0.9965, "bw": {"40": 7, "20": 9}}}, {"type": "Feature", "geometry": {"type": "Polygon", "coordinates": [[[-60.0, -54.0], [-60.0, -48.0], [-66.0, -48.0], [-66.0, -54.0], [-60.0, -54.0]]]}, "properties": {"name": "S54W066_6x6", "kind": "latlon", "epsg": 4326, "lonMult": 1, "height": 6, "width": 6, "available": 8, "selected": 7, "coverage": 0.27, "unionFrac": 0.2704, "bw": {"20": 7}}}, {"type": "Feature", "geometry": {"type": "Polygon", "coordinates": [[[-54.0, -54.0], [-54.0, -48.0], [-60.0, -48.0], [-60.0, -54.0], [-54.0, -54.0]]]}, "properties": {"name": "S54W060_6x6", "kind": "latlon", "epsg": 4326, "lonMult": 1, "height": 6, "width": 6, "available": 5, "selected": 3, "coverage": 0.2365, "unionFrac": 0.2365, "bw": {"20": 3}}}, {"type": "Feature", "geometry": {"type": "Polygon", "coordinates": [[[-36.0, -54.0], [-36.0, -48.0], [-42.0, -48.0], [-42.0, -54.0], [-36.0, -54.0]]]}, "properties": {"name": "S54W042_6x6", "kind": "latlon", "epsg": 4326, "lonMult": 1, "height": 6, "width": 6, "available": 2, "selected": 1, "coverage": 0.0262, "unionFrac": 0.0267, "bw": {"20": 1}}}, {"type": "Feature", "geometry": {"type": "Polygon", "coordinates": [[[-30.0, -54.0], [-30.0, -48.0], [-36.0, -48.0], [-36.0, -54.0], [-30.0, -54.0]]]}, "properties": {"name": "S54W036_6x6", "kind": "latlon", "epsg": 4326, "lonMult": 1, "height": 6, "width": 6, "available": 1, "selected": 1, "coverage": 0.006, "unionFrac": 0.006, "bw": {"20": 1}}}, {"type": "Feature", "geometry": {"type": "Polygon", "coordinates": [[[6.0, -54.0], [6.0, -48.0], [0.0, -48.0], [0.0, -54.0], [6.0, -54.0]]]}, "properties": {"name": "S54E000_6x6", "kind": "latlon", "epsg": 4326, "lonMult": 1, "height": 6, "width": 6, "available": 1, "selected": 1, "coverage": 0.0057, "unionFrac": 0.0057, "bw": {"20": 1}}}, {"type": "Feature", "geometry": {"type": "Polygon", "coordinates": [[[72.0, -54.0], [72.0, -48.0], [66.0, -48.0], [66.0, -54.0], [72.0, -54.0]]]}, "properties": {"name": "S54E066_6x6", "kind": "latlon", "epsg": 4326, "lonMult": 1, "height": 6, "width": 6, "available": 2, "selected": 2, "coverage": 0.2191, "unionFrac": 0.2191, "bw": {"20": 2}}}, {"type": "Feature", "geometry": {"type": "Polygon", "coordinates": [[[78.0, -54.0], [78.0, -48.0], [72.0, -48.0], [72.0, -54.0], [78.0, -54.0]]]}, "properties": {"name": "S54E072_6x6", "kind": "latlon", "epsg": 4326, "lonMult": 1, "height": 6, "width": 6, "available": 1, "selected": 1, "coverage": 0.0163, "unionFrac": 0.0163, "bw": {"20": 1}}}, {"type": "Feature", "geometry": {"type": "Polygon", "coordinates": [[[168.0, -54.0], [168.0, -48.0], [162.0, -48.0], [162.0, -54.0], [168.0, -54.0]]]}, "properties": {"name": "S54E162_6x6", "kind": "latlon", "epsg": 4326, "lonMult": 1, "height": 6, "width": 6, "available": 1, "selected": 1, "coverage": 0.0286, "unionFrac": 0.0286, "bw": {"20": 1}}}, {"type": "Feature", "geometry": {"type": "Polygon", "coordinates": [[[174.0, -54.0], [174.0, -48.0], [168.0, -48.0], [168.0, -54.0], [174.0, -54.0]]]}, "properties": {"name": "S54E168_6x6", "kind": "latlon", "epsg": 4326, "lonMult": 1, "height": 6, "width": 6, "available": 1, "selected": 1, "coverage": 0.0051, "unionFrac": 0.0051, "bw": {"20": 1}}}, {"type": "Feature", "geometry": {"type": "Polygon", "coordinates": [[[-72.0, -48.0], [-72.0, -42.0], [-78.0, -42.0], [-78.0, -48.0], [-72.0, -48.0]]]}, "properties": {"name": "S48W078_6x6", "kind": "latlon", "epsg": 4326, "lonMult": 1, "height": 6, "width": 6, "available": 12, "selected": 9, "coverage": 0.6281, "unionFrac": 0.6281, "bw": {"40": 4, "20": 5}}}, {"type": "Feature", "geometry": {"type": "Polygon", "coordinates": [[[-66.0, -48.0], [-66.0, -42.0], [-72.0, -42.0], [-72.0, -48.0], [-66.0, -48.0]]]}, "properties": {"name": "S48W072_6x6", "kind": "latlon", "epsg": 4326, "lonMult": 1, "height": 6, "width": 6, "available": 20, "selected": 14, "coverage": 0.9997, "unionFrac": 1.0, "bw": {"40": 4, "20": 10}}}, {"type": "Feature", "geometry": {"type": "Polygon", "coordinates": [[[-60.0, -48.0], [-60.0, -42.0], [-66.0, -42.0], [-66.0, -48.0], [-60.0, -48.0]]]}, "properties": {"name": "S48W066_6x6", "kind": "latlon", "epsg": 4326, "lonMult": 1, "height": 6, "width": 6, "available": 8, "selected": 6, "coverage": 0.3935, "unionFrac": 0.3935, "bw": {"20": 6}}}, {"type": "Feature", "geometry": {"type": "Polygon", "coordinates": [[[144.0, -48.0], [144.0, -42.0], [138.0, -42.0], [138.0, -48.0], [144.0, -48.0]]]}, "properties": {"name": "S48E138_6x6", "kind": "latlon", "epsg": 4326, "lonMult": 1, "height": 6, "width": 6, "available": 1, "selected": 1, "coverage": 0.0327, "unionFrac": 0.0327, "bw": {"20": 1}}}, {"type": "Feature", "geometry": {"type": "Polygon", "coordinates": [[[150.0, -48.0], [150.0, -42.0], [144.0, -42.0], [144.0, -48.0], [150.0, -48.0]]]}, "properties": {"name": "S48E144_6x6", "kind": "latlon", "epsg": 4326, "lonMult": 1, "height": 6, "width": 6, "available": 6, "selected": 6, "coverage": 0.3015, "unionFrac": 0.3015, "bw": {"20": 6}}}, {"type": "Feature", "geometry": {"type": "Polygon", "coordinates": [[[156.0, -48.0], [156.0, -42.0], [150.0, -42.0], [150.0, -48.0], [156.0, -48.0]]]}, "properties": {"name": "S48E150_6x6", "kind": "latlon", "epsg": 4326, "lonMult": 1, "height": 6, "width": 6, "available": 2, "selected": 2, "coverage": 0.036, "unionFrac": 0.036, "bw": {"20": 2}}}, {"type": "Feature", "geometry": {"type": "Polygon", "coordinates": [[[168.0, -48.0], [168.0, -42.0], [162.0, -42.0], [162.0, -48.0], [168.0, -48.0]]]}, "properties": {"name": "S48E162_6x6", "kind": "latlon", "epsg": 4326, "lonMult": 1, "height": 6, "width": 6, "available": 4, "selected": 3, "coverage": 0.2767, "unionFrac": 0.2767, "bw": {"20": 3}}}, {"type": "Feature", "geometry": {"type": "Polygon", "coordinates": [[[174.0, -48.0], [174.0, -42.0], [168.0, -42.0], [168.0, -48.0], [174.0, -48.0]]]}, "properties": {"name": "S48E168_6x6", "kind": "latlon", "epsg": 4326, "lonMult": 1, "height": 6, "width": 6, "available": 11, "selected": 9, "coverage": 0.7035, "unionFrac": 0.7039, "bw": {"20": 9}}}, {"type": "Feature", "geometry": {"type": "Polygon", "coordinates": [[[180.0, -48.0], [180.0, -42.0], [174.0, -42.0], [174.0, -48.0], [180.0, -48.0]]]}, "properties": {"name": "S48E174_6x6", "kind": "latlon", "epsg": 4326, "lonMult": 1, "height": 6, "width": 6, "available": 3, "selected": 3, "coverage": 0.0593, "unionFrac": 0.0593, "bw": {"20": 3}}}, {"type": "Feature", "geometry": {"type": "Polygon", "coordinates": [[[-72.0, -42.0], [-72.0, -36.0], [-78.0, -36.0], [-78.0, -42.0], [-72.0, -42.0]]]}, "properties": {"name": "S42W078_6x6", "kind": "latlon", "epsg": 4326, "lonMult": 1, "height": 6, "width": 6, "available": 7, "selected": 7, "coverage": 0.3797, "unionFrac": 0.3797, "bw": {"40": 2, "20": 5}}}, {"type": "Feature", "geometry": {"type": "Polygon", "coordinates": [[[-66.0, -42.0], [-66.0, -36.0], [-72.0, -36.0], [-72.0, -42.0], [-66.0, -42.0]]]}, "properties": {"name": "S42W072_6x6", "kind": "latlon", "epsg": 4326, "lonMult": 1, "height": 6, "width": 6, "available": 20, "selected": 13, "coverage": 0.844, "unionFrac": 0.8442, "bw": {"40": 3, "20": 10}}}, {"type": "Feature", "geometry": {"type": "Polygon", "coordinates": [[[-60.0, -42.0], [-60.0, -36.0], [-66.0, -36.0], [-66.0, -42.0], [-60.0, -42.0]]]}, "properties": {"name": "S42W066_6x6", "kind": "latlon", "epsg": 4326, "lonMult": 1, "height": 6, "width": 6, "available": 19, "selected": 16, "coverage": 0.9028, "unionFrac": 0.9028, "bw": {"40": 3, "20": 13}}}, {"type": "Feature", "geometry": {"type": "Polygon", "coordinates": [[[-54.0, -42.0], [-54.0, -36.0], [-60.0, -36.0], [-60.0, -42.0], [-54.0, -42.0]]]}, "properties": {"name": "S42W060_6x6", "kind": "latlon", "epsg": 4326, "lonMult": 1, "height": 6, "width": 6, "available": 10, "selected": 8, "coverage": 0.415, "unionFrac": 0.415, "bw": {"40": 3, "20": 5}}}, {"type": "Feature", "geometry": {"type": "Polygon", "coordinates": [[[78.0, -42.0], [78.0, -36.0], [72.0, -36.0], [72.0, -42.0], [78.0, -42.0]]]}, "properties": {"name": "S42E072_6x6", "kind": "latlon", "epsg": 4326, "lonMult": 1, "height": 6, "width": 6, "available": 2, "selected": 2, "coverage": 0.0804, "unionFrac": 0.0804, "bw": {"20": 2}}}, {"type": "Feature", "geometry": {"type": "Polygon", "coordinates": [[[84.0, -42.0], [84.0, -36.0], [78.0, -36.0], [78.0, -42.0], [84.0, -42.0]]]}, "properties": {"name": "S42E078_6x6", "kind": "latlon", "epsg": 4326, "lonMult": 1, "height": 6, "width": 6, "available": 2, "selected": 2, "coverage": 0.028, "unionFrac": 0.028, "bw": {"20": 2}}}, {"type": "Feature", "geometry": {"type": "Polygon", "coordinates": [[[144.0, -42.0], [144.0, -36.0], [138.0, -36.0], [138.0, -42.0], [144.0, -42.0]]]}, "properties": {"name": "S42E138_6x6", "kind": "latlon", "epsg": 4326, "lonMult": 1, "height": 6, "width": 6, "available": 11, "selected": 10, "coverage": 0.4765, "unionFrac": 0.4765, "bw": {"20": 10}}}, {"type": "Feature", "geometry": {"type": "Polygon", "coordinates": [[[150.0, -42.0], [150.0, -36.0], [144.0, -36.0], [144.0, -42.0], [150.0, -42.0]]]}, "properties": {"name": "S42E144_6x6", "kind": "latlon", "epsg": 4326, "lonMult": 1, "height": 6, "width": 6, "available": 20, "selected": 16, "coverage": 0.9599, "unionFrac": 0.9612, "bw": {"40": 4, "20": 12}}}, {"type": "Feature", "geometry": {"type": "Polygon", "coordinates": [[[156.0, -42.0], [156.0, -36.0], [150.0, -36.0], [150.0, -42.0], [156.0, -42.0]]]}, "properties": {"name": "S42E150_6x6", "kind": "latlon", "epsg": 4326, "lonMult": 1, "height": 6, "width": 6, "available": 4, "selected": 4, "coverage": 0.2416, "unionFrac": 0.2416, "bw": {"40": 1, "20": 3}}}, {"type": "Feature", "geometry": {"type": "Polygon", "coordinates": [[[174.0, -42.0], [174.0, -36.0], [168.0, -36.0], [168.0, -42.0], [174.0, -42.0]]]}, "properties": {"name": "S42E168_6x6", "kind": "latlon", "epsg": 4326, "lonMult": 1, "height": 6, "width": 6, "available": 10, "selected": 8, "coverage": 0.2891, "unionFrac": 0.2894, "bw": {"20": 8}}}, {"type": "Feature", "geometry": {"type": "Polygon", "coordinates": [[[180.0, -42.0], [180.0, -36.0], [174.0, -36.0], [174.0, -42.0], [180.0, -42.0]]]}, "properties": {"name": "S42E174_6x6", "kind": "latlon", "epsg": 4326, "lonMult": 1, "height": 6, "width": 6, "available": 11, "selected": 8, "coverage": 0.6625, "unionFrac": 0.6634, "bw": {"20": 8}}}, {"type": "Feature", "geometry": {"type": "Polygon", "coordinates": [[[-72.0, -36.0], [-72.0, -30.0], [-78.0, -30.0], [-78.0, -36.0], [-72.0, -36.0]]]}, "properties": {"name": "S36W078_6x6", "kind": "latlon", "epsg": 4326, "lonMult": 1, "height": 6, "width": 6, "available": 4, "selected": 4, "coverage": 0.1825, "unionFrac": 0.1825, "bw": {"20": 4}}}, {"type": "Feature", "geometry": {"type": "Polygon", "coordinates": [[[-66.0, -36.0], [-66.0, -30.0], [-72.0, -30.0], [-72.0, -36.0], [-66.0, -36.0]]]}, "properties": {"name": "S36W072_6x6", "kind": "latlon", "epsg": 4326, "lonMult": 1, "height": 6, "width": 6, "available": 13, "selected": 11, "coverage": 0.7995, "unionFrac": 0.8002, "bw": {"20": 11}}}, {"type": "Feature", "geometry": {"type": "Polygon", "coordinates": [[[-60.0, -36.0], [-60.0, -30.0], [-66.0, -30.0], [-66.0, -36.0], [-60.0, -36.0]]]}, "properties": {"name": "S36W066_6x6", "kind": "latlon", "epsg": 4326, "lonMult": 1, "height": 6, "width": 6, "available": 22, "selected": 13, "coverage": 0.998, "unionFrac": 1.0, "bw": {"20": 13}}}, {"type": "Feature", "geometry": {"type": "Polygon", "coordinates": [[[-54.0, -36.0], [-54.0, -30.0], [-60.0, -30.0], [-60.0, -36.0], [-54.0, -36.0]]]}, "properties": {"name": "S36W060_6x6", "kind": "latlon", "epsg": 4326, "lonMult": 1, "height": 6, "width": 6, "available": 24, "selected": 16, "coverage": 0.9311, "unionFrac": 0.9322, "bw": {"40": 5, "20": 11}}}, {"type": "Feature", "geometry": {"type": "Polygon", "coordinates": [[[-48.0, -36.0], [-48.0, -30.0], [-54.0, -30.0], [-54.0, -36.0], [-48.0, -36.0]]]}, "properties": {"name": "S36W054_6x6", "kind": "latlon", "epsg": 4326, "lonMult": 1, "height": 6, "width": 6, "available": 9, "selected": 8, "coverage": 0.3896, "unionFrac": 0.3901, "bw": {"40": 4, "20": 4}}}, {"type": "Feature", "geometry": {"type": "Polygon", "coordinates": [[[18.0, -36.0], [18.0, -30.0], [12.0, -30.0], [12.0, -36.0], [18.0, -36.0]]]}, "properties": {"name": "S36E012_6x6", "kind": "latlon", "epsg": 4326, "lonMult": 1, "height": 6, "width": 6, "available": 5, "selected": 5, "coverage": 0.198, "unionFrac": 0.198, "bw": {"20": 5}}}, {"type": "Feature", "geometry": {"type": "Polygon", "coordinates": [[[24.0, -36.0], [24.0, -30.0], [18.0, -30.0], [18.0, -36.0], [24.0, -36.0]]]}, "properties": {"name": "S36E018_6x6", "kind": "latlon", "epsg": 4326, "lonMult": 1, "height": 6, "width": 6, "available": 14, "selected": 14, "coverage": 0.8024, "unionFrac": 0.8024, "bw": {"20": 14}}}, {"type": "Feature", "geometry": {"type": "Polygon", "coordinates": [[[30.0, -36.0], [30.0, -30.0], [24.0, -30.0], [24.0, -36.0], [30.0, -36.0]]]}, "properties": {"name": "S36E024_6x6", "kind": "latlon", "epsg": 4326, "lonMult": 1, "height": 6, "width": 6, "available": 12, "selected": 10, "coverage": 0.6815, "unionFrac": 0.6815, "bw": {"40": 1, "20": 9}}}, {"type": "Feature", "geometry": {"type": "Polygon", "coordinates": [[[36.0, -36.0], [36.0, -30.0], [30.0, -30.0], [30.0, -36.0], [36.0, -36.0]]]}, "properties": {"name": "S36E030_6x6", "kind": "latlon", "epsg": 4326, "lonMult": 1, "height": 6, "width": 6, "available": 4, "selected": 3, "coverage": 0.123, "unionFrac": 0.123, "bw": {"40": 2, "20": 1}}}, {"type": "Feature", "geometry": {"type": "Polygon", "coordinates": [[[114.0, -36.0], [114.0, -30.0], [108.0, -30.0], [108.0, -36.0], [114.0, -36.0]]]}, "properties": {"name": "S36E108_6x6", "kind": "latlon", "epsg": 4326, "lonMult": 1, "height": 6, "width": 6, "available": 3, "selected": 2, "coverage": 0.0314, "unionFrac": 0.0314, "bw": {"20": 2}}}, {"type": "Feature", "geometry": {"type": "Polygon", "coordinates": [[[120.0, -36.0], [120.0, -30.0], [114.0, -30.0], [114.0, -36.0], [120.0, -36.0]]]}, "properties": {"name": "S36E114_6x6", "kind": "latlon", "epsg": 4326, "lonMult": 1, "height": 6, "width": 6, "available": 14, "selected": 13, "coverage": 0.7852, "unionFrac": 0.7852, "bw": {"40": 3, "20": 10}}}, {"type": "Feature", "geometry": {"type": "Polygon", "coordinates": [[[126.0, -36.0], [126.0, -30.0], [120.0, -30.0], [120.0, -36.0], [126.0, -36.0]]]}, "properties": {"name": "S36E120_6x6", "kind": "latlon", "epsg": 4326, "lonMult": 1, "height": 6, "width": 6, "available": 14, "selected": 12, "coverage": 0.7123, "unionFrac": 0.7123, "bw": {"20": 12}}}, {"type": "Feature", "geometry": {"type": "Polygon", "coordinates": [[[132.0, -36.0], [132.0, -30.0], [126.0, -30.0], [126.0, -36.0], [132.0, -36.0]]]}, "properties": {"name": "S36E126_6x6", "kind": "latlon", "epsg": 4326, "lonMult": 1, "height": 6, "width": 6, "available": 11, "selected": 9, "coverage": 0.4254, "unionFrac": 0.4254, "bw": {"20": 9}}}, {"type": "Feature", "geometry": {"type": "Polygon", "coordinates": [[[138.0, -36.0], [138.0, -30.0], [132.0, -30.0], [132.0, -36.0], [138.0, -36.0]]]}, "properties": {"name": "S36E132_6x6", "kind": "latlon", "epsg": 4326, "lonMult": 1, "height": 6, "width": 6, "available": 9, "selected": 7, "coverage": 0.4605, "unionFrac": 0.4605, "bw": {"20": 7}}}, {"type": "Feature", "geometry": {"type": "Polygon", "coordinates": [[[144.0, -36.0], [144.0, -30.0], [138.0, -30.0], [138.0, -36.0], [144.0, -36.0]]]}, "properties": {"name": "S36E138_6x6", "kind": "latlon", "epsg": 4326, "lonMult": 1, "height": 6, "width": 6, "available": 17, "selected": 13, "coverage": 0.9288, "unionFrac": 0.9303, "bw": {"20": 13}}}, {"type": "Feature", "geometry": {"type": "Polygon", "coordinates": [[[150.0, -36.0], [150.0, -30.0], [144.0, -30.0], [144.0, -36.0], [150.0, -36.0]]]}, "properties": {"name": "S36E144_6x6", "kind": "latlon", "epsg": 4326, "lonMult": 1, "height": 6, "width": 6, "available": 24, "selected": 18, "coverage": 0.9974, "unionFrac": 0.9989, "bw": {"40": 6, "20": 12}}}, {"type": "Feature", "geometry": {"type": "Polygon", "coordinates": [[[156.0, -36.0], [156.0, -30.0], [150.0, -30.0], [150.0, -36.0], [156.0, -36.0]]]}, "properties": {"name": "S36E150_6x6", "kind": "latlon", "epsg": 4326, "lonMult": 1, "height": 6, "width": 6, "available": 14, "selected": 10, "coverage": 0.6059, "unionFrac": 0.6062, "bw": {"40": 4, "20": 6}}}, {"type": "Feature", "geometry": {"type": "Polygon", "coordinates": [[[174.0, -36.0], [174.0, -30.0], [168.0, -30.0], [168.0, -36.0], [174.0, -36.0]]]}, "properties": {"name": "S36E168_6x6", "kind": "latlon", "epsg": 4326, "lonMult": 1, "height": 6, "width": 6, "available": 2, "selected": 2, "coverage": 0.0798, "unionFrac": 0.0798, "bw": {"20": 2}}}, {"type": "Feature", "geometry": {"type": "Polygon", "coordinates": [[[180.0, -36.0], [180.0, -30.0], [174.0, -30.0], [174.0, -36.0], [180.0, -36.0]]]}, "properties": {"name": "S36E174_6x6", "kind": "latlon", "epsg": 4326, "lonMult": 1, "height": 6, "width": 6, "available": 5, "selected": 3, "coverage": 0.0613, "unionFrac": 0.0622, "bw": {"20": 3}}}, {"type": "Feature", "geometry": {"type": "Polygon", "coordinates": [[[-72.0, -30.0], [-72.0, -24.0], [-78.0, -24.0], [-78.0, -30.0], [-72.0, -30.0]]]}, "properties": {"name": "S30W078_6x6", "kind": "latlon", "epsg": 4326, "lonMult": 1, "height": 6, "width": 6, "available": 2, "selected": 2, "coverage": 0.0121, "unionFrac": 0.0121, "bw": {"20": 2}}}, {"type": "Feature", "geometry": {"type": "Polygon", "coordinates": [[[-66.0, -30.0], [-66.0, -24.0], [-72.0, -24.0], [-72.0, -30.0], [-66.0, -30.0]]]}, "properties": {"name": "S30W072_6x6", "kind": "latlon", "epsg": 4326, "lonMult": 1, "height": 6, "width": 6, "available": 9, "selected": 9, "coverage": 0.6926, "unionFrac": 0.6926, "bw": {"20": 9}}}, {"type": "Feature", "geometry": {"type": "Polygon", "coordinates": [[[-60.0, -30.0], [-60.0, -24.0], [-66.0, -24.0], [-66.0, -30.0], [-60.0, -30.0]]]}, "properties": {"name": "S30W066_6x6", "kind": "latlon", "epsg": 4326, "lonMult": 1, "height": 6, "width": 6, "available": 18, "selected": 16, "coverage": 0.9982, "unionFrac": 1.0, "bw": {"20": 16}}}, {"type": "Feature", "geometry": {"type": "Polygon", "coordinates": [[[-54.0, -30.0], [-54.0, -24.0], [-60.0, -24.0], [-60.0, -30.0], [-54.0, -30.0]]]}, "properties": {"name": "S30W060_6x6", "kind": "latlon", "epsg": 4326, "lonMult": 1, "height": 6, "width": 6, "available": 19, "selected": 17, "coverage": 0.9986, "unionFrac": 1.0, "bw": {"40": 2, "20": 15}}}, {"type": "Feature", "geometry": {"type": "Polygon", "coordinates": [[[-48.0, -30.0], [-48.0, -24.0], [-54.0, -24.0], [-54.0, -30.0], [-48.0, -30.0]]]}, "properties": {"name": "S30W054_6x6", "kind": "latlon", "epsg": 4326, "lonMult": 1, "height": 6, "width": 6, "available": 18, "selected": 15, "coverage": 0.6871, "unionFrac": 0.6871, "bw": {"40": 7, "20": 8}}}, {"type": "Feature", "geometry": {"type": "Polygon", "coordinates": [[[-42.0, -30.0], [-42.0, -24.0], [-48.0, -24.0], [-48.0, -30.0], [-42.0, -30.0]]]}, "properties": {"name": "S30W048_6x6", "kind": "latlon", "epsg": 4326, "lonMult": 1, "height": 6, "width": 6, "available": 8, "selected": 7, "coverage": 0.2482, "unionFrac": 0.2482, "bw": {"40": 4, "20": 3}}}, {"type": "Feature", "geometry": {"type": "Polygon", "coordinates": [[[-36.0, -30.0], [-36.0, -24.0], [-42.0, -24.0], [-42.0, -30.0], [-36.0, -30.0]]]}, "properties": {"name": "S30W042_6x6", "kind": "latlon", "epsg": 4326, "lonMult": 1, "height": 6, "width": 6, "available": 1, "selected": 1, "coverage": 0.0101, "unionFrac": 0.0101, "bw": {"40": 1}}}, {"type": "Feature", "geometry": {"type": "Polygon", "coordinates": [[[18.0, -30.0], [18.0, -24.0], [12.0, -24.0], [12.0, -30.0], [18.0, -30.0]]]}, "properties": {"name": "S30E012_6x6", "kind": "latlon", "epsg": 4326, "lonMult": 1, "height": 6, "width": 6, "available": 11, "selected": 9, "coverage": 0.6149, "unionFrac": 0.6155, "bw": {"20": 9}}}, {"type": "Feature", "geometry": {"type": "Polygon", "coordinates": [[[24.0, -30.0], [24.0, -24.0], [18.0, -24.0], [18.0, -30.0], [24.0, -30.0]]]}, "properties": {"name": "S30E018_6x6", "kind": "latlon", "epsg": 4326, "lonMult": 1, "height": 6, "width": 6, "available": 22, "selected": 15, "coverage": 0.999, "unionFrac": 1.0, "bw": {"20": 15}}}, {"type": "Feature", "geometry": {"type": "Polygon", "coordinates": [[[30.0, -30.0], [30.0, -24.0], [24.0, -24.0], [24.0, -30.0], [30.0, -30.0]]]}, "properties": {"name": "S30E024_6x6", "kind": "latlon", "epsg": 4326, "lonMult": 1, "height": 6, "width": 6, "available": 23, "selected": 19, "coverage": 0.9991, "unionFrac": 1.0, "bw": {"40": 5, "20": 14}}}, {"type": "Feature", "geometry": {"type": "Polygon", "coordinates": [[[36.0, -30.0], [36.0, -24.0], [30.0, -24.0], [30.0, -30.0], [36.0, -30.0]]]}, "properties": {"name": "S30E030_6x6", "kind": "latlon", "epsg": 4326, "lonMult": 1, "height": 6, "width": 6, "available": 14, "selected": 13, "coverage": 0.7806, "unionFrac": 0.7807, "bw": {"40": 4, "20": 9}}}, {"type": "Feature", "geometry": {"type": "Polygon", "coordinates": [[[42.0, -30.0], [42.0, -24.0], [36.0, -24.0], [36.0, -30.0], [42.0, -30.0]]]}, "properties": {"name": "S30E036_6x6", "kind": "latlon", "epsg": 4326, "lonMult": 1, "height": 6, "width": 6, "available": 1, "selected": 1, "coverage": 0.0088, "unionFrac": 0.0088, "bw": {"20": 1}}}, {"type": "Feature", "geometry": {"type": "Polygon", "coordinates": [[[48.0, -30.0], [48.0, -24.0], [42.0, -24.0], [42.0, -30.0], [48.0, -30.0]]]}, "properties": {"name": "S30E042_6x6", "kind": "latlon", "epsg": 4326, "lonMult": 1, "height": 6, "width": 6, "available": 6, "selected": 6, "coverage": 0.2553, "unionFrac": 0.2553, "bw": {"20": 6}}}, {"type": "Feature", "geometry": {"type": "Polygon", "coordinates": [[[54.0, -30.0], [54.0, -24.0], [48.0, -24.0], [48.0, -30.0], [54.0, -30.0]]]}, "properties": {"name": "S30E048_6x6", "kind": "latlon", "epsg": 4326, "lonMult": 1, "height": 6, "width": 6, "available": 2, "selected": 2, "coverage": 0.0051, "unionFrac": 0.0051, "bw": {"20": 2}}}, {"type": "Feature", "geometry": {"type": "Polygon", "coordinates": [[[114.0, -30.0], [114.0, -24.0], [108.0, -24.0], [108.0, -30.0], [114.0, -30.0]]]}, "properties": {"name": "S30E108_6x6", "kind": "latlon", "epsg": 4326, "lonMult": 1, "height": 6, "width": 6, "available": 7, "selected": 6, "coverage": 0.2399, "unionFrac": 0.2399, "bw": {"20": 6}}}, {"type": "Feature", "geometry": {"type": "Polygon", "coordinates": [[[120.0, -30.0], [120.0, -24.0], [114.0, -24.0], [114.0, -30.0], [120.0, -30.0]]]}, "properties": {"name": "S30E114_6x6", "kind": "latlon", "epsg": 4326, "lonMult": 1, "height": 6, "width": 6, "available": 22, "selected": 17, "coverage": 0.9986, "unionFrac": 1.0, "bw": {"40": 2, "20": 15}}}, {"type": "Feature", "geometry": {"type": "Polygon", "coordinates": [[[126.0, -30.0], [126.0, -24.0], [120.0, -24.0], [120.0, -30.0], [126.0, -30.0]]]}, "properties": {"name": "S30E120_6x6", "kind": "latlon", "epsg": 4326, "lonMult": 1, "height": 6, "width": 6, "available": 22, "selected": 15, "coverage": 0.9984, "unionFrac": 1.0, "bw": {"20": 15}}}, {"type": "Feature", "geometry": {"type": "Polygon", "coordinates": [[[132.0, -30.0], [132.0, -24.0], [126.0, -24.0], [126.0, -30.0], [132.0, -30.0]]]}, "properties": {"name": "S30E126_6x6", "kind": "latlon", "epsg": 4326, "lonMult": 1, "height": 6, "width": 6, "available": 21, "selected": 16, "coverage": 0.9995, "unionFrac": 1.0, "bw": {"20": 16}}}, {"type": "Feature", "geometry": {"type": "Polygon", "coordinates": [[[138.0, -30.0], [138.0, -24.0], [132.0, -24.0], [132.0, -30.0], [138.0, -30.0]]]}, "properties": {"name": "S30E132_6x6", "kind": "latlon", "epsg": 4326, "lonMult": 1, "height": 6, "width": 6, "available": 16, "selected": 15, "coverage": 0.8436, "unionFrac": 0.8442, "bw": {"20": 15}}}, {"type": "Feature", "geometry": {"type": "Polygon", "coordinates": [[[144.0, -30.0], [144.0, -24.0], [138.0, -24.0], [138.0, -30.0], [144.0, -30.0]]]}, "properties": {"name": "S30E138_6x6", "kind": "latlon", "epsg": 4326, "lonMult": 1, "height": 6, "width": 6, "available": 14, "selected": 13, "coverage": 0.9058, "unionFrac": 0.9064, "bw": {"20": 13}}}, {"type": "Feature", "geometry": {"type": "Polygon", "coordinates": [[[150.0, -30.0], [150.0, -24.0], [144.0, -24.0], [144.0, -30.0], [150.0, -30.0]]]}, "properties": {"name": "S30E144_6x6", "kind": "latlon", "epsg": 4326, "lonMult": 1, "height": 6, "width": 6, "available": 18, "selected": 16, "coverage": 0.998, "unionFrac": 0.9993, "bw": {"20": 16}}}, {"type": "Feature", "geometry": {"type": "Polygon", "coordinates": [[[156.0, -30.0], [156.0, -24.0], [150.0, -24.0], [150.0, -30.0], [156.0, -30.0]]]}, "properties": {"name": "S30E150_6x6", "kind": "latlon", "epsg": 4326, "lonMult": 1, "height": 6, "width": 6, "available": 15, "selected": 12, "coverage": 0.7686, "unionFrac": 0.7686, "bw": {"40": 4, "20": 8}}}, {"type": "Feature", "geometry": {"type": "Polygon", "coordinates": [[[180.0, -30.0], [180.0, -24.0], [174.0, -24.0], [174.0, -30.0], [180.0, -30.0]]]}, "properties": {"name": "S30E174_6x6", "kind": "latlon", "epsg": 4326, "lonMult": 1, "height": 6, "width": 6, "available": 2, "selected": 1, "coverage": 0.0124, "unionFrac": 0.0125, "bw": {"20": 1}}}, {"type": "Feature", "geometry": {"type": "Polygon", "coordinates": [[[-174.0, -24.0], [-174.0, -18.0], [-180.0, -18.0], [-180.0, -24.0], [-174.0, -24.0]]]}, "properties": {"name": "S24W180_6x6", "kind": "latlon", "epsg": 4326, "lonMult": 1, "height": 6, "width": 6, "available": 6, "selected": 6, "coverage": 0.2598, "unionFrac": 0.2598, "bw": {"40": 1, "20": 5}}}, {"type": "Feature", "geometry": {"type": "Polygon", "coordinates": [[[-168.0, -24.0], [-168.0, -18.0], [-174.0, -18.0], [-174.0, -24.0], [-168.0, -24.0]]]}, "properties": {"name": "S24W174_6x6", "kind": "latlon", "epsg": 4326, "lonMult": 1, "height": 6, "width": 6, "available": 4, "selected": 4, "coverage": 0.0389, "unionFrac": 0.0389, "bw": {"40": 1, "20": 3}}}, {"type": "Feature", "geometry": {"type": "Polygon", "coordinates": [[[-144.0, -24.0], [-144.0, -18.0], [-150.0, -18.0], [-150.0, -24.0], [-144.0, -24.0]]]}, "properties": {"name": "S24W150_6x6", "kind": "latlon", "epsg": 4326, "lonMult": 1, "height": 6, "width": 6, "available": 1, "selected": 1, "coverage": 0.017, "unionFrac": 0.017, "bw": {"20": 1}}}, {"type": "Feature", "geometry": {"type": "Polygon", "coordinates": [[[-138.0, -24.0], [-138.0, -18.0], [-144.0, -18.0], [-144.0, -24.0], [-138.0, -24.0]]]}, "properties": {"name": "S24W144_6x6", "kind": "latlon", "epsg": 4326, "lonMult": 1, "height": 6, "width": 6, "available": 2, "selected": 2, "coverage": 0.1015, "unionFrac": 0.1015, "bw": {"20": 2}}}, {"type": "Feature", "geometry": {"type": "Polygon", "coordinates": [[[-66.0, -24.0], [-66.0, -18.0], [-72.0, -18.0], [-72.0, -24.0], [-66.0, -24.0]]]}, "properties": {"name": "S24W072_6x6", "kind": "latlon", "epsg": 4326, "lonMult": 1, "height": 6, "width": 6, "available": 8, "selected": 8, "coverage": 0.4737, "unionFrac": 0.4737, "bw": {"20": 8}}}, {"type": "Feature", "geometry": {"type": "Polygon", "coordinates": [[[-60.0, -24.0], [-60.0, -18.0], [-66.0, -18.0], [-66.0, -24.0], [-60.0, -24.0]]]}, "properties": {"name": "S24W066_6x6", "kind": "latlon", "epsg": 4326, "lonMult": 1, "height": 6, "width": 6, "available": 17, "selected": 14, "coverage": 0.9082, "unionFrac": 0.9096, "bw": {"40": 1, "20": 13}}}, {"type": "Feature", "geometry": {"type": "Polygon", "coordinates": [[[-54.0, -24.0], [-54.0, -18.0], [-60.0, -18.0], [-60.0, -24.0], [-54.0, -24.0]]]}, "properties": {"name": "S24W060_6x6", "kind": "latlon", "epsg": 4326, "lonMult": 1, "height": 6, "width": 6, "available": 23, "selected": 18, "coverage": 0.9685, "unionFrac": 0.9694, "bw": {"40": 4, "20": 14}}}, {"type": "Feature", "geometry": {"type": "Polygon", "coordinates": [[[-48.0, -24.0], [-48.0, -18.0], [-54.0, -18.0], [-54.0, -24.0], [-48.0, -24.0]]]}, "properties": {"name": "S24W054_6x6", "kind": "latlon", "epsg": 4326, "lonMult": 1, "height": 6, "width": 6, "available": 20, "selected": 16, "coverage": 0.8126, "unionFrac": 0.8141, "bw": {"40": 6, "20": 10}}}, {"type": "Feature", "geometry": {"type": "Polygon", "coordinates": [[[-42.0, -24.0], [-42.0, -18.0], [-48.0, -18.0], [-48.0, -24.0], [-42.0, -24.0]]]}, "properties": {"name": "S24W048_6x6", "kind": "latlon", "epsg": 4326, "lonMult": 1, "height": 6, "width": 6, "available": 15, "selected": 12, "coverage": 0.8039, "unionFrac": 0.804, "bw": {"40": 6, "20": 6}}}, {"type": "Feature", "geometry": {"type": "Polygon", "coordinates": [[[-36.0, -24.0], [-36.0, -18.0], [-42.0, -18.0], [-42.0, -24.0], [-36.0, -24.0]]]}, "properties": {"name": "S24W042_6x6", "kind": "latlon", "epsg": 4326, "lonMult": 1, "height": 6, "width": 6, "available": 11, "selected": 9, "coverage": 0.4744, "unionFrac": 0.4744, "bw": {"40": 3, "20": 6}}}, {"type": "Feature", "geometry": {"type": "Polygon", "coordinates": [[[12.0, -24.0], [12.0, -18.0], [6.0, -18.0], [6.0, -24.0], [12.0, -24.0]]]}, "properties": {"name": "S24E006_6x6", "kind": "latlon", "epsg": 4326, "lonMult": 1, "height": 6, "width": 6, "available": 1, "selected": 1, "coverage": 0.0542, "unionFrac": 0.0542, "bw": {"20": 1}}}, {"type": "Feature", "geometry": {"type": "Polygon", "coordinates": [[[18.0, -24.0], [18.0, -18.0], [12.0, -18.0], [12.0, -24.0], [18.0, -24.0]]]}, "properties": {"name": "S24E012_6x6", "kind": "latlon", "epsg": 4326, "lonMult": 1, "height": 6, "width": 6, "available": 14, "selected": 13, "coverage": 0.818, "unionFrac": 0.8189, "bw": {"40": 1, "20": 12}}}, {"type": "Feature", "geometry": {"type": "Polygon", "coordinates": [[[24.0, -24.0], [24.0, -18.0], [18.0, -18.0], [18.0, -24.0], [24.0, -24.0]]]}, "properties": {"name": "S24E018_6x6", "kind": "latlon", "epsg": 4326, "lonMult": 1, "height": 6, "width": 6, "available": 21, "selected": 17, "coverage": 0.9981, "unionFrac": 1.0, "bw": {"40": 1, "20": 16}}}, {"type": "Feature", "geometry": {"type": "Polygon", "coordinates": [[[30.0, -24.0], [30.0, -18.0], [24.0, -18.0], [24.0, -24.0], [30.0, -24.0]]]}, "properties": {"name": "S24E024_6x6", "kind": "latlon", "epsg": 4326, "lonMult": 1, "height": 6, "width": 6, "available": 23, "selected": 18, "coverage": 0.9996, "unionFrac": 0.9997, "bw": {"40": 2, "20": 16}}}, {"type": "Feature", "geometry": {"type": "Polygon", "coordinates": [[[36.0, -24.0], [36.0, -18.0], [30.0, -18.0], [30.0, -24.0], [36.0, -24.0]]]}, "properties": {"name": "S24E030_6x6", "kind": "latlon", "epsg": 4326, "lonMult": 1, "height": 6, "width": 6, "available": 19, "selected": 16, "coverage": 0.9854, "unionFrac": 0.9863, "bw": {"40": 3, "20": 13}}}, {"type": "Feature", "geometry": {"type": "Polygon", "coordinates": [[[42.0, -24.0], [42.0, -18.0], [36.0, -18.0], [36.0, -24.0], [42.0, -24.0]]]}, "properties": {"name": "S24E036_6x6", "kind": "latlon", "epsg": 4326, "lonMult": 1, "height": 6, "width": 6, "available": 12, "selected": 10, "coverage": 0.1715, "unionFrac": 0.1725, "bw": {"40": 5, "20": 5}}}, {"type": "Feature", "geometry": {"type": "Polygon", "coordinates": [[[48.0, -24.0], [48.0, -18.0], [42.0, -18.0], [42.0, -24.0], [48.0, -24.0]]]}, "properties": {"name": "S24E042_6x6", "kind": "latlon", "epsg": 4326, "lonMult": 1, "height": 6, "width": 6, "available": 17, "selected": 14, "coverage": 0.9573, "unionFrac": 0.9584, "bw": {"40": 2, "20": 12}}}, {"type": "Feature", "geometry": {"type": "Polygon", "coordinates": [[[54.0, -24.0], [54.0, -18.0], [48.0, -18.0], [48.0, -24.0], [54.0, -24.0]]]}, "properties": {"name": "S24E048_6x6", "kind": "latlon", "epsg": 4326, "lonMult": 1, "height": 6, "width": 6, "available": 9, "selected": 8, "coverage": 0.2838, "unionFrac": 0.2838, "bw": {"40": 3, "20": 5}}}, {"type": "Feature", "geometry": {"type": "Polygon", "coordinates": [[[114.0, -24.0], [114.0, -18.0], [108.0, -18.0], [108.0, -24.0], [114.0, -24.0]]]}, "properties": {"name": "S24E108_6x6", "kind": "latlon", "epsg": 4326, "lonMult": 1, "height": 6, "width": 6, "available": 3, "selected": 3, "coverage": 0.1194, "unionFrac": 0.1194, "bw": {"20": 3}}}, {"type": "Feature", "geometry": {"type": "Polygon", "coordinates": [[[120.0, -24.0], [120.0, -18.0], [114.0, -18.0], [114.0, -24.0], [120.0, -24.0]]]}, "properties": {"name": "S24E114_6x6", "kind": "latlon", "epsg": 4326, "lonMult": 1, "height": 6, "width": 6, "available": 13, "selected": 11, "coverage": 0.671, "unionFrac": 0.6727, "bw": {"20": 11}}}, {"type": "Feature", "geometry": {"type": "Polygon", "coordinates": [[[126.0, -24.0], [126.0, -18.0], [120.0, -18.0], [120.0, -24.0], [126.0, -24.0]]]}, "properties": {"name": "S24E120_6x6", "kind": "latlon", "epsg": 4326, "lonMult": 1, "height": 6, "width": 6, "available": 17, "selected": 16, "coverage": 0.9892, "unionFrac": 0.9895, "bw": {"20": 16}}}, {"type": "Feature", "geometry": {"type": "Polygon", "coordinates": [[[132.0, -24.0], [132.0, -18.0], [126.0, -18.0], [126.0, -24.0], [132.0, -24.0]]]}, "properties": {"name": "S24E126_6x6", "kind": "latlon", "epsg": 4326, "lonMult": 1, "height": 6, "width": 6, "available": 21, "selected": 16, "coverage": 0.999, "unionFrac": 1.0, "bw": {"20": 16}}}, {"type": "Feature", "geometry": {"type": "Polygon", "coordinates": [[[138.0, -24.0], [138.0, -18.0], [132.0, -18.0], [132.0, -24.0], [138.0, -24.0]]]}, "properties": {"name": "S24E132_6x6", "kind": "latlon", "epsg": 4326, "lonMult": 1, "height": 6, "width": 6, "available": 17, "selected": 14, "coverage": 0.9025, "unionFrac": 0.9035, "bw": {"20": 14}}}, {"type": "Feature", "geometry": {"type": "Polygon", "coordinates": [[[144.0, -24.0], [144.0, -18.0], [138.0, -18.0], [138.0, -24.0], [144.0, -24.0]]]}, "properties": {"name": "S24E138_6x6", "kind": "latlon", "epsg": 4326, "lonMult": 1, "height": 6, "width": 6, "available": 17, "selected": 13, "coverage": 0.7576, "unionFrac": 0.7592, "bw": {"20": 13}}}, {"type": "Feature", "geometry": {"type": "Polygon", "coordinates": [[[150.0, -24.0], [150.0, -18.0], [144.0, -18.0], [144.0, -24.0], [150.0, -24.0]]]}, "properties": {"name": "S24E144_6x6", "kind": "latlon", "epsg": 4326, "lonMult": 1, "height": 6, "width": 6, "available": 19, "selected": 14, "coverage": 0.945, "unionFrac": 0.9466, "bw": {"20": 14}}}, {"type": "Feature", "geometry": {"type": "Polygon", "coordinates": [[[156.0, -24.0], [156.0, -18.0], [150.0, -18.0], [150.0, -24.0], [156.0, -24.0]]]}, "properties": {"name": "S24E150_6x6", "kind": "latlon", "epsg": 4326, "lonMult": 1, "height": 6, "width": 6, "available": 4, "selected": 4, "coverage": 0.1641, "unionFrac": 0.1641, "bw": {"20": 4}}}, {"type": "Feature", "geometry": {"type": "Polygon", "coordinates": [[[168.0, -24.0], [168.0, -18.0], [162.0, -18.0], [162.0, -24.0], [168.0, -24.0]]]}, "properties": {"name": "S24E162_6x6", "kind": "latlon", "epsg": 4326, "lonMult": 1, "height": 6, "width": 6, "available": 5, "selected": 5, "coverage": 0.2468, "unionFrac": 0.2468, "bw": {"20": 5}}}, {"type": "Feature", "geometry": {"type": "Polygon", "coordinates": [[[174.0, -24.0], [174.0, -18.0], [168.0, -18.0], [168.0, -24.0], [174.0, -24.0]]]}, "properties": {"name": "S24E168_6x6", "kind": "latlon", "epsg": 4326, "lonMult": 1, "height": 6, "width": 6, "available": 4, "selected": 4, "coverage": 0.1708, "unionFrac": 0.1708, "bw": {"20": 4}}}, {"type": "Feature", "geometry": {"type": "Polygon", "coordinates": [[[180.0, -24.0], [180.0, -18.0], [174.0, -18.0], [174.0, -24.0], [180.0, -24.0]]]}, "properties": {"name": "S24E174_6x6", "kind": "latlon", "epsg": 4326, "lonMult": 1, "height": 6, "width": 6, "available": 4, "selected": 4, "coverage": 0.1492, "unionFrac": 0.1492, "bw": {"20": 4}}}, {"type": "Feature", "geometry": {"type": "Polygon", "coordinates": [[[-174.0, -18.0], [-174.0, -12.0], [-180.0, -12.0], [-180.0, -18.0], [-174.0, -18.0]]]}, "properties": {"name": "S18W180_6x6", "kind": "latlon", "epsg": 4326, "lonMult": 1, "height": 6, "width": 6, "available": 4, "selected": 4, "coverage": 0.1038, "unionFrac": 0.1038, "bw": {"20": 4}}}, {"type": "Feature", "geometry": {"type": "Polygon", "coordinates": [[[-168.0, -18.0], [-168.0, -12.0], [-174.0, -12.0], [-174.0, -18.0], [-168.0, -18.0]]]}, "properties": {"name": "S18W174_6x6", "kind": "latlon", "epsg": 4326, "lonMult": 1, "height": 6, "width": 6, "available": 4, "selected": 4, "coverage": 0.1206, "unionFrac": 0.1206, "bw": {"40": 1, "20": 3}}}, {"type": "Feature", "geometry": {"type": "Polygon", "coordinates": [[[-150.0, -18.0], [-150.0, -12.0], [-156.0, -12.0], [-156.0, -18.0], [-150.0, -18.0]]]}, "properties": {"name": "S18W156_6x6", "kind": "latlon", "epsg": 4326, "lonMult": 1, "height": 6, "width": 6, "available": 2, "selected": 1, "coverage": 0.0988, "unionFrac": 0.0988, "bw": {"20": 1}}}, {"type": "Feature", "geometry": {"type": "Polygon", "coordinates": [[[-144.0, -18.0], [-144.0, -12.0], [-150.0, -12.0], [-150.0, -18.0], [-144.0, -18.0]]]}, "properties": {"name": "S18W150_6x6", "kind": "latlon", "epsg": 4326, "lonMult": 1, "height": 6, "width": 6, "available": 3, "selected": 3, "coverage": 0.2723, "unionFrac": 0.2723, "bw": {"20": 3}}}, {"type": "Feature", "geometry": {"type": "Polygon", "coordinates": [[[-138.0, -18.0], [-138.0, -12.0], [-144.0, -12.0], [-144.0, -18.0], [-138.0, -18.0]]]}, "properties": {"name": "S18W144_6x6", "kind": "latlon", "epsg": 4326, "lonMult": 1, "height": 6, "width": 6, "available": 3, "selected": 3, "coverage": 0.2657, "unionFrac": 0.2657, "bw": {"20": 3}}}, {"type": "Feature", "geometry": {"type": "Polygon", "coordinates": [[[-78.0, -18.0], [-78.0, -12.0], [-84.0, -12.0], [-84.0, -18.0], [-78.0, -18.0]]]}, "properties": {"name": "S18W084_6x6", "kind": "latlon", "epsg": 4326, "lonMult": 1, "height": 6, "width": 6, "available": 2, "selected": 1, "coverage": 0.0267, "unionFrac": 0.0267, "bw": {"20": 1}}}, {"type": "Feature", "geometry": {"type": "Polygon", "coordinates": [[[-72.0, -18.0], [-72.0, -12.0], [-78.0, -12.0], [-78.0, -18.0], [-72.0, -18.0]]]}, "properties": {"name": "S18W078_6x6", "kind": "latlon", "epsg": 4326, "lonMult": 1, "height": 6, "width": 6, "available": 12, "selected": 12, "coverage": 0.6389, "unionFrac": 0.6389, "bw": {"20": 12}}}, {"type": "Feature", "geometry": {"type": "Polygon", "coordinates": [[[-66.0, -18.0], [-66.0, -12.0], [-72.0, -12.0], [-72.0, -18.0], [-66.0, -18.0]]]}, "properties": {"name": "S18W072_6x6", "kind": "latlon", "epsg": 4326, "lonMult": 1, "height": 6, "width": 6, "available": 9, "selected": 9, "coverage": 0.5956, "unionFrac": 0.5956, "bw": {"20": 9}}}, {"type": "Feature", "geometry": {"type": "Polygon", "coordinates": [[[-60.0, -18.0], [-60.0, -12.0], [-66.0, -12.0], [-66.0, -18.0], [-60.0, -18.0]]]}, "properties": {"name": "S18W066_6x6", "kind": "latlon", "epsg": 4326, "lonMult": 1, "height": 6, "width": 6, "available": 14, "selected": 13, "coverage": 0.8091, "unionFrac": 0.8093, "bw": {"40": 2, "20": 11}}}, {"type": "Feature", "geometry": {"type": "Polygon", "coordinates": [[[-54.0, -18.0], [-54.0, -12.0], [-60.0, -12.0], [-60.0, -18.0], [-54.0, -18.0]]]}, "properties": {"name": "S18W060_6x6", "kind": "latlon", "epsg": 4326, "lonMult": 1, "height": 6, "width": 6, "available": 22, "selected": 19, "coverage": 1.0, "unionFrac": 1.0, "bw": {"40": 3, "20": 16}}}, {"type": "Feature", "geometry": {"type": "Polygon", "coordinates": [[[-48.0, -18.0], [-48.0, -12.0], [-54.0, -12.0], [-54.0, -18.0], [-48.0, -18.0]]]}, "properties": {"name": "S18W054_6x6", "kind": "latlon", "epsg": 4326, "lonMult": 1, "height": 6, "width": 6, "available": 19, "selected": 16, "coverage": 0.9734, "unionFrac": 0.9745, "bw": {"40": 3, "20": 13}}}, {"type": "Feature", "geometry": {"type": "Polygon", "coordinates": [[[-42.0, -18.0], [-42.0, -12.0], [-48.0, -12.0], [-48.0, -18.0], [-42.0, -18.0]]]}, "properties": {"name": "S18W048_6x6", "kind": "latlon", "epsg": 4326, "lonMult": 1, "height": 6, "width": 6, "available": 15, "selected": 14, "coverage": 0.7311, "unionFrac": 0.7311, "bw": {"20": 14}}}, {"type": "Feature", "geometry": {"type": "Polygon", "coordinates": [[[-36.0, -18.0], [-36.0, -12.0], [-42.0, -12.0], [-42.0, -18.0], [-36.0, -18.0]]]}, "properties": {"name": "S18W042_6x6", "kind": "latlon", "epsg": 4326, "lonMult": 1, "height": 6, "width": 6, "available": 14, "selected": 12, "coverage": 0.7402, "unionFrac": 0.7411, "bw": {"40": 2, "20": 10}}}, {"type": "Feature", "geometry": {"type": "Polygon", "coordinates": [[[12.0, -18.0], [12.0, -12.0], [6.0, -12.0], [6.0, -18.0], [12.0, -18.0]]]}, "properties": {"name": "S18E006_6x6", "kind": "latlon", "epsg": 4326, "lonMult": 1, "height": 6, "width": 6, "available": 6, "selected": 5, "coverage": 0.2556, "unionFrac": 0.2556, "bw": {"20": 5}}}, {"type": "Feature", "geometry": {"type": "Polygon", "coordinates": [[[18.0, -18.0], [18.0, -12.0], [12.0, -12.0], [12.0, -18.0], [18.0, -18.0]]]}, "properties": {"name": "S18E012_6x6", "kind": "latlon", "epsg": 4326, "lonMult": 1, "height": 6, "width": 6, "available": 20, "selected": 15, "coverage": 0.9782, "unionFrac": 0.9786, "bw": {"40": 1, "20": 14}}}, {"type": "Feature", "geometry": {"type": "Polygon", "coordinates": [[[24.0, -18.0], [24.0, -12.0], [18.0, -12.0], [18.0, -18.0], [24.0, -18.0]]]}, "properties": {"name": "S18E018_6x6", "kind": "latlon", "epsg": 4326, "lonMult": 1, "height": 6, "width": 6, "available": 21, "selected": 18, "coverage": 1.0, "unionFrac": 1.0, "bw": {"40": 1, "20": 17}}}, {"type": "Feature", "geometry": {"type": "Polygon", "coordinates": [[[30.0, -18.0], [30.0, -12.0], [24.0, -12.0], [24.0, -18.0], [30.0, -18.0]]]}, "properties": {"name": "S18E024_6x6", "kind": "latlon", "epsg": 4326, "lonMult": 1, "height": 6, "width": 6, "available": 19, "selected": 18, "coverage": 0.9991, "unionFrac": 1.0, "bw": {"40": 2, "20": 16}}}, {"type": "Feature", "geometry": {"type": "Polygon", "coordinates": [[[36.0, -18.0], [36.0, -12.0], [30.0, -12.0], [30.0, -18.0], [36.0, -18.0]]]}, "properties": {"name": "S18E030_6x6", "kind": "latlon", "epsg": 4326, "lonMult": 1, "height": 6, "width": 6, "available": 21, "selected": 20, "coverage": 1.0, "unionFrac": 1.0, "bw": {"40": 4, "20": 16}}}, {"type": "Feature", "geometry": {"type": "Polygon", "coordinates": [[[42.0, -18.0], [42.0, -12.0], [36.0, -12.0], [36.0, -18.0], [42.0, -18.0]]]}, "properties": {"name": "S18E036_6x6", "kind": "latlon", "epsg": 4326, "lonMult": 1, "height": 6, "width": 6, "available": 20, "selected": 16, "coverage": 0.8828, "unionFrac": 0.8828, "bw": {"40": 8, "20": 8}}}, {"type": "Feature", "geometry": {"type": "Polygon", "coordinates": [[[48.0, -18.0], [48.0, -12.0], [42.0, -12.0], [42.0, -18.0], [48.0, -18.0]]]}, "properties": {"name": "S18E042_6x6", "kind": "latlon", "epsg": 4326, "lonMult": 1, "height": 6, "width": 6, "available": 15, "selected": 14, "coverage": 0.4727, "unionFrac": 0.4727, "bw": {"40": 2, "20": 12}}}, {"type": "Feature", "geometry": {"type": "Polygon", "coordinates": [[[54.0, -18.0], [54.0, -12.0], [48.0, -12.0], [48.0, -18.0], [54.0, -18.0]]]}, "properties": {"name": "S18E048_6x6", "kind": "latlon", "epsg": 4326, "lonMult": 1, "height": 6, "width": 6, "available": 9, "selected": 7, "coverage": 0.571, "unionFrac": 0.572, "bw": {"40": 1, "20": 6}}}, {"type": "Feature", "geometry": {"type": "Polygon", "coordinates": [[[120.0, -18.0], [120.0, -12.0], [114.0, -12.0], [114.0, -18.0], [120.0, -18.0]]]}, "properties": {"name": "S18E114_6x6", "kind": "latlon", "epsg": 4326, "lonMult": 1, "height": 6, "width": 6, "available": 1, "selected": 1, "coverage": 0.0013, "unionFrac": 0.0013, "bw": {"20": 1}}}, {"type": "Feature", "geometry": {"type": "Polygon", "coordinates": [[[126.0, -18.0], [126.0, -12.0], [120.0, -12.0], [120.0, -18.0], [126.0, -18.0]]]}, "properties": {"name": "S18E120_6x6", "kind": "latlon", "epsg": 4326, "lonMult": 1, "height": 6, "width": 6, "available": 12, "selected": 10, "coverage": 0.4581, "unionFrac": 0.4581, "bw": {"20": 10}}}, {"type": "Feature", "geometry": {"type": "Polygon", "coordinates": [[[132.0, -18.0], [132.0, -12.0], [126.0, -12.0], [126.0, -18.0], [132.0, -18.0]]]}, "properties": {"name": "S18E126_6x6", "kind": "latlon", "epsg": 4326, "lonMult": 1, "height": 6, "width": 6, "available": 17, "selected": 15, "coverage": 0.8572, "unionFrac": 0.8581, "bw": {"20": 15}}}, {"type": "Feature", "geometry": {"type": "Polygon", "coordinates": [[[138.0, -18.0], [138.0, -12.0], [132.0, -12.0], [132.0, -18.0], [138.0, -18.0]]]}, "properties": {"name": "S18E132_6x6", "kind": "latlon", "epsg": 4326, "lonMult": 1, "height": 6, "width": 6, "available": 17, "selected": 17, "coverage": 0.9532, "unionFrac": 0.9532, "bw": {"20": 17}}}, {"type": "Feature", "geometry": {"type": "Polygon", "coordinates": [[[144.0, -18.0], [144.0, -12.0], [138.0, -12.0], [138.0, -18.0], [144.0, -18.0]]]}, "properties": {"name": "S18E138_6x6", "kind": "latlon", "epsg": 4326, "lonMult": 1, "height": 6, "width": 6, "available": 12, "selected": 12, "coverage": 0.574, "unionFrac": 0.574, "bw": {"20": 12}}}, {"type": "Feature", "geometry": {"type": "Polygon", "coordinates": [[[150.0, -18.0], [150.0, -12.0], [144.0, -12.0], [144.0, -18.0], [150.0, -18.0]]]}, "properties": {"name": "S18E144_6x6", "kind": "latlon", "epsg": 4326, "lonMult": 1, "height": 6, "width": 6, "available": 11, "selected": 9, "coverage": 0.4363, "unionFrac": 0.4371, "bw": {"20": 9}}}, {"type": "Feature", "geometry": {"type": "Polygon", "coordinates": [[[156.0, -18.0], [156.0, -12.0], [150.0, -12.0], [150.0, -18.0], [156.0, -18.0]]]}, "properties": {"name": "S18E150_6x6", "kind": "latlon", "epsg": 4326, "lonMult": 1, "height": 6, "width": 6, "available": 1, "selected": 1, "coverage": 0.0087, "unionFrac": 0.0087, "bw": {"20": 1}}}, {"type": "Feature", "geometry": {"type": "Polygon", "coordinates": [[[162.0, -18.0], [162.0, -12.0], [156.0, -12.0], [156.0, -18.0], [162.0, -18.0]]]}, "properties": {"name": "S18E156_6x6", "kind": "latlon", "epsg": 4326, "lonMult": 1, "height": 6, "width": 6, "available": 1, "selected": 1, "coverage": 0.0043, "unionFrac": 0.0043, "bw": {"20": 1}}}, {"type": "Feature", "geometry": {"type": "Polygon", "coordinates": [[[168.0, -18.0], [168.0, -12.0], [162.0, -12.0], [162.0, -18.0], [168.0, -18.0]]]}, "properties": {"name": "S18E162_6x6", "kind": "latlon", "epsg": 4326, "lonMult": 1, "height": 6, "width": 6, "available": 5, "selected": 5, "coverage": 0.1839, "unionFrac": 0.1839, "bw": {"20": 5}}}, {"type": "Feature", "geometry": {"type": "Polygon", "coordinates": [[[174.0, -18.0], [174.0, -12.0], [168.0, -12.0], [168.0, -18.0], [174.0, -18.0]]]}, "properties": {"name": "S18E168_6x6", "kind": "latlon", "epsg": 4326, "lonMult": 1, "height": 6, "width": 6, "available": 6, "selected": 5, "coverage": 0.1842, "unionFrac": 0.1843, "bw": {"20": 5}}}, {"type": "Feature", "geometry": {"type": "Polygon", "coordinates": [[[180.0, -18.0], [180.0, -12.0], [174.0, -12.0], [174.0, -18.0], [180.0, -18.0]]]}, "properties": {"name": "S18E174_6x6", "kind": "latlon", "epsg": 4326, "lonMult": 1, "height": 6, "width": 6, "available": 4, "selected": 4, "coverage": 0.2095, "unionFrac": 0.2095, "bw": {"20": 4}}}, {"type": "Feature", "geometry": {"type": "Polygon", "coordinates": [[[-138.0, -12.0], [-138.0, -6.0], [-144.0, -6.0], [-144.0, -12.0], [-138.0, -12.0]]]}, "properties": {"name": "S12W144_6x6", "kind": "latlon", "epsg": 4326, "lonMult": 1, "height": 6, "width": 6, "available": 1, "selected": 1, "coverage": 0.0962, "unionFrac": 0.0962, "bw": {"20": 1}}}, {"type": "Feature", "geometry": {"type": "Polygon", "coordinates": [[[-78.0, -12.0], [-78.0, -6.0], [-84.0, -6.0], [-84.0, -12.0], [-78.0, -12.0]]]}, "properties": {"name": "S12W084_6x6", "kind": "latlon", "epsg": 4326, "lonMult": 1, "height": 6, "width": 6, "available": 12, "selected": 10, "coverage": 0.3905, "unionFrac": 0.3905, "bw": {"40": 7, "20": 3}}}, {"type": "Feature", "geometry": {"type": "Polygon", "coordinates": [[[-72.0, -12.0], [-72.0, -6.0], [-78.0, -6.0], [-78.0, -12.0], [-72.0, -12.0]]]}, "properties": {"name": "S12W078_6x6", "kind": "latlon", "epsg": 4326, "lonMult": 1, "height": 6, "width": 6, "available": 24, "selected": 19, "coverage": 0.9997, "unionFrac": 1.0, "bw": {"40": 4, "20": 15}}}, {"type": "Feature", "geometry": {"type": "Polygon", "coordinates": [[[-66.0, -12.0], [-66.0, -6.0], [-72.0, -6.0], [-72.0, -12.0], [-66.0, -12.0]]]}, "properties": {"name": "S12W072_6x6", "kind": "latlon", "epsg": 4326, "lonMult": 1, "height": 6, "width": 6, "available": 17, "selected": 14, "coverage": 0.8325, "unionFrac": 0.8334, "bw": {"20": 14}}}, {"type": "Feature", "geometry": {"type": "Polygon", "coordinates": [[[-60.0, -12.0], [-60.0, -6.0], [-66.0, -6.0], [-66.0, -12.0], [-60.0, -12.0]]]}, "properties": {"name": "S12W066_6x6", "kind": "latlon", "epsg": 4326, "lonMult": 1, "height": 6, "width": 6, "available": 16, "selected": 13, "coverage": 0.7149, "unionFrac": 0.7149, "bw": {"20": 13}}}, {"type": "Feature", "geometry": {"type": "Polygon", "coordinates": [[[-54.0, -12.0], [-54.0, -6.0], [-60.0, -6.0], [-60.0, -12.0], [-54.0, -12.0]]]}, "properties": {"name": "S12W060_6x6", "kind": "latlon", "epsg": 4326, "lonMult": 1, "height": 6, "width": 6, "available": 19, "selected": 18, "coverage": 1.0, "unionFrac": 1.0, "bw": {"20": 18}}}, {"type": "Feature", "geometry": {"type": "Polygon", "coordinates": [[[-48.0, -12.0], [-48.0, -6.0], [-54.0, -6.0], [-54.0, -12.0], [-48.0, -12.0]]]}, "properties": {"name": "S12W054_6x6", "kind": "latlon", "epsg": 4326, "lonMult": 1, "height": 6, "width": 6, "available": 18, "selected": 18, "coverage": 1.0, "unionFrac": 1.0, "bw": {"20": 18}}}, {"type": "Feature", "geometry": {"type": "Polygon", "coordinates": [[[-42.0, -12.0], [-42.0, -6.0], [-48.0, -6.0], [-48.0, -12.0], [-42.0, -12.0]]]}, "properties": {"name": "S12W048_6x6", "kind": "latlon", "epsg": 4326, "lonMult": 1, "height": 6, "width": 6, "available": 13, "selected": 13, "coverage": 0.7108, "unionFrac": 0.7108, "bw": {"20": 13}}}, {"type": "Feature", "geometry": {"type": "Polygon", "coordinates": [[[-36.0, -12.0], [-36.0, -6.0], [-42.0, -6.0], [-42.0, -12.0], [-36.0, -12.0]]]}, "properties": {"name": "S12W042_6x6", "kind": "latlon", "epsg": 4326, "lonMult": 1, "height": 6, "width": 6, "available": 20, "selected": 18, "coverage": 0.9747, "unionFrac": 0.9747, "bw": {"40": 5, "20": 13}}}, {"type": "Feature", "geometry": {"type": "Polygon", "coordinates": [[[-30.0, -12.0], [-30.0, -6.0], [-36.0, -6.0], [-36.0, -12.0], [-30.0, -12.0]]]}, "properties": {"name": "S12W036_6x6", "kind": "latlon", "epsg": 4326, "lonMult": 1, "height": 6, "width": 6, "available": 8, "selected": 6, "coverage": 0.2701, "unionFrac": 0.2705, "bw": {"40": 4, "20": 2}}}, {"type": "Feature", "geometry": {"type": "Polygon", "coordinates": [[[12.0, -12.0], [12.0, -6.0], [6.0, -6.0], [6.0, -12.0], [12.0, -12.0]]]}, "properties": {"name": "S12E006_6x6", "kind": "latlon", "epsg": 4326, "lonMult": 1, "height": 6, "width": 6, "available": 3, "selected": 2, "coverage": 0.0602, "unionFrac": 0.0607, "bw": {"20": 2}}}, {"type": "Feature", "geometry": {"type": "Polygon", "coordinates": [[[18.0, -12.0], [18.0, -6.0], [12.0, -6.0], [12.0, -12.0], [18.0, -12.0]]]}, "properties": {"name": "S12E012_6x6", "kind": "latlon", "epsg": 4326, "lonMult": 1, "height": 6, "width": 6, "available": 18, "selected": 15, "coverage": 0.9428, "unionFrac": 0.9438, "bw": {"20": 15}}}, {"type": "Feature", "geometry": {"type": "Polygon", "coordinates": [[[24.0, -12.0], [24.0, -6.0], [18.0, -6.0], [18.0, -12.0], [24.0, -12.0]]]}, "properties": {"name": "S12E018_6x6", "kind": "latlon", "epsg": 4326, "lonMult": 1, "height": 6, "width": 6, "available": 22, "selected": 18, "coverage": 0.9994, "unionFrac": 1.0, "bw": {"20": 18}}}, {"type": "Feature", "geometry": {"type": "Polygon", "coordinates": [[[30.0, -12.0], [30.0, -6.0], [24.0, -6.0], [24.0, -12.0], [30.0, -12.0]]]}, "properties": {"name": "S12E024_6x6", "kind": "latlon", "epsg": 4326, "lonMult": 1, "height": 6, "width": 6, "available": 21, "selected": 17, "coverage": 0.9987, "unionFrac": 1.0, "bw": {"20": 17}}}, {"type": "Feature", "geometry": {"type": "Polygon", "coordinates": [[[36.0, -12.0], [36.0, -6.0], [30.0, -6.0], [30.0, -12.0], [36.0, -12.0]]]}, "properties": {"name": "S12E030_6x6", "kind": "latlon", "epsg": 4326, "lonMult": 1, "height": 6, "width": 6, "available": 23, "selected": 19, "coverage": 0.998, "unionFrac": 1.0, "bw": {"40": 3, "20": 16}}}, {"type": "Feature", "geometry": {"type": "Polygon", "coordinates": [[[42.0, -12.0], [42.0, -6.0], [36.0, -6.0], [36.0, -12.0], [42.0, -12.0]]]}, "properties": {"name": "S12E036_6x6", "kind": "latlon", "epsg": 4326, "lonMult": 1, "height": 6, "width": 6, "available": 20, "selected": 16, "coverage": 0.8642, "unionFrac": 0.8647, "bw": {"40": 3, "20": 13}}}, {"type": "Feature", "geometry": {"type": "Polygon", "coordinates": [[[48.0, -12.0], [48.0, -6.0], [42.0, -6.0], [42.0, -12.0], [48.0, -12.0]]]}, "properties": {"name": "S12E042_6x6", "kind": "latlon", "epsg": 4326, "lonMult": 1, "height": 6, "width": 6, "available": 3, "selected": 3, "coverage": 0.0711, "unionFrac": 0.0711, "bw": {"20": 3}}}, {"type": "Feature", "geometry": {"type": "Polygon", "coordinates": [[[54.0, -12.0], [54.0, -6.0], [48.0, -6.0], [48.0, -12.0], [54.0, -12.0]]]}, "properties": {"name": "S12E048_6x6", "kind": "latlon", "epsg": 4326, "lonMult": 1, "height": 6, "width": 6, "available": 1, "selected": 1, "coverage": 0.0095, "unionFrac": 0.0095, "bw": {"20": 1}}}, {"type": "Feature", "geometry": {"type": "Polygon", "coordinates": [[[60.0, -12.0], [60.0, -6.0], [54.0, -6.0], [54.0, -12.0], [60.0, -12.0]]]}, "properties": {"name": "S12E054_6x6", "kind": "latlon", "epsg": 4326, "lonMult": 1, "height": 6, "width": 6, "available": 2, "selected": 1, "coverage": 0.0094, "unionFrac": 0.0094, "bw": {"20": 1}}}, {"type": "Feature", "geometry": {"type": "Polygon", "coordinates": [[[102.0, -12.0], [102.0, -6.0], [96.0, -6.0], [96.0, -12.0], [102.0, -12.0]]]}, "properties": {"name": "S12E096_6x6", "kind": "latlon", "epsg": 4326, "lonMult": 1, "height": 6, "width": 6, "available": 1, "selected": 1, "coverage": 0.003, "unionFrac": 0.003, "bw": {"40": 1}}}, {"type": "Feature", "geometry": {"type": "Polygon", "coordinates": [[[108.0, -12.0], [108.0, -6.0], [102.0, -6.0], [102.0, -12.0], [108.0, -12.0]]]}, "properties": {"name": "S12E102_6x6", "kind": "latlon", "epsg": 4326, "lonMult": 1, "height": 6, "width": 6, "available": 8, "selected": 8, "coverage": 0.3601, "unionFrac": 0.3601, "bw": {"40": 7, "20": 1}}}, {"type": "Feature", "geometry": {"type": "Polygon", "coordinates": [[[114.0, -12.0], [114.0, -6.0], [108.0, -6.0], [108.0, -12.0], [114.0, -12.0]]]}, "properties": {"name": "S12E108_6x6", "kind": "latlon", "epsg": 4326, "lonMult": 1, "height": 6, "width": 6, "available": 13, "selected": 11, "coverage": 0.5283, "unionFrac": 0.5283, "bw": {"40": 11}}}, {"type": "Feature", "geometry": {"type": "Polygon", "coordinates": [[[120.0, -12.0], [120.0, -6.0], [114.0, -6.0], [114.0, -12.0], [120.0, -12.0]]]}, "properties": {"name": "S12E114_6x6", "kind": "latlon", "epsg": 4326, "lonMult": 1, "height": 6, "width": 6, "available": 15, "selected": 12, "coverage": 0.5848, "unionFrac": 0.5848, "bw": {"40": 10, "20": 2}}}, {"type": "Feature", "geometry": {"type": "Polygon", "coordinates": [[[126.0, -12.0], [126.0, -6.0], [120.0, -6.0], [120.0, -12.0], [126.0, -12.0]]]}, "properties": {"name": "S12E120_6x6", "kind": "latlon", "epsg": 4326, "lonMult": 1, "height": 6, "width": 6, "available": 21, "selected": 18, "coverage": 0.8476, "unionFrac": 0.8476, "bw": {"40": 12, "20": 6}}}, {"type": "Feature", "geometry": {"type": "Polygon", "coordinates": [[[132.0, -12.0], [132.0, -6.0], [126.0, -6.0], [126.0, -12.0], [132.0, -12.0]]]}, "properties": {"name": "S12E126_6x6", "kind": "latlon", "epsg": 4326, "lonMult": 1, "height": 6, "width": 6, "available": 17, "selected": 14, "coverage": 0.6262, "unionFrac": 0.6262, "bw": {"40": 6, "20": 8}}}, {"type": "Feature", "geometry": {"type": "Polygon", "coordinates": [[[138.0, -12.0], [138.0, -6.0], [132.0, -6.0], [132.0, -12.0], [138.0, -12.0]]]}, "properties": {"name": "S12E132_6x6", "kind": "latlon", "epsg": 4326, "lonMult": 1, "height": 6, "width": 6, "available": 16, "selected": 13, "coverage": 0.4458, "unionFrac": 0.4474, "bw": {"20": 13}}}, {"type": "Feature", "geometry": {"type": "Polygon", "coordinates": [[[144.0, -12.0], [144.0, -6.0], [138.0, -6.0], [138.0, -12.0], [144.0, -12.0]]]}, "properties": {"name": "S12E138_6x6", "kind": "latlon", "epsg": 4326, "lonMult": 1, "height": 6, "width": 6, "available": 16, "selected": 15, "coverage": 0.828, "unionFrac": 0.8283, "bw": {"20": 15}}}, {"type": "Feature", "geometry": {"type": "Polygon", "coordinates": [[[150.0, -12.0], [150.0, -6.0], [144.0, -6.0], [144.0, -12.0], [150.0, -12.0]]]}, "properties": {"name": "S12E144_6x6", "kind": "latlon", "epsg": 4326, "lonMult": 1, "height": 6, "width": 6, "available": 16, "selected": 15, "coverage": 0.6633, "unionFrac": 0.6633, "bw": {"40": 3, "20": 12}}}, {"type": "Feature", "geometry": {"type": "Polygon", "coordinates": [[[156.0, -12.0], [156.0, -6.0], [150.0, -6.0], [150.0, -12.0], [156.0, -12.0]]]}, "properties": {"name": "S12E150_6x6", "kind": "latlon", "epsg": 4326, "lonMult": 1, "height": 6, "width": 6, "available": 13, "selected": 13, "coverage": 0.5253, "unionFrac": 0.5253, "bw": {"20": 13}}}, {"type": "Feature", "geometry": {"type": "Polygon", "coordinates": [[[162.0, -12.0], [162.0, -6.0], [156.0, -6.0], [156.0, -12.0], [162.0, -12.0]]]}, "properties": {"name": "S12E156_6x6", "kind": "latlon", "epsg": 4326, "lonMult": 1, "height": 6, "width": 6, "available": 8, "selected": 8, "coverage": 0.4778, "unionFrac": 0.4778, "bw": {"20": 8}}}, {"type": "Feature", "geometry": {"type": "Polygon", "coordinates": [[[168.0, -12.0], [168.0, -6.0], [162.0, -6.0], [162.0, -12.0], [168.0, -12.0]]]}, "properties": {"name": "S12E162_6x6", "kind": "latlon", "epsg": 4326, "lonMult": 1, "height": 6, "width": 6, "available": 2, "selected": 2, "coverage": 0.0634, "unionFrac": 0.0634, "bw": {"20": 2}}}, {"type": "Feature", "geometry": {"type": "Polygon", "coordinates": [[[180.0, -12.0], [180.0, -6.0], [174.0, -6.0], [174.0, -12.0], [180.0, -12.0]]]}, "properties": {"name": "S12E174_6x6", "kind": "latlon", "epsg": 4326, "lonMult": 1, "height": 6, "width": 6, "available": 4, "selected": 4, "coverage": 0.2052, "unionFrac": 0.2052, "bw": {"20": 4}}}, {"type": "Feature", "geometry": {"type": "Polygon", "coordinates": [[[-90.0, -6.0], [-90.0, 0.0], [-96.0, 0.0], [-96.0, -6.0], [-90.0, -6.0]]]}, "properties": {"name": "S06W096_6x6", "kind": "latlon", "epsg": 4326, "lonMult": 1, "height": 6, "width": 6, "available": 4, "selected": 3, "coverage": 0.1293, "unionFrac": 0.1294, "bw": {"20": 3}}}, {"type": "Feature", "geometry": {"type": "Polygon", "coordinates": [[[-84.0, -6.0], [-84.0, 0.0], [-90.0, 0.0], [-90.0, -6.0], [-84.0, -6.0]]]}, "properties": {"name": "S06W090_6x6", "kind": "latlon", "epsg": 4326, "lonMult": 1, "height": 6, "width": 6, "available": 2, "selected": 2, "coverage": 0.0714, "unionFrac": 0.0714, "bw": {"20": 2}}}, {"type": "Feature", "geometry": {"type": "Polygon", "coordinates": [[[-78.0, -6.0], [-78.0, 0.0], [-84.0, 0.0], [-84.0, -6.0], [-78.0, -6.0]]]}, "properties": {"name": "S06W084_6x6", "kind": "latlon", "epsg": 4326, "lonMult": 1, "height": 6, "width": 6, "available": 17, "selected": 14, "coverage": 0.7923, "unionFrac": 0.7928, "bw": {"40": 9, "20": 5}}}, {"type": "Feature", "geometry": {"type": "Polygon", "coordinates": [[[-72.0, -6.0], [-72.0, 0.0], [-78.0, 0.0], [-78.0, -6.0], [-72.0, -6.0]]]}, "properties": {"name": "S06W078_6x6", "kind": "latlon", "epsg": 4326, "lonMult": 1, "height": 6, "width": 6, "available": 20, "selected": 19, "coverage": 0.9974, "unionFrac": 0.9983, "bw": {"40": 5, "20": 14}}}, {"type": "Feature", "geometry": {"type": "Polygon", "coordinates": [[[-66.0, -6.0], [-66.0, 0.0], [-72.0, 0.0], [-72.0, -6.0], [-66.0, -6.0]]]}, "properties": {"name": "S06W072_6x6", "kind": "latlon", "epsg": 4326, "lonMult": 1, "height": 6, "width": 6, "available": 20, "selected": 17, "coverage": 0.9992, "unionFrac": 1.0, "bw": {"20": 17}}}, {"type": "Feature", "geometry": {"type": "Polygon", "coordinates": [[[-60.0, -6.0], [-60.0, 0.0], [-66.0, 0.0], [-66.0, -6.0], [-60.0, -6.0]]]}, "properties": {"name": "S06W066_6x6", "kind": "latlon", "epsg": 4326, "lonMult": 1, "height": 6, "width": 6, "available": 18, "selected": 14, "coverage": 0.7104, "unionFrac": 0.7104, "bw": {"40": 1, "20": 13}}}, {"type": "Feature", "geometry": {"type": "Polygon", "coordinates": [[[-54.0, -6.0], [-54.0, 0.0], [-60.0, 0.0], [-60.0, -6.0], [-54.0, -6.0]]]}, "properties": {"name": "S06W060_6x6", "kind": "latlon", "epsg": 4326, "lonMult": 1, "height": 6, "width": 6, "available": 23, "selected": 18, "coverage": 0.9989, "unionFrac": 1.0, "bw": {"40": 2, "20": 16}}}, {"type": "Feature", "geometry": {"type": "Polygon", "coordinates": [[[-48.0, -6.0], [-48.0, 0.0], [-54.0, 0.0], [-54.0, -6.0], [-48.0, -6.0]]]}, "properties": {"name": "S06W054_6x6", "kind": "latlon", "epsg": 4326, "lonMult": 1, "height": 6, "width": 6, "available": 21, "selected": 19, "coverage": 0.999, "unionFrac": 1.0, "bw": {"40": 2, "20": 17}}}, {"type": "Feature", "geometry": {"type": "Polygon", "coordinates": [[[-42.0, -6.0], [-42.0, 0.0], [-48.0, 0.0], [-48.0, -6.0], [-42.0, -6.0]]]}, "properties": {"name": "S06W048_6x6", "kind": "latlon", "epsg": 4326, "lonMult": 1, "height": 6, "width": 6, "available": 15, "selected": 11, "coverage": 0.6221, "unionFrac": 0.6227, "bw": {"40": 2, "20": 9}}}, {"type": "Feature", "geometry": {"type": "Polygon", "coordinates": [[[-36.0, -6.0], [-36.0, 0.0], [-42.0, 0.0], [-42.0, -6.0], [-36.0, -6.0]]]}, "properties": {"name": "S06W042_6x6", "kind": "latlon", "epsg": 4326, "lonMult": 1, "height": 6, "width": 6, "available": 11, "selected": 10, "coverage": 0.5328, "unionFrac": 0.5335, "bw": {"40": 1, "20": 9}}}, {"type": "Feature", "geometry": {"type": "Polygon", "coordinates": [[[-30.0, -6.0], [-30.0, 0.0], [-36.0, 0.0], [-36.0, -6.0], [-30.0, -6.0]]]}, "properties": {"name": "S06W036_6x6", "kind": "latlon", "epsg": 4326, "lonMult": 1, "height": 6, "width": 6, "available": 4, "selected": 4, "coverage": 0.0841, "unionFrac": 0.0841, "bw": {"40": 2, "20": 2}}}, {"type": "Feature", "geometry": {"type": "Polygon", "coordinates": [[[12.0, -6.0], [12.0, 0.0], [6.0, 0.0], [6.0, -6.0], [12.0, -6.0]]]}, "properties": {"name": "S06E006_6x6", "kind": "latlon", "epsg": 4326, "lonMult": 1, "height": 6, "width": 6, "available": 11, "selected": 8, "coverage": 0.4787, "unionFrac": 0.4794, "bw": {"20": 8}}}, {"type": "Feature", "geometry": {"type": "Polygon", "coordinates": [[[18.0, -6.0], [18.0, 0.0], [12.0, 0.0], [12.0, -6.0], [18.0, -6.0]]]}, "properties": {"name": "S06E012_6x6", "kind": "latlon", "epsg": 4326, "lonMult": 1, "height": 6, "width": 6, "available": 19, "selected": 17, "coverage": 0.9991, "unionFrac": 1.0, "bw": {"20": 17}}}, {"type": "Feature", "geometry": {"type": "Polygon", "coordinates": [[[24.0, -6.0], [24.0, 0.0], [18.0, 0.0], [18.0, -6.0], [24.0, -6.0]]]}, "properties": {"name": "S06E018_6x6", "kind": "latlon", "epsg": 4326, "lonMult": 1, "height": 6, "width": 6, "available": 17, "selected": 17, "coverage": 0.9143, "unionFrac": 0.9143, "bw": {"20": 17}}}, {"type": "Feature", "geometry": {"type": "Polygon", "coordinates": [[[30.0, -6.0], [30.0, 0.0], [24.0, 0.0], [24.0, -6.0], [30.0, -6.0]]]}, "properties": {"name": "S06E024_6x6", "kind": "latlon", "epsg": 4326, "lonMult": 1, "height": 6, "width": 6, "available": 20, "selected": 18, "coverage": 0.9992, "unionFrac": 1.0, "bw": {"40": 5, "20": 13}}}, {"type": "Feature", "geometry": {"type": "Polygon", "coordinates": [[[36.0, -6.0], [36.0, 0.0], [30.0, 0.0], [30.0, -6.0], [36.0, -6.0]]]}, "properties": {"name": "S06E030_6x6", "kind": "latlon", "epsg": 4326, "lonMult": 1, "height": 6, "width": 6, "available": 23, "selected": 21, "coverage": 1.0, "unionFrac": 1.0, "bw": {"40": 8, "20": 13}}}, {"type": "Feature", "geometry": {"type": "Polygon", "coordinates": [[[42.0, -6.0], [42.0, 0.0], [36.0, 0.0], [36.0, -6.0], [42.0, -6.0]]]}, "properties": {"name": "S06E036_6x6", "kind": "latlon", "epsg": 4326, "lonMult": 1, "height": 6, "width": 6, "available": 19, "selected": 17, "coverage": 0.9585, "unionFrac": 0.9589, "bw": {"40": 5, "20": 12}}}, {"type": "Feature", "geometry": {"type": "Polygon", "coordinates": [[[48.0, -6.0], [48.0, 0.0], [42.0, 0.0], [42.0, -6.0], [48.0, -6.0]]]}, "properties": {"name": "S06E042_6x6", "kind": "latlon", "epsg": 4326, "lonMult": 1, "height": 6, "width": 6, "available": 5, "selected": 5, "coverage": 0.0897, "unionFrac": 0.0897, "bw": {"40": 1, "20": 4}}}, {"type": "Feature", "geometry": {"type": "Polygon", "coordinates": [[[54.0, -6.0], [54.0, 0.0], [48.0, 0.0], [48.0, -6.0], [54.0, -6.0]]]}, "properties": {"name": "S06E048_6x6", "kind": "latlon", "epsg": 4326, "lonMult": 1, "height": 6, "width": 6, "available": 4, "selected": 1, "coverage": 0.0169, "unionFrac": 0.0173, "bw": {"20": 1}}}, {"type": "Feature", "geometry": {"type": "Polygon", "coordinates": [[[60.0, -6.0], [60.0, 0.0], [54.0, 0.0], [54.0, -6.0], [60.0, -6.0]]]}, "properties": {"name": "S06E054_6x6", "kind": "latlon", "epsg": 4326, "lonMult": 1, "height": 6, "width": 6, "available": 4, "selected": 2, "coverage": 0.1577, "unionFrac": 0.1577, "bw": {"20": 2}}}, {"type": "Feature", "geometry": {"type": "Polygon", "coordinates": [[[102.0, -6.0], [102.0, 0.0], [96.0, 0.0], [96.0, -6.0], [102.0, -6.0]]]}, "properties": {"name": "S06E096_6x6", "kind": "latlon", "epsg": 4326, "lonMult": 1, "height": 6, "width": 6, "available": 11, "selected": 10, "coverage": 0.5865, "unionFrac": 0.5865, "bw": {"40": 10}}}, {"type": "Feature", "geometry": {"type": "Polygon", "coordinates": [[[108.0, -6.0], [108.0, 0.0], [102.0, 0.0], [102.0, -6.0], [108.0, -6.0]]]}, "properties": {"name": "S06E102_6x6", "kind": "latlon", "epsg": 4326, "lonMult": 1, "height": 6, "width": 6, "available": 18, "selected": 17, "coverage": 0.9419, "unionFrac": 0.9426, "bw": {"40": 16, "20": 1}}}, {"type": "Feature", "geometry": {"type": "Polygon", "coordinates": [[[114.0, -6.0], [114.0, 0.0], [108.0, 0.0], [108.0, -6.0], [114.0, -6.0]]]}, "properties": {"name": "S06E108_6x6", "kind": "latlon", "epsg": 4326, "lonMult": 1, "height": 6, "width": 6, "available": 24, "selected": 22, "coverage": 0.6552, "unionFrac": 0.6556, "bw": {"40": 14, "20": 8}}}, {"type": "Feature", "geometry": {"type": "Polygon", "coordinates": [[[120.0, -6.0], [120.0, 0.0], [114.0, 0.0], [114.0, -6.0], [120.0, -6.0]]]}, "properties": {"name": "S06E114_6x6", "kind": "latlon", "epsg": 4326, "lonMult": 1, "height": 6, "width": 6, "available": 18, "selected": 14, "coverage": 0.6651, "unionFrac": 0.6652, "bw": {"40": 5, "20": 9}}}, {"type": "Feature", "geometry": {"type": "Polygon", "coordinates": [[[126.0, -6.0], [126.0, 0.0], [120.0, 0.0], [120.0, -6.0], [126.0, -6.0]]]}, "properties": {"name": "S06E120_6x6", "kind": "latlon", "epsg": 4326, "lonMult": 1, "height": 6, "width": 6, "available": 18, "selected": 17, "coverage": 0.9213, "unionFrac": 0.9213, "bw": {"40": 3, "20": 14}}}, {"type": "Feature", "geometry": {"type": "Polygon", "coordinates": [[[132.0, -6.0], [132.0, 0.0], [126.0, 0.0], [126.0, -6.0], [132.0, -6.0]]]}, "properties": {"name": "S06E126_6x6", "kind": "latlon", "epsg": 4326, "lonMult": 1, "height": 6, "width": 6, "available": 16, "selected": 14, "coverage": 0.7447, "unionFrac": 0.7447, "bw": {"40": 2, "20": 12}}}, {"type": "Feature", "geometry": {"type": "Polygon", "coordinates": [[[138.0, -6.0], [138.0, 0.0], [132.0, 0.0], [132.0, -6.0], [138.0, -6.0]]]}, "properties": {"name": "S06E132_6x6", "kind": "latlon", "epsg": 4326, "lonMult": 1, "height": 6, "width": 6, "available": 15, "selected": 14, "coverage": 0.8893, "unionFrac": 0.8893, "bw": {"20": 14}}}, {"type": "Feature", "geometry": {"type": "Polygon", "coordinates": [[[144.0, -6.0], [144.0, 0.0], [138.0, 0.0], [138.0, -6.0], [144.0, -6.0]]]}, "properties": {"name": "S06E138_6x6", "kind": "latlon", "epsg": 4326, "lonMult": 1, "height": 6, "width": 6, "available": 14, "selected": 14, "coverage": 0.635, "unionFrac": 0.635, "bw": {"40": 2, "20": 12}}}, {"type": "Feature", "geometry": {"type": "Polygon", "coordinates": [[[150.0, -6.0], [150.0, 0.0], [144.0, 0.0], [144.0, -6.0], [150.0, -6.0]]]}, "properties": {"name": "S06E144_6x6", "kind": "latlon", "epsg": 4326, "lonMult": 1, "height": 6, "width": 6, "available": 12, "selected": 11, "coverage": 0.5278, "unionFrac": 0.5278, "bw": {"20": 11}}}, {"type": "Feature", "geometry": {"type": "Polygon", "coordinates": [[[156.0, -6.0], [156.0, 0.0], [150.0, 0.0], [150.0, -6.0], [156.0, -6.0]]]}, "properties": {"name": "S06E150_6x6", "kind": "latlon", "epsg": 4326, "lonMult": 1, "height": 6, "width": 6, "available": 12, "selected": 9, "coverage": 0.5464, "unionFrac": 0.5474, "bw": {"20": 9}}}, {"type": "Feature", "geometry": {"type": "Polygon", "coordinates": [[[162.0, -6.0], [162.0, 0.0], [156.0, 0.0], [156.0, -6.0], [162.0, -6.0]]]}, "properties": {"name": "S06E156_6x6", "kind": "latlon", "epsg": 4326, "lonMult": 1, "height": 6, "width": 6, "available": 3, "selected": 2, "coverage": 0.0102, "unionFrac": 0.0102, "bw": {"20": 2}}}, {"type": "Feature", "geometry": {"type": "Polygon", "coordinates": [[[180.0, -6.0], [180.0, 0.0], [174.0, 0.0], [174.0, -6.0], [180.0, -6.0]]]}, "properties": {"name": "S06E174_6x6", "kind": "latlon", "epsg": 4326, "lonMult": 1, "height": 6, "width": 6, "available": 4, "selected": 4, "coverage": 0.1692, "unionFrac": 0.1692, "bw": {"20": 4}}}, {"type": "Feature", "geometry": {"type": "Polygon", "coordinates": [[[-90.0, 0.0], [-90.0, 6.0], [-96.0, 6.0], [-96.0, 0.0], [-90.0, 0.0]]]}, "properties": {"name": "N00W096_6x6", "kind": "latlon", "epsg": 4326, "lonMult": 1, "height": 6, "width": 6, "available": 4, "selected": 4, "coverage": 0.0921, "unionFrac": 0.0921, "bw": {"20": 4}}}, {"type": "Feature", "geometry": {"type": "Polygon", "coordinates": [[[-84.0, 0.0], [-84.0, 6.0], [-90.0, 6.0], [-90.0, 0.0], [-84.0, 0.0]]]}, "properties": {"name": "N00W090_6x6", "kind": "latlon", "epsg": 4326, "lonMult": 1, "height": 6, "width": 6, "available": 2, "selected": 1, "coverage": 0.0318, "unionFrac": 0.0319, "bw": {"20": 1}}}, {"type": "Feature", "geometry": {"type": "Polygon", "coordinates": [[[-78.0, 0.0], [-78.0, 6.0], [-84.0, 6.0], [-84.0, 0.0], [-78.0, 0.0]]]}, "properties": {"name": "N00W084_6x6", "kind": "latlon", "epsg": 4326, "lonMult": 1, "height": 6, "width": 6, "available": 10, "selected": 9, "coverage": 0.3853, "unionFrac": 0.3853, "bw": {"40": 3, "20": 6}}}, {"type": "Feature", "geometry": {"type": "Polygon", "coordinates": [[[-72.0, 0.0], [-72.0, 6.0], [-78.0, 6.0], [-78.0, 0.0], [-72.0, 0.0]]]}, "properties": {"name": "N00W078_6x6", "kind": "latlon", "epsg": 4326, "lonMult": 1, "height": 6, "width": 6, "available": 21, "selected": 16, "coverage": 0.999, "unionFrac": 1.0, "bw": {"40": 6, "20": 10}}}, {"type": "Feature", "geometry": {"type": "Polygon", "coordinates": [[[-66.0, 0.0], [-66.0, 6.0], [-72.0, 6.0], [-72.0, 0.0], [-66.0, 0.0]]]}, "properties": {"name": "N00W072_6x6", "kind": "latlon", "epsg": 4326, "lonMult": 1, "height": 6, "width": 6, "available": 21, "selected": 20, "coverage": 1.0, "unionFrac": 1.0, "bw": {"40": 3, "20": 17}}}, {"type": "Feature", "geometry": {"type": "Polygon", "coordinates": [[[-60.0, 0.0], [-60.0, 6.0], [-66.0, 6.0], [-66.0, 0.0], [-60.0, 0.0]]]}, "properties": {"name": "N00W066_6x6", "kind": "latlon", "epsg": 4326, "lonMult": 1, "height": 6, "width": 6, "available": 14, "selected": 14, "coverage": 0.7106, "unionFrac": 0.7106, "bw": {"40": 2, "20": 12}}}, {"type": "Feature", "geometry": {"type": "Polygon", "coordinates": [[[-54.0, 0.0], [-54.0, 6.0], [-60.0, 6.0], [-60.0, 0.0], [-54.0, 0.0]]]}, "properties": {"name": "N00W060_6x6", "kind": "latlon", "epsg": 4326, "lonMult": 1, "height": 6, "width": 6, "available": 18, "selected": 16, "coverage": 0.9981, "unionFrac": 1.0, "bw": {"20": 16}}}, {"type": "Feature", "geometry": {"type": "Polygon", "coordinates": [[[-48.0, 0.0], [-48.0, 6.0], [-54.0, 6.0], [-54.0, 0.0], [-48.0, 0.0]]]}, "properties": {"name": "N00W054_6x6", "kind": "latlon", "epsg": 4326, "lonMult": 1, "height": 6, "width": 6, "available": 15, "selected": 11, "coverage": 0.6988, "unionFrac": 0.6994, "bw": {"40": 2, "20": 9}}}, {"type": "Feature", "geometry": {"type": "Polygon", "coordinates": [[[-42.0, 0.0], [-42.0, 6.0], [-48.0, 6.0], [-48.0, 0.0], [-42.0, 0.0]]]}, "properties": {"name": "N00W048_6x6", "kind": "latlon", "epsg": 4326, "lonMult": 1, "height": 6, "width": 6, "available": 1, "selected": 1, "coverage": 0.0061, "unionFrac": 0.0061, "bw": {"40": 1}}}, {"type": "Feature", "geometry": {"type": "Polygon", "coordinates": [[[-6.0, 0.0], [-6.0, 6.0], [-12.0, 6.0], [-12.0, 0.0], [-6.0, 0.0]]]}, "properties": {"name": "N00W012_6x6", "kind": "latlon", "epsg": 4326, "lonMult": 1, "height": 6, "width": 6, "available": 6, "selected": 6, "coverage": 0.2151, "unionFrac": 0.2151, "bw": {"40": 1, "20": 5}}}, {"type": "Feature", "geometry": {"type": "Polygon", "coordinates": [[[0.0, 0.0], [0.0, 6.0], [-6.0, 6.0], [-6.0, 0.0], [0.0, 0.0]]]}, "properties": {"name": "N00W006_6x6", "kind": "latlon", "epsg": 4326, "lonMult": 1, "height": 6, "width": 6, "available": 7, "selected": 6, "coverage": 0.1887, "unionFrac": 0.1887, "bw": {"40": 1, "20": 5}}}, {"type": "Feature", "geometry": {"type": "Polygon", "coordinates": [[[6.0, 0.0], [6.0, 6.0], [0.0, 6.0], [0.0, 0.0], [6.0, 0.0]]]}, "properties": {"name": "N00E000_6x6", "kind": "latlon", "epsg": 4326, "lonMult": 1, "height": 6, "width": 6, "available": 10, "selected": 7, "coverage": 0.2044, "unionFrac": 0.2044, "bw": {"40": 4, "20": 3}}}, {"type": "Feature", "geometry": {"type": "Polygon", "coordinates": [[[12.0, 0.0], [12.0, 6.0], [6.0, 6.0], [6.0, 0.0], [12.0, 0.0]]]}, "properties": {"name": "N00E006_6x6", "kind": "latlon", "epsg": 4326, "lonMult": 1, "height": 6, "width": 6, "available": 18, "selected": 16, "coverage": 0.755, "unionFrac": 0.7559, "bw": {"40": 6, "20": 10}}}, {"type": "Feature", "geometry": {"type": "Polygon", "coordinates": [[[18.0, 0.0], [18.0, 6.0], [12.0, 6.0], [12.0, 0.0], [18.0, 0.0]]]}, "properties": {"name": "N00E012_6x6", "kind": "latlon", "epsg": 4326, "lonMult": 1, "height": 6, "width": 6, "available": 21, "selected": 17, "coverage": 0.999, "unionFrac": 1.0, "bw": {"20": 17}}}, {"type": "Feature", "geometry": {"type": "Polygon", "coordinates": [[[24.0, 0.0], [24.0, 6.0], [18.0, 6.0], [18.0, 0.0], [24.0, 0.0]]]}, "properties": {"name": "N00E018_6x6", "kind": "latlon", "epsg": 4326, "lonMult": 1, "height": 6, "width": 6, "available": 21, "selected": 15, "coverage": 0.9965, "unionFrac": 1.0, "bw": {"20": 15}}}, {"type": "Feature", "geometry": {"type": "Polygon", "coordinates": [[[30.0, 0.0], [30.0, 6.0], [24.0, 6.0], [24.0, 0.0], [30.0, 0.0]]]}, "properties": {"name": "N00E024_6x6", "kind": "latlon", "epsg": 4326, "lonMult": 1, "height": 6, "width": 6, "available": 22, "selected": 16, "coverage": 0.9979, "unionFrac": 1.0, "bw": {"40": 3, "20": 13}}}, {"type": "Feature", "geometry": {"type": "Polygon", "coordinates": [[[36.0, 0.0], [36.0, 6.0], [30.0, 6.0], [30.0, 0.0], [36.0, 0.0]]]}, "properties": {"name": "N00E030_6x6", "kind": "latlon", "epsg": 4326, "lonMult": 1, "height": 6, "width": 6, "available": 22, "selected": 19, "coverage": 0.8209, "unionFrac": 0.821, "bw": {"40": 11, "20": 8}}}, {"type": "Feature", "geometry": {"type": "Polygon", "coordinates": [[[42.0, 0.0], [42.0, 6.0], [36.0, 6.0], [36.0, 0.0], [42.0, 0.0]]]}, "properties": {"name": "N00E036_6x6", "kind": "latlon", "epsg": 4326, "lonMult": 1, "height": 6, "width": 6, "available": 20, "selected": 19, "coverage": 0.9991, "unionFrac": 1.0, "bw": {"40": 4, "20": 15}}}, {"type": "Feature", "geometry": {"type": "Polygon", "coordinates": [[[48.0, 0.0], [48.0, 6.0], [42.0, 6.0], [42.0, 0.0], [48.0, 0.0]]]}, "properties": {"name": "N00E042_6x6", "kind": "latlon", "epsg": 4326, "lonMult": 1, "height": 6, "width": 6, "available": 16, "selected": 14, "coverage": 0.824, "unionFrac": 0.824, "bw": {"40": 3, "20": 11}}}, {"type": "Feature", "geometry": {"type": "Polygon", "coordinates": [[[54.0, 0.0], [54.0, 6.0], [48.0, 6.0], [48.0, 0.0], [54.0, 0.0]]]}, "properties": {"name": "N00E048_6x6", "kind": "latlon", "epsg": 4326, "lonMult": 1, "height": 6, "width": 6, "available": 4, "selected": 2, "coverage": 0.1325, "unionFrac": 0.1325, "bw": {"20": 2}}}, {"type": "Feature", "geometry": {"type": "Polygon", "coordinates": [[[78.0, 0.0], [78.0, 6.0], [72.0, 6.0], [72.0, 0.0], [78.0, 0.0]]]}, "properties": {"name": "N00E072_6x6", "kind": "latlon", "epsg": 4326, "lonMult": 1, "height": 6, "width": 6, "available": 6, "selected": 5, "coverage": 0.1815, "unionFrac": 0.182, "bw": {"20": 5}}}, {"type": "Feature", "geometry": {"type": "Polygon", "coordinates": [[[84.0, 0.0], [84.0, 6.0], [78.0, 6.0], [78.0, 0.0], [84.0, 0.0]]]}, "properties": {"name": "N00E078_6x6", "kind": "latlon", "epsg": 4326, "lonMult": 1, "height": 6, "width": 6, "available": 6, "selected": 6, "coverage": 0.1229, "unionFrac": 0.1229, "bw": {"20": 6}}}, {"type": "Feature", "geometry": {"type": "Polygon", "coordinates": [[[96.0, 0.0], [96.0, 6.0], [90.0, 6.0], [90.0, 0.0], [96.0, 0.0]]]}, "properties": {"name": "N00E090_6x6", "kind": "latlon", "epsg": 4326, "lonMult": 1, "height": 6, "width": 6, "available": 7, "selected": 7, "coverage": 0.2803, "unionFrac": 0.2803, "bw": {"40": 7}}}, {"type": "Feature", "geometry": {"type": "Polygon", "coordinates": [[[102.0, 0.0], [102.0, 6.0], [96.0, 6.0], [96.0, 0.0], [102.0, 0.0]]]}, "properties": {"name": "N00E096_6x6", "kind": "latlon", "epsg": 4326, "lonMult": 1, "height": 6, "width": 6, "available": 16, "selected": 15, "coverage": 0.935, "unionFrac": 0.936, "bw": {"40": 15}}}, {"type": "Feature", "geometry": {"type": "Polygon", "coordinates": [[[108.0, 0.0], [108.0, 6.0], [102.0, 6.0], [102.0, 0.0], [108.0, 0.0]]]}, "properties": {"name": "N00E102_6x6", "kind": "latlon", "epsg": 4326, "lonMult": 1, "height": 6, "width": 6, "available": 14, "selected": 12, "coverage": 0.5388, "unionFrac": 0.5388, "bw": {"40": 7, "20": 5}}}, {"type": "Feature", "geometry": {"type": "Polygon", "coordinates": [[[114.0, 0.0], [114.0, 6.0], [108.0, 6.0], [108.0, 0.0], [114.0, 0.0]]]}, "properties": {"name": "N00E108_6x6", "kind": "latlon", "epsg": 4326, "lonMult": 1, "height": 6, "width": 6, "available": 16, "selected": 14, "coverage": 0.7051, "unionFrac": 0.706, "bw": {"40": 4, "20": 10}}}, {"type": "Feature", "geometry": {"type": "Polygon", "coordinates": [[[120.0, 0.0], [120.0, 6.0], [114.0, 6.0], [114.0, 0.0], [120.0, 0.0]]]}, "properties": {"name": "N00E114_6x6", "kind": "latlon", "epsg": 4326, "lonMult": 1, "height": 6, "width": 6, "available": 20, "selected": 16, "coverage": 0.8949, "unionFrac": 0.8959, "bw": {"40": 3, "20": 13}}}, {"type": "Feature", "geometry": {"type": "Polygon", "coordinates": [[[126.0, 0.0], [126.0, 6.0], [120.0, 6.0], [120.0, 0.0], [126.0, 0.0]]]}, "properties": {"name": "N00E120_6x6", "kind": "latlon", "epsg": 4326, "lonMult": 1, "height": 6, "width": 6, "available": 20, "selected": 16, "coverage": 0.5748, "unionFrac": 0.5766, "bw": {"40": 5, "20": 11}}}, {"type": "Feature", "geometry": {"type": "Polygon", "coordinates": [[[132.0, 0.0], [132.0, 6.0], [126.0, 6.0], [126.0, 0.0], [132.0, 0.0]]]}, "properties": {"name": "N00E126_6x6", "kind": "latlon", "epsg": 4326, "lonMult": 1, "height": 6, "width": 6, "available": 16, "selected": 15, "coverage": 0.5244, "unionFrac": 0.5246, "bw": {"40": 4, "20": 11}}}, {"type": "Feature", "geometry": {"type": "Polygon", "coordinates": [[[138.0, 0.0], [138.0, 6.0], [132.0, 6.0], [132.0, 0.0], [138.0, 0.0]]]}, "properties": {"name": "N00E132_6x6", "kind": "latlon", "epsg": 4326, "lonMult": 1, "height": 6, "width": 6, "available": 3, "selected": 2, "coverage": 0.006, "unionFrac": 0.006, "bw": {"20": 2}}}, {"type": "Feature", "geometry": {"type": "Polygon", "coordinates": [[[174.0, 0.0], [174.0, 6.0], [168.0, 6.0], [168.0, 0.0], [174.0, 0.0]]]}, "properties": {"name": "N00E168_6x6", "kind": "latlon", "epsg": 4326, "lonMult": 1, "height": 6, "width": 6, "available": 4, "selected": 2, "coverage": 0.1355, "unionFrac": 0.1355, "bw": {"40": 1, "20": 1}}}, {"type": "Feature", "geometry": {"type": "Polygon", "coordinates": [[[180.0, 0.0], [180.0, 6.0], [174.0, 6.0], [174.0, 0.0], [180.0, 0.0]]]}, "properties": {"name": "N00E174_6x6", "kind": "latlon", "epsg": 4326, "lonMult": 1, "height": 6, "width": 6, "available": 2, "selected": 1, "coverage": 0.0121, "unionFrac": 0.0121, "bw": {"20": 1}}}, {"type": "Feature", "geometry": {"type": "Polygon", "coordinates": [[[-84.0, 6.0], [-84.0, 12.0], [-90.0, 12.0], [-90.0, 6.0], [-84.0, 6.0]]]}, "properties": {"name": "N06W090_6x6", "kind": "latlon", "epsg": 4326, "lonMult": 1, "height": 6, "width": 6, "available": 7, "selected": 6, "coverage": 0.2242, "unionFrac": 0.2242, "bw": {"40": 6}}}, {"type": "Feature", "geometry": {"type": "Polygon", "coordinates": [[[-78.0, 6.0], [-78.0, 12.0], [-84.0, 12.0], [-84.0, 6.0], [-78.0, 6.0]]]}, "properties": {"name": "N06W084_6x6", "kind": "latlon", "epsg": 4326, "lonMult": 1, "height": 6, "width": 6, "available": 16, "selected": 14, "coverage": 0.5937, "unionFrac": 0.5945, "bw": {"40": 9, "20": 5}}}, {"type": "Feature", "geometry": {"type": "Polygon", "coordinates": [[[-72.0, 6.0], [-72.0, 12.0], [-78.0, 12.0], [-78.0, 6.0], [-72.0, 6.0]]]}, "properties": {"name": "N06W078_6x6", "kind": "latlon", "epsg": 4326, "lonMult": 1, "height": 6, "width": 6, "available": 19, "selected": 17, "coverage": 0.9159, "unionFrac": 0.9166, "bw": {"40": 12, "20": 5}}}, {"type": "Feature", "geometry": {"type": "Polygon", "coordinates": [[[-66.0, 6.0], [-66.0, 12.0], [-72.0, 12.0], [-72.0, 6.0], [-66.0, 6.0]]]}, "properties": {"name": "N06W072_6x6", "kind": "latlon", "epsg": 4326, "lonMult": 1, "height": 6, "width": 6, "available": 26, "selected": 18, "coverage": 0.9982, "unionFrac": 0.9991, "bw": {"40": 16, "20": 2}}}, {"type": "Feature", "geometry": {"type": "Polygon", "coordinates": [[[-60.0, 6.0], [-60.0, 12.0], [-66.0, 12.0], [-66.0, 6.0], [-60.0, 6.0]]]}, "properties": {"name": "N06W066_6x6", "kind": "latlon", "epsg": 4326, "lonMult": 1, "height": 6, "width": 6, "available": 17, "selected": 13, "coverage": 0.7558, "unionFrac": 0.7568, "bw": {"40": 10, "20": 3}}}, {"type": "Feature", "geometry": {"type": "Polygon", "coordinates": [[[-54.0, 6.0], [-54.0, 12.0], [-60.0, 12.0], [-60.0, 6.0], [-54.0, 6.0]]]}, "properties": {"name": "N06W060_6x6", "kind": "latlon", "epsg": 4326, "lonMult": 1, "height": 6, "width": 6, "available": 8, "selected": 5, "coverage": 0.2336, "unionFrac": 0.2352, "bw": {"20": 5}}}, {"type": "Feature", "geometry": {"type": "Polygon", "coordinates": [[[-48.0, 6.0], [-48.0, 12.0], [-54.0, 12.0], [-54.0, 6.0], [-48.0, 6.0]]]}, "properties": {"name": "N06W054_6x6", "kind": "latlon", "epsg": 4326, "lonMult": 1, "height": 6, "width": 6, "available": 2, "selected": 1, "coverage": 0.0101, "unionFrac": 0.0101, "bw": {"20": 1}}}, {"type": "Feature", "geometry": {"type": "Polygon", "coordinates": [[[-12.0, 6.0], [-12.0, 12.0], [-18.0, 12.0], [-18.0, 6.0], [-12.0, 6.0]]]}, "properties": {"name": "N06W018_6x6", "kind": "latlon", "epsg": 4326, "lonMult": 1, "height": 6, "width": 6, "available": 14, "selected": 12, "coverage": 0.422, "unionFrac": 0.422, "bw": {"40": 6, "20": 6}}}, {"type": "Feature", "geometry": {"type": "Polygon", "coordinates": [[[-6.0, 6.0], [-6.0, 12.0], [-12.0, 12.0], [-12.0, 6.0], [-6.0, 6.0]]]}, "properties": {"name": "N06W012_6x6", "kind": "latlon", "epsg": 4326, "lonMult": 1, "height": 6, "width": 6, "available": 23, "selected": 17, "coverage": 0.9959, "unionFrac": 0.9984, "bw": {"40": 4, "20": 13}}}, {"type": "Feature", "geometry": {"type": "Polygon", "coordinates": [[[0.0, 6.0], [0.0, 12.0], [-6.0, 12.0], [-6.0, 6.0], [0.0, 6.0]]]}, "properties": {"name": "N06W006_6x6", "kind": "latlon", "epsg": 4326, "lonMult": 1, "height": 6, "width": 6, "available": 22, "selected": 19, "coverage": 0.9583, "unionFrac": 0.9592, "bw": {"40": 6, "20": 13}}}, {"type": "Feature", "geometry": {"type": "Polygon", "coordinates": [[[6.0, 6.0], [6.0, 12.0], [0.0, 12.0], [0.0, 6.0], [6.0, 6.0]]]}, "properties": {"name": "N06E000_6x6", "kind": "latlon", "epsg": 4326, "lonMult": 1, "height": 6, "width": 6, "available": 21, "selected": 16, "coverage": 0.9437, "unionFrac": 0.9445, "bw": {"40": 7, "20": 9}}}, {"type": "Feature", "geometry": {"type": "Polygon", "coordinates": [[[12.0, 6.0], [12.0, 12.0], [6.0, 12.0], [6.0, 6.0], [12.0, 6.0]]]}, "properties": {"name": "N06E006_6x6", "kind": "latlon", "epsg": 4326, "lonMult": 1, "height": 6, "width": 6, "available": 22, "selected": 19, "coverage": 0.9274, "unionFrac": 0.9286, "bw": {"40": 8, "20": 11}}}, {"type": "Feature", "geometry": {"type": "Polygon", "coordinates": [[[18.0, 6.0], [18.0, 12.0], [12.0, 12.0], [12.0, 6.0], [18.0, 6.0]]]}, "properties": {"name": "N06E012_6x6", "kind": "latlon", "epsg": 4326, "lonMult": 1, "height": 6, "width": 6, "available": 23, "selected": 20, "coverage": 0.9994, "unionFrac": 1.0, "bw": {"40": 6, "20": 14}}}, {"type": "Feature", "geometry": {"type": "Polygon", "coordinates": [[[24.0, 6.0], [24.0, 12.0], [18.0, 12.0], [18.0, 6.0], [24.0, 6.0]]]}, "properties": {"name": "N06E018_6x6", "kind": "latlon", "epsg": 4326, "lonMult": 1, "height": 6, "width": 6, "available": 20, "selected": 14, "coverage": 0.9974, "unionFrac": 1.0, "bw": {"20": 14}}}, {"type": "Feature", "geometry": {"type": "Polygon", "coordinates": [[[30.0, 6.0], [30.0, 12.0], [24.0, 12.0], [24.0, 6.0], [30.0, 6.0]]]}, "properties": {"name": "N06E024_6x6", "kind": "latlon", "epsg": 4326, "lonMult": 1, "height": 6, "width": 6, "available": 20, "selected": 17, "coverage": 0.9984, "unionFrac": 1.0, "bw": {"40": 2, "20": 15}}}, {"type": "Feature", "geometry": {"type": "Polygon", "coordinates": [[[36.0, 6.0], [36.0, 12.0], [30.0, 12.0], [30.0, 6.0], [36.0, 6.0]]]}, "properties": {"name": "N06E030_6x6", "kind": "latlon", "epsg": 4326, "lonMult": 1, "height": 6, "width": 6, "available": 16, "selected": 14, "coverage": 0.7331, "unionFrac": 0.7331, "bw": {"20": 14}}}, {"type": "Feature", "geometry": {"type": "Polygon", "coordinates": [[[42.0, 6.0], [42.0, 12.0], [36.0, 12.0], [36.0, 6.0], [42.0, 6.0]]]}, "properties": {"name": "N06E036_6x6", "kind": "latlon", "epsg": 4326, "lonMult": 1, "height": 6, "width": 6, "available": 17, "selected": 13, "coverage": 0.9605, "unionFrac": 0.9628, "bw": {"20": 13}}}, {"type": "Feature", "geometry": {"type": "Polygon", "coordinates": [[[48.0, 6.0], [48.0, 12.0], [42.0, 12.0], [42.0, 6.0], [48.0, 6.0]]]}, "properties": {"name": "N06E042_6x6", "kind": "latlon", "epsg": 4326, "lonMult": 1, "height": 6, "width": 6, "available": 21, "selected": 15, "coverage": 0.9705, "unionFrac": 0.9719, "bw": {"40": 1, "20": 14}}}, {"type": "Feature", "geometry": {"type": "Polygon", "coordinates": [[[54.0, 6.0], [54.0, 12.0], [48.0, 12.0], [48.0, 6.0], [54.0, 6.0]]]}, "properties": {"name": "N06E048_6x6", "kind": "latlon", "epsg": 4326, "lonMult": 1, "height": 6, "width": 6, "available": 9, "selected": 9, "coverage": 0.4764, "unionFrac": 0.4764, "bw": {"20": 9}}}, {"type": "Feature", "geometry": {"type": "Polygon", "coordinates": [[[72.0, 6.0], [72.0, 12.0], [66.0, 12.0], [66.0, 6.0], [72.0, 6.0]]]}, "properties": {"name": "N06E066_6x6", "kind": "latlon", "epsg": 4326, "lonMult": 1, "height": 6, "width": 6, "available": 3, "selected": 3, "coverage": 0.0248, "unionFrac": 0.0248, "bw": {"20": 3}}}, {"type": "Feature", "geometry": {"type": "Polygon", "coordinates": [[[78.0, 6.0], [78.0, 12.0], [72.0, 12.0], [72.0, 6.0], [78.0, 6.0]]]}, "properties": {"name": "N06E072_6x6", "kind": "latlon", "epsg": 4326, "lonMult": 1, "height": 6, "width": 6, "available": 19, "selected": 16, "coverage": 0.8651, "unionFrac": 0.8651, "bw": {"20": 16}}}, {"type": "Feature", "geometry": {"type": "Polygon", "coordinates": [[[84.0, 6.0], [84.0, 12.0], [78.0, 12.0], [78.0, 6.0], [84.0, 6.0]]]}, "properties": {"name": "N06E078_6x6", "kind": "latlon", "epsg": 4326, "lonMult": 1, "height": 6, "width": 6, "available": 19, "selected": 15, "coverage": 0.9727, "unionFrac": 0.9733, "bw": {"20": 15}}}, {"type": "Feature", "geometry": {"type": "Polygon", "coordinates": [[[90.0, 6.0], [90.0, 12.0], [84.0, 12.0], [84.0, 6.0], [90.0, 6.0]]]}, "properties": {"name": "N06E084_6x6", "kind": "latlon", "epsg": 4326, "lonMult": 1, "height": 6, "width": 6, "available": 4, "selected": 3, "coverage": 0.0531, "unionFrac": 0.054, "bw": {"20": 3}}}, {"type": "Feature", "geometry": {"type": "Polygon", "coordinates": [[[96.0, 6.0], [96.0, 12.0], [90.0, 12.0], [90.0, 6.0], [96.0, 6.0]]]}, "properties": {"name": "N06E090_6x6", "kind": "latlon", "epsg": 4326, "lonMult": 1, "height": 6, "width": 6, "available": 10, "selected": 8, "coverage": 0.6706, "unionFrac": 0.6722, "bw": {"40": 7, "20": 1}}}, {"type": "Feature", "geometry": {"type": "Polygon", "coordinates": [[[102.0, 6.0], [102.0, 12.0], [96.0, 12.0], [96.0, 6.0], [102.0, 6.0]]]}, "properties": {"name": "N06E096_6x6", "kind": "latlon", "epsg": 4326, "lonMult": 1, "height": 6, "width": 6, "available": 19, "selected": 15, "coverage": 0.7157, "unionFrac": 0.7159, "bw": {"40": 9, "20": 6}}}, {"type": "Feature", "geometry": {"type": "Polygon", "coordinates": [[[108.0, 6.0], [108.0, 12.0], [102.0, 12.0], [102.0, 6.0], [108.0, 6.0]]]}, "properties": {"name": "N06E102_6x6", "kind": "latlon", "epsg": 4326, "lonMult": 1, "height": 6, "width": 6, "available": 20, "selected": 15, "coverage": 0.5427, "unionFrac": 0.5439, "bw": {"40": 9, "20": 6}}}, {"type": "Feature", "geometry": {"type": "Polygon", "coordinates": [[[114.0, 6.0], [114.0, 12.0], [108.0, 12.0], [108.0, 6.0], [114.0, 6.0]]]}, "properties": {"name": "N06E108_6x6", "kind": "latlon", "epsg": 4326, "lonMult": 1, "height": 6, "width": 6, "available": 4, "selected": 4, "coverage": 0.1142, "unionFrac": 0.1142, "bw": {"40": 2, "20": 2}}}, {"type": "Feature", "geometry": {"type": "Polygon", "coordinates": [[[120.0, 6.0], [120.0, 12.0], [114.0, 12.0], [114.0, 6.0], [120.0, 6.0]]]}, "properties": {"name": "N06E114_6x6", "kind": "latlon", "epsg": 4326, "lonMult": 1, "height": 6, "width": 6, "available": 12, "selected": 9, "coverage": 0.4692, "unionFrac": 0.4692, "bw": {"40": 2, "20": 7}}}, {"type": "Feature", "geometry": {"type": "Polygon", "coordinates": [[[126.0, 6.0], [126.0, 12.0], [120.0, 12.0], [120.0, 6.0], [126.0, 6.0]]]}, "properties": {"name": "N06E120_6x6", "kind": "latlon", "epsg": 4326, "lonMult": 1, "height": 6, "width": 6, "available": 20, "selected": 16, "coverage": 0.877, "unionFrac": 0.8772, "bw": {"40": 12, "20": 4}}}, {"type": "Feature", "geometry": {"type": "Polygon", "coordinates": [[[132.0, 6.0], [132.0, 12.0], [126.0, 12.0], [126.0, 6.0], [132.0, 6.0]]]}, "properties": {"name": "N06E126_6x6", "kind": "latlon", "epsg": 4326, "lonMult": 1, "height": 6, "width": 6, "available": 5, "selected": 5, "coverage": 0.2109, "unionFrac": 0.2109, "bw": {"40": 4, "20": 1}}}, {"type": "Feature", "geometry": {"type": "Polygon", "coordinates": [[[174.0, 6.0], [174.0, 12.0], [168.0, 12.0], [168.0, 6.0], [174.0, 6.0]]]}, "properties": {"name": "N06E168_6x6", "kind": "latlon", "epsg": 4326, "lonMult": 1, "height": 6, "width": 6, "available": 2, "selected": 1, "coverage": 0.1077, "unionFrac": 0.1077, "bw": {"40": 1}}}, {"type": "Feature", "geometry": {"type": "Polygon", "coordinates": [[[-102.0, 12.0], [-102.0, 18.0], [-108.0, 18.0], [-108.0, 12.0], [-102.0, 12.0]]]}, "properties": {"name": "N12W108_6x6", "kind": "latlon", "epsg": 4326, "lonMult": 1, "height": 6, "width": 6, "available": 3, "selected": 3, "coverage": 0.0218, "unionFrac": 0.0218, "bw": {"40": 3}}}, {"type": "Feature", "geometry": {"type": "Polygon", "coordinates": [[[-96.0, 12.0], [-96.0, 18.0], [-102.0, 18.0], [-102.0, 12.0], [-96.0, 12.0]]]}, "properties": {"name": "N12W102_6x6", "kind": "latlon", "epsg": 4326, "lonMult": 1, "height": 6, "width": 6, "available": 9, "selected": 9, "coverage": 0.318, "unionFrac": 0.318, "bw": {"40": 9}}}, {"type": "Feature", "geometry": {"type": "Polygon", "coordinates": [[[-90.0, 12.0], [-90.0, 18.0], [-96.0, 18.0], [-96.0, 12.0], [-90.0, 12.0]]]}, "properties": {"name": "N12W096_6x6", "kind": "latlon", "epsg": 4326, "lonMult": 1, "height": 6, "width": 6, "available": 11, "selected": 10, "coverage": 0.579, "unionFrac": 0.5795, "bw": {"40": 10}}}, {"type": "Feature", "geometry": {"type": "Polygon", "coordinates": [[[-84.0, 12.0], [-84.0, 18.0], [-90.0, 18.0], [-90.0, 12.0], [-84.0, 12.0]]]}, "properties": {"name": "N12W090_6x6", "kind": "latlon", "epsg": 4326, "lonMult": 1, "height": 6, "width": 6, "available": 15, "selected": 13, "coverage": 0.8423, "unionFrac": 0.843, "bw": {"40": 12, "20": 1}}}, {"type": "Feature", "geometry": {"type": "Polygon", "coordinates": [[[-78.0, 12.0], [-78.0, 18.0], [-84.0, 18.0], [-84.0, 12.0], [-78.0, 12.0]]]}, "properties": {"name": "N12W084_6x6", "kind": "latlon", "epsg": 4326, "lonMult": 1, "height": 6, "width": 6, "available": 5, "selected": 4, "coverage": 0.153, "unionFrac": 0.1533, "bw": {"40": 3, "20": 1}}}, {"type": "Feature", "geometry": {"type": "Polygon", "coordinates": [[[-72.0, 12.0], [-72.0, 18.0], [-78.0, 18.0], [-78.0, 12.0], [-72.0, 12.0]]]}, "properties": {"name": "N12W078_6x6", "kind": "latlon", "epsg": 4326, "lonMult": 1, "height": 6, "width": 6, "available": 12, "selected": 8, "coverage": 0.1221, "unionFrac": 0.1227, "bw": {"40": 6, "20": 2}}}, {"type": "Feature", "geometry": {"type": "Polygon", "coordinates": [[[-66.0, 12.0], [-66.0, 18.0], [-72.0, 18.0], [-72.0, 12.0], [-66.0, 12.0]]]}, "properties": {"name": "N12W072_6x6", "kind": "latlon", "epsg": 4326, "lonMult": 1, "height": 6, "width": 6, "available": 16, "selected": 12, "coverage": 0.3765, "unionFrac": 0.3775, "bw": {"40": 10, "20": 2}}}, {"type": "Feature", "geometry": {"type": "Polygon", "coordinates": [[[-60.0, 12.0], [-60.0, 18.0], [-66.0, 18.0], [-66.0, 12.0], [-60.0, 12.0]]]}, "properties": {"name": "N12W066_6x6", "kind": "latlon", "epsg": 4326, "lonMult": 1, "height": 6, "width": 6, "available": 15, "selected": 13, "coverage": 0.4634, "unionFrac": 0.4646, "bw": {"40": 11, "20": 2}}}, {"type": "Feature", "geometry": {"type": "Polygon", "coordinates": [[[-54.0, 12.0], [-54.0, 18.0], [-60.0, 18.0], [-60.0, 12.0], [-54.0, 12.0]]]}, "properties": {"name": "N12W060_6x6", "kind": "latlon", "epsg": 4326, "lonMult": 1, "height": 6, "width": 6, "available": 3, "selected": 3, "coverage": 0.0476, "unionFrac": 0.0476, "bw": {"40": 3}}}, {"type": "Feature", "geometry": {"type": "Polygon", "coordinates": [[[-24.0, 12.0], [-24.0, 18.0], [-30.0, 18.0], [-30.0, 12.0], [-24.0, 12.0]]]}, "properties": {"name": "N12W030_6x6", "kind": "latlon", "epsg": 4326, "lonMult": 1, "height": 6, "width": 6, "available": 2, "selected": 2, "coverage": 0.0595, "unionFrac": 0.0595, "bw": {"20": 2}}}, {"type": "Feature", "geometry": {"type": "Polygon", "coordinates": [[[-18.0, 12.0], [-18.0, 18.0], [-24.0, 18.0], [-24.0, 12.0], [-18.0, 12.0]]]}, "properties": {"name": "N12W024_6x6", "kind": "latlon", "epsg": 4326, "lonMult": 1, "height": 6, "width": 6, "available": 5, "selected": 5, "coverage": 0.1827, "unionFrac": 0.1827, "bw": {"40": 1, "20": 4}}}, {"type": "Feature", "geometry": {"type": "Polygon", "coordinates": [[[-12.0, 12.0], [-12.0, 18.0], [-18.0, 18.0], [-18.0, 12.0], [-12.0, 12.0]]]}, "properties": {"name": "N12W018_6x6", "kind": "latlon", "epsg": 4326, "lonMult": 1, "height": 6, "width": 6, "available": 20, "selected": 16, "coverage": 0.9468, "unionFrac": 0.9479, "bw": {"40": 5, "20": 11}}}, {"type": "Feature", "geometry": {"type": "Polygon", "coordinates": [[[-6.0, 12.0], [-6.0, 18.0], [-12.0, 18.0], [-12.0, 12.0], [-6.0, 12.0]]]}, "properties": {"name": "N12W012_6x6", "kind": "latlon", "epsg": 4326, "lonMult": 1, "height": 6, "width": 6, "available": 20, "selected": 17, "coverage": 0.9943, "unionFrac": 0.9962, "bw": {"20": 15, "5": 2}}}, {"type": "Feature", "geometry": {"type": "Polygon", "coordinates": [[[0.0, 12.0], [0.0, 18.0], [-6.0, 18.0], [-6.0, 12.0], [0.0, 12.0]]]}, "properties": {"name": "N12W006_6x6", "kind": "latlon", "epsg": 4326, "lonMult": 1, "height": 6, "width": 6, "available": 23, "selected": 19, "coverage": 0.9915, "unionFrac": 0.9915, "bw": {"40": 4, "20": 11, "5": 4}}}, {"type": "Feature", "geometry": {"type": "Polygon", "coordinates": [[[6.0, 12.0], [6.0, 18.0], [0.0, 18.0], [0.0, 12.0], [6.0, 12.0]]]}, "properties": {"name": "N12E000_6x6", "kind": "latlon", "epsg": 4326, "lonMult": 1, "height": 6, "width": 6, "available": 22, "selected": 17, "coverage": 0.9998, "unionFrac": 1.0, "bw": {"40": 3, "20": 14}}}, {"type": "Feature", "geometry": {"type": "Polygon", "coordinates": [[[12.0, 12.0], [12.0, 18.0], [6.0, 18.0], [6.0, 12.0], [12.0, 12.0]]]}, "properties": {"name": "N12E006_6x6", "kind": "latlon", "epsg": 4326, "lonMult": 1, "height": 6, "width": 6, "available": 23, "selected": 17, "coverage": 0.989, "unionFrac": 0.9905, "bw": {"40": 3, "20": 13, "5": 1}}}, {"type": "Feature", "geometry": {"type": "Polygon", "coordinates": [[[18.0, 12.0], [18.0, 18.0], [12.0, 18.0], [12.0, 12.0], [18.0, 12.0]]]}, "properties": {"name": "N12E012_6x6", "kind": "latlon", "epsg": 4326, "lonMult": 1, "height": 6, "width": 6, "available": 25, "selected": 20, "coverage": 0.9817, "unionFrac": 0.9827, "bw": {"40": 4, "20": 9, "5": 7}}}, {"type": "Feature", "geometry": {"type": "Polygon", "coordinates": [[[24.0, 12.0], [24.0, 18.0], [18.0, 18.0], [18.0, 12.0], [24.0, 12.0]]]}, "properties": {"name": "N12E018_6x6", "kind": "latlon", "epsg": 4326, "lonMult": 1, "height": 6, "width": 6, "available": 21, "selected": 18, "coverage": 0.9922, "unionFrac": 0.9932, "bw": {"20": 14, "5": 4}}}, {"type": "Feature", "geometry": {"type": "Polygon", "coordinates": [[[30.0, 12.0], [30.0, 18.0], [24.0, 18.0], [24.0, 12.0], [30.0, 12.0]]]}, "properties": {"name": "N12E024_6x6", "kind": "latlon", "epsg": 4326, "lonMult": 1, "height": 6, "width": 6, "available": 25, "selected": 20, "coverage": 0.9589, "unionFrac": 0.96, "bw": {"40": 3, "20": 13, "5": 4}}}, {"type": "Feature", "geometry": {"type": "Polygon", "coordinates": [[[36.0, 12.0], [36.0, 18.0], [30.0, 18.0], [30.0, 12.0], [36.0, 12.0]]]}, "properties": {"name": "N12E030_6x6", "kind": "latlon", "epsg": 4326, "lonMult": 1, "height": 6, "width": 6, "available": 19, "selected": 14, "coverage": 0.9283, "unionFrac": 0.9291, "bw": {"40": 4, "20": 10}}}, {"type": "Feature", "geometry": {"type": "Polygon", "coordinates": [[[42.0, 12.0], [42.0, 18.0], [36.0, 18.0], [36.0, 12.0], [42.0, 12.0]]]}, "properties": {"name": "N12E036_6x6", "kind": "latlon", "epsg": 4326, "lonMult": 1, "height": 6, "width": 6, "available": 18, "selected": 16, "coverage": 0.7835, "unionFrac": 0.7847, "bw": {"40": 3, "20": 13}}}, {"type": "Feature", "geometry": {"type": "Polygon", "coordinates": [[[48.0, 12.0], [48.0, 18.0], [42.0, 18.0], [42.0, 12.0], [48.0, 12.0]]]}, "properties": {"name": "N12E042_6x6", "kind": "latlon", "epsg": 4326, "lonMult": 1, "height": 6, "width": 6, "available": 23, "selected": 18, "coverage": 0.9698, "unionFrac": 0.9698, "bw": {"40": 5, "20": 13}}}, {"type": "Feature", "geometry": {"type": "Polygon", "coordinates": [[[54.0, 12.0], [54.0, 18.0], [48.0, 18.0], [48.0, 12.0], [54.0, 12.0]]]}, "properties": {"name": "N12E048_6x6", "kind": "latlon", "epsg": 4326, "lonMult": 1, "height": 6, "width": 6, "available": 17, "selected": 13, "coverage": 0.6665, "unionFrac": 0.6672, "bw": {"40": 4, "20": 9}}}, {"type": "Feature", "geometry": {"type": "Polygon", "coordinates": [[[60.0, 12.0], [60.0, 18.0], [54.0, 18.0], [54.0, 12.0], [60.0, 12.0]]]}, "properties": {"name": "N12E054_6x6", "kind": "latlon", "epsg": 4326, "lonMult": 1, "height": 6, "width": 6, "available": 5, "selected": 4, "coverage": 0.1596, "unionFrac": 0.1596, "bw": {"40": 2, "20": 2}}}, {"type": "Feature", "geometry": {"type": "Polygon", "coordinates": [[[72.0, 12.0], [72.0, 18.0], [66.0, 18.0], [66.0, 12.0], [72.0, 12.0]]]}, "properties": {"name": "N12E066_6x6", "kind": "latlon", "epsg": 4326, "lonMult": 1, "height": 6, "width": 6, "available": 9, "selected": 7, "coverage": 0.3926, "unionFrac": 0.3926, "bw": {"20": 7}}}, {"type": "Feature", "geometry": {"type": "Polygon", "coordinates": [[[78.0, 12.0], [78.0, 18.0], [72.0, 18.0], [72.0, 12.0], [78.0, 12.0]]]}, "properties": {"name": "N12E072_6x6", "kind": "latlon", "epsg": 4326, "lonMult": 1, "height": 6, "width": 6, "available": 22, "selected": 15, "coverage": 0.9986, "unionFrac": 1.0, "bw": {"20": 15}}}, {"type": "Feature", "geometry": {"type": "Polygon", "coordinates": [[[84.0, 12.0], [84.0, 18.0], [78.0, 18.0], [78.0, 12.0], [84.0, 12.0]]]}, "properties": {"name": "N12E078_6x6", "kind": "latlon", "epsg": 4326, "lonMult": 1, "height": 6, "width": 6, "available": 21, "selected": 15, "coverage": 0.9941, "unionFrac": 0.9957, "bw": {"20": 15}}}, {"type": "Feature", "geometry": {"type": "Polygon", "coordinates": [[[90.0, 12.0], [90.0, 18.0], [84.0, 18.0], [84.0, 12.0], [90.0, 12.0]]]}, "properties": {"name": "N12E084_6x6", "kind": "latlon", "epsg": 4326, "lonMult": 1, "height": 6, "width": 6, "available": 12, "selected": 8, "coverage": 0.4566, "unionFrac": 0.4572, "bw": {"20": 8}}}, {"type": "Feature", "geometry": {"type": "Polygon", "coordinates": [[[96.0, 12.0], [96.0, 18.0], [90.0, 18.0], [90.0, 12.0], [96.0, 12.0]]]}, "properties": {"name": "N12E090_6x6", "kind": "latlon", "epsg": 4326, "lonMult": 1, "height": 6, "width": 6, "available": 14, "selected": 11, "coverage": 0.5747, "unionFrac": 0.5752, "bw": {"40": 6, "20": 5}}}, {"type": "Feature", "geometry": {"type": "Polygon", "coordinates": [[[102.0, 12.0], [102.0, 18.0], [96.0, 18.0], [96.0, 12.0], [102.0, 12.0]]]}, "properties": {"name": "N12E096_6x6", "kind": "latlon", "epsg": 4326, "lonMult": 1, "height": 6, "width": 6, "available": 23, "selected": 18, "coverage": 0.7542, "unionFrac": 0.7549, "bw": {"40": 7, "20": 11}}}, {"type": "Feature", "geometry": {"type": "Polygon", "coordinates": [[[108.0, 12.0], [108.0, 18.0], [102.0, 18.0], [102.0, 12.0], [108.0, 12.0]]]}, "properties": {"name": "N12E102_6x6", "kind": "latlon", "epsg": 4326, "lonMult": 1, "height": 6, "width": 6, "available": 30, "selected": 24, "coverage": 0.9996, "unionFrac": 1.0, "bw": {"40": 14, "20": 10}}}, {"type": "Feature", "geometry": {"type": "Polygon", "coordinates": [[[114.0, 12.0], [114.0, 18.0], [108.0, 18.0], [108.0, 12.0], [114.0, 12.0]]]}, "properties": {"name": "N12E108_6x6", "kind": "latlon", "epsg": 4326, "lonMult": 1, "height": 6, "width": 6, "available": 13, "selected": 9, "coverage": 0.4385, "unionFrac": 0.4391, "bw": {"40": 5, "20": 4}}}, {"type": "Feature", "geometry": {"type": "Polygon", "coordinates": [[[120.0, 12.0], [120.0, 18.0], [114.0, 18.0], [114.0, 12.0], [120.0, 12.0]]]}, "properties": {"name": "N12E114_6x6", "kind": "latlon", "epsg": 4326, "lonMult": 1, "height": 6, "width": 6, "available": 11, "selected": 6, "coverage": 0.2419, "unionFrac": 0.242, "bw": {"40": 3, "20": 3}}}, {"type": "Feature", "geometry": {"type": "Polygon", "coordinates": [[[126.0, 12.0], [126.0, 18.0], [120.0, 18.0], [120.0, 12.0], [126.0, 12.0]]]}, "properties": {"name": "N12E120_6x6", "kind": "latlon", "epsg": 4326, "lonMult": 1, "height": 6, "width": 6, "available": 18, "selected": 13, "coverage": 0.6912, "unionFrac": 0.6917, "bw": {"40": 10, "20": 3}}}, {"type": "Feature", "geometry": {"type": "Polygon", "coordinates": [[[132.0, 12.0], [132.0, 18.0], [126.0, 18.0], [126.0, 12.0], [132.0, 12.0]]]}, "properties": {"name": "N12E126_6x6", "kind": "latlon", "epsg": 4326, "lonMult": 1, "height": 6, "width": 6, "available": 1, "selected": 1, "coverage": 0.0124, "unionFrac": 0.0124, "bw": {"20": 1}}}, {"type": "Feature", "geometry": {"type": "Polygon", "coordinates": [[[144.0, 12.0], [144.0, 18.0], [138.0, 18.0], [138.0, 12.0], [144.0, 12.0]]]}, "properties": {"name": "N12E138_6x6", "kind": "latlon", "epsg": 4326, "lonMult": 1, "height": 6, "width": 6, "available": 4, "selected": 4, "coverage": 0.0464, "unionFrac": 0.0464, "bw": {"40": 3, "20": 1}}}, {"type": "Feature", "geometry": {"type": "Polygon", "coordinates": [[[150.0, 12.0], [150.0, 18.0], [144.0, 18.0], [144.0, 12.0], [150.0, 12.0]]]}, "properties": {"name": "N12E144_6x6", "kind": "latlon", "epsg": 4326, "lonMult": 1, "height": 6, "width": 6, "available": 5, "selected": 5, "coverage": 0.2825, "unionFrac": 0.2825, "bw": {"40": 3, "20": 2}}}, {"type": "Feature", "geometry": {"type": "Polygon", "coordinates": [[[-156.0, 18.0], [-156.0, 24.0], [-162.0, 24.0], [-162.0, 18.0], [-156.0, 18.0]]]}, "properties": {"name": "N18W162_6x6", "kind": "latlon", "epsg": 4326, "lonMult": 1, "height": 6, "width": 6, "available": 5, "selected": 5, "coverage": 0.2005, "unionFrac": 0.2005, "bw": {"40": 5}}}, {"type": "Feature", "geometry": {"type": "Polygon", "coordinates": [[[-150.0, 18.0], [-150.0, 24.0], [-156.0, 24.0], [-156.0, 18.0], [-150.0, 18.0]]]}, "properties": {"name": "N18W156_6x6", "kind": "latlon", "epsg": 4326, "lonMult": 1, "height": 6, "width": 6, "available": 2, "selected": 2, "coverage": 0.1002, "unionFrac": 0.1002, "bw": {"40": 2}}}, {"type": "Feature", "geometry": {"type": "Polygon", "coordinates": [[[-108.0, 18.0], [-108.0, 24.0], [-114.0, 24.0], [-114.0, 18.0], [-108.0, 18.0]]]}, "properties": {"name": "N18W114_6x6", "kind": "latlon", "epsg": 4326, "lonMult": 1, "height": 6, "width": 6, "available": 6, "selected": 5, "coverage": 0.1223, "unionFrac": 0.1223, "bw": {"40": 3, "20": 2}}}, {"type": "Feature", "geometry": {"type": "Polygon", "coordinates": [[[-102.0, 18.0], [-102.0, 24.0], [-108.0, 24.0], [-108.0, 18.0], [-102.0, 18.0]]]}, "properties": {"name": "N18W108_6x6", "kind": "latlon", "epsg": 4326, "lonMult": 1, "height": 6, "width": 6, "available": 18, "selected": 15, "coverage": 0.8146, "unionFrac": 0.8156, "bw": {"40": 13, "20": 2}}}, {"type": "Feature", "geometry": {"type": "Polygon", "coordinates": [[[-96.0, 18.0], [-96.0, 24.0], [-102.0, 24.0], [-102.0, 18.0], [-96.0, 18.0]]]}, "properties": {"name": "N18W102_6x6", "kind": "latlon", "epsg": 4326, "lonMult": 1, "height": 6, "width": 6, "available": 18, "selected": 14, "coverage": 0.928, "unionFrac": 0.9285, "bw": {"40": 14}}}, {"type": "Feature", "geometry": {"type": "Polygon", "coordinates": [[[-90.0, 18.0], [-90.0, 24.0], [-96.0, 24.0], [-96.0, 18.0], [-90.0, 18.0]]]}, "properties": {"name": "N18W096_6x6", "kind": "latlon", "epsg": 4326, "lonMult": 1, "height": 6, "width": 6, "available": 11, "selected": 7, "coverage": 0.4016, "unionFrac": 0.4023, "bw": {"40": 7}}}, {"type": "Feature", "geometry": {"type": "Polygon", "coordinates": [[[-84.0, 18.0], [-84.0, 24.0], [-90.0, 24.0], [-90.0, 18.0], [-84.0, 18.0]]]}, "properties": {"name": "N18W090_6x6", "kind": "latlon", "epsg": 4326, "lonMult": 1, "height": 6, "width": 6, "available": 9, "selected": 7, "coverage": 0.5447, "unionFrac": 0.5447, "bw": {"40": 5, "20": 2}}}, {"type": "Feature", "geometry": {"type": "Polygon", "coordinates": [[[-78.0, 18.0], [-78.0, 24.0], [-84.0, 24.0], [-84.0, 18.0], [-78.0, 18.0]]]}, "properties": {"name": "N18W084_6x6", "kind": "latlon", "epsg": 4326, "lonMult": 1, "height": 6, "width": 6, "available": 13, "selected": 12, "coverage": 0.5434, "unionFrac": 0.5434, "bw": {"40": 5, "20": 7}}}, {"type": "Feature", "geometry": {"type": "Polygon", "coordinates": [[[-72.0, 18.0], [-72.0, 24.0], [-78.0, 24.0], [-78.0, 18.0], [-72.0, 18.0]]]}, "properties": {"name": "N18W078_6x6", "kind": "latlon", "epsg": 4326, "lonMult": 1, "height": 6, "width": 6, "available": 21, "selected": 17, "coverage": 0.8532, "unionFrac": 0.8535, "bw": {"40": 7, "20": 10}}}, {"type": "Feature", "geometry": {"type": "Polygon", "coordinates": [[[-66.0, 18.0], [-66.0, 24.0], [-72.0, 24.0], [-72.0, 18.0], [-66.0, 18.0]]]}, "properties": {"name": "N18W072_6x6", "kind": "latlon", "epsg": 4326, "lonMult": 1, "height": 6, "width": 6, "available": 8, "selected": 7, "coverage": 0.2938, "unionFrac": 0.294, "bw": {"40": 6, "20": 1}}}, {"type": "Feature", "geometry": {"type": "Polygon", "coordinates": [[[-60.0, 18.0], [-60.0, 24.0], [-66.0, 24.0], [-66.0, 18.0], [-60.0, 18.0]]]}, "properties": {"name": "N18W066_6x6", "kind": "latlon", "epsg": 4326, "lonMult": 1, "height": 6, "width": 6, "available": 6, "selected": 4, "coverage": 0.1, "unionFrac": 0.1004, "bw": {"40": 3, "20": 1}}}, {"type": "Feature", "geometry": {"type": "Polygon", "coordinates": [[[-18.0, 18.0], [-18.0, 24.0], [-24.0, 24.0], [-24.0, 18.0], [-18.0, 18.0]]]}, "properties": {"name": "N18W024_6x6", "kind": "latlon", "epsg": 4326, "lonMult": 1, "height": 6, "width": 6, "available": 1, "selected": 1, "coverage": 0.0151, "unionFrac": 0.0151, "bw": {"20": 1}}}, {"type": "Feature", "geometry": {"type": "Polygon", "coordinates": [[[-12.0, 18.0], [-12.0, 24.0], [-18.0, 24.0], [-18.0, 18.0], [-12.0, 18.0]]]}, "properties": {"name": "N18W018_6x6", "kind": "latlon", "epsg": 4326, "lonMult": 1, "height": 6, "width": 6, "available": 20, "selected": 16, "coverage": 0.8518, "unionFrac": 0.8522, "bw": {"40": 3, "20": 4, "5": 9}}}, {"type": "Feature", "geometry": {"type": "Polygon", "coordinates": [[[-6.0, 18.0], [-6.0, 24.0], [-12.0, 24.0], [-12.0, 18.0], [-6.0, 18.0]]]}, "properties": {"name": "N18W012_6x6", "kind": "latlon", "epsg": 4326, "lonMult": 1, "height": 6, "width": 6, "available": 23, "selected": 17, "coverage": 0.9833, "unionFrac": 0.985, "bw": {"20": 4, "5": 13}}}, {"type": "Feature", "geometry": {"type": "Polygon", "coordinates": [[[0.0, 18.0], [0.0, 24.0], [-6.0, 24.0], [-6.0, 18.0], [0.0, 18.0]]]}, "properties": {"name": "N18W006_6x6", "kind": "latlon", "epsg": 4326, "lonMult": 1, "height": 6, "width": 6, "available": 20, "selected": 17, "coverage": 0.989, "unionFrac": 0.9894, "bw": {"20": 4, "5": 13}}}, {"type": "Feature", "geometry": {"type": "Polygon", "coordinates": [[[6.0, 18.0], [6.0, 24.0], [0.0, 24.0], [0.0, 18.0], [6.0, 18.0]]]}, "properties": {"name": "N18E000_6x6", "kind": "latlon", "epsg": 4326, "lonMult": 1, "height": 6, "width": 6, "available": 22, "selected": 17, "coverage": 0.9809, "unionFrac": 0.9815, "bw": {"20": 11, "5": 6}}}, {"type": "Feature", "geometry": {"type": "Polygon", "coordinates": [[[12.0, 18.0], [12.0, 24.0], [6.0, 24.0], [6.0, 18.0], [12.0, 18.0]]]}, "properties": {"name": "N18E006_6x6", "kind": "latlon", "epsg": 4326, "lonMult": 1, "height": 6, "width": 6, "available": 27, "selected": 20, "coverage": 0.9784, "unionFrac": 0.9794, "bw": {"20": 12, "5": 8}}}, {"type": "Feature", "geometry": {"type": "Polygon", "coordinates": [[[18.0, 18.0], [18.0, 24.0], [12.0, 24.0], [12.0, 18.0], [18.0, 18.0]]]}, "properties": {"name": "N18E012_6x6", "kind": "latlon", "epsg": 4326, "lonMult": 1, "height": 6, "width": 6, "available": 25, "selected": 21, "coverage": 0.9797, "unionFrac": 0.9804, "bw": {"20": 4, "5": 17}}}, {"type": "Feature", "geometry": {"type": "Polygon", "coordinates": [[[24.0, 18.0], [24.0, 24.0], [18.0, 24.0], [18.0, 18.0], [24.0, 18.0]]]}, "properties": {"name": "N18E018_6x6", "kind": "latlon", "epsg": 4326, "lonMult": 1, "height": 6, "width": 6, "available": 25, "selected": 19, "coverage": 0.9736, "unionFrac": 0.9743, "bw": {"20": 4, "5": 15}}}, {"type": "Feature", "geometry": {"type": "Polygon", "coordinates": [[[30.0, 18.0], [30.0, 24.0], [24.0, 24.0], [24.0, 18.0], [30.0, 18.0]]]}, "properties": {"name": "N18E024_6x6", "kind": "latlon", "epsg": 4326, "lonMult": 1, "height": 6, "width": 6, "available": 21, "selected": 16, "coverage": 0.9916, "unionFrac": 0.9925, "bw": {"20": 5, "5": 11}}}, {"type": "Feature", "geometry": {"type": "Polygon", "coordinates": [[[36.0, 18.0], [36.0, 24.0], [30.0, 24.0], [30.0, 18.0], [36.0, 18.0]]]}, "properties": {"name": "N18E030_6x6", "kind": "latlon", "epsg": 4326, "lonMult": 1, "height": 6, "width": 6, "available": 21, "selected": 16, "coverage": 0.9987, "unionFrac": 0.9989, "bw": {"40": 2, "20": 14}}}, {"type": "Feature", "geometry": {"type": "Polygon", "coordinates": [[[42.0, 18.0], [42.0, 24.0], [36.0, 24.0], [36.0, 18.0], [42.0, 18.0]]]}, "properties": {"name": "N18E036_6x6", "kind": "latlon", "epsg": 4326, "lonMult": 1, "height": 6, "width": 6, "available": 25, "selected": 21, "coverage": 0.95, "unionFrac": 0.951, "bw": {"40": 8, "20": 12, "5": 1}}}, {"type": "Feature", "geometry": {"type": "Polygon", "coordinates": [[[48.0, 18.0], [48.0, 24.0], [42.0, 24.0], [42.0, 18.0], [48.0, 18.0]]]}, "properties": {"name": "N18E042_6x6", "kind": "latlon", "epsg": 4326, "lonMult": 1, "height": 6, "width": 6, "available": 23, "selected": 16, "coverage": 0.9992, "unionFrac": 1.0, "bw": {"40": 4, "20": 12}}}, {"type": "Feature", "geometry": {"type": "Polygon", "coordinates": [[[54.0, 18.0], [54.0, 24.0], [48.0, 24.0], [48.0, 18.0], [54.0, 18.0]]]}, "properties": {"name": "N18E048_6x6", "kind": "latlon", "epsg": 4326, "lonMult": 1, "height": 6, "width": 6, "available": 25, "selected": 19, "coverage": 0.9993, "unionFrac": 1.0, "bw": {"40": 9, "20": 10}}}, {"type": "Feature", "geometry": {"type": "Polygon", "coordinates": [[[60.0, 18.0], [60.0, 24.0], [54.0, 24.0], [54.0, 18.0], [60.0, 18.0]]]}, "properties": {"name": "N18E054_6x6", "kind": "latlon", "epsg": 4326, "lonMult": 1, "height": 6, "width": 6, "available": 22, "selected": 17, "coverage": 0.9367, "unionFrac": 0.9373, "bw": {"40": 8, "20": 9}}}, {"type": "Feature", "geometry": {"type": "Polygon", "coordinates": [[[66.0, 18.0], [66.0, 24.0], [60.0, 24.0], [60.0, 18.0], [66.0, 18.0]]]}, "properties": {"name": "N18E060_6x6", "kind": "latlon", "epsg": 4326, "lonMult": 1, "height": 6, "width": 6, "available": 9, "selected": 9, "coverage": 0.2198, "unionFrac": 0.2198, "bw": {"20": 9}}}, {"type": "Feature", "geometry": {"type": "Polygon", "coordinates": [[[72.0, 18.0], [72.0, 24.0], [66.0, 24.0], [66.0, 18.0], [72.0, 18.0]]]}, "properties": {"name": "N18E066_6x6", "kind": "latlon", "epsg": 4326, "lonMult": 1, "height": 6, "width": 6, "available": 23, "selected": 17, "coverage": 0.9332, "unionFrac": 0.9338, "bw": {"40": 3, "20": 14}}}, {"type": "Feature", "geometry": {"type": "Polygon", "coordinates": [[[78.0, 18.0], [78.0, 24.0], [72.0, 24.0], [72.0, 18.0], [78.0, 18.0]]]}, "properties": {"name": "N18E072_6x6", "kind": "latlon", "epsg": 4326, "lonMult": 1, "height": 6, "width": 6, "available": 23, "selected": 14, "coverage": 0.9988, "unionFrac": 1.0, "bw": {"20": 14}}}, {"type": "Feature", "geometry": {"type": "Polygon", "coordinates": [[[84.0, 18.0], [84.0, 24.0], [78.0, 24.0], [78.0, 18.0], [84.0, 18.0]]]}, "properties": {"name": "N18E078_6x6", "kind": "latlon", "epsg": 4326, "lonMult": 1, "height": 6, "width": 6, "available": 21, "selected": 15, "coverage": 0.9995, "unionFrac": 1.0, "bw": {"20": 15}}}, {"type": "Feature", "geometry": {"type": "Polygon", "coordinates": [[[90.0, 18.0], [90.0, 24.0], [84.0, 24.0], [84.0, 18.0], [90.0, 18.0]]]}, "properties": {"name": "N18E084_6x6", "kind": "latlon", "epsg": 4326, "lonMult": 1, "height": 6, "width": 6, "available": 26, "selected": 16, "coverage": 0.9994, "unionFrac": 1.0, "bw": {"40": 1, "20": 15}}}, {"type": "Feature", "geometry": {"type": "Polygon", "coordinates": [[[96.0, 18.0], [96.0, 24.0], [90.0, 24.0], [90.0, 18.0], [96.0, 18.0]]]}, "properties": {"name": "N18E090_6x6", "kind": "latlon", "epsg": 4326, "lonMult": 1, "height": 6, "width": 6, "available": 26, "selected": 16, "coverage": 0.9742, "unionFrac": 0.9745, "bw": {"40": 6, "20": 10}}}, {"type": "Feature", "geometry": {"type": "Polygon", "coordinates": [[[102.0, 18.0], [102.0, 24.0], [96.0, 24.0], [96.0, 18.0], [102.0, 18.0]]]}, "properties": {"name": "N18E096_6x6", "kind": "latlon", "epsg": 4326, "lonMult": 1, "height": 6, "width": 6, "available": 23, "selected": 18, "coverage": 0.9996, "unionFrac": 0.9999, "bw": {"40": 5, "20": 13}}}, {"type": "Feature", "geometry": {"type": "Polygon", "coordinates": [[[108.0, 18.0], [108.0, 24.0], [102.0, 24.0], [102.0, 18.0], [108.0, 18.0]]]}, "properties": {"name": "N18E102_6x6", "kind": "latlon", "epsg": 4326, "lonMult": 1, "height": 6, "width": 6, "available": 24, "selected": 18, "coverage": 0.9996, "unionFrac": 1.0, "bw": {"40": 2, "20": 16}}}, {"type": "Feature", "geometry": {"type": "Polygon", "coordinates": [[[114.0, 18.0], [114.0, 24.0], [108.0, 24.0], [108.0, 18.0], [114.0, 18.0]]]}, "properties": {"name": "N18E108_6x6", "kind": "latlon", "epsg": 4326, "lonMult": 1, "height": 6, "width": 6, "available": 18, "selected": 14, "coverage": 0.812, "unionFrac": 0.812, "bw": {"40": 1, "20": 13}}}, {"type": "Feature", "geometry": {"type": "Polygon", "coordinates": [[[120.0, 18.0], [120.0, 24.0], [114.0, 24.0], [114.0, 18.0], [120.0, 18.0]]]}, "properties": {"name": "N18E114_6x6", "kind": "latlon", "epsg": 4326, "lonMult": 1, "height": 6, "width": 6, "available": 14, "selected": 14, "coverage": 0.3554, "unionFrac": 0.3554, "bw": {"40": 3, "20": 11}}}, {"type": "Feature", "geometry": {"type": "Polygon", "coordinates": [[[126.0, 18.0], [126.0, 24.0], [120.0, 24.0], [120.0, 18.0], [126.0, 18.0]]]}, "properties": {"name": "N18E120_6x6", "kind": "latlon", "epsg": 4326, "lonMult": 1, "height": 6, "width": 6, "available": 12, "selected": 9, "coverage": 0.4796, "unionFrac": 0.4798, "bw": {"40": 4, "20": 5}}}, {"type": "Feature", "geometry": {"type": "Polygon", "coordinates": [[[150.0, 18.0], [150.0, 24.0], [144.0, 24.0], [144.0, 18.0], [150.0, 18.0]]]}, "properties": {"name": "N18E144_6x6", "kind": "latlon", "epsg": 4326, "lonMult": 1, "height": 6, "width": 6, "available": 3, "selected": 3, "coverage": 0.1502, "unionFrac": 0.1502, "bw": {"20": 3}}}, {"type": "Feature", "geometry": {"type": "Polygon", "coordinates": [[[-114.0, 24.0], [-114.0, 30.0], [-120.0, 30.0], [-120.0, 24.0], [-114.0, 24.0]]]}, "properties": {"name": "N24W120_6x6", "kind": "latlon", "epsg": 4326, "lonMult": 1, "height": 6, "width": 6, "available": 7, "selected": 6, "coverage": 0.2278, "unionFrac": 0.2278, "bw": {"40": 5, "20": 1}}}, {"type": "Feature", "geometry": {"type": "Polygon", "coordinates": [[[-108.0, 24.0], [-108.0, 30.0], [-114.0, 30.0], [-114.0, 24.0], [-108.0, 24.0]]]}, "properties": {"name": "N24W114_6x6", "kind": "latlon", "epsg": 4326, "lonMult": 1, "height": 6, "width": 6, "available": 18, "selected": 14, "coverage": 0.9537, "unionFrac": 0.9537, "bw": {"40": 14}}}, {"type": "Feature", "geometry": {"type": "Polygon", "coordinates": [[[-102.0, 24.0], [-102.0, 30.0], [-108.0, 30.0], [-108.0, 24.0], [-102.0, 24.0]]]}, "properties": {"name": "N24W108_6x6", "kind": "latlon", "epsg": 4326, "lonMult": 1, "height": 6, "width": 6, "available": 22, "selected": 14, "coverage": 1.0, "unionFrac": 1.0, "bw": {"40": 14}}}, {"type": "Feature", "geometry": {"type": "Polygon", "coordinates": [[[-96.0, 24.0], [-96.0, 30.0], [-102.0, 30.0], [-102.0, 24.0], [-96.0, 24.0]]]}, "properties": {"name": "N24W102_6x6", "kind": "latlon", "epsg": 4326, "lonMult": 1, "height": 6, "width": 6, "available": 18, "selected": 12, "coverage": 0.9473, "unionFrac": 0.9475, "bw": {"40": 12}}}, {"type": "Feature", "geometry": {"type": "Polygon", "coordinates": [[[-90.0, 24.0], [-90.0, 30.0], [-96.0, 30.0], [-96.0, 24.0], [-90.0, 24.0]]]}, "properties": {"name": "N24W096_6x6", "kind": "latlon", "epsg": 4326, "lonMult": 1, "height": 6, "width": 6, "available": 11, "selected": 9, "coverage": 0.3675, "unionFrac": 0.3675, "bw": {"40": 9}}}, {"type": "Feature", "geometry": {"type": "Polygon", "coordinates": [[[-84.0, 24.0], [-84.0, 30.0], [-90.0, 30.0], [-90.0, 24.0], [-84.0, 24.0]]]}, "properties": {"name": "N24W090_6x6", "kind": "latlon", "epsg": 4326, "lonMult": 1, "height": 6, "width": 6, "available": 8, "selected": 8, "coverage": 0.2752, "unionFrac": 0.2752, "bw": {"40": 8}}}, {"type": "Feature", "geometry": {"type": "Polygon", "coordinates": [[[-78.0, 24.0], [-78.0, 30.0], [-84.0, 30.0], [-84.0, 24.0], [-78.0, 24.0]]]}, "properties": {"name": "N24W084_6x6", "kind": "latlon", "epsg": 4326, "lonMult": 1, "height": 6, "width": 6, "available": 16, "selected": 11, "coverage": 0.783, "unionFrac": 0.784, "bw": {"40": 9, "20": 2}}}, {"type": "Feature", "geometry": {"type": "Polygon", "coordinates": [[[-72.0, 24.0], [-72.0, 30.0], [-78.0, 30.0], [-78.0, 24.0], [-72.0, 24.0]]]}, "properties": {"name": "N24W078_6x6", "kind": "latlon", "epsg": 4326, "lonMult": 1, "height": 6, "width": 6, "available": 8, "selected": 4, "coverage": 0.2334, "unionFrac": 0.2335, "bw": {"40": 2, "20": 2}}}, {"type": "Feature", "geometry": {"type": "Polygon", "coordinates": [[[-18.0, 24.0], [-18.0, 30.0], [-24.0, 30.0], [-24.0, 24.0], [-18.0, 24.0]]]}, "properties": {"name": "N24W024_6x6", "kind": "latlon", "epsg": 4326, "lonMult": 1, "height": 6, "width": 6, "available": 1, "selected": 1, "coverage": 0.0561, "unionFrac": 0.0561, "bw": {"40": 1}}}, {"type": "Feature", "geometry": {"type": "Polygon", "coordinates": [[[-12.0, 24.0], [-12.0, 30.0], [-18.0, 30.0], [-18.0, 24.0], [-12.0, 24.0]]]}, "properties": {"name": "N24W018_6x6", "kind": "latlon", "epsg": 4326, "lonMult": 1, "height": 6, "width": 6, "available": 14, "selected": 10, "coverage": 0.6487, "unionFrac": 0.6499, "bw": {"40": 3, "20": 2, "5": 5}}}, {"type": "Feature", "geometry": {"type": "Polygon", "coordinates": [[[-6.0, 24.0], [-6.0, 30.0], [-12.0, 30.0], [-12.0, 24.0], [-6.0, 24.0]]]}, "properties": {"name": "N24W012_6x6", "kind": "latlon", "epsg": 4326, "lonMult": 1, "height": 6, "width": 6, "available": 23, "selected": 18, "coverage": 0.958, "unionFrac": 0.958, "bw": {"20": 6, "5": 12}}}, {"type": "Feature", "geometry": {"type": "Polygon", "coordinates": [[[0.0, 24.0], [0.0, 30.0], [-6.0, 30.0], [-6.0, 24.0], [0.0, 24.0]]]}, "properties": {"name": "N24W006_6x6", "kind": "latlon", "epsg": 4326, "lonMult": 1, "height": 6, "width": 6, "available": 28, "selected": 23, "coverage": 0.9752, "unionFrac": 0.9763, "bw": {"20": 11, "5": 12}}}, {"type": "Feature", "geometry": {"type": "Polygon", "coordinates": [[[6.0, 24.0], [6.0, 30.0], [0.0, 30.0], [0.0, 24.0], [6.0, 24.0]]]}, "properties": {"name": "N24E000_6x6", "kind": "latlon", "epsg": 4326, "lonMult": 1, "height": 6, "width": 6, "available": 23, "selected": 20, "coverage": 0.9808, "unionFrac": 0.9808, "bw": {"20": 7, "5": 13}}}, {"type": "Feature", "geometry": {"type": "Polygon", "coordinates": [[[12.0, 24.0], [12.0, 30.0], [6.0, 30.0], [6.0, 24.0], [12.0, 24.0]]]}, "properties": {"name": "N24E006_6x6", "kind": "latlon", "epsg": 4326, "lonMult": 1, "height": 6, "width": 6, "available": 23, "selected": 18, "coverage": 0.9936, "unionFrac": 0.9941, "bw": {"20": 2, "5": 16}}}, {"type": "Feature", "geometry": {"type": "Polygon", "coordinates": [[[18.0, 24.0], [18.0, 30.0], [12.0, 30.0], [12.0, 24.0], [18.0, 24.0]]]}, "properties": {"name": "N24E012_6x6", "kind": "latlon", "epsg": 4326, "lonMult": 1, "height": 6, "width": 6, "available": 25, "selected": 20, "coverage": 0.974, "unionFrac": 0.9748, "bw": {"40": 3, "20": 3, "5": 14}}}, {"type": "Feature", "geometry": {"type": "Polygon", "coordinates": [[[24.0, 24.0], [24.0, 30.0], [18.0, 30.0], [18.0, 24.0], [24.0, 24.0]]]}, "properties": {"name": "N24E018_6x6", "kind": "latlon", "epsg": 4326, "lonMult": 1, "height": 6, "width": 6, "available": 27, "selected": 22, "coverage": 0.981, "unionFrac": 0.981, "bw": {"40": 4, "20": 5, "5": 13}}}, {"type": "Feature", "geometry": {"type": "Polygon", "coordinates": [[[30.0, 24.0], [30.0, 30.0], [24.0, 30.0], [24.0, 24.0], [30.0, 24.0]]]}, "properties": {"name": "N24E024_6x6", "kind": "latlon", "epsg": 4326, "lonMult": 1, "height": 6, "width": 6, "available": 25, "selected": 20, "coverage": 0.983, "unionFrac": 0.9831, "bw": {"40": 4, "20": 9, "5": 7}}}, {"type": "Feature", "geometry": {"type": "Polygon", "coordinates": [[[36.0, 24.0], [36.0, 30.0], [30.0, 30.0], [30.0, 24.0], [36.0, 24.0]]]}, "properties": {"name": "N24E030_6x6", "kind": "latlon", "epsg": 4326, "lonMult": 1, "height": 6, "width": 6, "available": 26, "selected": 20, "coverage": 0.9862, "unionFrac": 0.9864, "bw": {"40": 7, "20": 11, "5": 2}}}, {"type": "Feature", "geometry": {"type": "Polygon", "coordinates": [[[42.0, 24.0], [42.0, 30.0], [36.0, 30.0], [36.0, 24.0], [42.0, 24.0]]]}, "properties": {"name": "N24E036_6x6", "kind": "latlon", "epsg": 4326, "lonMult": 1, "height": 6, "width": 6, "available": 22, "selected": 15, "coverage": 0.9972, "unionFrac": 0.9972, "bw": {"40": 2, "20": 13}}}, {"type": "Feature", "geometry": {"type": "Polygon", "coordinates": [[[48.0, 24.0], [48.0, 30.0], [42.0, 30.0], [42.0, 24.0], [48.0, 24.0]]]}, "properties": {"name": "N24E042_6x6", "kind": "latlon", "epsg": 4326, "lonMult": 1, "height": 6, "width": 6, "available": 23, "selected": 16, "coverage": 1.0, "unionFrac": 1.0, "bw": {"40": 4, "20": 12}}}, {"type": "Feature", "geometry": {"type": "Polygon", "coordinates": [[[54.0, 24.0], [54.0, 30.0], [48.0, 30.0], [48.0, 24.0], [54.0, 24.0]]]}, "properties": {"name": "N24E048_6x6", "kind": "latlon", "epsg": 4326, "lonMult": 1, "height": 6, "width": 6, "available": 26, "selected": 17, "coverage": 0.9824, "unionFrac": 0.9825, "bw": {"40": 8, "20": 9}}}, {"type": "Feature", "geometry": {"type": "Polygon", "coordinates": [[[60.0, 24.0], [60.0, 30.0], [54.0, 30.0], [54.0, 24.0], [60.0, 24.0]]]}, "properties": {"name": "N24E054_6x6", "kind": "latlon", "epsg": 4326, "lonMult": 1, "height": 6, "width": 6, "available": 23, "selected": 18, "coverage": 0.9724, "unionFrac": 0.9725, "bw": {"40": 4, "20": 14}}}, {"type": "Feature", "geometry": {"type": "Polygon", "coordinates": [[[66.0, 24.0], [66.0, 30.0], [60.0, 30.0], [60.0, 24.0], [66.0, 24.0]]]}, "properties": {"name": "N24E060_6x6", "kind": "latlon", "epsg": 4326, "lonMult": 1, "height": 6, "width": 6, "available": 27, "selected": 20, "coverage": 0.9642, "unionFrac": 0.9642, "bw": {"40": 6, "20": 14}}}, {"type": "Feature", "geometry": {"type": "Polygon", "coordinates": [[[72.0, 24.0], [72.0, 30.0], [66.0, 30.0], [66.0, 24.0], [72.0, 24.0]]]}, "properties": {"name": "N24E066_6x6", "kind": "latlon", "epsg": 4326, "lonMult": 1, "height": 6, "width": 6, "available": 27, "selected": 17, "coverage": 0.9973, "unionFrac": 0.9973, "bw": {"40": 7, "20": 10}}}, {"type": "Feature", "geometry": {"type": "Polygon", "coordinates": [[[78.0, 24.0], [78.0, 30.0], [72.0, 30.0], [72.0, 24.0], [78.0, 24.0]]]}, "properties": {"name": "N24E072_6x6", "kind": "latlon", "epsg": 4326, "lonMult": 1, "height": 6, "width": 6, "available": 24, "selected": 16, "coverage": 0.9994, "unionFrac": 1.0, "bw": {"40": 2, "20": 14}}}, {"type": "Feature", "geometry": {"type": "Polygon", "coordinates": [[[84.0, 24.0], [84.0, 30.0], [78.0, 30.0], [78.0, 24.0], [84.0, 24.0]]]}, "properties": {"name": "N24E078_6x6", "kind": "latlon", "epsg": 4326, "lonMult": 1, "height": 6, "width": 6, "available": 27, "selected": 17, "coverage": 0.9988, "unionFrac": 1.0, "bw": {"40": 7, "20": 10}}}, {"type": "Feature", "geometry": {"type": "Polygon", "coordinates": [[[90.0, 24.0], [90.0, 30.0], [84.0, 30.0], [84.0, 24.0], [90.0, 24.0]]]}, "properties": {"name": "N24E084_6x6", "kind": "latlon", "epsg": 4326, "lonMult": 1, "height": 6, "width": 6, "available": 25, "selected": 16, "coverage": 0.9997, "unionFrac": 1.0, "bw": {"40": 6, "20": 10}}}, {"type": "Feature", "geometry": {"type": "Polygon", "coordinates": [[[96.0, 24.0], [96.0, 30.0], [90.0, 30.0], [90.0, 24.0], [96.0, 24.0]]]}, "properties": {"name": "N24E090_6x6", "kind": "latlon", "epsg": 4326, "lonMult": 1, "height": 6, "width": 6, "available": 25, "selected": 16, "coverage": 1.0, "unionFrac": 1.0, "bw": {"40": 11, "20": 5}}}, {"type": "Feature", "geometry": {"type": "Polygon", "coordinates": [[[102.0, 24.0], [102.0, 30.0], [96.0, 30.0], [96.0, 24.0], [102.0, 24.0]]]}, "properties": {"name": "N24E096_6x6", "kind": "latlon", "epsg": 4326, "lonMult": 1, "height": 6, "width": 6, "available": 25, "selected": 14, "coverage": 0.9997, "unionFrac": 1.0, "bw": {"40": 4, "20": 10}}}, {"type": "Feature", "geometry": {"type": "Polygon", "coordinates": [[[108.0, 24.0], [108.0, 30.0], [102.0, 30.0], [102.0, 24.0], [108.0, 24.0]]]}, "properties": {"name": "N24E102_6x6", "kind": "latlon", "epsg": 4326, "lonMult": 1, "height": 6, "width": 6, "available": 20, "selected": 14, "coverage": 0.9996, "unionFrac": 1.0, "bw": {"20": 14}}}, {"type": "Feature", "geometry": {"type": "Polygon", "coordinates": [[[114.0, 24.0], [114.0, 30.0], [108.0, 30.0], [108.0, 24.0], [114.0, 24.0]]]}, "properties": {"name": "N24E108_6x6", "kind": "latlon", "epsg": 4326, "lonMult": 1, "height": 6, "width": 6, "available": 21, "selected": 16, "coverage": 1.0, "unionFrac": 1.0, "bw": {"20": 16}}}, {"type": "Feature", "geometry": {"type": "Polygon", "coordinates": [[[120.0, 24.0], [120.0, 30.0], [114.0, 30.0], [114.0, 24.0], [120.0, 24.0]]]}, "properties": {"name": "N24E114_6x6", "kind": "latlon", "epsg": 4326, "lonMult": 1, "height": 6, "width": 6, "available": 20, "selected": 15, "coverage": 0.9994, "unionFrac": 0.9999, "bw": {"20": 15}}}, {"type": "Feature", "geometry": {"type": "Polygon", "coordinates": [[[126.0, 24.0], [126.0, 30.0], [120.0, 30.0], [120.0, 24.0], [126.0, 24.0]]]}, "properties": {"name": "N24E120_6x6", "kind": "latlon", "epsg": 4326, "lonMult": 1, "height": 6, "width": 6, "available": 12, "selected": 8, "coverage": 0.495, "unionFrac": 0.4952, "bw": {"40": 2, "20": 6}}}, {"type": "Feature", "geometry": {"type": "Polygon", "coordinates": [[[132.0, 24.0], [132.0, 30.0], [126.0, 30.0], [126.0, 24.0], [132.0, 24.0]]]}, "properties": {"name": "N24E126_6x6", "kind": "latlon", "epsg": 4326, "lonMult": 1, "height": 6, "width": 6, "available": 5, "selected": 5, "coverage": 0.3814, "unionFrac": 0.3814, "bw": {"40": 1, "20": 4}}}, {"type": "Feature", "geometry": {"type": "Polygon", "coordinates": [[[144.0, 24.0], [144.0, 30.0], [138.0, 30.0], [138.0, 24.0], [144.0, 24.0]]]}, "properties": {"name": "N24E138_6x6", "kind": "latlon", "epsg": 4326, "lonMult": 1, "height": 6, "width": 6, "available": 4, "selected": 4, "coverage": 0.3657, "unionFrac": 0.3657, "bw": {"20": 4}}}, {"type": "Feature", "geometry": {"type": "Polygon", "coordinates": [[[-120.0, 30.0], [-120.0, 36.0], [-126.0, 36.0], [-126.0, 30.0], [-120.0, 30.0]]]}, "properties": {"name": "N30W126_6x6", "kind": "latlon", "epsg": 4326, "lonMult": 1, "height": 6, "width": 6, "available": 8, "selected": 6, "coverage": 0.176, "unionFrac": 0.176, "bw": {"40": 6}}}, {"type": "Feature", "geometry": {"type": "Polygon", "coordinates": [[[-114.0, 30.0], [-114.0, 36.0], [-120.0, 36.0], [-120.0, 30.0], [-114.0, 30.0]]]}, "properties": {"name": "N30W120_6x6", "kind": "latlon", "epsg": 4326, "lonMult": 1, "height": 6, "width": 6, "available": 19, "selected": 14, "coverage": 0.9145, "unionFrac": 0.9147, "bw": {"40": 14}}}, {"type": "Feature", "geometry": {"type": "Polygon", "coordinates": [[[-108.0, 30.0], [-108.0, 36.0], [-114.0, 36.0], [-114.0, 30.0], [-108.0, 30.0]]]}, "properties": {"name": "N30W114_6x6", "kind": "latlon", "epsg": 4326, "lonMult": 1, "height": 6, "width": 6, "available": 23, "selected": 14, "coverage": 0.9996, "unionFrac": 1.0, "bw": {"40": 14}}}, {"type": "Feature", "geometry": {"type": "Polygon", "coordinates": [[[-102.0, 30.0], [-102.0, 36.0], [-108.0, 36.0], [-108.0, 30.0], [-102.0, 30.0]]]}, "properties": {"name": "N30W108_6x6", "kind": "latlon", "epsg": 4326, "lonMult": 1, "height": 6, "width": 6, "available": 23, "selected": 14, "coverage": 0.9999, "unionFrac": 1.0, "bw": {"40": 14}}}, {"type": "Feature", "geometry": {"type": "Polygon", "coordinates": [[[-96.0, 30.0], [-96.0, 36.0], [-102.0, 36.0], [-102.0, 30.0], [-96.0, 30.0]]]}, "properties": {"name": "N30W102_6x6", "kind": "latlon", "epsg": 4326, "lonMult": 1, "height": 6, "width": 6, "available": 19, "selected": 14, "coverage": 0.945, "unionFrac": 0.945, "bw": {"40": 14}}}, {"type": "Feature", "geometry": {"type": "Polygon", "coordinates": [[[-90.0, 30.0], [-90.0, 36.0], [-96.0, 36.0], [-96.0, 30.0], [-90.0, 30.0]]]}, "properties": {"name": "N30W096_6x6", "kind": "latlon", "epsg": 4326, "lonMult": 1, "height": 6, "width": 6, "available": 21, "selected": 15, "coverage": 0.9997, "unionFrac": 0.9997, "bw": {"40": 15}}}, {"type": "Feature", "geometry": {"type": "Polygon", "coordinates": [[[-84.0, 30.0], [-84.0, 36.0], [-90.0, 36.0], [-90.0, 30.0], [-84.0, 30.0]]]}, "properties": {"name": "N30W090_6x6", "kind": "latlon", "epsg": 4326, "lonMult": 1, "height": 6, "width": 6, "available": 21, "selected": 15, "coverage": 1.0, "unionFrac": 1.0, "bw": {"40": 15}}}, {"type": "Feature", "geometry": {"type": "Polygon", "coordinates": [[[-78.0, 30.0], [-78.0, 36.0], [-84.0, 36.0], [-84.0, 30.0], [-78.0, 30.0]]]}, "properties": {"name": "N30W084_6x6", "kind": "latlon", "epsg": 4326, "lonMult": 1, "height": 6, "width": 6, "available": 14, "selected": 12, "coverage": 0.8142, "unionFrac": 0.8142, "bw": {"40": 12}}}, {"type": "Feature", "geometry": {"type": "Polygon", "coordinates": [[[-72.0, 30.0], [-72.0, 36.0], [-78.0, 36.0], [-78.0, 30.0], [-72.0, 30.0]]]}, "properties": {"name": "N30W078_6x6", "kind": "latlon", "epsg": 4326, "lonMult": 1, "height": 6, "width": 6, "available": 6, "selected": 6, "coverage": 0.2944, "unionFrac": 0.2944, "bw": {"40": 6}}}, {"type": "Feature", "geometry": {"type": "Polygon", "coordinates": [[[-12.0, 30.0], [-12.0, 36.0], [-18.0, 36.0], [-18.0, 30.0], [-12.0, 30.0]]]}, "properties": {"name": "N30W018_6x6", "kind": "latlon", "epsg": 4326, "lonMult": 1, "height": 6, "width": 6, "available": 1, "selected": 1, "coverage": 0.0016, "unionFrac": 0.0016, "bw": {"5": 1}}}, {"type": "Feature", "geometry": {"type": "Polygon", "coordinates": [[[-6.0, 30.0], [-6.0, 36.0], [-12.0, 36.0], [-12.0, 30.0], [-6.0, 30.0]]]}, "properties": {"name": "N30W012_6x6", "kind": "latlon", "epsg": 4326, "lonMult": 1, "height": 6, "width": 6, "available": 16, "selected": 10, "coverage": 0.7113, "unionFrac": 0.7116, "bw": {"40": 5, "20": 3, "5": 2}}}, {"type": "Feature", "geometry": {"type": "Polygon", "coordinates": [[[0.0, 30.0], [0.0, 36.0], [-6.0, 36.0], [-6.0, 30.0], [0.0, 30.0]]]}, "properties": {"name": "N30W006_6x6", "kind": "latlon", "epsg": 4326, "lonMult": 1, "height": 6, "width": 6, "available": 29, "selected": 17, "coverage": 0.9917, "unionFrac": 0.993, "bw": {"40": 7, "20": 8, "5": 2}}}, {"type": "Feature", "geometry": {"type": "Polygon", "coordinates": [[[6.0, 30.0], [6.0, 36.0], [0.0, 36.0], [0.0, 30.0], [6.0, 30.0]]]}, "properties": {"name": "N30E000_6x6", "kind": "latlon", "epsg": 4326, "lonMult": 1, "height": 6, "width": 6, "available": 25, "selected": 18, "coverage": 0.9956, "unionFrac": 0.9958, "bw": {"40": 7, "20": 6, "5": 5}}}, {"type": "Feature", "geometry": {"type": "Polygon", "coordinates": [[[12.0, 30.0], [12.0, 36.0], [6.0, 36.0], [6.0, 30.0], [12.0, 30.0]]]}, "properties": {"name": "N30E006_6x6", "kind": "latlon", "epsg": 4326, "lonMult": 1, "height": 6, "width": 6, "available": 27, "selected": 21, "coverage": 0.977, "unionFrac": 0.9772, "bw": {"40": 8, "20": 5, "5": 8}}}, {"type": "Feature", "geometry": {"type": "Polygon", "coordinates": [[[18.0, 30.0], [18.0, 36.0], [12.0, 36.0], [12.0, 30.0], [18.0, 30.0]]]}, "properties": {"name": "N30E012_6x6", "kind": "latlon", "epsg": 4326, "lonMult": 1, "height": 6, "width": 6, "available": 17, "selected": 12, "coverage": 0.5245, "unionFrac": 0.5245, "bw": {"40": 8, "20": 2, "5": 2}}}, {"type": "Feature", "geometry": {"type": "Polygon", "coordinates": [[[24.0, 30.0], [24.0, 36.0], [18.0, 36.0], [18.0, 30.0], [24.0, 30.0]]]}, "properties": {"name": "N30E018_6x6", "kind": "latlon", "epsg": 4326, "lonMult": 1, "height": 6, "width": 6, "available": 14, "selected": 8, "coverage": 0.4862, "unionFrac": 0.4878, "bw": {"40": 4, "20": 3, "5": 1}}}, {"type": "Feature", "geometry": {"type": "Polygon", "coordinates": [[[30.0, 30.0], [30.0, 36.0], [24.0, 36.0], [24.0, 30.0], [30.0, 30.0]]]}, "properties": {"name": "N30E024_6x6", "kind": "latlon", "epsg": 4326, "lonMult": 1, "height": 6, "width": 6, "available": 18, "selected": 13, "coverage": 0.5492, "unionFrac": 0.5499, "bw": {"40": 2, "20": 11}}}, {"type": "Feature", "geometry": {"type": "Polygon", "coordinates": [[[36.0, 30.0], [36.0, 36.0], [30.0, 36.0], [30.0, 30.0], [36.0, 30.0]]]}, "properties": {"name": "N30E030_6x6", "kind": "latlon", "epsg": 4326, "lonMult": 1, "height": 6, "width": 6, "available": 18, "selected": 11, "coverage": 0.7083, "unionFrac": 0.7085, "bw": {"40": 1, "20": 10}}}, {"type": "Feature", "geometry": {"type": "Polygon", "coordinates": [[[42.0, 30.0], [42.0, 36.0], [36.0, 36.0], [36.0, 30.0], [42.0, 30.0]]]}, "properties": {"name": "N30E036_6x6", "kind": "latlon", "epsg": 4326, "lonMult": 1, "height": 6, "width": 6, "available": 21, "selected": 14, "coverage": 1.0, "unionFrac": 1.0, "bw": {"20": 14}}}, {"type": "Feature", "geometry": {"type": "Polygon", "coordinates": [[[48.0, 30.0], [48.0, 36.0], [42.0, 36.0], [42.0, 30.0], [48.0, 30.0]]]}, "properties": {"name": "N30E042_6x6", "kind": "latlon", "epsg": 4326, "lonMult": 1, "height": 6, "width": 6, "available": 27, "selected": 19, "coverage": 1.0, "unionFrac": 1.0, "bw": {"40": 8, "20": 11}}}, {"type": "Feature", "geometry": {"type": "Polygon", "coordinates": [[[54.0, 30.0], [54.0, 36.0], [48.0, 36.0], [48.0, 30.0], [54.0, 30.0]]]}, "properties": {"name": "N30E048_6x6", "kind": "latlon", "epsg": 4326, "lonMult": 1, "height": 6, "width": 6, "available": 21, "selected": 15, "coverage": 1.0, "unionFrac": 1.0, "bw": {"40": 4, "20": 11}}}, {"type": "Feature", "geometry": {"type": "Polygon", "coordinates": [[[60.0, 30.0], [60.0, 36.0], [54.0, 36.0], [54.0, 30.0], [60.0, 30.0]]]}, "properties": {"name": "N30E054_6x6", "kind": "latlon", "epsg": 4326, "lonMult": 1, "height": 6, "width": 6, "available": 22, "selected": 15, "coverage": 1.0, "unionFrac": 1.0, "bw": {"20": 15}}}, {"type": "Feature", "geometry": {"type": "Polygon", "coordinates": [[[66.0, 30.0], [66.0, 36.0], [60.0, 36.0], [60.0, 30.0], [66.0, 30.0]]]}, "properties": {"name": "N30E060_6x6", "kind": "latlon", "epsg": 4326, "lonMult": 1, "height": 6, "width": 6, "available": 29, "selected": 18, "coverage": 1.0, "unionFrac": 1.0, "bw": {"40": 7, "20": 11}}}, {"type": "Feature", "geometry": {"type": "Polygon", "coordinates": [[[72.0, 30.0], [72.0, 36.0], [66.0, 36.0], [66.0, 30.0], [72.0, 30.0]]]}, "properties": {"name": "N30E066_6x6", "kind": "latlon", "epsg": 4326, "lonMult": 1, "height": 6, "width": 6, "available": 26, "selected": 16, "coverage": 1.0, "unionFrac": 1.0, "bw": {"40": 9, "20": 7}}}, {"type": "Feature", "geometry": {"type": "Polygon", "coordinates": [[[78.0, 30.0], [78.0, 36.0], [72.0, 36.0], [72.0, 30.0], [78.0, 30.0]]]}, "properties": {"name": "N30E072_6x6", "kind": "latlon", "epsg": 4326, "lonMult": 1, "height": 6, "width": 6, "available": 27, "selected": 17, "coverage": 1.0, "unionFrac": 1.0, "bw": {"40": 8, "20": 9}}}, {"type": "Feature", "geometry": {"type": "Polygon", "coordinates": [[[84.0, 30.0], [84.0, 36.0], [78.0, 36.0], [78.0, 30.0], [84.0, 30.0]]]}, "properties": {"name": "N30E078_6x6", "kind": "latlon", "epsg": 4326, "lonMult": 1, "height": 6, "width": 6, "available": 26, "selected": 16, "coverage": 0.9775, "unionFrac": 0.9775, "bw": {"40": 12, "20": 4}}}, {"type": "Feature", "geometry": {"type": "Polygon", "coordinates": [[[90.0, 30.0], [90.0, 36.0], [84.0, 36.0], [84.0, 30.0], [90.0, 30.0]]]}, "properties": {"name": "N30E084_6x6", "kind": "latlon", "epsg": 4326, "lonMult": 1, "height": 6, "width": 6, "available": 23, "selected": 17, "coverage": 0.956, "unionFrac": 0.956, "bw": {"40": 5, "20": 12}}}, {"type": "Feature", "geometry": {"type": "Polygon", "coordinates": [[[96.0, 30.0], [96.0, 36.0], [90.0, 36.0], [90.0, 30.0], [96.0, 30.0]]]}, "properties": {"name": "N30E090_6x6", "kind": "latlon", "epsg": 4326, "lonMult": 1, "height": 6, "width": 6, "available": 25, "selected": 15, "coverage": 0.9498, "unionFrac": 0.9498, "bw": {"40": 4, "20": 11}}}, {"type": "Feature", "geometry": {"type": "Polygon", "coordinates": [[[102.0, 30.0], [102.0, 36.0], [96.0, 36.0], [96.0, 30.0], [102.0, 30.0]]]}, "properties": {"name": "N30E096_6x6", "kind": "latlon", "epsg": 4326, "lonMult": 1, "height": 6, "width": 6, "available": 25, "selected": 15, "coverage": 1.0, "unionFrac": 1.0, "bw": {"40": 1, "20": 14}}}, {"type": "Feature", "geometry": {"type": "Polygon", "coordinates": [[[108.0, 30.0], [108.0, 36.0], [102.0, 36.0], [102.0, 30.0], [108.0, 30.0]]]}, "properties": {"name": "N30E102_6x6", "kind": "latlon", "epsg": 4326, "lonMult": 1, "height": 6, "width": 6, "available": 20, "selected": 14, "coverage": 1.0, "unionFrac": 1.0, "bw": {"20": 14}}}, {"type": "Feature", "geometry": {"type": "Polygon", "coordinates": [[[114.0, 30.0], [114.0, 36.0], [108.0, 36.0], [108.0, 30.0], [114.0, 30.0]]]}, "properties": {"name": "N30E108_6x6", "kind": "latlon", "epsg": 4326, "lonMult": 1, "height": 6, "width": 6, "available": 21, "selected": 15, "coverage": 0.9998, "unionFrac": 1.0, "bw": {"20": 15}}}, {"type": "Feature", "geometry": {"type": "Polygon", "coordinates": [[[120.0, 30.0], [120.0, 36.0], [114.0, 36.0], [114.0, 30.0], [120.0, 30.0]]]}, "properties": {"name": "N30E114_6x6", "kind": "latlon", "epsg": 4326, "lonMult": 1, "height": 6, "width": 6, "available": 20, "selected": 15, "coverage": 0.9997, "unionFrac": 1.0, "bw": {"20": 15}}}, {"type": "Feature", "geometry": {"type": "Polygon", "coordinates": [[[126.0, 30.0], [126.0, 36.0], [120.0, 36.0], [120.0, 30.0], [126.0, 30.0]]]}, "properties": {"name": "N30E120_6x6", "kind": "latlon", "epsg": 4326, "lonMult": 1, "height": 6, "width": 6, "available": 11, "selected": 9, "coverage": 0.4859, "unionFrac": 0.4859, "bw": {"40": 4, "20": 5}}}, {"type": "Feature", "geometry": {"type": "Polygon", "coordinates": [[[132.0, 30.0], [132.0, 36.0], [126.0, 36.0], [126.0, 30.0], [132.0, 30.0]]]}, "properties": {"name": "N30E126_6x6", "kind": "latlon", "epsg": 4326, "lonMult": 1, "height": 6, "width": 6, "available": 17, "selected": 14, "coverage": 0.755, "unionFrac": 0.7555, "bw": {"40": 11, "20": 3}}}, {"type": "Feature", "geometry": {"type": "Polygon", "coordinates": [[[138.0, 30.0], [138.0, 36.0], [132.0, 36.0], [132.0, 30.0], [138.0, 30.0]]]}, "properties": {"name": "N30E132_6x6", "kind": "latlon", "epsg": 4326, "lonMult": 1, "height": 6, "width": 6, "available": 14, "selected": 12, "coverage": 0.5516, "unionFrac": 0.5518, "bw": {"40": 12}}}, {"type": "Feature", "geometry": {"type": "Polygon", "coordinates": [[[144.0, 30.0], [144.0, 36.0], [138.0, 36.0], [138.0, 30.0], [144.0, 30.0]]]}, "properties": {"name": "N30E138_6x6", "kind": "latlon", "epsg": 4326, "lonMult": 1, "height": 6, "width": 6, "available": 10, "selected": 8, "coverage": 0.4249, "unionFrac": 0.4255, "bw": {"40": 5, "20": 3}}}, {"type": "Feature", "geometry": {"type": "Polygon", "coordinates": [[[-126.0, 36.0], [-126.0, 42.0], [-132.0, 42.0], [-132.0, 36.0], [-126.0, 36.0]]]}, "properties": {"name": "N36W132_6x6", "kind": "latlon", "epsg": 4326, "lonMult": 1, "height": 6, "width": 6, "available": 2, "selected": 2, "coverage": 0.0056, "unionFrac": 0.0056, "bw": {"40": 2}}}, {"type": "Feature", "geometry": {"type": "Polygon", "coordinates": [[[-120.0, 36.0], [-120.0, 42.0], [-126.0, 42.0], [-126.0, 36.0], [-120.0, 36.0]]]}, "properties": {"name": "N36W126_6x6", "kind": "latlon", "epsg": 4326, "lonMult": 1, "height": 6, "width": 6, "available": 16, "selected": 11, "coverage": 0.8182, "unionFrac": 0.8183, "bw": {"40": 11}}}, {"type": "Feature", "geometry": {"type": "Polygon", "coordinates": [[[-114.0, 36.0], [-114.0, 42.0], [-120.0, 42.0], [-120.0, 36.0], [-114.0, 36.0]]]}, "properties": {"name": "N36W120_6x6", "kind": "latlon", "epsg": 4326, "lonMult": 1, "height": 6, "width": 6, "available": 22, "selected": 13, "coverage": 0.9992, "unionFrac": 1.0, "bw": {"40": 13}}}, {"type": "Feature", "geometry": {"type": "Polygon", "coordinates": [[[-108.0, 36.0], [-108.0, 42.0], [-114.0, 42.0], [-114.0, 36.0], [-108.0, 36.0]]]}, "properties": {"name": "N36W114_6x6", "kind": "latlon", "epsg": 4326, "lonMult": 1, "height": 6, "width": 6, "available": 22, "selected": 13, "coverage": 0.9995, "unionFrac": 1.0, "bw": {"40": 13}}}, {"type": "Feature", "geometry": {"type": "Polygon", "coordinates": [[[-102.0, 36.0], [-102.0, 42.0], [-108.0, 42.0], [-108.0, 36.0], [-102.0, 36.0]]]}, "properties": {"name": "N36W108_6x6", "kind": "latlon", "epsg": 4326, "lonMult": 1, "height": 6, "width": 6, "available": 23, "selected": 14, "coverage": 0.9756, "unionFrac": 0.976, "bw": {"40": 14}}}, {"type": "Feature", "geometry": {"type": "Polygon", "coordinates": [[[-96.0, 36.0], [-96.0, 42.0], [-102.0, 42.0], [-102.0, 36.0], [-96.0, 36.0]]]}, "properties": {"name": "N36W102_6x6", "kind": "latlon", "epsg": 4326, "lonMult": 1, "height": 6, "width": 6, "available": 20, "selected": 15, "coverage": 1.0, "unionFrac": 1.0, "bw": {"40": 15}}}, {"type": "Feature", "geometry": {"type": "Polygon", "coordinates": [[[-90.0, 36.0], [-90.0, 42.0], [-96.0, 42.0], [-96.0, 36.0], [-90.0, 36.0]]]}, "properties": {"name": "N36W096_6x6", "kind": "latlon", "epsg": 4326, "lonMult": 1, "height": 6, "width": 6, "available": 27, "selected": 18, "coverage": 0.9973, "unionFrac": 0.9976, "bw": {"40": 12, "20": 6}}}, {"type": "Feature", "geometry": {"type": "Polygon", "coordinates": [[[-84.0, 36.0], [-84.0, 42.0], [-90.0, 42.0], [-90.0, 36.0], [-84.0, 36.0]]]}, "properties": {"name": "N36W090_6x6", "kind": "latlon", "epsg": 4326, "lonMult": 1, "height": 6, "width": 6, "available": 30, "selected": 19, "coverage": 0.9994, "unionFrac": 1.0, "bw": {"40": 7, "20": 12}}}, {"type": "Feature", "geometry": {"type": "Polygon", "coordinates": [[[-78.0, 36.0], [-78.0, 42.0], [-84.0, 42.0], [-84.0, 36.0], [-78.0, 36.0]]]}, "properties": {"name": "N36W084_6x6", "kind": "latlon", "epsg": 4326, "lonMult": 1, "height": 6, "width": 6, "available": 24, "selected": 13, "coverage": 0.9505, "unionFrac": 0.9505, "bw": {"40": 11, "20": 2}}}, {"type": "Feature", "geometry": {"type": "Polygon", "coordinates": [[[-72.0, 36.0], [-72.0, 42.0], [-78.0, 42.0], [-78.0, 36.0], [-72.0, 36.0]]]}, "properties": {"name": "N36W078_6x6", "kind": "latlon", "epsg": 4326, "lonMult": 1, "height": 6, "width": 6, "available": 17, "selected": 11, "coverage": 0.7954, "unionFrac": 0.7954, "bw": {"40": 11}}}, {"type": "Feature", "geometry": {"type": "Polygon", "coordinates": [[[-66.0, 36.0], [-66.0, 42.0], [-72.0, 42.0], [-72.0, 36.0], [-66.0, 36.0]]]}, "properties": {"name": "N36W072_6x6", "kind": "latlon", "epsg": 4326, "lonMult": 1, "height": 6, "width": 6, "available": 5, "selected": 4, "coverage": 0.1133, "unionFrac": 0.1133, "bw": {"40": 4}}}, {"type": "Feature", "geometry": {"type": "Polygon", "coordinates": [[[-6.0, 36.0], [-6.0, 42.0], [-12.0, 42.0], [-12.0, 36.0], [-6.0, 36.0]]]}, "properties": {"name": "N36W012_6x6", "kind": "latlon", "epsg": 4326, "lonMult": 1, "height": 6, "width": 6, "available": 14, "selected": 11, "coverage": 0.6885, "unionFrac": 0.6885, "bw": {"40": 2, "20": 9}}}, {"type": "Feature", "geometry": {"type": "Polygon", "coordinates": [[[0.0, 36.0], [0.0, 42.0], [-6.0, 42.0], [-6.0, 36.0], [0.0, 36.0]]]}, "properties": {"name": "N36W006_6x6", "kind": "latlon", "epsg": 4326, "lonMult": 1, "height": 6, "width": 6, "available": 28, "selected": 19, "coverage": 0.9894, "unionFrac": 0.9894, "bw": {"40": 5, "20": 14}}}, {"type": "Feature", "geometry": {"type": "Polygon", "coordinates": [[[6.0, 36.0], [6.0, 42.0], [0.0, 42.0], [0.0, 36.0], [6.0, 36.0]]]}, "properties": {"name": "N36E000_6x6", "kind": "latlon", "epsg": 4326, "lonMult": 1, "height": 6, "width": 6, "available": 23, "selected": 15, "coverage": 0.6697, "unionFrac": 0.6704, "bw": {"40": 5, "20": 9, "5": 1}}}, {"type": "Feature", "geometry": {"type": "Polygon", "coordinates": [[[12.0, 36.0], [12.0, 42.0], [6.0, 42.0], [6.0, 36.0], [12.0, 36.0]]]}, "properties": {"name": "N36E006_6x6", "kind": "latlon", "epsg": 4326, "lonMult": 1, "height": 6, "width": 6, "available": 15, "selected": 12, "coverage": 0.6698, "unionFrac": 0.6698, "bw": {"40": 4, "20": 8}}}, {"type": "Feature", "geometry": {"type": "Polygon", "coordinates": [[[18.0, 36.0], [18.0, 42.0], [12.0, 42.0], [12.0, 36.0], [18.0, 36.0]]]}, "properties": {"name": "N36E012_6x6", "kind": "latlon", "epsg": 4326, "lonMult": 1, "height": 6, "width": 6, "available": 13, "selected": 12, "coverage": 0.8065, "unionFrac": 0.8065, "bw": {"40": 1, "20": 11}}}, {"type": "Feature", "geometry": {"type": "Polygon", "coordinates": [[[24.0, 36.0], [24.0, 42.0], [18.0, 42.0], [18.0, 36.0], [24.0, 36.0]]]}, "properties": {"name": "N36E018_6x6", "kind": "latlon", "epsg": 4326, "lonMult": 1, "height": 6, "width": 6, "available": 18, "selected": 14, "coverage": 0.7995, "unionFrac": 0.7996, "bw": {"20": 14}}}, {"type": "Feature", "geometry": {"type": "Polygon", "coordinates": [[[30.0, 36.0], [30.0, 42.0], [24.0, 42.0], [24.0, 36.0], [30.0, 36.0]]]}, "properties": {"name": "N36E024_6x6", "kind": "latlon", "epsg": 4326, "lonMult": 1, "height": 6, "width": 6, "available": 20, "selected": 15, "coverage": 0.9904, "unionFrac": 0.9904, "bw": {"20": 15}}}, {"type": "Feature", "geometry": {"type": "Polygon", "coordinates": [[[36.0, 36.0], [36.0, 42.0], [30.0, 42.0], [30.0, 36.0], [36.0, 36.0]]]}, "properties": {"name": "N36E030_6x6", "kind": "latlon", "epsg": 4326, "lonMult": 1, "height": 6, "width": 6, "available": 20, "selected": 14, "coverage": 0.9999, "unionFrac": 0.9999, "bw": {"20": 14}}}, {"type": "Feature", "geometry": {"type": "Polygon", "coordinates": [[[42.0, 36.0], [42.0, 42.0], [36.0, 42.0], [36.0, 36.0], [42.0, 36.0]]]}, "properties": {"name": "N36E036_6x6", "kind": "latlon", "epsg": 4326, "lonMult": 1, "height": 6, "width": 6, "available": 21, "selected": 13, "coverage": 0.9833, "unionFrac": 0.9835, "bw": {"40": 1, "20": 12}}}, {"type": "Feature", "geometry": {"type": "Polygon", "coordinates": [[[48.0, 36.0], [48.0, 42.0], [42.0, 42.0], [42.0, 36.0], [48.0, 36.0]]]}, "properties": {"name": "N36E042_6x6", "kind": "latlon", "epsg": 4326, "lonMult": 1, "height": 6, "width": 6, "available": 23, "selected": 15, "coverage": 1.0, "unionFrac": 1.0, "bw": {"40": 6, "20": 9}}}, {"type": "Feature", "geometry": {"type": "Polygon", "coordinates": [[[54.0, 36.0], [54.0, 42.0], [48.0, 42.0], [48.0, 36.0], [54.0, 36.0]]]}, "properties": {"name": "N36E048_6x6", "kind": "latlon", "epsg": 4326, "lonMult": 1, "height": 6, "width": 6, "available": 20, "selected": 16, "coverage": 1.0, "unionFrac": 1.0, "bw": {"40": 3, "20": 13}}}, {"type": "Feature", "geometry": {"type": "Polygon", "coordinates": [[[60.0, 36.0], [60.0, 42.0], [54.0, 42.0], [54.0, 36.0], [60.0, 36.0]]]}, "properties": {"name": "N36E054_6x6", "kind": "latlon", "epsg": 4326, "lonMult": 1, "height": 6, "width": 6, "available": 20, "selected": 14, "coverage": 0.9526, "unionFrac": 0.9534, "bw": {"20": 14}}}, {"type": "Feature", "geometry": {"type": "Polygon", "coordinates": [[[66.0, 36.0], [66.0, 42.0], [60.0, 42.0], [60.0, 36.0], [66.0, 36.0]]]}, "properties": {"name": "N36E060_6x6", "kind": "latlon", "epsg": 4326, "lonMult": 1, "height": 6, "width": 6, "available": 21, "selected": 16, "coverage": 1.0, "unionFrac": 1.0, "bw": {"40": 1, "20": 15}}}, {"type": "Feature", "geometry": {"type": "Polygon", "coordinates": [[[72.0, 36.0], [72.0, 42.0], [66.0, 42.0], [66.0, 36.0], [72.0, 36.0]]]}, "properties": {"name": "N36E066_6x6", "kind": "latlon", "epsg": 4326, "lonMult": 1, "height": 6, "width": 6, "available": 24, "selected": 14, "coverage": 0.9563, "unionFrac": 0.9564, "bw": {"40": 3, "20": 11}}}, {"type": "Feature", "geometry": {"type": "Polygon", "coordinates": [[[78.0, 36.0], [78.0, 42.0], [72.0, 42.0], [72.0, 36.0], [78.0, 36.0]]]}, "properties": {"name": "N36E072_6x6", "kind": "latlon", "epsg": 4326, "lonMult": 1, "height": 6, "width": 6, "available": 26, "selected": 16, "coverage": 0.9988, "unionFrac": 0.9991, "bw": {"40": 4, "20": 12}}}, {"type": "Feature", "geometry": {"type": "Polygon", "coordinates": [[[84.0, 36.0], [84.0, 42.0], [78.0, 42.0], [78.0, 36.0], [84.0, 36.0]]]}, "properties": {"name": "N36E078_6x6", "kind": "latlon", "epsg": 4326, "lonMult": 1, "height": 6, "width": 6, "available": 24, "selected": 16, "coverage": 1.0, "unionFrac": 1.0, "bw": {"40": 2, "20": 14}}}, {"type": "Feature", "geometry": {"type": "Polygon", "coordinates": [[[90.0, 36.0], [90.0, 42.0], [84.0, 42.0], [84.0, 36.0], [90.0, 36.0]]]}, "properties": {"name": "N36E084_6x6", "kind": "latlon", "epsg": 4326, "lonMult": 1, "height": 6, "width": 6, "available": 22, "selected": 13, "coverage": 0.9993, "unionFrac": 1.0, "bw": {"20": 13}}}, {"type": "Feature", "geometry": {"type": "Polygon", "coordinates": [[[96.0, 36.0], [96.0, 42.0], [90.0, 42.0], [90.0, 36.0], [96.0, 36.0]]]}, "properties": {"name": "N36E090_6x6", "kind": "latlon", "epsg": 4326, "lonMult": 1, "height": 6, "width": 6, "available": 21, "selected": 13, "coverage": 1.0, "unionFrac": 1.0, "bw": {"20": 13}}}, {"type": "Feature", "geometry": {"type": "Polygon", "coordinates": [[[102.0, 36.0], [102.0, 42.0], [96.0, 42.0], [96.0, 36.0], [102.0, 36.0]]]}, "properties": {"name": "N36E096_6x6", "kind": "latlon", "epsg": 4326, "lonMult": 1, "height": 6, "width": 6, "available": 21, "selected": 14, "coverage": 1.0, "unionFrac": 1.0, "bw": {"20": 14}}}, {"type": "Feature", "geometry": {"type": "Polygon", "coordinates": [[[108.0, 36.0], [108.0, 42.0], [102.0, 42.0], [102.0, 36.0], [108.0, 36.0]]]}, "properties": {"name": "N36E102_6x6", "kind": "latlon", "epsg": 4326, "lonMult": 1, "height": 6, "width": 6, "available": 21, "selected": 15, "coverage": 1.0, "unionFrac": 1.0, "bw": {"20": 15}}}, {"type": "Feature", "geometry": {"type": "Polygon", "coordinates": [[[114.0, 36.0], [114.0, 42.0], [108.0, 42.0], [108.0, 36.0], [114.0, 36.0]]]}, "properties": {"name": "N36E108_6x6", "kind": "latlon", "epsg": 4326, "lonMult": 1, "height": 6, "width": 6, "available": 21, "selected": 15, "coverage": 0.9997, "unionFrac": 1.0, "bw": {"20": 15}}}, {"type": "Feature", "geometry": {"type": "Polygon", "coordinates": [[[120.0, 36.0], [120.0, 42.0], [114.0, 42.0], [114.0, 36.0], [120.0, 36.0]]]}, "properties": {"name": "N36E114_6x6", "kind": "latlon", "epsg": 4326, "lonMult": 1, "height": 6, "width": 6, "available": 20, "selected": 15, "coverage": 1.0, "unionFrac": 1.0, "bw": {"20": 15}}}, {"type": "Feature", "geometry": {"type": "Polygon", "coordinates": [[[126.0, 36.0], [126.0, 42.0], [120.0, 42.0], [120.0, 36.0], [126.0, 36.0]]]}, "properties": {"name": "N36E120_6x6", "kind": "latlon", "epsg": 4326, "lonMult": 1, "height": 6, "width": 6, "available": 18, "selected": 13, "coverage": 0.8717, "unionFrac": 0.8717, "bw": {"40": 2, "20": 11}}}, {"type": "Feature", "geometry": {"type": "Polygon", "coordinates": [[[132.0, 36.0], [132.0, 42.0], [126.0, 42.0], [126.0, 36.0], [132.0, 36.0]]]}, "properties": {"name": "N36E126_6x6", "kind": "latlon", "epsg": 4326, "lonMult": 1, "height": 6, "width": 6, "available": 19, "selected": 14, "coverage": 0.7693, "unionFrac": 0.7693, "bw": {"40": 6, "20": 8}}}, {"type": "Feature", "geometry": {"type": "Polygon", "coordinates": [[[138.0, 36.0], [138.0, 42.0], [132.0, 42.0], [132.0, 36.0], [138.0, 36.0]]]}, "properties": {"name": "N36E132_6x6", "kind": "latlon", "epsg": 4326, "lonMult": 1, "height": 6, "width": 6, "available": 13, "selected": 8, "coverage": 0.291, "unionFrac": 0.291, "bw": {"40": 6, "20": 2}}}, {"type": "Feature", "geometry": {"type": "Polygon", "coordinates": [[[144.0, 36.0], [144.0, 42.0], [138.0, 42.0], [138.0, 36.0], [144.0, 36.0]]]}, "properties": {"name": "N36E138_6x6", "kind": "latlon", "epsg": 4326, "lonMult": 1, "height": 6, "width": 6, "available": 14, "selected": 11, "coverage": 0.8539, "unionFrac": 0.8539, "bw": {"40": 11}}}, {"type": "Feature", "geometry": {"type": "Polygon", "coordinates": [[[150.0, 36.0], [150.0, 42.0], [144.0, 42.0], [144.0, 36.0], [150.0, 36.0]]]}, "properties": {"name": "N36E144_6x6", "kind": "latlon", "epsg": 4326, "lonMult": 1, "height": 6, "width": 6, "available": 3, "selected": 3, "coverage": 0.0474, "unionFrac": 0.0474, "bw": {"40": 3}}}, {"type": "Feature", "geometry": {"type": "Polygon", "coordinates": [[[-126.0, 42.0], [-126.0, 48.0], [-132.0, 48.0], [-132.0, 42.0], [-126.0, 42.0]]]}, "properties": {"name": "N42W132_6x6", "kind": "latlon", "epsg": 4326, "lonMult": 1, "height": 6, "width": 6, "available": 3, "selected": 2, "coverage": 0.052, "unionFrac": 0.0522, "bw": {"40": 2}}}, {"type": "Feature", "geometry": {"type": "Polygon", "coordinates": [[[-120.0, 42.0], [-120.0, 48.0], [-126.0, 48.0], [-126.0, 42.0], [-120.0, 42.0]]]}, "properties": {"name": "N42W126_6x6", "kind": "latlon", "epsg": 4326, "lonMult": 1, "height": 6, "width": 6, "available": 17, "selected": 12, "coverage": 0.9631, "unionFrac": 0.9631, "bw": {"40": 12}}}, {"type": "Feature", "geometry": {"type": "Polygon", "coordinates": [[[-114.0, 42.0], [-114.0, 48.0], [-120.0, 48.0], [-120.0, 42.0], [-114.0, 42.0]]]}, "properties": {"name": "N42W120_6x6", "kind": "latlon", "epsg": 4326, "lonMult": 1, "height": 6, "width": 6, "available": 21, "selected": 15, "coverage": 0.9999, "unionFrac": 1.0, "bw": {"40": 15}}}, {"type": "Feature", "geometry": {"type": "Polygon", "coordinates": [[[-108.0, 42.0], [-108.0, 48.0], [-114.0, 48.0], [-114.0, 42.0], [-108.0, 42.0]]]}, "properties": {"name": "N42W114_6x6", "kind": "latlon", "epsg": 4326, "lonMult": 1, "height": 6, "width": 6, "available": 23, "selected": 14, "coverage": 0.9996, "unionFrac": 1.0, "bw": {"40": 14}}}, {"type": "Feature", "geometry": {"type": "Polygon", "coordinates": [[[-102.0, 42.0], [-102.0, 48.0], [-108.0, 48.0], [-108.0, 42.0], [-102.0, 42.0]]]}, "properties": {"name": "N42W108_6x6", "kind": "latlon", "epsg": 4326, "lonMult": 1, "height": 6, "width": 6, "available": 21, "selected": 14, "coverage": 1.0, "unionFrac": 1.0, "bw": {"40": 14}}}, {"type": "Feature", "geometry": {"type": "Polygon", "coordinates": [[[-96.0, 42.0], [-96.0, 48.0], [-102.0, 48.0], [-102.0, 42.0], [-96.0, 42.0]]]}, "properties": {"name": "N42W102_6x6", "kind": "latlon", "epsg": 4326, "lonMult": 1, "height": 6, "width": 6, "available": 22, "selected": 14, "coverage": 1.0, "unionFrac": 1.0, "bw": {"40": 14}}}, {"type": "Feature", "geometry": {"type": "Polygon", "coordinates": [[[-90.0, 42.0], [-90.0, 48.0], [-96.0, 48.0], [-96.0, 42.0], [-90.0, 42.0]]]}, "properties": {"name": "N42W096_6x6", "kind": "latlon", "epsg": 4326, "lonMult": 1, "height": 6, "width": 6, "available": 26, "selected": 16, "coverage": 1.0, "unionFrac": 1.0, "bw": {"40": 9, "20": 7}}}, {"type": "Feature", "geometry": {"type": "Polygon", "coordinates": [[[-84.0, 42.0], [-84.0, 48.0], [-90.0, 48.0], [-90.0, 42.0], [-84.0, 42.0]]]}, "properties": {"name": "N42W090_6x6", "kind": "latlon", "epsg": 4326, "lonMult": 1, "height": 6, "width": 6, "available": 36, "selected": 17, "coverage": 0.9993, "unionFrac": 1.0, "bw": {"40": 6, "20": 11}}}, {"type": "Feature", "geometry": {"type": "Polygon", "coordinates": [[[-78.0, 42.0], [-78.0, 48.0], [-84.0, 48.0], [-84.0, 42.0], [-78.0, 42.0]]]}, "properties": {"name": "N42W084_6x6", "kind": "latlon", "epsg": 4326, "lonMult": 1, "height": 6, "width": 6, "available": 33, "selected": 15, "coverage": 1.0, "unionFrac": 1.0, "bw": {"40": 11, "20": 4}}}, {"type": "Feature", "geometry": {"type": "Polygon", "coordinates": [[[-72.0, 42.0], [-72.0, 48.0], [-78.0, 48.0], [-78.0, 42.0], [-72.0, 42.0]]]}, "properties": {"name": "N42W078_6x6", "kind": "latlon", "epsg": 4326, "lonMult": 1, "height": 6, "width": 6, "available": 19, "selected": 13, "coverage": 1.0, "unionFrac": 1.0, "bw": {"40": 13}}}, {"type": "Feature", "geometry": {"type": "Polygon", "coordinates": [[[-66.0, 42.0], [-66.0, 48.0], [-72.0, 48.0], [-72.0, 42.0], [-66.0, 42.0]]]}, "properties": {"name": "N42W072_6x6", "kind": "latlon", "epsg": 4326, "lonMult": 1, "height": 6, "width": 6, "available": 18, "selected": 14, "coverage": 0.9362, "unionFrac": 0.9369, "bw": {"40": 14}}}, {"type": "Feature", "geometry": {"type": "Polygon", "coordinates": [[[-60.0, 42.0], [-60.0, 48.0], [-66.0, 48.0], [-66.0, 42.0], [-60.0, 42.0]]]}, "properties": {"name": "N42W066_6x6", "kind": "latlon", "epsg": 4326, "lonMult": 1, "height": 6, "width": 6, "available": 14, "selected": 13, "coverage": 0.7506, "unionFrac": 0.7506, "bw": {"40": 12, "5": 1}}}, {"type": "Feature", "geometry": {"type": "Polygon", "coordinates": [[[-54.0, 42.0], [-54.0, 48.0], [-60.0, 48.0], [-60.0, 42.0], [-54.0, 42.0]]]}, "properties": {"name": "N42W060_6x6", "kind": "latlon", "epsg": 4326, "lonMult": 1, "height": 6, "width": 6, "available": 8, "selected": 7, "coverage": 0.2887, "unionFrac": 0.2887, "bw": {"40": 7}}}, {"type": "Feature", "geometry": {"type": "Polygon", "coordinates": [[[-48.0, 42.0], [-48.0, 48.0], [-54.0, 48.0], [-54.0, 42.0], [-48.0, 42.0]]]}, "properties": {"name": "N42W054_6x6", "kind": "latlon", "epsg": 4326, "lonMult": 1, "height": 6, "width": 6, "available": 3, "selected": 2, "coverage": 0.0943, "unionFrac": 0.0943, "bw": {"40": 2}}}, {"type": "Feature", "geometry": {"type": "Polygon", "coordinates": [[[-6.0, 42.0], [-6.0, 48.0], [-12.0, 48.0], [-12.0, 42.0], [-6.0, 42.0]]]}, "properties": {"name": "N42W012_6x6", "kind": "latlon", "epsg": 4326, "lonMult": 1, "height": 6, "width": 6, "available": 5, "selected": 5, "coverage": 0.2249, "unionFrac": 0.2249, "bw": {"20": 5}}}, {"type": "Feature", "geometry": {"type": "Polygon", "coordinates": [[[0.0, 42.0], [0.0, 48.0], [-6.0, 48.0], [-6.0, 42.0], [0.0, 42.0]]]}, "properties": {"name": "N42W006_6x6", "kind": "latlon", "epsg": 4326, "lonMult": 1, "height": 6, "width": 6, "available": 14, "selected": 10, "coverage": 0.592, "unionFrac": 0.592, "bw": {"20": 10}}}, {"type": "Feature", "geometry": {"type": "Polygon", "coordinates": [[[6.0, 42.0], [6.0, 48.0], [0.0, 48.0], [0.0, 42.0], [6.0, 42.0]]]}, "properties": {"name": "N42E000_6x6", "kind": "latlon", "epsg": 4326, "lonMult": 1, "height": 6, "width": 6, "available": 19, "selected": 15, "coverage": 0.9809, "unionFrac": 0.9811, "bw": {"40": 1, "20": 13, "5": 1}}}, {"type": "Feature", "geometry": {"type": "Polygon", "coordinates": [[[12.0, 42.0], [12.0, 48.0], [6.0, 48.0], [6.0, 42.0], [12.0, 42.0]]]}, "properties": {"name": "N42E006_6x6", "kind": "latlon", "epsg": 4326, "lonMult": 1, "height": 6, "width": 6, "available": 19, "selected": 13, "coverage": 0.8471, "unionFrac": 0.8473, "bw": {"40": 6, "20": 7}}}, {"type": "Feature", "geometry": {"type": "Polygon", "coordinates": [[[18.0, 42.0], [18.0, 48.0], [12.0, 48.0], [12.0, 42.0], [18.0, 42.0]]]}, "properties": {"name": "N42E012_6x6", "kind": "latlon", "epsg": 4326, "lonMult": 1, "height": 6, "width": 6, "available": 22, "selected": 16, "coverage": 0.9998, "unionFrac": 0.9998, "bw": {"40": 3, "20": 13}}}, {"type": "Feature", "geometry": {"type": "Polygon", "coordinates": [[[24.0, 42.0], [24.0, 48.0], [18.0, 48.0], [18.0, 42.0], [24.0, 42.0]]]}, "properties": {"name": "N42E018_6x6", "kind": "latlon", "epsg": 4326, "lonMult": 1, "height": 6, "width": 6, "available": 22, "selected": 14, "coverage": 0.9967, "unionFrac": 0.9967, "bw": {"20": 14}}}, {"type": "Feature", "geometry": {"type": "Polygon", "coordinates": [[[30.0, 42.0], [30.0, 48.0], [24.0, 48.0], [24.0, 42.0], [30.0, 42.0]]]}, "properties": {"name": "N42E024_6x6", "kind": "latlon", "epsg": 4326, "lonMult": 1, "height": 6, "width": 6, "available": 18, "selected": 12, "coverage": 0.9357, "unionFrac": 0.9361, "bw": {"20": 12}}}, {"type": "Feature", "geometry": {"type": "Polygon", "coordinates": [[[36.0, 42.0], [36.0, 48.0], [30.0, 48.0], [30.0, 42.0], [36.0, 42.0]]]}, "properties": {"name": "N42E030_6x6", "kind": "latlon", "epsg": 4326, "lonMult": 1, "height": 6, "width": 6, "available": 18, "selected": 13, "coverage": 0.659, "unionFrac": 0.6601, "bw": {"20": 13}}}, {"type": "Feature", "geometry": {"type": "Polygon", "coordinates": [[[42.0, 42.0], [42.0, 48.0], [36.0, 48.0], [36.0, 42.0], [42.0, 42.0]]]}, "properties": {"name": "N42E036_6x6", "kind": "latlon", "epsg": 4326, "lonMult": 1, "height": 6, "width": 6, "available": 20, "selected": 16, "coverage": 0.8772, "unionFrac": 0.8776, "bw": {"40": 1, "20": 15}}}, {"type": "Feature", "geometry": {"type": "Polygon", "coordinates": [[[48.0, 42.0], [48.0, 48.0], [42.0, 48.0], [42.0, 42.0], [48.0, 42.0]]]}, "properties": {"name": "N42E042_6x6", "kind": "latlon", "epsg": 4326, "lonMult": 1, "height": 6, "width": 6, "available": 23, "selected": 16, "coverage": 1.0, "unionFrac": 1.0, "bw": {"40": 6, "20": 10}}}, {"type": "Feature", "geometry": {"type": "Polygon", "coordinates": [[[54.0, 42.0], [54.0, 48.0], [48.0, 48.0], [48.0, 42.0], [54.0, 42.0]]]}, "properties": {"name": "N42E048_6x6", "kind": "latlon", "epsg": 4326, "lonMult": 1, "height": 6, "width": 6, "available": 22, "selected": 15, "coverage": 1.0, "unionFrac": 1.0, "bw": {"40": 2, "20": 13}}}, {"type": "Feature", "geometry": {"type": "Polygon", "coordinates": [[[60.0, 42.0], [60.0, 48.0], [54.0, 48.0], [54.0, 42.0], [60.0, 42.0]]]}, "properties": {"name": "N42E054_6x6", "kind": "latlon", "epsg": 4326, "lonMult": 1, "height": 6, "width": 6, "available": 22, "selected": 14, "coverage": 1.0, "unionFrac": 1.0, "bw": {"20": 14}}}, {"type": "Feature", "geometry": {"type": "Polygon", "coordinates": [[[66.0, 42.0], [66.0, 48.0], [60.0, 48.0], [60.0, 42.0], [66.0, 42.0]]]}, "properties": {"name": "N42E060_6x6", "kind": "latlon", "epsg": 4326, "lonMult": 1, "height": 6, "width": 6, "available": 21, "selected": 13, "coverage": 0.9994, "unionFrac": 1.0, "bw": {"20": 13}}}, {"type": "Feature", "geometry": {"type": "Polygon", "coordinates": [[[72.0, 42.0], [72.0, 48.0], [66.0, 48.0], [66.0, 42.0], [72.0, 42.0]]]}, "properties": {"name": "N42E066_6x6", "kind": "latlon", "epsg": 4326, "lonMult": 1, "height": 6, "width": 6, "available": 27, "selected": 13, "coverage": 1.0, "unionFrac": 1.0, "bw": {"20": 13}}}, {"type": "Feature", "geometry": {"type": "Polygon", "coordinates": [[[78.0, 42.0], [78.0, 48.0], [72.0, 48.0], [72.0, 42.0], [78.0, 42.0]]]}, "properties": {"name": "N42E072_6x6", "kind": "latlon", "epsg": 4326, "lonMult": 1, "height": 6, "width": 6, "available": 25, "selected": 13, "coverage": 1.0, "unionFrac": 1.0, "bw": {"20": 13}}}, {"type": "Feature", "geometry": {"type": "Polygon", "coordinates": [[[84.0, 42.0], [84.0, 48.0], [78.0, 48.0], [78.0, 42.0], [84.0, 42.0]]]}, "properties": {"name": "N42E078_6x6", "kind": "latlon", "epsg": 4326, "lonMult": 1, "height": 6, "width": 6, "available": 19, "selected": 13, "coverage": 0.9998, "unionFrac": 1.0, "bw": {"20": 13}}}, {"type": "Feature", "geometry": {"type": "Polygon", "coordinates": [[[90.0, 42.0], [90.0, 48.0], [84.0, 48.0], [84.0, 42.0], [90.0, 42.0]]]}, "properties": {"name": "N42E084_6x6", "kind": "latlon", "epsg": 4326, "lonMult": 1, "height": 6, "width": 6, "available": 22, "selected": 14, "coverage": 0.9996, "unionFrac": 1.0, "bw": {"20": 14}}}, {"type": "Feature", "geometry": {"type": "Polygon", "coordinates": [[[96.0, 42.0], [96.0, 48.0], [90.0, 48.0], [90.0, 42.0], [96.0, 42.0]]]}, "properties": {"name": "N42E090_6x6", "kind": "latlon", "epsg": 4326, "lonMult": 1, "height": 6, "width": 6, "available": 22, "selected": 13, "coverage": 0.999, "unionFrac": 1.0, "bw": {"20": 13}}}, {"type": "Feature", "geometry": {"type": "Polygon", "coordinates": [[[102.0, 42.0], [102.0, 48.0], [96.0, 48.0], [96.0, 42.0], [102.0, 42.0]]]}, "properties": {"name": "N42E096_6x6", "kind": "latlon", "epsg": 4326, "lonMult": 1, "height": 6, "width": 6, "available": 21, "selected": 14, "coverage": 1.0, "unionFrac": 1.0, "bw": {"20": 14}}}, {"type": "Feature", "geometry": {"type": "Polygon", "coordinates": [[[108.0, 42.0], [108.0, 48.0], [102.0, 48.0], [102.0, 42.0], [108.0, 42.0]]]}, "properties": {"name": "N42E102_6x6", "kind": "latlon", "epsg": 4326, "lonMult": 1, "height": 6, "width": 6, "available": 22, "selected": 14, "coverage": 1.0, "unionFrac": 1.0, "bw": {"20": 14}}}, {"type": "Feature", "geometry": {"type": "Polygon", "coordinates": [[[114.0, 42.0], [114.0, 48.0], [108.0, 48.0], [108.0, 42.0], [114.0, 42.0]]]}, "properties": {"name": "N42E108_6x6", "kind": "latlon", "epsg": 4326, "lonMult": 1, "height": 6, "width": 6, "available": 22, "selected": 14, "coverage": 1.0, "unionFrac": 1.0, "bw": {"20": 14}}}, {"type": "Feature", "geometry": {"type": "Polygon", "coordinates": [[[120.0, 42.0], [120.0, 48.0], [114.0, 48.0], [114.0, 42.0], [120.0, 42.0]]]}, "properties": {"name": "N42E114_6x6", "kind": "latlon", "epsg": 4326, "lonMult": 1, "height": 6, "width": 6, "available": 22, "selected": 13, "coverage": 0.9989, "unionFrac": 1.0, "bw": {"20": 13}}}, {"type": "Feature", "geometry": {"type": "Polygon", "coordinates": [[[126.0, 42.0], [126.0, 48.0], [120.0, 48.0], [120.0, 42.0], [126.0, 42.0]]]}, "properties": {"name": "N42E120_6x6", "kind": "latlon", "epsg": 4326, "lonMult": 1, "height": 6, "width": 6, "available": 22, "selected": 13, "coverage": 1.0, "unionFrac": 1.0, "bw": {"20": 13}}}, {"type": "Feature", "geometry": {"type": "Polygon", "coordinates": [[[132.0, 42.0], [132.0, 48.0], [126.0, 48.0], [126.0, 42.0], [132.0, 42.0]]]}, "properties": {"name": "N42E126_6x6", "kind": "latlon", "epsg": 4326, "lonMult": 1, "height": 6, "width": 6, "available": 19, "selected": 13, "coverage": 0.9981, "unionFrac": 0.9982, "bw": {"20": 13}}}, {"type": "Feature", "geometry": {"type": "Polygon", "coordinates": [[[138.0, 42.0], [138.0, 48.0], [132.0, 48.0], [132.0, 42.0], [138.0, 42.0]]]}, "properties": {"name": "N42E132_6x6", "kind": "latlon", "epsg": 4326, "lonMult": 1, "height": 6, "width": 6, "available": 19, "selected": 14, "coverage": 0.861, "unionFrac": 0.861, "bw": {"40": 2, "20": 12}}}, {"type": "Feature", "geometry": {"type": "Polygon", "coordinates": [[[144.0, 42.0], [144.0, 48.0], [138.0, 48.0], [138.0, 42.0], [144.0, 42.0]]]}, "properties": {"name": "N42E138_6x6", "kind": "latlon", "epsg": 4326, "lonMult": 1, "height": 6, "width": 6, "available": 19, "selected": 16, "coverage": 0.9452, "unionFrac": 0.9461, "bw": {"40": 8, "20": 8}}}, {"type": "Feature", "geometry": {"type": "Polygon", "coordinates": [[[150.0, 42.0], [150.0, 48.0], [144.0, 48.0], [144.0, 42.0], [150.0, 42.0]]]}, "properties": {"name": "N42E144_6x6", "kind": "latlon", "epsg": 4326, "lonMult": 1, "height": 6, "width": 6, "available": 13, "selected": 10, "coverage": 0.5968, "unionFrac": 0.5968, "bw": {"40": 4, "20": 6}}}, {"type": "Feature", "geometry": {"type": "Polygon", "coordinates": [[[156.0, 42.0], [156.0, 48.0], [150.0, 48.0], [150.0, 42.0], [156.0, 42.0]]]}, "properties": {"name": "N42E150_6x6", "kind": "latlon", "epsg": 4326, "lonMult": 1, "height": 6, "width": 6, "available": 5, "selected": 5, "coverage": 0.3463, "unionFrac": 0.3463, "bw": {"20": 5}}}, {"type": "Feature", "geometry": {"type": "Polygon", "coordinates": [[[162.0, 42.0], [162.0, 48.0], [156.0, 48.0], [156.0, 42.0], [162.0, 42.0]]]}, "properties": {"name": "N42E156_6x6", "kind": "latlon", "epsg": 4326, "lonMult": 1, "height": 6, "width": 6, "available": 1, "selected": 1, "coverage": 0.0133, "unionFrac": 0.0133, "bw": {"20": 1}}}, {"type": "Feature", "geometry": {"type": "Polygon", "coordinates": [[[-174.0, 48.0], [-174.0, 54.0], [-180.0, 54.0], [-180.0, 48.0], [-174.0, 48.0]]]}, "properties": {"name": "N48W180_6x6", "kind": "latlon", "epsg": 4326, "lonMult": 1, "height": 6, "width": 6, "available": 3, "selected": 3, "coverage": 0.281, "unionFrac": 0.281, "bw": {"20": 3}}}, {"type": "Feature", "geometry": {"type": "Polygon", "coordinates": [[[-168.0, 48.0], [-168.0, 54.0], [-174.0, 54.0], [-174.0, 48.0], [-168.0, 48.0]]]}, "properties": {"name": "N48W174_6x6", "kind": "latlon", "epsg": 4326, "lonMult": 1, "height": 6, "width": 6, "available": 8, "selected": 5, "coverage": 0.3507, "unionFrac": 0.351, "bw": {"20": 5}}}, {"type": "Feature", "geometry": {"type": "Polygon", "coordinates": [[[-162.0, 48.0], [-162.0, 54.0], [-168.0, 54.0], [-168.0, 48.0], [-162.0, 48.0]]]}, "properties": {"name": "N48W168_6x6", "kind": "latlon", "epsg": 4326, "lonMult": 1, "height": 6, "width": 6, "available": 7, "selected": 5, "coverage": 0.2069, "unionFrac": 0.2079, "bw": {"40": 1, "20": 4}}}, {"type": "Feature", "geometry": {"type": "Polygon", "coordinates": [[[-156.0, 48.0], [-156.0, 54.0], [-162.0, 54.0], [-162.0, 48.0], [-156.0, 48.0]]]}, "properties": {"name": "N48W162_6x6", "kind": "latlon", "epsg": 4326, "lonMult": 1, "height": 6, "width": 6, "available": 5, "selected": 5, "coverage": 0.0298, "unionFrac": 0.0298, "bw": {"40": 2, "20": 3}}}, {"type": "Feature", "geometry": {"type": "Polygon", "coordinates": [[[-132.0, 48.0], [-132.0, 54.0], [-138.0, 54.0], [-138.0, 48.0], [-132.0, 48.0]]]}, "properties": {"name": "N48W138_6x6", "kind": "latlon", "epsg": 4326, "lonMult": 1, "height": 6, "width": 6, "available": 2, "selected": 2, "coverage": 0.0588, "unionFrac": 0.0588, "bw": {"40": 2}}}, {"type": "Feature", "geometry": {"type": "Polygon", "coordinates": [[[-126.0, 48.0], [-126.0, 54.0], [-132.0, 54.0], [-132.0, 48.0], [-126.0, 48.0]]]}, "properties": {"name": "N48W132_6x6", "kind": "latlon", "epsg": 4326, "lonMult": 1, "height": 6, "width": 6, "available": 12, "selected": 9, "coverage": 0.6795, "unionFrac": 0.6795, "bw": {"40": 8, "5": 1}}}, {"type": "Feature", "geometry": {"type": "Polygon", "coordinates": [[[-120.0, 48.0], [-120.0, 54.0], [-126.0, 54.0], [-126.0, 48.0], [-120.0, 48.0]]]}, "properties": {"name": "N48W126_6x6", "kind": "latlon", "epsg": 4326, "lonMult": 1, "height": 6, "width": 6, "available": 19, "selected": 12, "coverage": 0.9925, "unionFrac": 0.9925, "bw": {"40": 12}}}, {"type": "Feature", "geometry": {"type": "Polygon", "coordinates": [[[-114.0, 48.0], [-114.0, 54.0], [-120.0, 54.0], [-120.0, 48.0], [-114.0, 48.0]]]}, "properties": {"name": "N48W120_6x6", "kind": "latlon", "epsg": 4326, "lonMult": 1, "height": 6, "width": 6, "available": 20, "selected": 12, "coverage": 0.9984, "unionFrac": 1.0, "bw": {"40": 12}}}, {"type": "Feature", "geometry": {"type": "Polygon", "coordinates": [[[-108.0, 48.0], [-108.0, 54.0], [-114.0, 54.0], [-114.0, 48.0], [-108.0, 48.0]]]}, "properties": {"name": "N48W114_6x6", "kind": "latlon", "epsg": 4326, "lonMult": 1, "height": 6, "width": 6, "available": 21, "selected": 12, "coverage": 1.0, "unionFrac": 1.0, "bw": {"40": 12}}}, {"type": "Feature", "geometry": {"type": "Polygon", "coordinates": [[[-102.0, 48.0], [-102.0, 54.0], [-108.0, 54.0], [-108.0, 48.0], [-102.0, 48.0]]]}, "properties": {"name": "N48W108_6x6", "kind": "latlon", "epsg": 4326, "lonMult": 1, "height": 6, "width": 6, "available": 21, "selected": 12, "coverage": 1.0, "unionFrac": 1.0, "bw": {"40": 12}}}, {"type": "Feature", "geometry": {"type": "Polygon", "coordinates": [[[-96.0, 48.0], [-96.0, 54.0], [-102.0, 54.0], [-102.0, 48.0], [-96.0, 48.0]]]}, "properties": {"name": "N48W102_6x6", "kind": "latlon", "epsg": 4326, "lonMult": 1, "height": 6, "width": 6, "available": 20, "selected": 13, "coverage": 1.0, "unionFrac": 1.0, "bw": {"40": 13}}}, {"type": "Feature", "geometry": {"type": "Polygon", "coordinates": [[[-90.0, 48.0], [-90.0, 54.0], [-96.0, 54.0], [-96.0, 48.0], [-90.0, 48.0]]]}, "properties": {"name": "N48W096_6x6", "kind": "latlon", "epsg": 4326, "lonMult": 1, "height": 6, "width": 6, "available": 22, "selected": 12, "coverage": 0.9992, "unionFrac": 1.0, "bw": {"40": 12}}}, {"type": "Feature", "geometry": {"type": "Polygon", "coordinates": [[[-84.0, 48.0], [-84.0, 54.0], [-90.0, 54.0], [-90.0, 48.0], [-84.0, 48.0]]]}, "properties": {"name": "N48W090_6x6", "kind": "latlon", "epsg": 4326, "lonMult": 1, "height": 6, "width": 6, "available": 23, "selected": 14, "coverage": 1.0, "unionFrac": 1.0, "bw": {"40": 14}}}, {"type": "Feature", "geometry": {"type": "Polygon", "coordinates": [[[-78.0, 48.0], [-78.0, 54.0], [-84.0, 54.0], [-84.0, 48.0], [-78.0, 48.0]]]}, "properties": {"name": "N48W084_6x6", "kind": "latlon", "epsg": 4326, "lonMult": 1, "height": 6, "width": 6, "available": 23, "selected": 13, "coverage": 0.9993, "unionFrac": 0.9999, "bw": {"40": 13}}}, {"type": "Feature", "geometry": {"type": "Polygon", "coordinates": [[[-72.0, 48.0], [-72.0, 54.0], [-78.0, 54.0], [-78.0, 48.0], [-72.0, 48.0]]]}, "properties": {"name": "N48W078_6x6", "kind": "latlon", "epsg": 4326, "lonMult": 1, "height": 6, "width": 6, "available": 21, "selected": 14, "coverage": 1.0, "unionFrac": 1.0, "bw": {"40": 14}}}, {"type": "Feature", "geometry": {"type": "Polygon", "coordinates": [[[-66.0, 48.0], [-66.0, 54.0], [-72.0, 54.0], [-72.0, 48.0], [-66.0, 48.0]]]}, "properties": {"name": "N48W072_6x6", "kind": "latlon", "epsg": 4326, "lonMult": 1, "height": 6, "width": 6, "available": 20, "selected": 13, "coverage": 0.9991, "unionFrac": 1.0, "bw": {"40": 13}}}, {"type": "Feature", "geometry": {"type": "Polygon", "coordinates": [[[-60.0, 48.0], [-60.0, 54.0], [-66.0, 54.0], [-66.0, 48.0], [-60.0, 48.0]]]}, "properties": {"name": "N48W066_6x6", "kind": "latlon", "epsg": 4326, "lonMult": 1, "height": 6, "width": 6, "available": 21, "selected": 12, "coverage": 0.9807, "unionFrac": 0.9818, "bw": {"40": 12}}}, {"type": "Feature", "geometry": {"type": "Polygon", "coordinates": [[[-54.0, 48.0], [-54.0, 54.0], [-60.0, 54.0], [-60.0, 48.0], [-54.0, 48.0]]]}, "properties": {"name": "N48W060_6x6", "kind": "latlon", "epsg": 4326, "lonMult": 1, "height": 6, "width": 6, "available": 17, "selected": 12, "coverage": 0.9561, "unionFrac": 0.9561, "bw": {"40": 12}}}, {"type": "Feature", "geometry": {"type": "Polygon", "coordinates": [[[-48.0, 48.0], [-48.0, 54.0], [-54.0, 54.0], [-54.0, 48.0], [-48.0, 48.0]]]}, "properties": {"name": "N48W054_6x6", "kind": "latlon", "epsg": 4326, "lonMult": 1, "height": 6, "width": 6, "available": 6, "selected": 6, "coverage": 0.1121, "unionFrac": 0.1121, "bw": {"40": 6}}}, {"type": "Feature", "geometry": {"type": "Polygon", "coordinates": [[[-12.0, 48.0], [-12.0, 54.0], [-18.0, 54.0], [-18.0, 48.0], [-12.0, 48.0]]]}, "properties": {"name": "N48W018_6x6", "kind": "latlon", "epsg": 4326, "lonMult": 1, "height": 6, "width": 6, "available": 2, "selected": 2, "coverage": 0.0354, "unionFrac": 0.0354, "bw": {"20": 2}}}, {"type": "Feature", "geometry": {"type": "Polygon", "coordinates": [[[-6.0, 48.0], [-6.0, 54.0], [-12.0, 54.0], [-12.0, 48.0], [-6.0, 48.0]]]}, "properties": {"name": "N48W012_6x6", "kind": "latlon", "epsg": 4326, "lonMult": 1, "height": 6, "width": 6, "available": 10, "selected": 8, "coverage": 0.5276, "unionFrac": 0.5276, "bw": {"20": 8}}}, {"type": "Feature", "geometry": {"type": "Polygon", "coordinates": [[[0.0, 48.0], [0.0, 54.0], [-6.0, 54.0], [-6.0, 48.0], [0.0, 48.0]]]}, "properties": {"name": "N48W006_6x6", "kind": "latlon", "epsg": 4326, "lonMult": 1, "height": 6, "width": 6, "available": 17, "selected": 12, "coverage": 0.8995, "unionFrac": 0.9002, "bw": {"20": 12}}}, {"type": "Feature", "geometry": {"type": "Polygon", "coordinates": [[[6.0, 48.0], [6.0, 54.0], [0.0, 54.0], [0.0, 48.0], [6.0, 48.0]]]}, "properties": {"name": "N48E000_6x6", "kind": "latlon", "epsg": 4326, "lonMult": 1, "height": 6, "width": 6, "available": 17, "selected": 15, "coverage": 0.9518, "unionFrac": 0.9518, "bw": {"20": 15}}}, {"type": "Feature", "geometry": {"type": "Polygon", "coordinates": [[[12.0, 48.0], [12.0, 54.0], [6.0, 54.0], [6.0, 48.0], [12.0, 48.0]]]}, "properties": {"name": "N48E006_6x6", "kind": "latlon", "epsg": 4326, "lonMult": 1, "height": 6, "width": 6, "available": 19, "selected": 15, "coverage": 0.9766, "unionFrac": 0.9766, "bw": {"40": 2, "20": 13}}}, {"type": "Feature", "geometry": {"type": "Polygon", "coordinates": [[[18.0, 48.0], [18.0, 54.0], [12.0, 54.0], [12.0, 48.0], [18.0, 48.0]]]}, "properties": {"name": "N48E012_6x6", "kind": "latlon", "epsg": 4326, "lonMult": 1, "height": 6, "width": 6, "available": 17, "selected": 13, "coverage": 0.9746, "unionFrac": 0.9746, "bw": {"40": 1, "20": 12}}}, {"type": "Feature", "geometry": {"type": "Polygon", "coordinates": [[[24.0, 48.0], [24.0, 54.0], [18.0, 54.0], [18.0, 48.0], [24.0, 48.0]]]}, "properties": {"name": "N48E018_6x6", "kind": "latlon", "epsg": 4326, "lonMult": 1, "height": 6, "width": 6, "available": 20, "selected": 14, "coverage": 0.9989, "unionFrac": 0.9989, "bw": {"20": 14}}}, {"type": "Feature", "geometry": {"type": "Polygon", "coordinates": [[[30.0, 48.0], [30.0, 54.0], [24.0, 54.0], [24.0, 48.0], [30.0, 48.0]]]}, "properties": {"name": "N48E024_6x6", "kind": "latlon", "epsg": 4326, "lonMult": 1, "height": 6, "width": 6, "available": 20, "selected": 14, "coverage": 1.0, "unionFrac": 1.0, "bw": {"20": 14}}}, {"type": "Feature", "geometry": {"type": "Polygon", "coordinates": [[[36.0, 48.0], [36.0, 54.0], [30.0, 54.0], [30.0, 48.0], [36.0, 48.0]]]}, "properties": {"name": "N48E030_6x6", "kind": "latlon", "epsg": 4326, "lonMult": 1, "height": 6, "width": 6, "available": 20, "selected": 13, "coverage": 0.9989, "unionFrac": 1.0, "bw": {"20": 13}}}, {"type": "Feature", "geometry": {"type": "Polygon", "coordinates": [[[42.0, 48.0], [42.0, 54.0], [36.0, 54.0], [36.0, 48.0], [42.0, 48.0]]]}, "properties": {"name": "N48E036_6x6", "kind": "latlon", "epsg": 4326, "lonMult": 1, "height": 6, "width": 6, "available": 21, "selected": 13, "coverage": 1.0, "unionFrac": 1.0, "bw": {"20": 13}}}, {"type": "Feature", "geometry": {"type": "Polygon", "coordinates": [[[48.0, 48.0], [48.0, 54.0], [42.0, 54.0], [42.0, 48.0], [48.0, 48.0]]]}, "properties": {"name": "N48E042_6x6", "kind": "latlon", "epsg": 4326, "lonMult": 1, "height": 6, "width": 6, "available": 21, "selected": 13, "coverage": 0.9992, "unionFrac": 1.0, "bw": {"40": 2, "20": 11}}}, {"type": "Feature", "geometry": {"type": "Polygon", "coordinates": [[[54.0, 48.0], [54.0, 54.0], [48.0, 54.0], [48.0, 48.0], [54.0, 48.0]]]}, "properties": {"name": "N48E048_6x6", "kind": "latlon", "epsg": 4326, "lonMult": 1, "height": 6, "width": 6, "available": 21, "selected": 12, "coverage": 1.0, "unionFrac": 1.0, "bw": {"20": 12}}}, {"type": "Feature", "geometry": {"type": "Polygon", "coordinates": [[[60.0, 48.0], [60.0, 54.0], [54.0, 54.0], [54.0, 48.0], [60.0, 48.0]]]}, "properties": {"name": "N48E054_6x6", "kind": "latlon", "epsg": 4326, "lonMult": 1, "height": 6, "width": 6, "available": 20, "selected": 12, "coverage": 0.9991, "unionFrac": 1.0, "bw": {"20": 12}}}, {"type": "Feature", "geometry": {"type": "Polygon", "coordinates": [[[66.0, 48.0], [66.0, 54.0], [60.0, 54.0], [60.0, 48.0], [66.0, 48.0]]]}, "properties": {"name": "N48E060_6x6", "kind": "latlon", "epsg": 4326, "lonMult": 1, "height": 6, "width": 6, "available": 21, "selected": 11, "coverage": 0.9998, "unionFrac": 1.0, "bw": {"20": 11}}}, {"type": "Feature", "geometry": {"type": "Polygon", "coordinates": [[[72.0, 48.0], [72.0, 54.0], [66.0, 54.0], [66.0, 48.0], [72.0, 48.0]]]}, "properties": {"name": "N48E066_6x6", "kind": "latlon", "epsg": 4326, "lonMult": 1, "height": 6, "width": 6, "available": 22, "selected": 14, "coverage": 1.0, "unionFrac": 1.0, "bw": {"20": 14}}}, {"type": "Feature", "geometry": {"type": "Polygon", "coordinates": [[[78.0, 48.0], [78.0, 54.0], [72.0, 54.0], [72.0, 48.0], [78.0, 48.0]]]}, "properties": {"name": "N48E072_6x6", "kind": "latlon", "epsg": 4326, "lonMult": 1, "height": 6, "width": 6, "available": 25, "selected": 14, "coverage": 1.0, "unionFrac": 1.0, "bw": {"20": 14}}}, {"type": "Feature", "geometry": {"type": "Polygon", "coordinates": [[[84.0, 48.0], [84.0, 54.0], [78.0, 54.0], [78.0, 48.0], [84.0, 48.0]]]}, "properties": {"name": "N48E078_6x6", "kind": "latlon", "epsg": 4326, "lonMult": 1, "height": 6, "width": 6, "available": 22, "selected": 13, "coverage": 0.9998, "unionFrac": 1.0, "bw": {"20": 13}}}, {"type": "Feature", "geometry": {"type": "Polygon", "coordinates": [[[90.0, 48.0], [90.0, 54.0], [84.0, 54.0], [84.0, 48.0], [90.0, 48.0]]]}, "properties": {"name": "N48E084_6x6", "kind": "latlon", "epsg": 4326, "lonMult": 1, "height": 6, "width": 6, "available": 20, "selected": 10, "coverage": 0.9987, "unionFrac": 1.0, "bw": {"20": 10}}}, {"type": "Feature", "geometry": {"type": "Polygon", "coordinates": [[[96.0, 48.0], [96.0, 54.0], [90.0, 54.0], [90.0, 48.0], [96.0, 48.0]]]}, "properties": {"name": "N48E090_6x6", "kind": "latlon", "epsg": 4326, "lonMult": 1, "height": 6, "width": 6, "available": 21, "selected": 12, "coverage": 1.0, "unionFrac": 1.0, "bw": {"20": 12}}}, {"type": "Feature", "geometry": {"type": "Polygon", "coordinates": [[[102.0, 48.0], [102.0, 54.0], [96.0, 54.0], [96.0, 48.0], [102.0, 48.0]]]}, "properties": {"name": "N48E096_6x6", "kind": "latlon", "epsg": 4326, "lonMult": 1, "height": 6, "width": 6, "available": 21, "selected": 11, "coverage": 0.9994, "unionFrac": 1.0, "bw": {"20": 11}}}, {"type": "Feature", "geometry": {"type": "Polygon", "coordinates": [[[108.0, 48.0], [108.0, 54.0], [102.0, 54.0], [102.0, 48.0], [108.0, 48.0]]]}, "properties": {"name": "N48E102_6x6", "kind": "latlon", "epsg": 4326, "lonMult": 1, "height": 6, "width": 6, "available": 21, "selected": 12, "coverage": 1.0, "unionFrac": 1.0, "bw": {"20": 12}}}, {"type": "Feature", "geometry": {"type": "Polygon", "coordinates": [[[114.0, 48.0], [114.0, 54.0], [108.0, 54.0], [108.0, 48.0], [114.0, 48.0]]]}, "properties": {"name": "N48E108_6x6", "kind": "latlon", "epsg": 4326, "lonMult": 1, "height": 6, "width": 6, "available": 20, "selected": 11, "coverage": 0.9988, "unionFrac": 1.0, "bw": {"20": 11}}}, {"type": "Feature", "geometry": {"type": "Polygon", "coordinates": [[[120.0, 48.0], [120.0, 54.0], [114.0, 54.0], [114.0, 48.0], [120.0, 48.0]]]}, "properties": {"name": "N48E114_6x6", "kind": "latlon", "epsg": 4326, "lonMult": 1, "height": 6, "width": 6, "available": 21, "selected": 13, "coverage": 0.9995, "unionFrac": 1.0, "bw": {"20": 13}}}, {"type": "Feature", "geometry": {"type": "Polygon", "coordinates": [[[126.0, 48.0], [126.0, 54.0], [120.0, 54.0], [120.0, 48.0], [126.0, 48.0]]]}, "properties": {"name": "N48E120_6x6", "kind": "latlon", "epsg": 4326, "lonMult": 1, "height": 6, "width": 6, "available": 21, "selected": 13, "coverage": 1.0, "unionFrac": 1.0, "bw": {"20": 13}}}, {"type": "Feature", "geometry": {"type": "Polygon", "coordinates": [[[132.0, 48.0], [132.0, 54.0], [126.0, 54.0], [126.0, 48.0], [132.0, 48.0]]]}, "properties": {"name": "N48E126_6x6", "kind": "latlon", "epsg": 4326, "lonMult": 1, "height": 6, "width": 6, "available": 20, "selected": 14, "coverage": 1.0, "unionFrac": 1.0, "bw": {"20": 14}}}, {"type": "Feature", "geometry": {"type": "Polygon", "coordinates": [[[138.0, 48.0], [138.0, 54.0], [132.0, 54.0], [132.0, 48.0], [138.0, 48.0]]]}, "properties": {"name": "N48E132_6x6", "kind": "latlon", "epsg": 4326, "lonMult": 1, "height": 6, "width": 6, "available": 20, "selected": 13, "coverage": 0.9993, "unionFrac": 1.0, "bw": {"40": 1, "20": 12}}}, {"type": "Feature", "geometry": {"type": "Polygon", "coordinates": [[[144.0, 48.0], [144.0, 54.0], [138.0, 54.0], [138.0, 48.0], [144.0, 48.0]]]}, "properties": {"name": "N48E138_6x6", "kind": "latlon", "epsg": 4326, "lonMult": 1, "height": 6, "width": 6, "available": 18, "selected": 12, "coverage": 0.9976, "unionFrac": 0.9979, "bw": {"40": 1, "20": 11}}}, {"type": "Feature", "geometry": {"type": "Polygon", "coordinates": [[[150.0, 48.0], [150.0, 54.0], [144.0, 54.0], [144.0, 48.0], [150.0, 48.0]]]}, "properties": {"name": "N48E144_6x6", "kind": "latlon", "epsg": 4326, "lonMult": 1, "height": 6, "width": 6, "available": 6, "selected": 5, "coverage": 0.264, "unionFrac": 0.264, "bw": {"20": 5}}}, {"type": "Feature", "geometry": {"type": "Polygon", "coordinates": [[[156.0, 48.0], [156.0, 54.0], [150.0, 54.0], [150.0, 48.0], [156.0, 48.0]]]}, "properties": {"name": "N48E150_6x6", "kind": "latlon", "epsg": 4326, "lonMult": 1, "height": 6, "width": 6, "available": 7, "selected": 7, "coverage": 0.5596, "unionFrac": 0.5596, "bw": {"40": 1, "20": 6}}}, {"type": "Feature", "geometry": {"type": "Polygon", "coordinates": [[[162.0, 48.0], [162.0, 54.0], [156.0, 54.0], [156.0, 48.0], [162.0, 48.0]]]}, "properties": {"name": "N48E156_6x6", "kind": "latlon", "epsg": 4326, "lonMult": 1, "height": 6, "width": 6, "available": 10, "selected": 8, "coverage": 0.6261, "unionFrac": 0.6269, "bw": {"40": 4, "20": 4}}}, {"type": "Feature", "geometry": {"type": "Polygon", "coordinates": [[[168.0, 48.0], [168.0, 54.0], [162.0, 54.0], [162.0, 48.0], [168.0, 48.0]]]}, "properties": {"name": "N48E162_6x6", "kind": "latlon", "epsg": 4326, "lonMult": 1, "height": 6, "width": 6, "available": 3, "selected": 2, "coverage": 0.0493, "unionFrac": 0.0494, "bw": {"40": 1, "20": 1}}}, {"type": "Feature", "geometry": {"type": "Polygon", "coordinates": [[[180.0, 48.0], [180.0, 54.0], [174.0, 54.0], [174.0, 48.0], [180.0, 48.0]]]}, "properties": {"name": "N48E174_6x6", "kind": "latlon", "epsg": 4326, "lonMult": 1, "height": 6, "width": 6, "available": 1, "selected": 1, "coverage": 0.0623, "unionFrac": 0.0623, "bw": {"20": 1}}}, {"type": "Feature", "geometry": {"type": "Polygon", "coordinates": [[[-168.0, 54.0], [-168.0, 60.0], [-174.0, 60.0], [-174.0, 54.0], [-168.0, 54.0]]]}, "properties": {"name": "N54W174_6x6", "kind": "latlon", "epsg": 4326, "lonMult": 1, "height": 6, "width": 6, "available": 4, "selected": 4, "coverage": 0.098, "unionFrac": 0.098, "bw": {"20": 4}}}, {"type": "Feature", "geometry": {"type": "Polygon", "coordinates": [[[-162.0, 54.0], [-162.0, 60.0], [-168.0, 60.0], [-168.0, 54.0], [-162.0, 54.0]]]}, "properties": {"name": "N54W168_6x6", "kind": "latlon", "epsg": 4326, "lonMult": 1, "height": 6, "width": 6, "available": 20, "selected": 13, "coverage": 0.7513, "unionFrac": 0.7513, "bw": {"40": 7, "20": 6}}}, {"type": "Feature", "geometry": {"type": "Polygon", "coordinates": [[[-156.0, 54.0], [-156.0, 60.0], [-162.0, 60.0], [-162.0, 54.0], [-156.0, 54.0]]]}, "properties": {"name": "N54W162_6x6", "kind": "latlon", "epsg": 4326, "lonMult": 1, "height": 6, "width": 6, "available": 27, "selected": 15, "coverage": 0.9575, "unionFrac": 0.9586, "bw": {"40": 13, "20": 2}}}, {"type": "Feature", "geometry": {"type": "Polygon", "coordinates": [[[-150.0, 54.0], [-150.0, 60.0], [-156.0, 60.0], [-156.0, 54.0], [-150.0, 54.0]]]}, "properties": {"name": "N54W156_6x6", "kind": "latlon", "epsg": 4326, "lonMult": 1, "height": 6, "width": 6, "available": 18, "selected": 10, "coverage": 0.8372, "unionFrac": 0.8372, "bw": {"40": 10}}}, {"type": "Feature", "geometry": {"type": "Polygon", "coordinates": [[[-144.0, 54.0], [-144.0, 60.0], [-150.0, 60.0], [-150.0, 54.0], [-144.0, 54.0]]]}, "properties": {"name": "N54W150_6x6", "kind": "latlon", "epsg": 4326, "lonMult": 1, "height": 6, "width": 6, "available": 9, "selected": 5, "coverage": 0.3645, "unionFrac": 0.3645, "bw": {"40": 5}}}, {"type": "Feature", "geometry": {"type": "Polygon", "coordinates": [[[-138.0, 54.0], [-138.0, 60.0], [-144.0, 60.0], [-144.0, 54.0], [-138.0, 54.0]]]}, "properties": {"name": "N54W144_6x6", "kind": "latlon", "epsg": 4326, "lonMult": 1, "height": 6, "width": 6, "available": 9, "selected": 5, "coverage": 0.241, "unionFrac": 0.241, "bw": {"40": 5}}}, {"type": "Feature", "geometry": {"type": "Polygon", "coordinates": [[[-132.0, 54.0], [-132.0, 60.0], [-138.0, 60.0], [-138.0, 54.0], [-132.0, 54.0]]]}, "properties": {"name": "N54W138_6x6", "kind": "latlon", "epsg": 4326, "lonMult": 1, "height": 6, "width": 6, "available": 14, "selected": 8, "coverage": 0.7321, "unionFrac": 0.7329, "bw": {"40": 8}}}, {"type": "Feature", "geometry": {"type": "Polygon", "coordinates": [[[-126.0, 54.0], [-126.0, 60.0], [-132.0, 60.0], [-132.0, 54.0], [-126.0, 54.0]]]}, "properties": {"name": "N54W132_6x6", "kind": "latlon", "epsg": 4326, "lonMult": 1, "height": 6, "width": 6, "available": 15, "selected": 10, "coverage": 0.8329, "unionFrac": 0.8329, "bw": {"40": 10}}}, {"type": "Feature", "geometry": {"type": "Polygon", "coordinates": [[[-120.0, 54.0], [-120.0, 60.0], [-126.0, 60.0], [-126.0, 54.0], [-120.0, 54.0]]]}, "properties": {"name": "N54W126_6x6", "kind": "latlon", "epsg": 4326, "lonMult": 1, "height": 6, "width": 6, "available": 15, "selected": 9, "coverage": 0.995, "unionFrac": 0.9958, "bw": {"40": 9}}}, {"type": "Feature", "geometry": {"type": "Polygon", "coordinates": [[[-114.0, 54.0], [-114.0, 60.0], [-120.0, 60.0], [-120.0, 54.0], [-114.0, 54.0]]]}, "properties": {"name": "N54W120_6x6", "kind": "latlon", "epsg": 4326, "lonMult": 1, "height": 6, "width": 6, "available": 17, "selected": 9, "coverage": 1.0, "unionFrac": 1.0, "bw": {"40": 9}}}, {"type": "Feature", "geometry": {"type": "Polygon", "coordinates": [[[-108.0, 54.0], [-108.0, 60.0], [-114.0, 60.0], [-114.0, 54.0], [-108.0, 54.0]]]}, "properties": {"name": "N54W114_6x6", "kind": "latlon", "epsg": 4326, "lonMult": 1, "height": 6, "width": 6, "available": 17, "selected": 11, "coverage": 1.0, "unionFrac": 1.0, "bw": {"40": 11}}}, {"type": "Feature", "geometry": {"type": "Polygon", "coordinates": [[[-102.0, 54.0], [-102.0, 60.0], [-108.0, 60.0], [-108.0, 54.0], [-102.0, 54.0]]]}, "properties": {"name": "N54W108_6x6", "kind": "latlon", "epsg": 4326, "lonMult": 1, "height": 6, "width": 6, "available": 17, "selected": 10, "coverage": 0.9998, "unionFrac": 1.0, "bw": {"40": 10}}}, {"type": "Feature", "geometry": {"type": "Polygon", "coordinates": [[[-96.0, 54.0], [-96.0, 60.0], [-102.0, 60.0], [-102.0, 54.0], [-96.0, 54.0]]]}, "properties": {"name": "N54W102_6x6", "kind": "latlon", "epsg": 4326, "lonMult": 1, "height": 6, "width": 6, "available": 18, "selected": 10, "coverage": 0.9994, "unionFrac": 1.0, "bw": {"40": 10}}}, {"type": "Feature", "geometry": {"type": "Polygon", "coordinates": [[[-90.0, 54.0], [-90.0, 60.0], [-96.0, 60.0], [-96.0, 54.0], [-90.0, 54.0]]]}, "properties": {"name": "N54W096_6x6", "kind": "latlon", "epsg": 4326, "lonMult": 1, "height": 6, "width": 6, "available": 17, "selected": 11, "coverage": 0.9541, "unionFrac": 0.9541, "bw": {"40": 9, "5": 2}}}, {"type": "Feature", "geometry": {"type": "Polygon", "coordinates": [[[-84.0, 54.0], [-84.0, 60.0], [-90.0, 60.0], [-90.0, 54.0], [-84.0, 54.0]]]}, "properties": {"name": "N54W090_6x6", "kind": "latlon", "epsg": 4326, "lonMult": 1, "height": 6, "width": 6, "available": 12, "selected": 8, "coverage": 0.4659, "unionFrac": 0.4659, "bw": {"40": 7, "5": 1}}}, {"type": "Feature", "geometry": {"type": "Polygon", "coordinates": [[[-78.0, 54.0], [-78.0, 60.0], [-84.0, 60.0], [-84.0, 54.0], [-78.0, 54.0]]]}, "properties": {"name": "N54W084_6x6", "kind": "latlon", "epsg": 4326, "lonMult": 1, "height": 6, "width": 6, "available": 16, "selected": 11, "coverage": 0.6469, "unionFrac": 0.6469, "bw": {"40": 8, "5": 3}}}, {"type": "Feature", "geometry": {"type": "Polygon", "coordinates": [[[-72.0, 54.0], [-72.0, 60.0], [-78.0, 60.0], [-78.0, 54.0], [-72.0, 54.0]]]}, "properties": {"name": "N54W078_6x6", "kind": "latlon", "epsg": 4326, "lonMult": 1, "height": 6, "width": 6, "available": 21, "selected": 10, "coverage": 1.0, "unionFrac": 1.0, "bw": {"40": 9, "5": 1}}}, {"type": "Feature", "geometry": {"type": "Polygon", "coordinates": [[[-66.0, 54.0], [-66.0, 60.0], [-72.0, 60.0], [-72.0, 54.0], [-66.0, 54.0]]]}, "properties": {"name": "N54W072_6x6", "kind": "latlon", "epsg": 4326, "lonMult": 1, "height": 6, "width": 6, "available": 21, "selected": 12, "coverage": 0.9992, "unionFrac": 1.0, "bw": {"40": 10, "5": 2}}}, {"type": "Feature", "geometry": {"type": "Polygon", "coordinates": [[[-60.0, 54.0], [-60.0, 60.0], [-66.0, 60.0], [-66.0, 54.0], [-60.0, 54.0]]]}, "properties": {"name": "N54W066_6x6", "kind": "latlon", "epsg": 4326, "lonMult": 1, "height": 6, "width": 6, "available": 20, "selected": 13, "coverage": 0.9603, "unionFrac": 0.9603, "bw": {"40": 10, "5": 3}}}, {"type": "Feature", "geometry": {"type": "Polygon", "coordinates": [[[-54.0, 54.0], [-54.0, 60.0], [-60.0, 60.0], [-60.0, 54.0], [-54.0, 54.0]]]}, "properties": {"name": "N54W060_6x6", "kind": "latlon", "epsg": 4326, "lonMult": 1, "height": 6, "width": 6, "available": 9, "selected": 6, "coverage": 0.1952, "unionFrac": 0.1952, "bw": {"40": 5, "5": 1}}}, {"type": "Feature", "geometry": {"type": "Polygon", "coordinates": [[[-48.0, 54.0], [-48.0, 60.0], [-54.0, 60.0], [-54.0, 54.0], [-48.0, 54.0]]]}, "properties": {"name": "N54W054_6x6", "kind": "latlon", "epsg": 4326, "lonMult": 1, "height": 6, "width": 6, "available": 1, "selected": 1, "coverage": 0.0015, "unionFrac": 0.0015, "bw": {"77": 1}}}, {"type": "Feature", "geometry": {"type": "Polygon", "coordinates": [[[-42.0, 54.0], [-42.0, 60.0], [-48.0, 60.0], [-48.0, 54.0], [-42.0, 54.0]]]}, "properties": {"name": "N54W048_6x6", "kind": "latlon", "epsg": 4326, "lonMult": 1, "height": 6, "width": 6, "available": 3, "selected": 3, "coverage": 0.0994, "unionFrac": 0.0994, "bw": {"77": 3}}}, {"type": "Feature", "geometry": {"type": "Polygon", "coordinates": [[[-36.0, 54.0], [-36.0, 60.0], [-42.0, 60.0], [-42.0, 54.0], [-36.0, 54.0]]]}, "properties": {"name": "N54W042_6x6", "kind": "latlon", "epsg": 4326, "lonMult": 1, "height": 6, "width": 6, "available": 1, "selected": 1, "coverage": 0.0029, "unionFrac": 0.0029, "bw": {"77": 1}}}, {"type": "Feature", "geometry": {"type": "Polygon", "coordinates": [[[-6.0, 54.0], [-6.0, 60.0], [-12.0, 60.0], [-12.0, 54.0], [-6.0, 54.0]]]}, "properties": {"name": "N54W012_6x6", "kind": "latlon", "epsg": 4326, "lonMult": 1, "height": 6, "width": 6, "available": 9, "selected": 7, "coverage": 0.7239, "unionFrac": 0.7239, "bw": {"20": 7}}}, {"type": "Feature", "geometry": {"type": "Polygon", "coordinates": [[[0.0, 54.0], [0.0, 60.0], [-6.0, 60.0], [-6.0, 54.0], [0.0, 54.0]]]}, "properties": {"name": "N54W006_6x6", "kind": "latlon", "epsg": 4326, "lonMult": 1, "height": 6, "width": 6, "available": 15, "selected": 9, "coverage": 0.9044, "unionFrac": 0.9044, "bw": {"20": 9}}}, {"type": "Feature", "geometry": {"type": "Polygon", "coordinates": [[[6.0, 54.0], [6.0, 60.0], [0.0, 60.0], [0.0, 54.0], [6.0, 54.0]]]}, "properties": {"name": "N54E000_6x6", "kind": "latlon", "epsg": 4326, "lonMult": 1, "height": 6, "width": 6, "available": 11, "selected": 11, "coverage": 0.3189, "unionFrac": 0.3189, "bw": {"20": 11}}}, {"type": "Feature", "geometry": {"type": "Polygon", "coordinates": [[[12.0, 54.0], [12.0, 60.0], [6.0, 60.0], [6.0, 54.0], [12.0, 54.0]]]}, "properties": {"name": "N54E006_6x6", "kind": "latlon", "epsg": 4326, "lonMult": 1, "height": 6, "width": 6, "available": 13, "selected": 9, "coverage": 0.905, "unionFrac": 0.905, "bw": {"20": 9}}}, {"type": "Feature", "geometry": {"type": "Polygon", "coordinates": [[[18.0, 54.0], [18.0, 60.0], [12.0, 60.0], [12.0, 54.0], [18.0, 54.0]]]}, "properties": {"name": "N54E012_6x6", "kind": "latlon", "epsg": 4326, "lonMult": 1, "height": 6, "width": 6, "available": 12, "selected": 8, "coverage": 0.9501, "unionFrac": 0.951, "bw": {"20": 8}}}, {"type": "Feature", "geometry": {"type": "Polygon", "coordinates": [[[24.0, 54.0], [24.0, 60.0], [18.0, 60.0], [18.0, 54.0], [24.0, 54.0]]]}, "properties": {"name": "N54E018_6x6", "kind": "latlon", "epsg": 4326, "lonMult": 1, "height": 6, "width": 6, "available": 12, "selected": 8, "coverage": 0.8547, "unionFrac": 0.855, "bw": {"20": 8}}}, {"type": "Feature", "geometry": {"type": "Polygon", "coordinates": [[[30.0, 54.0], [30.0, 60.0], [24.0, 60.0], [24.0, 54.0], [30.0, 54.0]]]}, "properties": {"name": "N54E024_6x6", "kind": "latlon", "epsg": 4326, "lonMult": 1, "height": 6, "width": 6, "available": 19, "selected": 13, "coverage": 1.0, "unionFrac": 1.0, "bw": {"40": 2, "20": 11}}}, {"type": "Feature", "geometry": {"type": "Polygon", "coordinates": [[[36.0, 54.0], [36.0, 60.0], [30.0, 60.0], [30.0, 54.0], [36.0, 54.0]]]}, "properties": {"name": "N54E030_6x6", "kind": "latlon", "epsg": 4326, "lonMult": 1, "height": 6, "width": 6, "available": 19, "selected": 11, "coverage": 0.9995, "unionFrac": 1.0, "bw": {"40": 3, "20": 8}}}, {"type": "Feature", "geometry": {"type": "Polygon", "coordinates": [[[42.0, 54.0], [42.0, 60.0], [36.0, 60.0], [36.0, 54.0], [42.0, 54.0]]]}, "properties": {"name": "N54E036_6x6", "kind": "latlon", "epsg": 4326, "lonMult": 1, "height": 6, "width": 6, "available": 17, "selected": 11, "coverage": 1.0, "unionFrac": 1.0, "bw": {"40": 1, "20": 10}}}, {"type": "Feature", "geometry": {"type": "Polygon", "coordinates": [[[48.0, 54.0], [48.0, 60.0], [42.0, 60.0], [42.0, 54.0], [48.0, 54.0]]]}, "properties": {"name": "N54E042_6x6", "kind": "latlon", "epsg": 4326, "lonMult": 1, "height": 6, "width": 6, "available": 17, "selected": 11, "coverage": 0.9997, "unionFrac": 1.0, "bw": {"20": 11}}}, {"type": "Feature", "geometry": {"type": "Polygon", "coordinates": [[[54.0, 54.0], [54.0, 60.0], [48.0, 60.0], [48.0, 54.0], [54.0, 54.0]]]}, "properties": {"name": "N54E048_6x6", "kind": "latlon", "epsg": 4326, "lonMult": 1, "height": 6, "width": 6, "available": 18, "selected": 11, "coverage": 1.0, "unionFrac": 1.0, "bw": {"20": 11}}}, {"type": "Feature", "geometry": {"type": "Polygon", "coordinates": [[[60.0, 54.0], [60.0, 60.0], [54.0, 60.0], [54.0, 54.0], [60.0, 54.0]]]}, "properties": {"name": "N54E054_6x6", "kind": "latlon", "epsg": 4326, "lonMult": 1, "height": 6, "width": 6, "available": 18, "selected": 10, "coverage": 0.9998, "unionFrac": 1.0, "bw": {"20": 10}}}, {"type": "Feature", "geometry": {"type": "Polygon", "coordinates": [[[66.0, 54.0], [66.0, 60.0], [60.0, 60.0], [60.0, 54.0], [66.0, 54.0]]]}, "properties": {"name": "N54E060_6x6", "kind": "latlon", "epsg": 4326, "lonMult": 1, "height": 6, "width": 6, "available": 16, "selected": 10, "coverage": 1.0, "unionFrac": 1.0, "bw": {"20": 10}}}, {"type": "Feature", "geometry": {"type": "Polygon", "coordinates": [[[72.0, 54.0], [72.0, 60.0], [66.0, 60.0], [66.0, 54.0], [72.0, 54.0]]]}, "properties": {"name": "N54E066_6x6", "kind": "latlon", "epsg": 4326, "lonMult": 1, "height": 6, "width": 6, "available": 16, "selected": 9, "coverage": 1.0, "unionFrac": 1.0, "bw": {"20": 9}}}, {"type": "Feature", "geometry": {"type": "Polygon", "coordinates": [[[78.0, 54.0], [78.0, 60.0], [72.0, 60.0], [72.0, 54.0], [78.0, 54.0]]]}, "properties": {"name": "N54E072_6x6", "kind": "latlon", "epsg": 4326, "lonMult": 1, "height": 6, "width": 6, "available": 17, "selected": 10, "coverage": 1.0, "unionFrac": 1.0, "bw": {"20": 10}}}, {"type": "Feature", "geometry": {"type": "Polygon", "coordinates": [[[84.0, 54.0], [84.0, 60.0], [78.0, 60.0], [78.0, 54.0], [84.0, 54.0]]]}, "properties": {"name": "N54E078_6x6", "kind": "latlon", "epsg": 4326, "lonMult": 1, "height": 6, "width": 6, "available": 17, "selected": 10, "coverage": 1.0, "unionFrac": 1.0, "bw": {"20": 10}}}, {"type": "Feature", "geometry": {"type": "Polygon", "coordinates": [[[90.0, 54.0], [90.0, 60.0], [84.0, 60.0], [84.0, 54.0], [90.0, 54.0]]]}, "properties": {"name": "N54E084_6x6", "kind": "latlon", "epsg": 4326, "lonMult": 1, "height": 6, "width": 6, "available": 17, "selected": 9, "coverage": 1.0, "unionFrac": 1.0, "bw": {"20": 9}}}, {"type": "Feature", "geometry": {"type": "Polygon", "coordinates": [[[96.0, 54.0], [96.0, 60.0], [90.0, 60.0], [90.0, 54.0], [96.0, 54.0]]]}, "properties": {"name": "N54E090_6x6", "kind": "latlon", "epsg": 4326, "lonMult": 1, "height": 6, "width": 6, "available": 16, "selected": 11, "coverage": 1.0, "unionFrac": 1.0, "bw": {"20": 11}}}, {"type": "Feature", "geometry": {"type": "Polygon", "coordinates": [[[102.0, 54.0], [102.0, 60.0], [96.0, 60.0], [96.0, 54.0], [102.0, 54.0]]]}, "properties": {"name": "N54E096_6x6", "kind": "latlon", "epsg": 4326, "lonMult": 1, "height": 6, "width": 6, "available": 17, "selected": 9, "coverage": 0.9999, "unionFrac": 1.0, "bw": {"20": 9}}}, {"type": "Feature", "geometry": {"type": "Polygon", "coordinates": [[[108.0, 54.0], [108.0, 60.0], [102.0, 60.0], [102.0, 54.0], [108.0, 54.0]]]}, "properties": {"name": "N54E102_6x6", "kind": "latlon", "epsg": 4326, "lonMult": 1, "height": 6, "width": 6, "available": 16, "selected": 10, "coverage": 1.0, "unionFrac": 1.0, "bw": {"20": 10}}}, {"type": "Feature", "geometry": {"type": "Polygon", "coordinates": [[[114.0, 54.0], [114.0, 60.0], [108.0, 60.0], [108.0, 54.0], [114.0, 54.0]]]}, "properties": {"name": "N54E108_6x6", "kind": "latlon", "epsg": 4326, "lonMult": 1, "height": 6, "width": 6, "available": 18, "selected": 11, "coverage": 1.0, "unionFrac": 1.0, "bw": {"20": 11}}}, {"type": "Feature", "geometry": {"type": "Polygon", "coordinates": [[[120.0, 54.0], [120.0, 60.0], [114.0, 60.0], [114.0, 54.0], [120.0, 54.0]]]}, "properties": {"name": "N54E114_6x6", "kind": "latlon", "epsg": 4326, "lonMult": 1, "height": 6, "width": 6, "available": 17, "selected": 9, "coverage": 1.0, "unionFrac": 1.0, "bw": {"20": 9}}}, {"type": "Feature", "geometry": {"type": "Polygon", "coordinates": [[[126.0, 54.0], [126.0, 60.0], [120.0, 60.0], [120.0, 54.0], [126.0, 54.0]]]}, "properties": {"name": "N54E120_6x6", "kind": "latlon", "epsg": 4326, "lonMult": 1, "height": 6, "width": 6, "available": 16, "selected": 10, "coverage": 1.0, "unionFrac": 1.0, "bw": {"20": 10}}}, {"type": "Feature", "geometry": {"type": "Polygon", "coordinates": [[[132.0, 54.0], [132.0, 60.0], [126.0, 60.0], [126.0, 54.0], [132.0, 54.0]]]}, "properties": {"name": "N54E126_6x6", "kind": "latlon", "epsg": 4326, "lonMult": 1, "height": 6, "width": 6, "available": 16, "selected": 9, "coverage": 0.9995, "unionFrac": 1.0, "bw": {"20": 9}}}, {"type": "Feature", "geometry": {"type": "Polygon", "coordinates": [[[138.0, 54.0], [138.0, 60.0], [132.0, 60.0], [132.0, 54.0], [138.0, 54.0]]]}, "properties": {"name": "N54E132_6x6", "kind": "latlon", "epsg": 4326, "lonMult": 1, "height": 6, "width": 6, "available": 16, "selected": 9, "coverage": 0.9994, "unionFrac": 1.0, "bw": {"20": 9}}}, {"type": "Feature", "geometry": {"type": "Polygon", "coordinates": [[[144.0, 54.0], [144.0, 60.0], [138.0, 60.0], [138.0, 54.0], [144.0, 54.0]]]}, "properties": {"name": "N54E138_6x6", "kind": "latlon", "epsg": 4326, "lonMult": 1, "height": 6, "width": 6, "available": 10, "selected": 9, "coverage": 0.5924, "unionFrac": 0.5924, "bw": {"20": 9}}}, {"type": "Feature", "geometry": {"type": "Polygon", "coordinates": [[[150.0, 54.0], [150.0, 60.0], [144.0, 60.0], [144.0, 54.0], [150.0, 54.0]]]}, "properties": {"name": "N54E144_6x6", "kind": "latlon", "epsg": 4326, "lonMult": 1, "height": 6, "width": 6, "available": 4, "selected": 4, "coverage": 0.2648, "unionFrac": 0.2648, "bw": {"20": 4}}}, {"type": "Feature", "geometry": {"type": "Polygon", "coordinates": [[[156.0, 54.0], [156.0, 60.0], [150.0, 60.0], [150.0, 54.0], [156.0, 54.0]]]}, "properties": {"name": "N54E150_6x6", "kind": "latlon", "epsg": 4326, "lonMult": 1, "height": 6, "width": 6, "available": 9, "selected": 7, "coverage": 0.549, "unionFrac": 0.549, "bw": {"20": 7}}}, {"type": "Feature", "geometry": {"type": "Polygon", "coordinates": [[[162.0, 54.0], [162.0, 60.0], [156.0, 60.0], [156.0, 54.0], [162.0, 54.0]]]}, "properties": {"name": "N54E156_6x6", "kind": "latlon", "epsg": 4326, "lonMult": 1, "height": 6, "width": 6, "available": 19, "selected": 11, "coverage": 0.8871, "unionFrac": 0.8871, "bw": {"40": 4, "20": 7}}}, {"type": "Feature", "geometry": {"type": "Polygon", "coordinates": [[[168.0, 54.0], [168.0, 60.0], [162.0, 60.0], [162.0, 54.0], [168.0, 54.0]]]}, "properties": {"name": "N54E162_6x6", "kind": "latlon", "epsg": 4326, "lonMult": 1, "height": 6, "width": 6, "available": 11, "selected": 9, "coverage": 0.7328, "unionFrac": 0.7328, "bw": {"40": 3, "20": 6}}}, {"type": "Feature", "geometry": {"type": "Polygon", "coordinates": [[[174.0, 54.0], [174.0, 60.0], [168.0, 60.0], [168.0, 54.0], [174.0, 54.0]]]}, "properties": {"name": "N54E168_6x6", "kind": "latlon", "epsg": 4326, "lonMult": 1, "height": 6, "width": 6, "available": 2, "selected": 2, "coverage": 0.0613, "unionFrac": 0.0613, "bw": {"20": 2}}}, {"type": "Feature", "geometry": {"type": "Polygon", "coordinates": [[[-168.0, 60.0], [-168.0, 66.0], [-180.0, 66.0], [-180.0, 60.0], [-168.0, 60.0]]]}, "properties": {"name": "N60W180_6x12", "kind": "latlon", "epsg": 4326, "lonMult": 2, "height": 6, "width": 12, "available": 26, "selected": 11, "coverage": 0.3965, "unionFrac": 0.3966, "bw": {"40": 2, "20": 5, "5": 4}}}, {"type": "Feature", "geometry": {"type": "Polygon", "coordinates": [[[-156.0, 60.0], [-156.0, 66.0], [-168.0, 66.0], [-168.0, 60.0], [-156.0, 60.0]]]}, "properties": {"name": "N60W168_6x12", "kind": "latlon", "epsg": 4326, "lonMult": 2, "height": 6, "width": 12, "available": 43, "selected": 20, "coverage": 0.9965, "unionFrac": 0.9965, "bw": {"40": 16, "20": 3, "5": 1}}}, {"type": "Feature", "geometry": {"type": "Polygon", "coordinates": [[[-144.0, 60.0], [-144.0, 66.0], [-156.0, 66.0], [-156.0, 60.0], [-144.0, 60.0]]]}, "properties": {"name": "N60W156_6x12", "kind": "latlon", "epsg": 4326, "lonMult": 2, "height": 6, "width": 12, "available": 42, "selected": 17, "coverage": 0.9994, "unionFrac": 1.0, "bw": {"40": 17}}}, {"type": "Feature", "geometry": {"type": "Polygon", "coordinates": [[[-132.0, 60.0], [-132.0, 66.0], [-144.0, 66.0], [-144.0, 60.0], [-132.0, 60.0]]]}, "properties": {"name": "N60W144_6x12", "kind": "latlon", "epsg": 4326, "lonMult": 2, "height": 6, "width": 12, "available": 35, "selected": 17, "coverage": 0.9994, "unionFrac": 1.0, "bw": {"40": 17}}}, {"type": "Feature", "geometry": {"type": "Polygon", "coordinates": [[[-120.0, 60.0], [-120.0, 66.0], [-132.0, 66.0], [-132.0, 60.0], [-120.0, 60.0]]]}, "properties": {"name": "N60W132_6x12", "kind": "latlon", "epsg": 4326, "lonMult": 2, "height": 6, "width": 12, "available": 18, "selected": 13, "coverage": 0.8325, "unionFrac": 0.8325, "bw": {"40": 13}}}, {"type": "Feature", "geometry": {"type": "Polygon", "coordinates": [[[-108.0, 60.0], [-108.0, 66.0], [-120.0, 66.0], [-120.0, 60.0], [-108.0, 60.0]]]}, "properties": {"name": "N60W120_6x12", "kind": "latlon", "epsg": 4326, "lonMult": 2, "height": 6, "width": 12, "available": 20, "selected": 14, "coverage": 0.9849, "unionFrac": 0.9855, "bw": {"40": 14}}}, {"type": "Feature", "geometry": {"type": "Polygon", "coordinates": [[[-96.0, 60.0], [-96.0, 66.0], [-108.0, 66.0], [-108.0, 60.0], [-96.0, 60.0]]]}, "properties": {"name": "N60W108_6x12", "kind": "latlon", "epsg": 4326, "lonMult": 2, "height": 6, "width": 12, "available": 24, "selected": 14, "coverage": 0.999, "unionFrac": 1.0, "bw": {"40": 14}}}, {"type": "Feature", "geometry": {"type": "Polygon", "coordinates": [[[-84.0, 60.0], [-84.0, 66.0], [-96.0, 66.0], [-96.0, 60.0], [-84.0, 60.0]]]}, "properties": {"name": "N60W096_6x12", "kind": "latlon", "epsg": 4326, "lonMult": 2, "height": 6, "width": 12, "available": 28, "selected": 18, "coverage": 0.9451, "unionFrac": 0.9455, "bw": {"40": 11, "5": 7}}}, {"type": "Feature", "geometry": {"type": "Polygon", "coordinates": [[[-72.0, 60.0], [-72.0, 66.0], [-84.0, 66.0], [-84.0, 60.0], [-72.0, 60.0]]]}, "properties": {"name": "N60W084_6x12", "kind": "latlon", "epsg": 4326, "lonMult": 2, "height": 6, "width": 12, "available": 42, "selected": 24, "coverage": 0.9739, "unionFrac": 0.9756, "bw": {"40": 18, "5": 6}}}, {"type": "Feature", "geometry": {"type": "Polygon", "coordinates": [[[-60.0, 60.0], [-60.0, 66.0], [-72.0, 66.0], [-72.0, 60.0], [-60.0, 60.0]]]}, "properties": {"name": "N60W072_6x12", "kind": "latlon", "epsg": 4326, "lonMult": 2, "height": 6, "width": 12, "available": 43, "selected": 23, "coverage": 0.9972, "unionFrac": 0.9986, "bw": {"77": 2, "40": 12, "5": 9}}}, {"type": "Feature", "geometry": {"type": "Polygon", "coordinates": [[[-48.0, 60.0], [-48.0, 66.0], [-60.0, 66.0], [-60.0, 60.0], [-48.0, 60.0]]]}, "properties": {"name": "N60W060_6x12", "kind": "latlon", "epsg": 4326, "lonMult": 2, "height": 6, "width": 12, "available": 27, "selected": 18, "coverage": 0.6713, "unionFrac": 0.6713, "bw": {"77": 12, "5": 6}}}, {"type": "Feature", "geometry": {"type": "Polygon", "coordinates": [[[-36.0, 60.0], [-36.0, 66.0], [-48.0, 66.0], [-48.0, 60.0], [-36.0, 60.0]]]}, "properties": {"name": "N60W048_6x12", "kind": "latlon", "epsg": 4326, "lonMult": 2, "height": 6, "width": 12, "available": 24, "selected": 22, "coverage": 0.8455, "unionFrac": 0.8455, "bw": {"77": 21, "5": 1}}}, {"type": "Feature", "geometry": {"type": "Polygon", "coordinates": [[[-24.0, 60.0], [-24.0, 66.0], [-36.0, 66.0], [-36.0, 60.0], [-24.0, 60.0]]]}, "properties": {"name": "N60W036_6x12", "kind": "latlon", "epsg": 4326, "lonMult": 2, "height": 6, "width": 12, "available": 14, "selected": 9, "coverage": 0.3196, "unionFrac": 0.3196, "bw": {"77": 1, "40": 3, "5": 5}}}, {"type": "Feature", "geometry": {"type": "Polygon", "coordinates": [[[-12.0, 60.0], [-12.0, 66.0], [-24.0, 66.0], [-24.0, 60.0], [-12.0, 60.0]]]}, "properties": {"name": "N60W024_6x12", "kind": "latlon", "epsg": 4326, "lonMult": 2, "height": 6, "width": 12, "available": 20, "selected": 10, "coverage": 0.5141, "unionFrac": 0.5147, "bw": {"40": 10}}}, {"type": "Feature", "geometry": {"type": "Polygon", "coordinates": [[[0.0, 60.0], [0.0, 66.0], [-12.0, 66.0], [-12.0, 60.0], [0.0, 60.0]]]}, "properties": {"name": "N60W012_6x12", "kind": "latlon", "epsg": 4326, "lonMult": 2, "height": 6, "width": 12, "available": 6, "selected": 6, "coverage": 0.2151, "unionFrac": 0.2151, "bw": {"40": 3, "20": 3}}}, {"type": "Feature", "geometry": {"type": "Polygon", "coordinates": [[[12.0, 60.0], [12.0, 66.0], [0.0, 66.0], [0.0, 60.0], [12.0, 60.0]]]}, "properties": {"name": "N60E000_6x12", "kind": "latlon", "epsg": 4326, "lonMult": 2, "height": 6, "width": 12, "available": 13, "selected": 10, "coverage": 0.6048, "unionFrac": 0.6048, "bw": {"20": 10}}}, {"type": "Feature", "geometry": {"type": "Polygon", "coordinates": [[[24.0, 60.0], [24.0, 66.0], [12.0, 66.0], [12.0, 60.0], [24.0, 60.0]]]}, "properties": {"name": "N60E012_6x12", "kind": "latlon", "epsg": 4326, "lonMult": 2, "height": 6, "width": 12, "available": 20, "selected": 15, "coverage": 0.9753, "unionFrac": 0.9766, "bw": {"20": 15}}}, {"type": "Feature", "geometry": {"type": "Polygon", "coordinates": [[[36.0, 60.0], [36.0, 66.0], [24.0, 66.0], [24.0, 60.0], [36.0, 60.0]]]}, "properties": {"name": "N60E024_6x12", "kind": "latlon", "epsg": 4326, "lonMult": 2, "height": 6, "width": 12, "available": 25, "selected": 16, "coverage": 0.9913, "unionFrac": 0.9913, "bw": {"40": 1, "20": 15}}}, {"type": "Feature", "geometry": {"type": "Polygon", "coordinates": [[[48.0, 60.0], [48.0, 66.0], [36.0, 66.0], [36.0, 60.0], [48.0, 60.0]]]}, "properties": {"name": "N60E036_6x12", "kind": "latlon", "epsg": 4326, "lonMult": 2, "height": 6, "width": 12, "available": 33, "selected": 15, "coverage": 0.9989, "unionFrac": 1.0, "bw": {"20": 15}}}, {"type": "Feature", "geometry": {"type": "Polygon", "coordinates": [[[60.0, 60.0], [60.0, 66.0], [48.0, 66.0], [48.0, 60.0], [60.0, 60.0]]]}, "properties": {"name": "N60E048_6x12", "kind": "latlon", "epsg": 4326, "lonMult": 2, "height": 6, "width": 12, "available": 27, "selected": 14, "coverage": 0.9964, "unionFrac": 1.0, "bw": {"20": 14}}}, {"type": "Feature", "geometry": {"type": "Polygon", "coordinates": [[[72.0, 60.0], [72.0, 66.0], [60.0, 66.0], [60.0, 60.0], [72.0, 60.0]]]}, "properties": {"name": "N60E060_6x12", "kind": "latlon", "epsg": 4326, "lonMult": 2, "height": 6, "width": 12, "available": 25, "selected": 15, "coverage": 0.9996, "unionFrac": 1.0, "bw": {"20": 15}}}, {"type": "Feature", "geometry": {"type": "Polygon", "coordinates": [[[84.0, 60.0], [84.0, 66.0], [72.0, 66.0], [72.0, 60.0], [84.0, 60.0]]]}, "properties": {"name": "N60E072_6x12", "kind": "latlon", "epsg": 4326, "lonMult": 2, "height": 6, "width": 12, "available": 24, "selected": 16, "coverage": 1.0, "unionFrac": 1.0, "bw": {"20": 16}}}, {"type": "Feature", "geometry": {"type": "Polygon", "coordinates": [[[96.0, 60.0], [96.0, 66.0], [84.0, 66.0], [84.0, 60.0], [96.0, 60.0]]]}, "properties": {"name": "N60E084_6x12", "kind": "latlon", "epsg": 4326, "lonMult": 2, "height": 6, "width": 12, "available": 21, "selected": 14, "coverage": 0.999, "unionFrac": 1.0, "bw": {"20": 14}}}, {"type": "Feature", "geometry": {"type": "Polygon", "coordinates": [[[108.0, 60.0], [108.0, 66.0], [96.0, 66.0], [96.0, 60.0], [108.0, 60.0]]]}, "properties": {"name": "N60E096_6x12", "kind": "latlon", "epsg": 4326, "lonMult": 2, "height": 6, "width": 12, "available": 23, "selected": 14, "coverage": 1.0, "unionFrac": 1.0, "bw": {"20": 14}}}, {"type": "Feature", "geometry": {"type": "Polygon", "coordinates": [[[120.0, 60.0], [120.0, 66.0], [108.0, 66.0], [108.0, 60.0], [120.0, 60.0]]]}, "properties": {"name": "N60E108_6x12", "kind": "latlon", "epsg": 4326, "lonMult": 2, "height": 6, "width": 12, "available": 24, "selected": 14, "coverage": 0.9999, "unionFrac": 1.0, "bw": {"20": 14}}}, {"type": "Feature", "geometry": {"type": "Polygon", "coordinates": [[[132.0, 60.0], [132.0, 66.0], [120.0, 66.0], [120.0, 60.0], [132.0, 60.0]]]}, "properties": {"name": "N60E120_6x12", "kind": "latlon", "epsg": 4326, "lonMult": 2, "height": 6, "width": 12, "available": 22, "selected": 14, "coverage": 0.9992, "unionFrac": 1.0, "bw": {"20": 14}}}, {"type": "Feature", "geometry": {"type": "Polygon", "coordinates": [[[144.0, 60.0], [144.0, 66.0], [132.0, 66.0], [132.0, 60.0], [144.0, 60.0]]]}, "properties": {"name": "N60E132_6x12", "kind": "latlon", "epsg": 4326, "lonMult": 2, "height": 6, "width": 12, "available": 21, "selected": 15, "coverage": 0.9991, "unionFrac": 1.0, "bw": {"20": 15}}}, {"type": "Feature", "geometry": {"type": "Polygon", "coordinates": [[[156.0, 60.0], [156.0, 66.0], [144.0, 66.0], [144.0, 60.0], [156.0, 60.0]]]}, "properties": {"name": "N60E144_6x12", "kind": "latlon", "epsg": 4326, "lonMult": 2, "height": 6, "width": 12, "available": 22, "selected": 14, "coverage": 1.0, "unionFrac": 1.0, "bw": {"20": 14}}}, {"type": "Feature", "geometry": {"type": "Polygon", "coordinates": [[[168.0, 60.0], [168.0, 66.0], [156.0, 66.0], [156.0, 60.0], [168.0, 60.0]]]}, "properties": {"name": "N60E156_6x12", "kind": "latlon", "epsg": 4326, "lonMult": 2, "height": 6, "width": 12, "available": 21, "selected": 14, "coverage": 0.9631, "unionFrac": 0.9636, "bw": {"20": 14}}}, {"type": "Feature", "geometry": {"type": "Polygon", "coordinates": [[[180.0, 60.0], [180.0, 66.0], [168.0, 66.0], [168.0, 60.0], [180.0, 60.0]]]}, "properties": {"name": "N60E168_6x12", "kind": "latlon", "epsg": 4326, "lonMult": 2, "height": 6, "width": 12, "available": 19, "selected": 12, "coverage": 0.8669, "unionFrac": 0.8677, "bw": {"20": 12}}}, {"type": "Feature", "geometry": {"type": "Polygon", "coordinates": [[[-162.0, 66.0], [-162.0, 72.0], [-180.0, 72.0], [-180.0, 66.0], [-162.0, 66.0]]]}, "properties": {"name": "N66W180_6x18", "kind": "latlon", "epsg": 4326, "lonMult": 3, "height": 6, "width": 18, "available": 66, "selected": 26, "coverage": 0.9033, "unionFrac": 0.9035, "bw": {"40": 7, "20": 4, "5": 15}}}, {"type": "Feature", "geometry": {"type": "Polygon", "coordinates": [[[-144.0, 66.0], [-144.0, 72.0], [-162.0, 72.0], [-162.0, 66.0], [-144.0, 66.0]]]}, "properties": {"name": "N66W162_6x18", "kind": "latlon", "epsg": 4326, "lonMult": 3, "height": 6, "width": 18, "available": 79, "selected": 28, "coverage": 0.999, "unionFrac": 1.0, "bw": {"40": 22, "5": 6}}}, {"type": "Feature", "geometry": {"type": "Polygon", "coordinates": [[[-126.0, 66.0], [-126.0, 72.0], [-144.0, 72.0], [-144.0, 66.0], [-126.0, 66.0]]]}, "properties": {"name": "N66W144_6x18", "kind": "latlon", "epsg": 4326, "lonMult": 3, "height": 6, "width": 18, "available": 73, "selected": 23, "coverage": 0.9989, "unionFrac": 1.0, "bw": {"40": 18, "5": 5}}}, {"type": "Feature", "geometry": {"type": "Polygon", "coordinates": [[[-108.0, 66.0], [-108.0, 72.0], [-126.0, 72.0], [-126.0, 66.0], [-108.0, 66.0]]]}, "properties": {"name": "N66W126_6x18", "kind": "latlon", "epsg": 4326, "lonMult": 3, "height": 6, "width": 18, "available": 66, "selected": 21, "coverage": 0.9854, "unionFrac": 0.9864, "bw": {"40": 18, "5": 3}}}, {"type": "Feature", "geometry": {"type": "Polygon", "coordinates": [[[-90.0, 66.0], [-90.0, 72.0], [-108.0, 72.0], [-108.0, 66.0], [-90.0, 66.0]]]}, "properties": {"name": "N66W108_6x18", "kind": "latlon", "epsg": 4326, "lonMult": 3, "height": 6, "width": 18, "available": 62, "selected": 23, "coverage": 1.0, "unionFrac": 1.0, "bw": {"40": 21, "5": 2}}}, {"type": "Feature", "geometry": {"type": "Polygon", "coordinates": [[[-72.0, 66.0], [-72.0, 72.0], [-90.0, 72.0], [-90.0, 66.0], [-72.0, 66.0]]]}, "properties": {"name": "N66W090_6x18", "kind": "latlon", "epsg": 4326, "lonMult": 3, "height": 6, "width": 18, "available": 76, "selected": 30, "coverage": 0.9995, "unionFrac": 1.0, "bw": {"77": 6, "40": 20, "5": 4}}}, {"type": "Feature", "geometry": {"type": "Polygon", "coordinates": [[[-54.0, 66.0], [-54.0, 72.0], [-72.0, 72.0], [-72.0, 66.0], [-54.0, 66.0]]]}, "properties": {"name": "N66W072_6x18", "kind": "latlon", "epsg": 4326, "lonMult": 3, "height": 6, "width": 18, "available": 100, "selected": 46, "coverage": 0.996, "unionFrac": 0.9979, "bw": {"77": 24, "40": 9, "5": 13}}}, {"type": "Feature", "geometry": {"type": "Polygon", "coordinates": [[[-36.0, 66.0], [-36.0, 72.0], [-54.0, 72.0], [-54.0, 66.0], [-36.0, 66.0]]]}, "properties": {"name": "N66W054_6x18", "kind": "latlon", "epsg": 4326, "lonMult": 3, "height": 6, "width": 18, "available": 60, "selected": 35, "coverage": 0.9989, "unionFrac": 1.0, "bw": {"77": 35}}}, {"type": "Feature", "geometry": {"type": "Polygon", "coordinates": [[[-18.0, 66.0], [-18.0, 72.0], [-36.0, 72.0], [-36.0, 66.0], [-18.0, 66.0]]]}, "properties": {"name": "N66W036_6x18", "kind": "latlon", "epsg": 4326, "lonMult": 3, "height": 6, "width": 18, "available": 65, "selected": 39, "coverage": 0.9976, "unionFrac": 0.999, "bw": {"77": 23, "40": 6, "5": 10}}}, {"type": "Feature", "geometry": {"type": "Polygon", "coordinates": [[[0.0, 66.0], [0.0, 72.0], [-18.0, 72.0], [-18.0, 66.0], [0.0, 66.0]]]}, "properties": {"name": "N66W018_6x18", "kind": "latlon", "epsg": 4326, "lonMult": 3, "height": 6, "width": 18, "available": 30, "selected": 11, "coverage": 0.3868, "unionFrac": 0.388, "bw": {"40": 2, "20": 1, "5": 8}}}, {"type": "Feature", "geometry": {"type": "Polygon", "coordinates": [[[18.0, 66.0], [18.0, 72.0], [0.0, 72.0], [0.0, 66.0], [18.0, 66.0]]]}, "properties": {"name": "N66E000_6x18", "kind": "latlon", "epsg": 4326, "lonMult": 3, "height": 6, "width": 18, "available": 10, "selected": 8, "coverage": 0.384, "unionFrac": 0.3848, "bw": {"20": 5, "5": 3}}}, {"type": "Feature", "geometry": {"type": "Polygon", "coordinates": [[[36.0, 66.0], [36.0, 72.0], [18.0, 72.0], [18.0, 66.0], [36.0, 66.0]]]}, "properties": {"name": "N66E018_6x18", "kind": "latlon", "epsg": 4326, "lonMult": 3, "height": 6, "width": 18, "available": 23, "selected": 17, "coverage": 0.8422, "unionFrac": 0.8422, "bw": {"20": 17}}}, {"type": "Feature", "geometry": {"type": "Polygon", "coordinates": [[[54.0, 66.0], [54.0, 72.0], [36.0, 72.0], [36.0, 66.0], [54.0, 66.0]]]}, "properties": {"name": "N66E036_6x18", "kind": "latlon", "epsg": 4326, "lonMult": 3, "height": 6, "width": 18, "available": 40, "selected": 20, "coverage": 0.7713, "unionFrac": 0.7718, "bw": {"20": 15, "5": 5}}}, {"type": "Feature", "geometry": {"type": "Polygon", "coordinates": [[[72.0, 66.0], [72.0, 72.0], [54.0, 72.0], [54.0, 66.0], [72.0, 66.0]]]}, "properties": {"name": "N66E054_6x18", "kind": "latlon", "epsg": 4326, "lonMult": 3, "height": 6, "width": 18, "available": 71, "selected": 21, "coverage": 0.9991, "unionFrac": 1.0, "bw": {"20": 17, "5": 4}}}, {"type": "Feature", "geometry": {"type": "Polygon", "coordinates": [[[90.0, 66.0], [90.0, 72.0], [72.0, 72.0], [72.0, 66.0], [90.0, 66.0]]]}, "properties": {"name": "N66E072_6x18", "kind": "latlon", "epsg": 4326, "lonMult": 3, "height": 6, "width": 18, "available": 55, "selected": 20, "coverage": 0.9992, "unionFrac": 1.0, "bw": {"20": 20}}}, {"type": "Feature", "geometry": {"type": "Polygon", "coordinates": [[[108.0, 66.0], [108.0, 72.0], [90.0, 72.0], [90.0, 66.0], [108.0, 66.0]]]}, "properties": {"name": "N66E090_6x18", "kind": "latlon", "epsg": 4326, "lonMult": 3, "height": 6, "width": 18, "available": 36, "selected": 18, "coverage": 0.9995, "unionFrac": 1.0, "bw": {"20": 18}}}, {"type": "Feature", "geometry": {"type": "Polygon", "coordinates": [[[126.0, 66.0], [126.0, 72.0], [108.0, 72.0], [108.0, 66.0], [126.0, 66.0]]]}, "properties": {"name": "N66E108_6x18", "kind": "latlon", "epsg": 4326, "lonMult": 3, "height": 6, "width": 18, "available": 43, "selected": 18, "coverage": 0.9993, "unionFrac": 1.0, "bw": {"20": 18}}}, {"type": "Feature", "geometry": {"type": "Polygon", "coordinates": [[[144.0, 66.0], [144.0, 72.0], [126.0, 72.0], [126.0, 66.0], [144.0, 66.0]]]}, "properties": {"name": "N66E126_6x18", "kind": "latlon", "epsg": 4326, "lonMult": 3, "height": 6, "width": 18, "available": 49, "selected": 20, "coverage": 0.9998, "unionFrac": 1.0, "bw": {"20": 19, "5": 1}}}, {"type": "Feature", "geometry": {"type": "Polygon", "coordinates": [[[162.0, 66.0], [162.0, 72.0], [144.0, 72.0], [144.0, 66.0], [162.0, 66.0]]]}, "properties": {"name": "N66E144_6x18", "kind": "latlon", "epsg": 4326, "lonMult": 3, "height": 6, "width": 18, "available": 56, "selected": 24, "coverage": 0.9997, "unionFrac": 1.0, "bw": {"20": 21, "5": 3}}}, {"type": "Feature", "geometry": {"type": "Polygon", "coordinates": [[[180.0, 66.0], [180.0, 72.0], [162.0, 72.0], [162.0, 66.0], [180.0, 66.0]]]}, "properties": {"name": "N66E162_6x18", "kind": "latlon", "epsg": 4326, "lonMult": 3, "height": 6, "width": 18, "available": 74, "selected": 26, "coverage": 0.9995, "unionFrac": 1.0, "bw": {"20": 19, "5": 7}}}, {"type": "Feature", "geometry": {"type": "Polygon", "coordinates": [[[-156.0, 72.0], [-156.0, 77.5], [-180.0, 77.5], [-180.0, 72.0], [-156.0, 72.0]]]}, "properties": {"name": "N72W180_6x24", "kind": "latlon", "epsg": 4326, "lonMult": 4, "height": 6, "width": 24, "available": 79, "selected": 17, "coverage": 0.8862, "unionFrac": 0.888, "bw": {"5": 17}}}, {"type": "Feature", "geometry": {"type": "Polygon", "coordinates": [[[-132.0, 72.0], [-132.0, 77.5], [-156.0, 77.5], [-156.0, 72.0], [-132.0, 72.0]]]}, "properties": {"name": "N72W156_6x24", "kind": "latlon", "epsg": 4326, "lonMult": 4, "height": 6, "width": 24, "available": 113, "selected": 19, "coverage": 0.9845, "unionFrac": 0.988, "bw": {"5": 19}}}, {"type": "Feature", "geometry": {"type": "Polygon", "coordinates": [[[-108.0, 72.0], [-108.0, 77.5], [-132.0, 77.5], [-132.0, 72.0], [-108.0, 72.0]]]}, "properties": {"name": "N72W132_6x24", "kind": "latlon", "epsg": 4326, "lonMult": 4, "height": 6, "width": 24, "available": 132, "selected": 30, "coverage": 0.989, "unionFrac": 0.9911, "bw": {"40": 15, "5": 15}}}, {"type": "Feature", "geometry": {"type": "Polygon", "coordinates": [[[-84.0, 72.0], [-84.0, 77.5], [-108.0, 77.5], [-108.0, 72.0], [-84.0, 72.0]]]}, "properties": {"name": "N72W108_6x24", "kind": "latlon", "epsg": 4326, "lonMult": 4, "height": 6, "width": 24, "available": 116, "selected": 25, "coverage": 0.9867, "unionFrac": 0.9888, "bw": {"40": 15, "5": 10}}}, {"type": "Feature", "geometry": {"type": "Polygon", "coordinates": [[[-60.0, 72.0], [-60.0, 77.5], [-84.0, 77.5], [-84.0, 72.0], [-60.0, 72.0]]]}, "properties": {"name": "N72W084_6x24", "kind": "latlon", "epsg": 4326, "lonMult": 4, "height": 6, "width": 24, "available": 121, "selected": 37, "coverage": 0.9903, "unionFrac": 0.9915, "bw": {"77": 13, "40": 6, "5": 18}}}, {"type": "Feature", "geometry": {"type": "Polygon", "coordinates": [[[-36.0, 72.0], [-36.0, 77.5], [-60.0, 77.5], [-60.0, 72.0], [-36.0, 72.0]]]}, "properties": {"name": "N72W060_6x24", "kind": "latlon", "epsg": 4326, "lonMult": 4, "height": 6, "width": 24, "available": 69, "selected": 29, "coverage": 0.9702, "unionFrac": 0.9715, "bw": {"77": 27, "5": 2}}}, {"type": "Feature", "geometry": {"type": "Polygon", "coordinates": [[[-12.0, 72.0], [-12.0, 77.5], [-36.0, 77.5], [-36.0, 72.0], [-12.0, 72.0]]]}, "properties": {"name": "N72W036_6x24", "kind": "latlon", "epsg": 4326, "lonMult": 4, "height": 6, "width": 24, "available": 85, "selected": 33, "coverage": 0.9714, "unionFrac": 0.9714, "bw": {"77": 24, "20": 1, "5": 8}}}, {"type": "Feature", "geometry": {"type": "Polygon", "coordinates": [[[12.0, 72.0], [12.0, 77.5], [-12.0, 77.5], [-12.0, 72.0], [12.0, 72.0]]]}, "properties": {"name": "N72W012_6x24", "kind": "latlon", "epsg": 4326, "lonMult": 4, "height": 6, "width": 24, "available": 50, "selected": 17, "coverage": 0.481, "unionFrac": 0.4856, "bw": {"20": 1, "5": 16}}}, {"type": "Feature", "geometry": {"type": "Polygon", "coordinates": [[[36.0, 72.0], [36.0, 77.5], [12.0, 77.5], [12.0, 72.0], [36.0, 72.0]]]}, "properties": {"name": "N72E012_6x24", "kind": "latlon", "epsg": 4326, "lonMult": 4, "height": 6, "width": 24, "available": 46, "selected": 20, "coverage": 0.5391, "unionFrac": 0.5443, "bw": {"77": 2, "20": 1, "5": 17}}}, {"type": "Feature", "geometry": {"type": "Polygon", "coordinates": [[[60.0, 72.0], [60.0, 77.5], [36.0, 77.5], [36.0, 72.0], [60.0, 72.0]]]}, "properties": {"name": "N72E036_6x24", "kind": "latlon", "epsg": 4326, "lonMult": 4, "height": 6, "width": 24, "available": 76, "selected": 19, "coverage": 0.7766, "unionFrac": 0.7822, "bw": {"20": 4, "5": 15}}}, {"type": "Feature", "geometry": {"type": "Polygon", "coordinates": [[[84.0, 72.0], [84.0, 77.5], [60.0, 77.5], [60.0, 72.0], [84.0, 72.0]]]}, "properties": {"name": "N72E060_6x24", "kind": "latlon", "epsg": 4326, "lonMult": 4, "height": 6, "width": 24, "available": 112, "selected": 25, "coverage": 0.9842, "unionFrac": 0.9878, "bw": {"20": 9, "5": 16}}}, {"type": "Feature", "geometry": {"type": "Polygon", "coordinates": [[[108.0, 72.0], [108.0, 77.5], [84.0, 77.5], [84.0, 72.0], [108.0, 72.0]]]}, "properties": {"name": "N72E084_6x24", "kind": "latlon", "epsg": 4326, "lonMult": 4, "height": 6, "width": 24, "available": 92, "selected": 30, "coverage": 0.9885, "unionFrac": 0.9911, "bw": {"20": 22, "5": 8}}}, {"type": "Feature", "geometry": {"type": "Polygon", "coordinates": [[[132.0, 72.0], [132.0, 77.5], [108.0, 77.5], [108.0, 72.0], [132.0, 72.0]]]}, "properties": {"name": "N72E108_6x24", "kind": "latlon", "epsg": 4326, "lonMult": 4, "height": 6, "width": 24, "available": 106, "selected": 25, "coverage": 0.9864, "unionFrac": 0.9904, "bw": {"20": 13, "5": 12}}}, {"type": "Feature", "geometry": {"type": "Polygon", "coordinates": [[[156.0, 72.0], [156.0, 77.5], [132.0, 77.5], [132.0, 72.0], [156.0, 72.0]]]}, "properties": {"name": "N72E132_6x24", "kind": "latlon", "epsg": 4326, "lonMult": 4, "height": 6, "width": 24, "available": 112, "selected": 32, "coverage": 0.984, "unionFrac": 0.9887, "bw": {"20": 16, "5": 16}}}, {"type": "Feature", "geometry": {"type": "Polygon", "coordinates": [[[180.0, 72.0], [180.0, 77.5], [156.0, 77.5], [156.0, 72.0], [180.0, 72.0]]]}, "properties": {"name": "N72E156_6x24", "kind": "latlon", "epsg": 4326, "lonMult": 4, "height": 6, "width": 24, "available": 123, "selected": 23, "coverage": 0.9848, "unionFrac": 0.9878, "bw": {"20": 1, "5": 22}}}, {"type": "Feature", "geometry": {"type": "Polygon", "coordinates": [[[180.0, -90.0], [180.0, -84.0], [-180.0, -84.0], [-180.0, -90.0], [180.0, -90.0]]]}, "properties": {"name": "S84PS3031", "kind": "ps", "epsg": 3031, "halfWidthM": 652487, "lonMult": null, "height": null, "width": null, "available": 200, "selected": 51, "coverage": 0.8901, "unionFrac": 0.9002, "bw": {"40": 51}}}]}