{"type": "FeatureCollection", "features": [{"type": "Feature", "geometry": {"type": "Polygon", "coordinates": [[[36.68000000000001, -87.0], [36.68000000000001, -87.02], [36.5, -87.02], [36.5, -87.04], [36.31999999999999, -87.04], [36.31999999999999, -87.06], [36.120000000000005, -87.06], [36.120000000000005, -87.08], [35.94, -87.08], [35.94, -87.1], [35.74000000000001, -87.1], [35.74000000000001, -87.12], [35.56, -87.12], [35.56, -87.14], [35.379999999999995, -87.14], [35.379999999999995, -87.16], [35.18000000000001, -87.16], [35.18000000000001, -87.18], [35.0, -87.18], [35.0, -87.2], [34.80000000000001, -87.2], [34.80000000000001, -87.22], [34.44, -87.24], [34.44, -87.26], [34.24000000000001, -87.26], [34.24000000000001, -87.28], [34.06, -87.28], [34.06, -87.3], [33.860000000000014, -87.3], [33.860000000000014, -87.32], [33.68000000000001, -87.32], [33.68000000000001, -87.34], [33.5, -87.34], [33.5, -87.36], [33.30000000000001, -87.36], [33.30000000000001, -87.38], [33.120000000000005, -87.38], [33.120000000000005, -87.4], [32.920000000000016, -87.4], [32.920000000000016, -87.42], [32.56, -87.44], [32.56, -87.46], [32.360000000000014, -87.46], [32.360000000000014, -87.48], [32.18000000000001, -87.48], [32.18000000000001, -87.5], [31.980000000000018, -87.5], [31.980000000000018, -87.52], [31.80000000000001, -87.52], [31.80000000000001, -87.54], [31.620000000000005, -87.54], [31.620000000000005, -87.56], [31.420000000000016, -87.56], [31.420000000000016, -87.58], [31.060000000000002, -87.6], [31.060000000000002, -87.62], [30.860000000000014, -87.62], [30.860000000000014, -87.64], [30.480000000000018, -87.64], [30.480000000000018, -87.62], [29.659999999999997, -87.62], [29.659999999999997, -87.6], [29.159999999999997, -87.6], [29.159999999999997, -87.58], [28.640000000000015, -87.58], [28.640000000000015, -87.56], [28.120000000000005, -87.56], [28.120000000000005, -87.54], [27.599999999999994, -87.54], [27.599999999999994, -87.52], [27.200000000000017, -87.52], [27.200000000000017, -87.54], [27.02000000000001, -87.54], [27.02000000000001, -87.56], [26.840000000000003, -87.56], [26.840000000000003, -87.58], [26.640000000000015, -87.58], [26.640000000000015, -87.6], [26.460000000000008, -87.6], [26.460000000000008, -87.62], [26.25999999999999, -87.62], [26.25999999999999, -87.6], [25.74000000000001, -87.6], [25.74000000000001, -87.58], [25.480000000000018, -87.58], [25.480000000000018, -87.6], [25.30000000000001, -87.6], [25.30000000000001, -87.62], [25.099999999999994, -87.62], [25.099999999999994, -87.64], [24.24000000000001, -87.64], [24.24000000000001, -87.62], [24.140000000000015, -87.62], [24.140000000000015, -87.64], [24.080000000000013, -87.64], [24.080000000000013, -87.62], [23.560000000000002, -87.62], [23.560000000000002, -87.6], [23.039999999999992, -87.6], [23.039999999999992, -87.58], [22.52000000000001, -87.58], [22.52000000000001, -87.56], [21.480000000000018, -87.54], [21.480000000000018, -87.52], [20.960000000000008, -87.52], [20.960000000000008, -87.5], [19.920000000000016, -87.48], [19.920000000000016, -87.46], [19.400000000000006, -87.46], [19.400000000000006, -87.44], [18.879999999999995, -87.44], [18.879999999999995, -87.42], [18.360000000000014, -87.42], [18.360000000000014, -87.4], [17.840000000000003, -87.4], [17.840000000000003, -87.38], [17.319999999999993, -87.38], [17.319999999999993, -87.36], [16.80000000000001, -87.36], [16.80000000000001, -87.34], [16.28, -87.34], [16.28, -87.32], [15.759999999999991, -87.32], [15.759999999999991, -87.3], [15.240000000000009, -87.3], [15.240000000000009, -87.28], [14.200000000000017, -87.26], [14.200000000000017, -87.24], [13.680000000000007, -87.24], [13.680000000000007, -87.22], [13.159999999999997, -87.22], [13.159999999999997, -87.2], [12.620000000000005, -87.2], [12.620000000000005, -87.18], [12.060000000000002, -87.18], [12.060000000000002, -87.2], [11.879999999999995, -87.2], [11.879999999999995, -87.22], [11.700000000000017, -87.22], [11.700000000000017, -87.24], [11.5, -87.24], [11.5, -87.26], [11.319999999999993, -87.26], [11.319999999999993, -87.28], [11.140000000000015, -87.28], [11.140000000000015, -87.3], [10.939999999999998, -87.3], [10.939999999999998, -87.32], [10.759999999999991, -87.32], [10.759999999999991, -87.34], [10.580000000000013, -87.34], [10.580000000000013, -87.36], [10.379999999999995, -87.36], [10.379999999999995, -87.38], [10.200000000000017, -87.38], [10.200000000000017, -87.4], [10.02000000000001, -87.4], [10.02000000000001, -87.42], [9.819999999999993, -87.42], [9.819999999999993, -87.44], [9.640000000000015, -87.44], [9.640000000000015, -87.46], [9.460000000000008, -87.46], [9.460000000000008, -87.48], [9.259999999999991, -87.48], [9.259999999999991, -87.5], [9.080000000000013, -87.5], [9.080000000000013, -87.52], [8.900000000000006, -87.52], [8.900000000000006, -87.54], [8.700000000000017, -87.54], [8.700000000000017, -87.56], [8.340000000000003, -87.58], [8.340000000000003, -87.6], [8.140000000000015, -87.6], [8.140000000000015, -87.62], [7.560000000000002, -87.62], [7.560000000000002, -87.64], [7.060000000000002, -87.64], [7.060000000000002, -87.62], [7.02000000000001, -87.62], [7.02000000000001, -87.64], [6.900000000000006, -87.64], [6.900000000000006, -87.62], [6.300000000000011, -87.62], [6.300000000000011, -87.6], [5.780000000000001, -87.6], [5.780000000000001, -87.58], [5.280000000000001, -87.58], [5.280000000000001, -87.56], [4.759999999999991, -87.56], [4.759999999999991, -87.54], [4.219999999999999, -87.54], [4.219999999999999, -87.52], [3.6599999999999966, -87.52], [3.6599999999999966, -87.5], [3.0999999999999943, -87.5], [3.0999999999999943, -87.48], [2.5200000000000102, -87.48], [2.5200000000000102, -87.46], [1.960000000000008, -87.46], [1.960000000000008, -87.44], [1.4000000000000057, -87.44], [1.4000000000000057, -87.42], [0.8400000000000034, -87.42], [0.8400000000000034, -87.4], [0.2599999999999909, -87.4], [0.2599999999999909, -87.38], [-0.29999999999998295, -87.38], [-0.29999999999998295, -87.36], [-0.8599999999999852, -87.36], [-0.8599999999999852, -87.34], [-1.4399999999999977, -87.34], [-1.4399999999999977, -87.32], [-1.740000000000009, -87.32], [-1.740000000000009, -87.34], [-1.9199999999999875, -87.34], [-1.9199999999999875, -87.36], [-2.1200000000000045, -87.36], [-2.1200000000000045, -87.38], [-2.299999999999983, -87.38], [-2.299999999999983, -87.4], [-2.5, -87.4], [-2.5, -87.42], [-2.680000000000007, -87.42], [-2.680000000000007, -87.44], [-2.8799999999999955, -87.44], [-2.8799999999999955, -87.46], [-3.0600000000000023, -87.46], [-3.0600000000000023, -87.48], [-3.240000000000009, -87.48], [-3.240000000000009, -87.5], [-3.4399999999999977, -87.5], [-3.4399999999999977, -87.52], [-3.6200000000000045, -87.52], [-3.6200000000000045, -87.54], [-3.819999999999993, -87.54], [-3.819999999999993, -87.56], [-4.0, -87.56], [-4.0, -87.58], [-4.199999999999989, -87.58], [-4.199999999999989, -87.6], [-4.3799999999999955, -87.6], [-4.3799999999999955, -87.62], [-4.560000000000002, -87.62], [-4.560000000000002, -87.64], [-4.759999999999991, -87.64], [-4.759999999999991, -87.66], [-4.819999999999993, -87.66], [-4.819999999999993, -87.64], [-5.340000000000003, -87.64], [-5.340000000000003, -87.62], [-6.240000000000009, -87.62], [-6.240000000000009, -87.6], [-6.759999999999991, -87.6], [-6.759999999999991, -87.58], [-7.259999999999991, -87.58], [-7.259999999999991, -87.56], [-7.780000000000001, -87.56], [-7.780000000000001, -87.54], [-8.299999999999983, -87.54], [-8.299999999999983, -87.52], [-8.799999999999983, -87.52], [-8.799999999999983, -87.5], [-9.319999999999993, -87.5], [-9.319999999999993, -87.48], [-9.819999999999993, -87.48], [-9.819999999999993, -87.46], [-10.340000000000003, -87.46], [-10.340000000000003, -87.44], [-10.840000000000003, -87.44], [-10.840000000000003, -87.42], [-11.359999999999985, -87.42], [-11.359999999999985, -87.4], [-11.859999999999985, -87.4], [-11.859999999999985, -87.38], [-12.379999999999995, -87.38], [-12.379999999999995, -87.36], [-12.900000000000006, -87.36], [-12.900000000000006, -87.34], [-13.400000000000006, -87.34], [-13.400000000000006, -87.32], [-13.919999999999987, -87.32], [-13.919999999999987, -87.3], [-14.419999999999987, -87.3], [-14.419999999999987, -87.28], [-14.939999999999998, -87.28], [-14.939999999999998, -87.26], [-15.439999999999998, -87.26], [-15.439999999999998, -87.24], [-15.960000000000008, -87.24], [-15.960000000000008, -87.22], [-16.460000000000008, -87.22], [-16.460000000000008, -87.2], [-17.5, -87.18], [-17.5, -87.2], [-17.69999999999999, -87.2], [-17.69999999999999, -87.22], [-17.879999999999995, -87.22], [-17.879999999999995, -87.24], [-18.079999999999984, -87.24], [-18.079999999999984, -87.26], [-18.28, -87.26], [-18.28, -87.28], [-18.460000000000008, -87.28], [-18.460000000000008, -87.3], [-18.659999999999997, -87.3], [-18.659999999999997, -87.32], [-18.840000000000003, -87.32], [-18.840000000000003, -87.34], [-19.039999999999992, -87.34], [-19.039999999999992, -87.36], [-19.24000000000001, -87.36], [-19.24000000000001, -87.38], [-19.419999999999987, -87.38], [-19.419999999999987, -87.4], [-19.620000000000005, -87.4], [-19.620000000000005, -87.42], [-19.799999999999983, -87.42], [-19.799999999999983, -87.44], [-20.0, -87.44], [-20.0, -87.46], [-20.19999999999999, -87.46], [-20.19999999999999, -87.48], [-20.379999999999995, -87.48], [-20.379999999999995, -87.5], [-20.579999999999984, -87.5], [-20.579999999999984, -87.52], [-20.78, -87.52], [-20.78, -87.54], [-20.960000000000008, -87.54], [-20.960000000000008, -87.56], [-21.159999999999997, -87.56], [-21.159999999999997, -87.58], [-21.340000000000003, -87.58], [-21.340000000000003, -87.6], [-21.74000000000001, -87.62], [-21.74000000000001, -87.64], [-22.400000000000006, -87.64], [-22.400000000000006, -87.62], [-23.0, -87.62], [-23.0, -87.6], [-23.5, -87.6], [-23.5, -87.58], [-24.0, -87.58], [-24.0, -87.56], [-24.52000000000001, -87.56], [-24.52000000000001, -87.54], [-25.079999999999984, -87.54], [-25.079999999999984, -87.52], [-25.639999999999986, -87.52], [-25.639999999999986, -87.5], [-26.19999999999999, -87.5], [-26.19999999999999, -87.48], [-26.75999999999999, -87.48], [-26.75999999999999, -87.46], [-27.319999999999993, -87.46], [-27.319999999999993, -87.44], [-28.439999999999998, -87.42], [-28.439999999999998, -87.4], [-29.0, -87.4], [-29.0, -87.38], [-29.560000000000002, -87.38], [-29.560000000000002, -87.4], [-29.75999999999999, -87.4], [-29.75999999999999, -87.42], [-29.939999999999998, -87.42], [-29.939999999999998, -87.44], [-30.139999999999986, -87.44], [-30.139999999999986, -87.46], [-30.319999999999993, -87.46], [-30.319999999999993, -87.48], [-30.52000000000001, -87.48], [-30.52000000000001, -87.5], [-30.69999999999999, -87.5], [-30.69999999999999, -87.52], [-30.900000000000006, -87.52], [-30.900000000000006, -87.54], [-31.079999999999984, -87.54], [-31.079999999999984, -87.56], [-31.28, -87.56], [-31.28, -87.58], [-31.460000000000008, -87.58], [-31.460000000000008, -87.6], [-31.659999999999997, -87.6], [-31.659999999999997, -87.62], [-31.840000000000003, -87.62], [-31.840000000000003, -87.64], [-32.66, -87.64], [-32.66, -87.62], [-33.34, -87.62], [-33.34, -87.6], [-33.400000000000006, -87.6], [-33.400000000000006, -87.62], [-33.579999999999984, -87.62], [-33.579999999999984, -87.64], [-33.78, -87.64], [-33.78, -87.66], [-33.79999999999998, -87.66], [-33.79999999999998, -87.64], [-34.44, -87.64], [-34.44, -87.62], [-34.46000000000001, -87.62], [-34.46000000000001, -87.64], [-34.579999999999984, -87.64], [-34.579999999999984, -87.62], [-35.24000000000001, -87.62], [-35.24000000000001, -87.6], [-35.74000000000001, -87.6], [-35.74000000000001, -87.58], [-36.25999999999999, -87.58], [-36.25999999999999, -87.56], [-36.78, -87.56], [-36.78, -87.54], [-37.28, -87.54], [-37.28, -87.52], [-37.79999999999998, -87.52], [-37.79999999999998, -87.5], [-38.31999999999999, -87.5], [-38.31999999999999, -87.48], [-38.81999999999999, -87.48], [-38.81999999999999, -87.46], [-39.859999999999985, -87.44], [-39.859999999999985, -87.42], [-40.099999999999994, -87.42], [-40.099999999999994, -87.44], [-40.28, -87.44], [-40.28, -87.46], [-40.47999999999999, -87.46], [-40.47999999999999, -87.48], [-40.66, -87.48], [-40.66, -87.5], [-40.84, -87.5], [-40.84, -87.52], [-41.03999999999999, -87.52], [-41.03999999999999, -87.54], [-41.22, -87.54], [-41.22, -87.56], [-41.41999999999999, -87.56], [-41.41999999999999, -87.58], [-41.78, -87.6], [-41.78, -87.62], [-41.97999999999999, -87.62], [-41.97999999999999, -87.64], [-42.41999999999999, -87.64], [-42.41999999999999, -87.62], [-42.47999999999999, -87.62], [-42.47999999999999, -87.64], [-42.620000000000005, -87.64], [-42.620000000000005, -87.62], [-43.379999999999995, -87.62], [-43.379999999999995, -87.6], [-43.96000000000001, -87.6], [-43.96000000000001, -87.58], [-44.47999999999999, -87.58], [-44.47999999999999, -87.56], [-44.97999999999999, -87.56], [-44.97999999999999, -87.54], [-45.47999999999999, -87.54], [-45.47999999999999, -87.52], [-45.97999999999999, -87.52], [-45.97999999999999, -87.5], [-46.5, -87.5], [-46.5, -87.48], [-47.0, -87.48], [-47.0, -87.46], [-47.5, -87.46], [-47.5, -87.44], [-48.0, -87.44], [-48.0, -87.42], [-48.52000000000001, -87.42], [-48.52000000000001, -87.4], [-48.69999999999999, -87.4], [-48.69999999999999, -87.42], [-49.06, -87.44], [-49.06, -87.46], [-49.25999999999999, -87.46], [-49.25999999999999, -87.48], [-49.44, -87.48], [-49.44, -87.5], [-49.639999999999986, -87.5], [-49.639999999999986, -87.52], [-49.81999999999999, -87.52], [-49.81999999999999, -87.54], [-50.02000000000001, -87.54], [-50.02000000000001, -87.56], [-50.19999999999999, -87.56], [-50.19999999999999, -87.58], [-50.400000000000006, -87.58], [-50.400000000000006, -87.6], [-50.579999999999984, -87.6], [-50.579999999999984, -87.62], [-51.18000000000001, -87.62], [-51.18000000000001, -87.6], [-51.69999999999999, -87.6], [-51.69999999999999, -87.58], [-52.22, -87.58], [-52.22, -87.56], [-52.739999999999995, -87.56], [-52.739999999999995, -87.54], [-53.25999999999999, -87.54], [-53.25999999999999, -87.52], [-53.78, -87.52], [-53.78, -87.5], [-54.3, -87.5], [-54.3, -87.48], [-54.81999999999999, -87.48], [-54.81999999999999, -87.46], [-55.019999999999996, -87.46], [-55.019999999999996, -87.48], [-55.2, -87.48], [-55.2, -87.5], [-55.39999999999999, -87.5], [-55.39999999999999, -87.52], [-55.58, -87.52], [-55.58, -87.54], [-55.75999999999999, -87.54], [-55.75999999999999, -87.56], [-55.959999999999994, -87.56], [-55.959999999999994, -87.58], [-56.31999999999999, -87.6], [-56.31999999999999, -87.62], [-56.519999999999996, -87.62], [-56.519999999999996, -87.64], [-56.84, -87.64], [-56.84, -87.62], [-57.64, -87.62], [-57.64, -87.6], [-58.379999999999995, -87.6], [-58.379999999999995, -87.58], [-58.92, -87.58], [-58.92, -87.56], [-59.480000000000004, -87.56], [-59.480000000000004, -87.54], [-60.019999999999996, -87.54], [-60.019999999999996, -87.52], [-60.58, -87.52], [-60.58, -87.5], [-61.120000000000005, -87.5], [-61.120000000000005, -87.48], [-61.67999999999999, -87.48], [-61.67999999999999, -87.46], [-62.22, -87.46], [-62.22, -87.44], [-62.92, -87.44], [-62.92, -87.46], [-63.099999999999994, -87.46], [-63.099999999999994, -87.48], [-63.28, -87.48], [-63.28, -87.5], [-63.44, -87.5], [-63.44, -87.52], [-63.620000000000005, -87.52], [-63.620000000000005, -87.54], [-63.980000000000004, -87.56], [-63.980000000000004, -87.58], [-64.14, -87.58], [-64.14, -87.6], [-64.32, -87.6], [-64.32, -87.62], [-64.5, -87.62], [-64.5, -87.64], [-64.67999999999999, -87.64], [-64.67999999999999, -87.66], [-64.84, -87.66], [-64.84, -87.68], [-65.24, -87.68], [-65.24, -87.66], [-66.2, -87.66], [-66.2, -87.64], [-67.08, -87.64], [-67.08, -87.62], [-67.94, -87.62], [-67.94, -87.6], [-67.96, -87.6], [-67.96, -87.62], [-67.98, -87.62], [-67.98, -87.6], [-68.6, -87.6], [-68.6, -87.58], [-69.14, -87.58], [-69.14, -87.56], [-69.7, -87.56], [-69.7, -87.54], [-70.24, -87.54], [-70.24, -87.52], [-70.8, -87.52], [-70.8, -87.5], [-71.34, -87.5], [-71.34, -87.48], [-71.89999999999999, -87.48], [-71.89999999999999, -87.46], [-72.44, -87.46], [-72.44, -87.44], [-73.0, -87.44], [-73.0, -87.42], [-73.53999999999999, -87.42], [-73.53999999999999, -87.4], [-74.1, -87.4], [-74.1, -87.38], [-74.66, -87.38], [-74.66, -87.36], [-75.22, -87.36], [-75.22, -87.34], [-75.78, -87.34], [-75.78, -87.32], [-76.34, -87.32], [-76.34, -87.3], [-76.58, -87.3], [-76.58, -87.32], [-76.78, -87.32], [-76.78, -87.34], [-76.96, -87.34], [-76.96, -87.36], [-77.16, -87.36], [-77.16, -87.38], [-77.34, -87.38], [-77.34, -87.4], [-77.53999999999999, -87.4], [-77.53999999999999, -87.42], [-77.72, -87.42], [-77.72, -87.44], [-77.89999999999999, -87.44], [-77.89999999999999, -87.46], [-78.1, -87.46], [-78.1, -87.48], [-78.28, -87.48], [-78.28, -87.5], [-78.48, -87.5], [-78.48, -87.52], [-78.66, -87.52], [-78.66, -87.54], [-78.86, -87.54], [-78.86, -87.56], [-79.22, -87.58], [-79.22, -87.6], [-79.42, -87.6], [-79.42, -87.62], [-79.6, -87.62], [-79.6, -87.64], [-79.84, -87.64], [-79.84, -87.62], [-80.53999999999999, -87.62], [-80.53999999999999, -87.6], [-81.32, -87.6], [-81.32, -87.58], [-81.82, -87.58], [-81.82, -87.56], [-82.82, -87.54], [-82.82, -87.52], [-83.34, -87.52], [-83.34, -87.5], [-83.84, -87.5], [-83.84, -87.48], [-84.39999999999999, -87.48], [-84.39999999999999, -87.46], [-84.96, -87.46], [-84.96, -87.44], [-85.53999999999999, -87.44], [-85.53999999999999, -87.42], [-86.1, -87.42], [-86.1, -87.4], [-86.67999999999999, -87.4], [-86.67999999999999, -87.38], [-87.24, -87.38], [-87.24, -87.36], [-87.82, -87.36], [-87.82, -87.34], [-88.38, -87.34], [-88.38, -87.32], [-88.8, -87.32], [-88.8, -87.34], [-88.98, -87.34], [-88.98, -87.36], [-89.17999999999999, -87.36], [-89.17999999999999, -87.38], [-89.36, -87.38], [-89.36, -87.4], [-89.72, -87.42], [-89.72, -87.44], [-89.92, -87.44], [-89.92, -87.46], [-90.1, -87.46], [-90.1, -87.48], [-90.28, -87.48], [-90.28, -87.5], [-90.46, -87.5], [-90.46, -87.52], [-90.66, -87.52], [-90.66, -87.54], [-90.84, -87.54], [-90.84, -87.56], [-91.02, -87.56], [-91.02, -87.58], [-91.22, -87.58], [-91.22, -87.6], [-91.39999999999999, -87.6], [-91.39999999999999, -87.62], [-91.58, -87.62], [-91.58, -87.64], [-91.76, -87.64], [-91.76, -87.66], [-91.78, -87.66], [-91.78, -87.64], [-92.6, -87.64], [-92.6, -87.62], [-93.3, -87.62], [-93.3, -87.6], [-94.34, -87.58], [-94.34, -87.56], [-94.84, -87.56], [-94.84, -87.54], [-95.36, -87.54], [-95.36, -87.52], [-95.88, -87.52], [-95.88, -87.5], [-96.39999999999999, -87.5], [-96.39999999999999, -87.48], [-96.92, -87.48], [-96.92, -87.46], [-97.44, -87.46], [-97.44, -87.44], [-97.94, -87.44], [-97.94, -87.42], [-98.46, -87.42], [-98.46, -87.4], [-98.98, -87.4], [-98.98, -87.38], [-99.5, -87.38], [-99.5, -87.36], [-100.02, -87.36], [-100.02, -87.34], [-100.52, -87.34], [-100.52, -87.32], [-101.03999999999999, -87.32], [-101.03999999999999, -87.3], [-101.56, -87.3], [-101.56, -87.28], [-102.1, -87.28], [-102.1, -87.26], [-102.62, -87.26], [-102.62, -87.24], [-103.14, -87.24], [-103.14, -87.22], [-103.67999999999999, -87.22], [-103.67999999999999, -87.2], [-104.2, -87.2], [-104.2, -87.18], [-104.72, -87.18], [-104.72, -87.16], [-105.26, -87.16], [-105.26, -87.14], [-105.78, -87.14], [-105.78, -87.12], [-106.3, -87.12], [-106.3, -87.1], [-106.84, -87.1], [-106.84, -87.08], [-107.46, -87.08], [-107.46, -87.1], [-107.66, -87.1], [-107.66, -87.12], [-107.84, -87.12], [-107.84, -87.14], [-108.02, -87.14], [-108.02, -87.16], [-108.22, -87.16], [-108.22, -87.18], [-108.58, -87.2], [-108.58, -87.22], [-108.78, -87.22], [-108.78, -87.24], [-108.96, -87.24], [-108.96, -87.26], [-109.14, -87.26], [-109.14, -87.28], [-109.34, -87.28], [-109.34, -87.3], [-109.52, -87.3], [-109.52, -87.32], [-109.7, -87.32], [-109.7, -87.34], [-109.89999999999999, -87.34], [-109.89999999999999, -87.36], [-110.26, -87.38], [-110.26, -87.4], [-110.46, -87.4], [-110.46, -87.42], [-110.82, -87.44], [-110.82, -87.46], [-111.02, -87.46], [-111.02, -87.48], [-111.2, -87.48], [-111.2, -87.5], [-111.39999999999999, -87.5], [-111.39999999999999, -87.52], [-111.58, -87.52], [-111.58, -87.54], [-111.76, -87.54], [-111.76, -87.56], [-111.96, -87.56], [-111.96, -87.58], [-112.32, -87.6], [-112.32, -87.62], [-112.52, -87.62], [-112.52, -87.64], [-112.82, -87.64], [-112.82, -87.66], [-113.06, -87.66], [-113.06, -87.64], [-113.92, -87.64], [-113.92, -87.62], [-113.96, -87.64], [-113.96, -87.62], [-114.52, -87.62], [-114.52, -87.6], [-115.08, -87.6], [-115.08, -87.58], [-115.62, -87.58], [-115.62, -87.56], [-116.18, -87.56], [-116.18, -87.54], [-116.74000000000001, -87.54], [-116.74000000000001, -87.52], [-117.3, -87.52], [-117.3, -87.5], [-117.4, -87.5], [-117.4, -87.52], [-117.58, -87.52], [-117.58, -87.54], [-117.75999999999999, -87.54], [-117.75999999999999, -87.56], [-117.96000000000001, -87.56], [-117.96000000000001, -87.58], [-118.14, -87.58], [-118.14, -87.6], [-118.34, -87.6], [-118.34, -87.62], [-118.52, -87.62], [-118.52, -87.64], [-118.69999999999999, -87.64], [-118.69999999999999, -87.66], [-119.24000000000001, -87.66], [-119.24000000000001, -87.64], [-120.22, -87.64], [-120.22, -87.62], [-120.92, -87.62], [-120.92, -87.6], [-121.44, -87.6], [-121.44, -87.58], [-121.94, -87.58], [-121.94, -87.56], [-122.32, -87.56], [-122.32, -87.58], [-122.5, -87.58], [-122.5, -87.6], [-122.69999999999999, -87.6], [-122.69999999999999, -87.62], [-122.88, -87.62], [-122.88, -87.64], [-123.08, -87.64], [-123.08, -87.66], [-123.47999999999999, -87.66], [-123.47999999999999, -87.64], [-124.36, -87.64], [-124.36, -87.62], [-124.86, -87.62], [-124.86, -87.6], [-125.38, -87.6], [-125.38, -87.58], [-125.9, -87.58], [-125.9, -87.56], [-126.94, -87.54], [-126.94, -87.52], [-127.97999999999999, -87.5], [-127.97999999999999, -87.48], [-128.48, -87.48], [-128.48, -87.46], [-129.0, -87.46], [-129.0, -87.44], [-129.54, -87.44], [-129.54, -87.46], [-129.72, -87.46], [-129.72, -87.48], [-129.92000000000002, -87.48], [-129.92000000000002, -87.5], [-130.1, -87.5], [-130.1, -87.52], [-130.3, -87.52], [-130.3, -87.54], [-130.48, -87.54], [-130.48, -87.56], [-130.68, -87.56], [-130.68, -87.58], [-131.04, -87.6], [-131.04, -87.62], [-131.24, -87.62], [-131.24, -87.64], [-131.42000000000002, -87.64], [-131.42000000000002, -87.66], [-131.84, -87.66], [-131.84, -87.64], [-131.96, -87.66], [-131.96, -87.64], [-132.62, -87.64], [-132.62, -87.62], [-133.18, -87.62], [-133.18, -87.6], [-133.76, -87.6], [-133.76, -87.58], [-134.32, -87.58], [-134.32, -87.56], [-134.88, -87.56], [-134.88, -87.54], [-135.44, -87.54], [-135.44, -87.52], [-136.01999999999998, -87.52], [-136.01999999999998, -87.5], [-137.14, -87.48], [-137.14, -87.46], [-137.7, -87.46], [-137.7, -87.44], [-138.28, -87.44], [-138.28, -87.42], [-139.4, -87.4], [-139.4, -87.38], [-139.96, -87.38], [-139.96, -87.36], [-140.54, -87.36], [-140.54, -87.34], [-141.1, -87.34], [-141.1, -87.32], [-141.66, -87.32], [-141.66, -87.3], [-142.78, -87.28], [-142.78, -87.26], [-143.36, -87.26], [-143.36, -87.24], [-143.92000000000002, -87.24], [-143.92000000000002, -87.22], [-144.12, -87.22], [-144.12, -87.24], [-144.32, -87.24], [-144.32, -87.26], [-144.5, -87.26], [-144.5, -87.28], [-144.7, -87.28], [-144.7, -87.3], [-145.06, -87.32], [-145.06, -87.34], [-145.26, -87.34], [-145.26, -87.36], [-145.62, -87.38], [-145.62, -87.4], [-145.82, -87.4], [-145.82, -87.42], [-146.0, -87.42], [-146.0, -87.44], [-146.2, -87.44], [-146.2, -87.46], [-146.38, -87.46], [-146.38, -87.48], [-146.56, -87.48], [-146.56, -87.5], [-146.76, -87.5], [-146.76, -87.52], [-146.94, -87.52], [-146.94, -87.54], [-147.12, -87.54], [-147.12, -87.56], [-147.32, -87.56], [-147.32, -87.58], [-147.5, -87.58], [-147.5, -87.6], [-147.7, -87.6], [-147.7, -87.62], [-148.06, -87.64], [-148.06, -87.66], [-148.44, -87.66], [-148.44, -87.64], [-149.28, -87.64], [-149.28, -87.62], [-149.84, -87.62], [-149.84, -87.6], [-150.4, -87.6], [-150.4, -87.58], [-151.52, -87.56], [-151.52, -87.54], [-152.1, -87.54], [-152.1, -87.52], [-152.66, -87.52], [-152.66, -87.5], [-153.78, -87.48], [-153.78, -87.46], [-154.34, -87.46], [-154.34, -87.44], [-154.57999999999998, -87.44], [-154.57999999999998, -87.46], [-154.76, -87.46], [-154.76, -87.48], [-154.96, -87.48], [-154.96, -87.5], [-155.14, -87.5], [-155.14, -87.52], [-155.32, -87.52], [-155.32, -87.54], [-155.52, -87.54], [-155.52, -87.56], [-155.88, -87.58], [-155.88, -87.6], [-156.07999999999998, -87.6], [-156.07999999999998, -87.62], [-156.26, -87.62], [-156.26, -87.64], [-156.46, -87.64], [-156.46, -87.66], [-156.86, -87.66], [-156.86, -87.64], [-156.92, -87.64], [-156.92, -87.66], [-156.96, -87.66], [-156.96, -87.64], [-157.64, -87.64], [-157.64, -87.62], [-158.07999999999998, -87.62], [-158.07999999999998, -87.64], [-158.26, -87.64], [-158.26, -87.66], [-158.9, -87.66], [-158.9, -87.64], [-159.52, -87.64], [-159.52, -87.62], [-160.16, -87.62], [-160.16, -87.6], [-160.78, -87.6], [-160.78, -87.58], [-161.42, -87.58], [-161.42, -87.56], [-162.7, -87.54], [-162.7, -87.52], [-163.34, -87.52], [-163.34, -87.5], [-163.96, -87.5], [-163.96, -87.48], [-164.6, -87.48], [-164.6, -87.46], [-165.24, -87.46], [-165.24, -87.44], [-165.88, -87.44], [-165.88, -87.42], [-167.16, -87.4], [-167.16, -87.38], [-167.8, -87.38], [-167.8, -87.36], [-168.42, -87.36], [-168.42, -87.34], [-169.06, -87.34], [-169.06, -87.32], [-169.7, -87.32], [-169.7, -87.3], [-170.34, -87.3], [-170.34, -87.28], [-170.8, -87.28], [-170.8, -87.26], [-171.16, -87.26], [-171.16, -87.24], [-171.3, -87.24], [-171.3, -87.26], [-171.74, -87.28], [-171.74, -87.3], [-171.94, -87.3], [-171.94, -87.32], [-172.16, -87.32], [-172.16, -87.34], [-172.38, -87.34], [-172.38, -87.36], [-172.6, -87.36], [-172.6, -87.38], [-172.82, -87.38], [-172.82, -87.4], [-173.04, -87.4], [-173.04, -87.42], [-173.26, -87.42], [-173.26, -87.44], [-173.48, -87.44], [-173.48, -87.46], [-173.7, -87.46], [-173.7, -87.48], [-173.92, -87.48], [-173.92, -87.5], [-174.14, -87.5], [-174.14, -87.52], [-174.36, -87.52], [-174.36, -87.54], [-174.58, -87.54], [-174.58, -87.56], [-174.8, -87.56], [-174.8, -87.58], [-175.02, -87.58], [-175.02, -87.6], [-175.24, -87.6], [-175.24, -87.62], [-175.46, -87.62], [-175.46, -87.64], [-176.34, -87.64], [-176.34, -87.62], [-177.1, -87.62], [-177.1, -87.6], [-177.84, -87.6], [-177.84, -87.58], [-178.6, -87.58], [-178.6, -87.56], [-179.36, -87.56], [-179.36, -87.54], [-180.0, -87.54], [-180.0, -90.0], [180.0, -90.0], [180.0, -87.54], [179.94, -87.54], [179.94, -87.52], [179.45999999999998, -87.52], [179.45999999999998, -87.5], [178.98000000000002, -87.5], [178.98000000000002, -87.48], [178.64, -87.48], [178.64, -87.5], [178.16000000000003, -87.52], [178.16000000000003, -87.54], [177.94, -87.54], [177.94, -87.56], [177.7, -87.56], [177.7, -87.58], [177.45999999999998, -87.58], [177.45999999999998, -87.6], [177.22000000000003, -87.6], [177.22000000000003, -87.62], [176.98000000000002, -87.62], [176.98000000000002, -87.64], [176.7, -87.64], [176.7, -87.62], [176.66000000000003, -87.62], [176.66000000000003, -87.64], [176.62, -87.64], [176.62, -87.62], [175.84000000000003, -87.62], [175.84000000000003, -87.6], [175.24, -87.6], [175.24, -87.58], [174.72000000000003, -87.58], [174.72000000000003, -87.56], [173.68, -87.54], [173.68, -87.52], [173.48000000000002, -87.52], [173.48000000000002, -87.54], [173.26, -87.54], [173.26, -87.56], [173.06, -87.56], [173.06, -87.58], [172.66000000000003, -87.6], [172.66000000000003, -87.62], [172.45999999999998, -87.62], [172.45999999999998, -87.64], [171.74, -87.64], [171.74, -87.62], [171.60000000000002, -87.62], [171.60000000000002, -87.64], [171.56, -87.64], [171.56, -87.62], [170.84000000000003, -87.62], [170.84000000000003, -87.6], [170.32, -87.6], [170.32, -87.58], [169.82, -87.58], [169.82, -87.56], [169.3, -87.56], [169.3, -87.54], [168.98000000000002, -87.54], [168.98000000000002, -87.56], [168.76, -87.56], [168.76, -87.58], [168.54000000000002, -87.58], [168.54000000000002, -87.6], [168.32, -87.6], [168.32, -87.62], [167.44, -87.62], [167.44, -87.6], [166.7, -87.6], [166.7, -87.58], [166.18, -87.58], [166.18, -87.56], [165.18, -87.54], [165.18, -87.52], [164.66000000000003, -87.52], [164.66000000000003, -87.5], [164.16000000000003, -87.5], [164.16000000000003, -87.48], [163.64, -87.48], [163.64, -87.46], [163.14, -87.46], [163.14, -87.44], [162.64, -87.44], [162.64, -87.42], [162.10000000000002, -87.42], [162.10000000000002, -87.4], [161.54000000000002, -87.4], [161.54000000000002, -87.38], [161.0, -87.38], [161.0, -87.36], [160.45999999999998, -87.36], [160.45999999999998, -87.34], [159.90000000000003, -87.34], [159.90000000000003, -87.32], [159.36, -87.32], [159.36, -87.3], [158.82, -87.3], [158.82, -87.28], [158.26, -87.28], [158.26, -87.26], [157.7, -87.26], [157.7, -87.24], [157.16000000000003, -87.24], [157.16000000000003, -87.22], [156.60000000000002, -87.22], [156.60000000000002, -87.2], [156.04000000000002, -87.2], [156.04000000000002, -87.18], [155.5, -87.18], [155.5, -87.16], [154.94, -87.16], [154.94, -87.14], [154.40000000000003, -87.14], [154.40000000000003, -87.12], [154.0, -87.12], [154.0, -87.14], [153.8, -87.14], [153.8, -87.16], [153.62, -87.16], [153.62, -87.18], [153.44, -87.18], [153.44, -87.2], [153.24, -87.2], [153.24, -87.22], [153.06, -87.22], [153.06, -87.24], [152.86, -87.24], [152.86, -87.26], [152.68, -87.26], [152.68, -87.28], [152.48000000000002, -87.28], [152.48000000000002, -87.3], [152.3, -87.3], [152.3, -87.32], [152.10000000000002, -87.32], [152.10000000000002, -87.34], [151.74, -87.36], [151.74, -87.38], [151.54000000000002, -87.38], [151.54000000000002, -87.4], [151.36, -87.4], [151.36, -87.42], [151.16000000000003, -87.42], [151.16000000000003, -87.44], [150.98000000000002, -87.44], [150.98000000000002, -87.46], [150.78000000000003, -87.46], [150.78000000000003, -87.48], [150.42000000000002, -87.5], [150.42000000000002, -87.52], [150.22000000000003, -87.52], [150.22000000000003, -87.54], [150.04000000000002, -87.54], [150.04000000000002, -87.56], [149.84000000000003, -87.56], [149.84000000000003, -87.58], [149.66000000000003, -87.58], [149.66000000000003, -87.6], [149.45999999999998, -87.6], [149.45999999999998, -87.62], [149.28000000000003, -87.62], [149.28000000000003, -87.64], [148.68, -87.64], [148.68, -87.62], [147.92000000000002, -87.62], [147.92000000000002, -87.6], [147.12, -87.6], [147.12, -87.58], [146.12, -87.56], [146.12, -87.54], [145.64, -87.54], [145.64, -87.52], [145.14, -87.52], [145.14, -87.5], [144.64, -87.5], [144.64, -87.48], [144.14, -87.48], [144.14, -87.46], [143.64, -87.46], [143.64, -87.44], [143.14, -87.44], [143.14, -87.42], [142.60000000000002, -87.42], [142.60000000000002, -87.44], [142.42000000000002, -87.44], [142.42000000000002, -87.46], [142.22000000000003, -87.46], [142.22000000000003, -87.48], [142.04000000000002, -87.48], [142.04000000000002, -87.5], [141.86, -87.5], [141.86, -87.52], [141.66000000000003, -87.52], [141.66000000000003, -87.54], [141.48000000000002, -87.54], [141.48000000000002, -87.56], [141.3, -87.56], [141.3, -87.58], [141.10000000000002, -87.58], [141.10000000000002, -87.6], [140.92000000000002, -87.6], [140.92000000000002, -87.62], [140.62, -87.62], [140.62, -87.6], [139.76, -87.6], [139.76, -87.58], [139.10000000000002, -87.58], [139.10000000000002, -87.56], [138.60000000000002, -87.56], [138.60000000000002, -87.54], [138.10000000000002, -87.54], [138.10000000000002, -87.52], [137.60000000000002, -87.52], [137.60000000000002, -87.5], [137.10000000000002, -87.5], [137.10000000000002, -87.48], [136.62, -87.48], [136.62, -87.46], [136.12, -87.46], [136.12, -87.44], [135.62, -87.44], [135.62, -87.42], [134.62, -87.4], [134.62, -87.38], [134.12, -87.38], [134.12, -87.36], [133.12, -87.34], [133.12, -87.32], [132.62, -87.32], [132.62, -87.3], [132.12, -87.3], [132.12, -87.28], [131.12, -87.26], [131.12, -87.24], [130.62, -87.24], [130.62, -87.22], [130.10000000000002, -87.22], [130.10000000000002, -87.2], [129.60000000000002, -87.2], [129.60000000000002, -87.18], [129.07999999999998, -87.18], [129.07999999999998, -87.16], [128.56, -87.16], [128.56, -87.14], [128.04000000000002, -87.14], [128.04000000000002, -87.12], [127.51999999999998, -87.12], [127.51999999999998, -87.1], [127.07999999999998, -87.1], [127.07999999999998, -87.12], [126.90000000000003, -87.12], [126.90000000000003, -87.14], [126.69999999999999, -87.14], [126.69999999999999, -87.16], [126.51999999999998, -87.16], [126.51999999999998, -87.18], [126.34000000000003, -87.18], [126.34000000000003, -87.2], [126.13999999999999, -87.2], [126.13999999999999, -87.22], [125.78000000000003, -87.24], [125.78000000000003, -87.26], [125.57999999999998, -87.26], [125.57999999999998, -87.28], [125.22000000000003, -87.3], [125.22000000000003, -87.32], [125.01999999999998, -87.32], [125.01999999999998, -87.34], [124.84000000000003, -87.34], [124.84000000000003, -87.36], [124.63999999999999, -87.36], [124.63999999999999, -87.38], [124.45999999999998, -87.38], [124.45999999999998, -87.4], [124.28000000000003, -87.4], [124.28000000000003, -87.42], [124.07999999999998, -87.42], [124.07999999999998, -87.44], [123.90000000000003, -87.44], [123.90000000000003, -87.46], [123.72000000000003, -87.46], [123.72000000000003, -87.48], [123.51999999999998, -87.48], [123.51999999999998, -87.5], [123.34000000000003, -87.5], [123.34000000000003, -87.52], [123.16000000000003, -87.52], [123.16000000000003, -87.54], [122.95999999999998, -87.54], [122.95999999999998, -87.56], [122.78000000000003, -87.56], [122.78000000000003, -87.58], [122.57999999999998, -87.58], [122.57999999999998, -87.6], [122.40000000000003, -87.6], [122.40000000000003, -87.62], [121.66000000000003, -87.62], [121.66000000000003, -87.6], [121.12, -87.6], [121.12, -87.58], [120.62, -87.58], [120.62, -87.56], [119.57999999999998, -87.54], [119.57999999999998, -87.52], [119.06, -87.52], [119.06, -87.5], [118.54000000000002, -87.5], [118.54000000000002, -87.48], [118.01999999999998, -87.48], [118.01999999999998, -87.46], [117.38, -87.46], [117.38, -87.48], [117.18, -87.48], [117.18, -87.5], [117.0, -87.5], [117.0, -87.52], [116.80000000000001, -87.52], [116.80000000000001, -87.54], [116.62, -87.54], [116.62, -87.56], [116.42000000000002, -87.56], [116.42000000000002, -87.58], [116.24000000000001, -87.58], [116.24000000000001, -87.6], [116.04000000000002, -87.6], [116.04000000000002, -87.62], [115.86000000000001, -87.62], [115.86000000000001, -87.64], [115.45999999999998, -87.66], [115.45999999999998, -87.64], [114.68, -87.64], [114.68, -87.62], [114.63999999999999, -87.62], [114.63999999999999, -87.64], [114.56, -87.64], [114.56, -87.62], [114.01999999999998, -87.62], [114.01999999999998, -87.6], [113.45999999999998, -87.6], [113.45999999999998, -87.58], [112.90000000000003, -87.58], [112.90000000000003, -87.56], [112.36000000000001, -87.56], [112.36000000000001, -87.54], [111.80000000000001, -87.54], [111.80000000000001, -87.52], [111.25999999999999, -87.52], [111.25999999999999, -87.5], [110.69999999999999, -87.5], [110.69999999999999, -87.48], [110.16000000000003, -87.48], [110.16000000000003, -87.46], [109.60000000000002, -87.46], [109.60000000000002, -87.44], [109.04000000000002, -87.44], [109.04000000000002, -87.42], [108.5, -87.42], [108.5, -87.4], [107.94, -87.4], [107.94, -87.38], [107.40000000000003, -87.38], [107.40000000000003, -87.36], [106.84000000000003, -87.36], [106.84000000000003, -87.34], [106.48000000000002, -87.34], [106.48000000000002, -87.36], [106.28000000000003, -87.36], [106.28000000000003, -87.38], [106.10000000000002, -87.38], [106.10000000000002, -87.4], [105.74000000000001, -87.42], [105.74000000000001, -87.44], [105.54000000000002, -87.44], [105.54000000000002, -87.46], [105.36000000000001, -87.46], [105.36000000000001, -87.48], [105.0, -87.5], [105.0, -87.52], [104.80000000000001, -87.52], [104.80000000000001, -87.54], [104.62, -87.54], [104.62, -87.56], [104.44, -87.56], [104.44, -87.58], [104.24000000000001, -87.58], [104.24000000000001, -87.6], [104.06, -87.6], [104.06, -87.62], [103.44, -87.62], [103.44, -87.6], [102.57999999999998, -87.6], [102.57999999999998, -87.58], [102.06, -87.58], [102.06, -87.56], [101.54000000000002, -87.56], [101.54000000000002, -87.54], [101.01999999999998, -87.54], [101.01999999999998, -87.52], [100.5, -87.52], [100.5, -87.5], [99.98000000000002, -87.5], [99.98000000000002, -87.48], [99.45999999999998, -87.48], [99.45999999999998, -87.46], [98.94, -87.46], [98.94, -87.44], [98.42000000000002, -87.44], [98.42000000000002, -87.42], [97.90000000000003, -87.42], [97.90000000000003, -87.4], [97.38, -87.4], [97.38, -87.38], [96.34000000000003, -87.36], [96.34000000000003, -87.34], [95.69999999999999, -87.34], [95.69999999999999, -87.36], [95.34000000000003, -87.38], [95.34000000000003, -87.4], [95.13999999999999, -87.4], [95.13999999999999, -87.42], [94.95999999999998, -87.42], [94.95999999999998, -87.44], [94.78000000000003, -87.44], [94.78000000000003, -87.46], [94.57999999999998, -87.46], [94.57999999999998, -87.48], [94.22000000000003, -87.5], [94.22000000000003, -87.52], [94.01999999999998, -87.52], [94.01999999999998, -87.54], [93.66000000000003, -87.56], [93.66000000000003, -87.58], [93.45999999999998, -87.58], [93.45999999999998, -87.6], [93.28000000000003, -87.6], [93.28000000000003, -87.62], [92.89999999999998, -87.62], [92.89999999999998, -87.6], [92.12, -87.6], [92.12, -87.58], [91.60000000000002, -87.58], [91.60000000000002, -87.56], [91.10000000000002, -87.56], [91.10000000000002, -87.54], [90.57999999999998, -87.54], [90.57999999999998, -87.52], [90.16000000000003, -87.52], [90.16000000000003, -87.54], [89.98000000000002, -87.54], [89.98000000000002, -87.56], [89.80000000000001, -87.56], [89.80000000000001, -87.58], [89.60000000000002, -87.58], [89.60000000000002, -87.6], [89.42000000000002, -87.6], [89.42000000000002, -87.62], [89.22000000000003, -87.62], [89.22000000000003, -87.64], [89.04000000000002, -87.64], [89.04000000000002, -87.66], [88.60000000000002, -87.66], [88.60000000000002, -87.64], [87.75999999999999, -87.64], [87.75999999999999, -87.62], [87.06, -87.62], [87.06, -87.6], [86.56, -87.6], [86.56, -87.58], [86.04000000000002, -87.58], [86.04000000000002, -87.56], [85.04000000000002, -87.54], [85.04000000000002, -87.52], [84.54000000000002, -87.52], [84.54000000000002, -87.5], [84.0, -87.5], [84.0, -87.48], [83.42000000000002, -87.48], [83.42000000000002, -87.46], [82.86000000000001, -87.46], [82.86000000000001, -87.44], [81.69999999999999, -87.42], [81.69999999999999, -87.4], [81.12, -87.4], [81.12, -87.38], [80.54000000000002, -87.38], [80.54000000000002, -87.36], [79.98000000000002, -87.36], [79.98000000000002, -87.34], [79.39999999999998, -87.34], [79.39999999999998, -87.32], [78.82, -87.32], [78.82, -87.3], [78.24000000000001, -87.3], [78.24000000000001, -87.28], [77.66000000000003, -87.28], [77.66000000000003, -87.26], [77.07999999999998, -87.26], [77.07999999999998, -87.24], [76.5, -87.24], [76.5, -87.22], [75.94, -87.22], [75.94, -87.2], [75.36000000000001, -87.2], [75.36000000000001, -87.18], [74.78, -87.18], [74.78, -87.2], [74.58000000000001, -87.2], [74.58000000000001, -87.22], [74.22, -87.24], [74.22, -87.26], [74.03999999999999, -87.26], [74.03999999999999, -87.28], [73.68, -87.3], [73.68, -87.32], [73.48000000000002, -87.32], [73.48000000000002, -87.34], [73.30000000000001, -87.34], [73.30000000000001, -87.36], [72.94, -87.38], [72.94, -87.4], [72.58000000000001, -87.42], [72.58000000000001, -87.44], [72.38, -87.44], [72.38, -87.46], [72.20000000000002, -87.46], [72.20000000000002, -87.48], [72.02000000000001, -87.48], [72.02000000000001, -87.5], [71.66, -87.52], [71.66, -87.54], [71.48000000000002, -87.54], [71.48000000000002, -87.56], [71.30000000000001, -87.56], [71.30000000000001, -87.58], [71.1, -87.58], [71.1, -87.6], [70.92000000000002, -87.6], [70.92000000000002, -87.62], [69.28, -87.6], [69.28, -87.58], [68.78, -87.58], [68.78, -87.56], [68.26000000000002, -87.56], [68.26000000000002, -87.54], [67.74000000000001, -87.54], [67.74000000000001, -87.52], [67.22, -87.52], [67.22, -87.5], [66.70000000000002, -87.5], [66.70000000000002, -87.48], [66.18, -87.48], [66.18, -87.46], [65.66, -87.46], [65.66, -87.44], [65.14000000000001, -87.44], [65.14000000000001, -87.42], [64.62, -87.42], [64.62, -87.4], [64.1, -87.4], [64.1, -87.38], [63.58000000000001, -87.38], [63.58000000000001, -87.36], [63.06, -87.36], [63.06, -87.34], [62.53999999999999, -87.34], [62.53999999999999, -87.32], [62.02000000000001, -87.32], [62.02000000000001, -87.3], [61.48000000000002, -87.3], [61.48000000000002, -87.28], [60.96000000000001, -87.28], [60.96000000000001, -87.26], [60.44, -87.26], [60.44, -87.24], [59.920000000000016, -87.24], [59.920000000000016, -87.22], [59.620000000000005, -87.22], [59.620000000000005, -87.24], [59.420000000000016, -87.24], [59.420000000000016, -87.26], [59.24000000000001, -87.26], [59.24000000000001, -87.28], [59.03999999999999, -87.28], [59.03999999999999, -87.3], [58.860000000000014, -87.3], [58.860000000000014, -87.32], [58.68000000000001, -87.32], [58.68000000000001, -87.34], [58.48000000000002, -87.34], [58.48000000000002, -87.36], [58.120000000000005, -87.38], [58.120000000000005, -87.4], [57.920000000000016, -87.4], [57.920000000000016, -87.42], [57.74000000000001, -87.42], [57.74000000000001, -87.44], [57.53999999999999, -87.44], [57.53999999999999, -87.46], [57.360000000000014, -87.46], [57.360000000000014, -87.48], [57.18000000000001, -87.48], [57.18000000000001, -87.5], [56.98000000000002, -87.5], [56.98000000000002, -87.52], [56.80000000000001, -87.52], [56.80000000000001, -87.54], [56.599999999999994, -87.54], [56.599999999999994, -87.56], [56.24000000000001, -87.58], [56.24000000000001, -87.6], [56.03999999999999, -87.6], [56.03999999999999, -87.62], [55.860000000000014, -87.62], [55.860000000000014, -87.64], [55.16, -87.64], [55.16, -87.62], [54.24000000000001, -87.62], [54.24000000000001, -87.64], [53.879999999999995, -87.64], [53.879999999999995, -87.62], [53.099999999999994, -87.62], [53.099999999999994, -87.6], [52.379999999999995, -87.6], [52.379999999999995, -87.58], [51.34, -87.56], [51.34, -87.54], [50.84, -87.54], [50.84, -87.52], [50.31999999999999, -87.52], [50.31999999999999, -87.5], [49.81999999999999, -87.5], [49.81999999999999, -87.48], [49.30000000000001, -87.48], [49.30000000000001, -87.46], [48.78, -87.46], [48.78, -87.44], [48.28, -87.44], [48.28, -87.42], [47.75999999999999, -87.42], [47.75999999999999, -87.4], [47.25999999999999, -87.4], [47.25999999999999, -87.38], [46.74000000000001, -87.38], [46.74000000000001, -87.36], [46.24000000000001, -87.36], [46.24000000000001, -87.34], [45.72, -87.34], [45.72, -87.32], [45.20000000000002, -87.32], [45.20000000000002, -87.3], [44.70000000000002, -87.3], [44.70000000000002, -87.28], [44.18000000000001, -87.28], [44.18000000000001, -87.26], [43.68000000000001, -87.26], [43.68000000000001, -87.24], [43.16, -87.24], [43.16, -87.22], [42.640000000000015, -87.22], [42.640000000000015, -87.2], [41.599999999999994, -87.18], [41.599999999999994, -87.16], [40.56, -87.14], [40.56, -87.12], [40.03999999999999, -87.12], [40.03999999999999, -87.1], [39.5, -87.1], [39.5, -87.08], [38.96000000000001, -87.08], [38.96000000000001, -87.06], [38.420000000000016, -87.06], [38.420000000000016, -87.04], [37.900000000000006, -87.04], [37.900000000000006, -87.02], [37.360000000000014, -87.02], [37.360000000000014, -87.0], [36.68000000000001, -87.0]]]}, "properties": {"areaKm2": 251031, "country": "Antarctica", "nearestPlace": "Troll Station (1894 km)", "lon": 0.0, "lat": -88.84, "west": -180.0, "south": -90.0, "east": 180.0, "north": -87.0, "otherDirectionPct": 34}}, {"type": "Feature", "geometry": {"type": "Polygon", "coordinates": [[[100.82, 20.019999999999996], [100.82, 19.999999999999996], [100.66, 19.979999999999997], [100.66, 19.959999999999997], [100.5, 19.939999999999998], [100.5, 19.919999999999995], [100.39999999999999, 19.919999999999995], [100.39999999999999, 19.899999999999995], [100.32, 19.899999999999995], [100.32, 19.879999999999995], [100.24, 19.879999999999995], [100.24, 19.859999999999996], [100.16, 19.859999999999996], [100.16, 19.839999999999996], [100.08, 19.839999999999996], [100.08, 19.819999999999997], [100.0, 19.819999999999997], [100.0, 19.799999999999997], [99.92, 19.799999999999997], [99.92, 19.779999999999998], [99.83999999999999, 19.779999999999998], [99.83999999999999, 19.759999999999994], [99.75999999999999, 19.759999999999994], [99.75999999999999, 19.739999999999995], [99.67999999999999, 19.739999999999995], [99.67999999999999, 19.719999999999995], [99.58, 19.719999999999995], [99.58, 19.699999999999996], [99.5, 19.699999999999996], [99.5, 19.679999999999996], [99.42, 19.679999999999996], [99.42, 19.659999999999997], [99.38, 19.659999999999997], [99.38, 19.639999999999997], [99.39999999999999, 19.639999999999997], [99.39999999999999, 19.559999999999995], [99.42, 19.559999999999995], [99.42, 19.479999999999997], [99.44, 19.479999999999997], [99.44, 19.419999999999995], [99.46, 19.419999999999995], [99.47999999999999, 19.259999999999994], [99.5, 19.259999999999994], [99.5, 19.179999999999996], [99.52, 19.179999999999996], [99.52, 19.119999999999997], [99.53999999999999, 19.119999999999997], [99.53999999999999, 19.039999999999996], [99.56, 19.039999999999996], [99.58, 18.879999999999995], [99.6, 18.879999999999995], [99.6, 18.819999999999997], [99.61999999999999, 18.819999999999997], [99.61999999999999, 18.739999999999995], [99.64, 18.739999999999995], [99.66, 18.579999999999995], [99.67999999999999, 18.579999999999995], [99.67999999999999, 18.519999999999996], [99.69999999999999, 18.519999999999996], [99.69999999999999, 18.439999999999998], [99.72, 18.439999999999998], [99.72, 18.359999999999996], [99.74, 18.359999999999996], [99.74, 18.279999999999998], [99.75999999999999, 18.279999999999998], [99.75999999999999, 18.219999999999995], [99.78, 18.219999999999995], [99.8, 18.059999999999995], [99.82, 18.059999999999995], [99.82, 17.959999999999997], [99.83999999999999, 17.959999999999997], [99.83999999999999, 17.879999999999995], [99.86, 17.879999999999995], [99.86, 17.799999999999997], [99.88, 17.799999999999997], [99.88, 17.739999999999995], [99.89999999999999, 17.739999999999995], [99.89999999999999, 17.699999999999996], [99.94, 17.699999999999996], [99.94, 17.719999999999995], [100.02, 17.719999999999995], [100.02, 17.739999999999995], [100.1, 17.739999999999995], [100.1, 17.759999999999994], [100.17999999999999, 17.759999999999994], [100.17999999999999, 17.779999999999994], [100.25999999999999, 17.779999999999994], [100.25999999999999, 17.799999999999997], [100.36, 17.799999999999997], [100.36, 17.819999999999997], [100.52, 17.839999999999996], [100.52, 17.859999999999996], [100.6, 17.859999999999996], [100.6, 17.879999999999995], [100.67999999999999, 17.879999999999995], [100.67999999999999, 17.899999999999995], [100.75999999999999, 17.899999999999995], [100.75999999999999, 17.919999999999995], [100.83999999999999, 17.919999999999995], [100.83999999999999, 17.939999999999998], [100.92, 17.939999999999998], [100.92, 17.959999999999997], [101.02, 17.959999999999997], [101.02, 17.979999999999997], [101.1, 17.979999999999997], [101.1, 17.999999999999996], [101.17999999999999, 17.999999999999996], [101.17999999999999, 18.019999999999996], [101.25999999999999, 18.019999999999996], [101.25999999999999, 18.039999999999996], [101.33999999999999, 18.039999999999996], [101.33999999999999, 18.059999999999995], [101.42, 18.059999999999995], [101.42, 18.079999999999995], [101.44, 18.079999999999995], [101.42, 18.199999999999996], [101.39999999999999, 18.199999999999996], [101.39999999999999, 18.279999999999998], [101.38, 18.279999999999998], [101.38, 18.359999999999996], [101.36, 18.359999999999996], [101.36, 18.419999999999995], [101.33999999999999, 18.419999999999995], [101.33999999999999, 18.499999999999996], [101.32, 18.499999999999996], [101.32, 18.579999999999995], [101.3, 18.579999999999995], [101.3, 18.639999999999997], [101.28, 18.639999999999997], [101.28, 18.719999999999995], [101.25999999999999, 18.719999999999995], [101.25999999999999, 18.779999999999998], [101.24, 18.779999999999998], [101.22, 18.939999999999998], [101.19999999999999, 18.939999999999998], [101.19999999999999, 18.999999999999996], [101.17999999999999, 18.999999999999996], [101.16, 19.159999999999997], [101.14, 19.159999999999997], [101.14, 19.219999999999995], [101.11999999999999, 19.219999999999995], [101.11999999999999, 19.299999999999997], [101.1, 19.299999999999997], [101.1, 19.359999999999996], [101.08, 19.359999999999996], [101.08, 19.439999999999998], [101.06, 19.439999999999998], [101.06, 19.499999999999996], [101.03999999999999, 19.499999999999996], [101.02, 19.659999999999997], [101.0, 19.659999999999997], [101.0, 19.719999999999995], [100.97999999999999, 19.719999999999995], [100.97999999999999, 19.799999999999997], [100.96, 19.799999999999997], [100.96, 19.859999999999996], [100.94, 19.859999999999996], [100.94, 19.939999999999998], [100.92, 19.939999999999998], [100.92, 19.999999999999996], [100.89999999999999, 19.999999999999996], [100.89999999999999, 20.019999999999996], [100.82, 20.019999999999996]]]}, "properties": {"areaKm2": 37476, "country": "Lao PDR, Thailand", "nearestPlace": "Nan (41 km)", "lon": 100.41, "lat": 18.87, "west": 99.38, "south": 17.7, "east": 101.44, "north": 20.02, "otherDirectionPct": 100}}, {"type": "Feature", "geometry": {"type": "Polygon", "coordinates": [[[0.400000000000017, 5.980000000000004], [0.400000000000017, 5.960000000000004], [0.30000000000001714, 5.960000000000004], [0.30000000000001714, 5.940000000000004], [0.140000000000017, 5.920000000000004], [0.140000000000017, 5.900000000000004], [0.04000000000001713, 5.900000000000004], [0.04000000000001713, 5.880000000000004], [-0.03999999999998294, 5.880000000000004], [-0.03999999999998294, 5.860000000000004], [-0.13999999999998303, 5.860000000000004], [-0.13999999999998303, 5.840000000000004], [-0.21999999999998288, 5.840000000000004], [-0.21999999999998288, 5.820000000000004], [-0.29999999999998295, 5.820000000000004], [-0.29999999999998295, 5.800000000000004], [-0.3999999999999829, 5.800000000000004], [-0.3999999999999829, 5.780000000000004], [-0.559999999999983, 5.760000000000004], [-0.559999999999983, 5.740000000000004], [-0.6599999999999829, 5.740000000000004], [-0.6599999999999829, 5.720000000000004], [-0.7399999999999829, 5.720000000000004], [-0.7399999999999829, 5.700000000000004], [-0.819999999999983, 5.700000000000004], [-0.819999999999983, 5.680000000000004], [-0.9199999999999829, 5.680000000000004], [-0.9199999999999829, 5.660000000000004], [-0.9999999999999829, 5.660000000000004], [-0.9999999999999829, 5.640000000000004], [-1.099999999999983, 5.640000000000004], [-1.099999999999983, 5.620000000000004], [-1.1799999999999828, 5.620000000000004], [-1.1799999999999828, 5.600000000000004], [-1.259999999999983, 5.600000000000004], [-1.259999999999983, 5.580000000000004], [-1.299999999999983, 5.580000000000004], [-1.299999999999983, 5.480000000000004], [-1.279999999999983, 5.480000000000004], [-1.279999999999983, 5.400000000000004], [-1.259999999999983, 5.400000000000004], [-1.259999999999983, 5.320000000000004], [-1.239999999999983, 5.320000000000004], [-1.239999999999983, 5.220000000000004], [-1.2199999999999829, 5.220000000000004], [-1.2199999999999829, 5.140000000000004], [-1.1799999999999828, 5.120000000000004], [-1.1599999999999828, 5.160000000000004], [-1.119999999999983, 5.160000000000004], [-1.119999999999983, 5.180000000000004], [-1.059999999999983, 5.180000000000004], [-1.059999999999983, 5.200000000000004], [-1.019999999999983, 5.200000000000004], [-1.019999999999983, 5.220000000000004], [-0.9999999999999829, 5.220000000000004], [-0.9999999999999829, 5.200000000000004], [-0.9199999999999829, 5.200000000000004], [-0.9199999999999829, 5.220000000000004], [-0.8999999999999829, 5.220000000000004], [-0.8999999999999829, 5.200000000000004], [-0.839999999999983, 5.200000000000004], [-0.839999999999983, 5.220000000000004], [-0.7799999999999829, 5.220000000000004], [-0.7599999999999829, 5.260000000000004], [-0.719999999999983, 5.280000000000004], [-0.719999999999983, 5.300000000000004], [-0.679999999999983, 5.300000000000004], [-0.679999999999983, 5.320000000000004], [-0.6599999999999829, 5.320000000000004], [-0.6599999999999829, 5.340000000000004], [-0.6199999999999829, 5.320000000000004], [-0.5999999999999829, 5.360000000000004], [-0.4999999999999829, 5.360000000000004], [-0.4999999999999829, 5.380000000000004], [-0.4799999999999829, 5.380000000000004], [-0.459999999999983, 5.4200000000000035], [-0.43999999999998296, 5.4200000000000035], [-0.43999999999998296, 5.440000000000004], [-0.41999999999998294, 5.440000000000004], [-0.41999999999998294, 5.460000000000004], [-0.3999999999999829, 5.460000000000004], [-0.3799999999999829, 5.5000000000000036], [-0.29999999999998295, 5.5000000000000036], [-0.29999999999998295, 5.520000000000004], [-0.2399999999999829, 5.520000000000004], [-0.2399999999999829, 5.540000000000004], [-0.17999999999998284, 5.540000000000004], [-0.17999999999998284, 5.560000000000004], [-0.059999999999982956, 5.580000000000004], [-0.059999999999982956, 5.600000000000004], [-0.01999999999998292, 5.600000000000004], [-0.01999999999998292, 5.620000000000004], [0.04000000000001713, 5.620000000000004], [0.04000000000001713, 5.640000000000004], [0.06000000000001715, 5.640000000000004], [0.06000000000001715, 5.680000000000004], [0.12000000000001698, 5.680000000000004], [0.140000000000017, 5.720000000000004], [0.18000000000001704, 5.720000000000004], [0.18000000000001704, 5.740000000000004], [0.2400000000000171, 5.740000000000004], [0.2400000000000171, 5.760000000000004], [0.2800000000000171, 5.760000000000004], [0.2800000000000171, 5.780000000000004], [0.4800000000000171, 5.780000000000004], [0.4800000000000171, 5.800000000000004], [0.46000000000001706, 5.800000000000004], [0.46000000000001706, 5.880000000000004], [0.44000000000001704, 5.880000000000004], [0.44000000000001704, 5.980000000000004], [0.400000000000017, 5.980000000000004]]]}, "properties": {"areaKm2": 7149, "country": "Ghana", "nearestPlace": "Winneba (25 km)", "lon": -0.74, "lat": 5.55, "west": -1.3, "south": 5.12, "east": 0.48, "north": 5.98, "otherDirectionPct": 100}}, {"type": "Feature", "geometry": {"type": "Polygon", "coordinates": [[[12.619999999999997, 23.0], [12.619999999999997, 22.98], [12.539999999999996, 22.98], [12.539999999999996, 22.96], [12.459999999999997, 22.96], [12.459999999999997, 22.94], [12.299999999999997, 22.92], [12.299999999999997, 22.9], [12.219999999999997, 22.9], [12.219999999999997, 22.88], [12.139999999999997, 22.88], [12.139999999999997, 22.86], [12.059999999999997, 22.86], [12.059999999999997, 22.84], [11.979999999999997, 22.84], [11.979999999999997, 22.82], [11.899999999999997, 22.82], [11.899999999999997, 22.8], [11.819999999999997, 22.8], [11.819999999999997, 22.78], [11.739999999999997, 22.78], [11.739999999999997, 22.76], [11.659999999999997, 22.76], [11.659999999999997, 22.74], [11.579999999999997, 22.74], [11.579999999999997, 22.72], [11.419999999999996, 22.7], [11.419999999999996, 22.68], [11.319999999999997, 22.68], [11.319999999999997, 22.66], [11.239999999999997, 22.66], [11.239999999999997, 22.64], [11.079999999999997, 22.62], [11.079999999999997, 22.6], [10.999999999999996, 22.6], [10.999999999999996, 22.58], [10.919999999999996, 22.58], [10.919999999999996, 22.56], [10.759999999999996, 22.54], [10.759999999999996, 22.52], [10.699999999999996, 22.52], [10.699999999999996, 22.56], [10.659999999999997, 22.56], [10.659999999999997, 22.54], [10.579999999999997, 22.54], [10.579999999999997, 22.52], [10.499999999999996, 22.52], [10.499999999999996, 22.5], [10.339999999999996, 22.48], [10.339999999999996, 22.46], [10.259999999999996, 22.46], [10.259999999999996, 22.44], [10.099999999999996, 22.42], [10.099999999999996, 22.4], [10.019999999999996, 22.4], [10.019999999999996, 22.38], [9.939999999999996, 22.38], [9.939999999999996, 22.36], [9.779999999999996, 22.34], [9.779999999999996, 22.32], [9.699999999999996, 22.32], [9.699999999999996, 22.3], [9.599999999999996, 22.3], [9.599999999999996, 22.28], [9.439999999999996, 22.26], [9.439999999999996, 22.24], [9.359999999999996, 22.24], [9.359999999999996, 22.22], [9.199999999999996, 22.2], [9.199999999999996, 22.18], [9.159999999999997, 22.18], [9.159999999999997, 22.12], [9.179999999999996, 22.12], [9.179999999999996, 22.06], [9.199999999999996, 22.06], [9.219999999999997, 21.9], [9.239999999999997, 21.9], [9.239999999999997, 21.88], [9.299999999999997, 21.88], [9.299999999999997, 21.9], [9.379999999999997, 21.9], [9.379999999999997, 21.92], [9.459999999999997, 21.92], [9.459999999999997, 21.94], [9.619999999999997, 21.96], [9.619999999999997, 21.98], [9.699999999999996, 21.98], [9.699999999999996, 22.0], [9.779999999999996, 22.0], [9.779999999999996, 22.02], [9.859999999999996, 22.02], [9.859999999999996, 22.04], [9.939999999999996, 22.04], [9.939999999999996, 22.06], [10.019999999999996, 22.06], [10.019999999999996, 22.08], [10.099999999999996, 22.08], [10.099999999999996, 22.1], [10.179999999999996, 22.1], [10.179999999999996, 22.12], [10.279999999999998, 22.12], [10.279999999999998, 22.14], [10.359999999999996, 22.14], [10.359999999999996, 22.16], [10.439999999999996, 22.16], [10.439999999999996, 22.18], [10.519999999999996, 22.18], [10.519999999999996, 22.2], [10.599999999999996, 22.2], [10.599999999999996, 22.22], [10.679999999999996, 22.22], [10.679999999999996, 22.24], [10.759999999999996, 22.24], [10.759999999999996, 22.26], [10.779999999999998, 22.26], [10.779999999999998, 22.34], [10.759999999999996, 22.34], [10.759999999999996, 22.4], [10.739999999999997, 22.4], [10.739999999999997, 22.48], [10.819999999999997, 22.48], [10.819999999999997, 22.5], [10.899999999999997, 22.5], [10.899999999999997, 22.52], [10.979999999999997, 22.52], [10.979999999999997, 22.54], [11.059999999999997, 22.54], [11.059999999999997, 22.56], [11.139999999999997, 22.56], [11.139999999999997, 22.58], [11.219999999999997, 22.58], [11.219999999999997, 22.6], [11.299999999999997, 22.6], [11.299999999999997, 22.62], [11.459999999999997, 22.64], [11.459999999999997, 22.66], [11.539999999999996, 22.66], [11.539999999999996, 22.68], [11.699999999999996, 22.7], [11.699999999999996, 22.72], [11.799999999999997, 22.72], [11.799999999999997, 22.74], [11.879999999999997, 22.74], [11.879999999999997, 22.76], [11.959999999999997, 22.76], [11.959999999999997, 22.78], [12.039999999999996, 22.78], [12.039999999999996, 22.8], [12.119999999999997, 22.8], [12.119999999999997, 22.82], [12.199999999999996, 22.82], [12.199999999999996, 22.84], [12.279999999999998, 22.84], [12.279999999999998, 22.86], [12.359999999999996, 22.86], [12.359999999999996, 22.88], [12.519999999999996, 22.9], [12.519999999999996, 22.92], [12.599999999999996, 22.92], [12.599999999999996, 22.94], [12.639999999999997, 22.94], [12.639999999999997, 23.0], [12.619999999999997, 23.0]]]}, "properties": {"areaKm2": 6925, "country": "Algeria, Niger", "nearestPlace": "Djado (259 km)", "lon": 10.46, "lat": 22.43, "west": 9.16, "south": 21.88, "east": 12.64, "north": 23.0, "otherDirectionPct": 95}}, {"type": "Feature", "geometry": {"type": "Polygon", "coordinates": [[[28.62000000000001, 17.539999999999992], [28.62000000000001, 17.519999999999992], [28.46000000000001, 17.499999999999993], [28.46000000000001, 17.479999999999993], [28.380000000000013, 17.479999999999993], [28.380000000000013, 17.459999999999994], [28.30000000000001, 17.459999999999994], [28.30000000000001, 17.43999999999999], [28.14000000000001, 17.41999999999999], [28.14000000000001, 17.39999999999999], [28.040000000000013, 17.39999999999999], [28.040000000000013, 17.379999999999992], [27.96000000000001, 17.379999999999992], [27.96000000000001, 17.359999999999992], [27.80000000000001, 17.339999999999993], [27.80000000000001, 17.319999999999993], [27.720000000000013, 17.319999999999993], [27.720000000000013, 17.299999999999994], [27.64000000000001, 17.299999999999994], [27.64000000000001, 17.27999999999999], [27.560000000000013, 17.27999999999999], [27.560000000000013, 17.25999999999999], [27.48000000000001, 17.25999999999999], [27.48000000000001, 17.23999999999999], [27.380000000000013, 17.23999999999999], [27.380000000000013, 17.21999999999999], [27.30000000000001, 17.21999999999999], [27.30000000000001, 17.199999999999992], [27.220000000000013, 17.199999999999992], [27.220000000000013, 17.179999999999993], [27.14000000000001, 17.179999999999993], [27.14000000000001, 17.159999999999993], [27.080000000000013, 17.159999999999993], [27.080000000000013, 17.07999999999999], [27.100000000000012, 17.07999999999999], [27.100000000000012, 16.999999999999993], [27.12000000000001, 16.999999999999993], [27.12000000000001, 16.91999999999999], [27.14000000000001, 16.91999999999999], [27.14000000000001, 16.859999999999992], [27.220000000000013, 16.859999999999992], [27.220000000000013, 16.879999999999992], [27.380000000000013, 16.89999999999999], [27.380000000000013, 16.91999999999999], [27.46000000000001, 16.91999999999999], [27.46000000000001, 16.93999999999999], [27.540000000000013, 16.93999999999999], [27.540000000000013, 16.959999999999994], [27.62000000000001, 16.959999999999994], [27.62000000000001, 16.979999999999993], [27.720000000000013, 16.979999999999993], [27.720000000000013, 16.999999999999993], [27.880000000000013, 17.019999999999992], [27.880000000000013, 17.039999999999992], [28.040000000000013, 17.05999999999999], [28.040000000000013, 17.07999999999999], [28.12000000000001, 17.07999999999999], [28.12000000000001, 17.09999999999999], [28.200000000000014, 17.09999999999999], [28.200000000000014, 17.11999999999999], [28.30000000000001, 17.11999999999999], [28.30000000000001, 17.139999999999993], [28.380000000000013, 17.139999999999993], [28.380000000000013, 17.159999999999993], [28.46000000000001, 17.159999999999993], [28.46000000000001, 17.179999999999993], [28.540000000000013, 17.179999999999993], [28.540000000000013, 17.199999999999992], [28.62000000000001, 17.199999999999992], [28.62000000000001, 17.21999999999999], [28.780000000000012, 17.23999999999999], [28.780000000000012, 17.27999999999999], [28.760000000000012, 17.27999999999999], [28.760000000000012, 17.359999999999992], [28.740000000000013, 17.359999999999992], [28.740000000000013, 17.41999999999999], [28.720000000000013, 17.41999999999999], [28.720000000000013, 17.499999999999993], [28.700000000000014, 17.499999999999993], [28.700000000000014, 17.539999999999992], [28.62000000000001, 17.539999999999992]]]}, "properties": {"areaKm2": 6141, "country": "Sudan", "nearestPlace": "Dongola (355 km)", "lon": 27.96, "lat": 17.21, "west": 27.08, "south": 16.86, "east": 28.78, "north": 17.54, "otherDirectionPct": 100}}, {"type": "Feature", "geometry": {"type": "Polygon", "coordinates": [[[-33.84, 77.5], [-33.82, 77.46], [-33.660000000000004, 77.46], [-33.660000000000004, 77.44], [-33.14, 77.44], [-33.14, 77.42], [-32.14, 77.4], [-32.14, 77.38], [-31.620000000000005, 77.38], [-31.620000000000005, 77.36], [-30.620000000000005, 77.34], [-30.620000000000005, 77.32], [-30.120000000000005, 77.32], [-30.120000000000005, 77.3], [-29.6, 77.3], [-29.6, 77.28], [-29.1, 77.28], [-29.1, 77.26], [-28.580000000000005, 77.26], [-28.580000000000005, 77.24], [-28.060000000000002, 77.24], [-28.060000000000002, 77.22], [-27.540000000000003, 77.22], [-27.540000000000003, 77.2], [-26.940000000000005, 77.2], [-26.940000000000005, 77.18], [-26.580000000000005, 77.18], [-26.580000000000005, 77.16], [-26.380000000000003, 77.16], [-26.380000000000003, 77.14], [-26.120000000000005, 77.14], [-26.120000000000005, 77.12], [-25.840000000000003, 77.12], [-25.840000000000003, 77.1], [-25.580000000000005, 77.1], [-25.580000000000005, 77.08], [-25.42, 77.08], [-25.42, 77.18], [-25.440000000000005, 77.18], [-25.440000000000005, 77.34], [-25.46, 77.34], [-25.46, 77.48], [-25.480000000000004, 77.48], [-25.480000000000004, 77.5], [-33.84, 77.5]]]}, "properties": {"areaKm2": 4808, "country": "Greenland", "nearestPlace": "Ittoqqortoormiit (978 km)", "lon": -27.52, "lat": 77.29, "west": -33.84, "south": 77.08, "east": -25.42, "north": 77.5, "otherDirectionPct": 57}}, {"type": "Feature", "geometry": {"type": "Polygon", "coordinates": [[[16.800000000000015, 29.479999999999997], [16.800000000000015, 29.459999999999997], [16.640000000000015, 29.439999999999998], [16.640000000000015, 29.419999999999998], [16.560000000000016, 29.419999999999998], [16.560000000000016, 29.4], [16.480000000000015, 29.4], [16.480000000000015, 29.379999999999995], [16.400000000000016, 29.379999999999995], [16.400000000000016, 29.359999999999996], [16.320000000000014, 29.359999999999996], [16.320000000000014, 29.339999999999996], [16.240000000000016, 29.339999999999996], [16.240000000000016, 29.319999999999997], [16.160000000000014, 29.319999999999997], [16.160000000000014, 29.299999999999997], [16.080000000000016, 29.299999999999997], [16.080000000000016, 29.279999999999998], [16.000000000000014, 29.279999999999998], [16.000000000000014, 29.259999999999998], [15.920000000000016, 29.259999999999998], [15.920000000000016, 29.24], [15.840000000000016, 29.24], [15.840000000000016, 29.219999999999995], [15.760000000000016, 29.219999999999995], [15.760000000000016, 29.199999999999996], [15.680000000000016, 29.199999999999996], [15.680000000000016, 29.179999999999996], [15.600000000000016, 29.179999999999996], [15.600000000000016, 29.159999999999997], [15.520000000000016, 29.159999999999997], [15.520000000000016, 29.139999999999997], [15.440000000000015, 29.139999999999997], [15.440000000000015, 29.119999999999997], [15.420000000000016, 29.119999999999997], [15.420000000000016, 29.059999999999995], [15.440000000000015, 29.059999999999995], [15.440000000000015, 28.979999999999997], [15.460000000000015, 28.979999999999997], [15.460000000000015, 28.919999999999998], [15.480000000000016, 28.919999999999998], [15.480000000000016, 28.859999999999996], [15.500000000000016, 28.859999999999996], [15.500000000000016, 28.839999999999996], [15.580000000000016, 28.839999999999996], [15.580000000000016, 28.859999999999996], [15.740000000000016, 28.879999999999995], [15.740000000000016, 28.9], [15.820000000000016, 28.9], [15.820000000000016, 28.919999999999998], [15.900000000000016, 28.919999999999998], [15.900000000000016, 28.939999999999998], [16.060000000000016, 28.959999999999997], [16.060000000000016, 28.979999999999997], [16.140000000000015, 28.979999999999997], [16.140000000000015, 28.999999999999996], [16.220000000000017, 28.999999999999996], [16.220000000000017, 29.019999999999996], [16.300000000000015, 29.019999999999996], [16.300000000000015, 29.039999999999996], [16.460000000000015, 29.059999999999995], [16.460000000000015, 29.08], [16.540000000000017, 29.08], [16.540000000000017, 29.099999999999998], [16.700000000000017, 29.119999999999997], [16.700000000000017, 29.139999999999997], [16.780000000000015, 29.139999999999997], [16.780000000000015, 29.159999999999997], [16.860000000000017, 29.159999999999997], [16.860000000000017, 29.179999999999996], [16.900000000000016, 29.179999999999996], [16.900000000000016, 29.24], [16.880000000000017, 29.24], [16.880000000000017, 29.299999999999997], [16.860000000000017, 29.299999999999997], [16.860000000000017, 29.359999999999996], [16.840000000000018, 29.359999999999996], [16.840000000000018, 29.419999999999998], [16.820000000000014, 29.419999999999998], [16.820000000000014, 29.479999999999997], [16.800000000000015, 29.479999999999997]]]}, "properties": {"areaKm2": 4792, "country": "Libya", "nearestPlace": "Hun (34 km)", "lon": 16.23, "lat": 29.17, "west": 15.42, "south": 28.84, "east": 16.9, "north": 29.48, "otherDirectionPct": 95}}, {"type": "Feature", "geometry": {"type": "Polygon", "coordinates": [[[7.879999999999997, 24.739999999999995], [7.879999999999997, 24.719999999999995], [7.799999999999997, 24.719999999999995], [7.799999999999997, 24.699999999999996], [7.719999999999998, 24.699999999999996], [7.719999999999998, 24.679999999999996], [7.559999999999998, 24.659999999999997], [7.559999999999998, 24.639999999999993], [7.479999999999998, 24.639999999999993], [7.479999999999998, 24.619999999999994], [7.319999999999998, 24.599999999999994], [7.319999999999998, 24.579999999999995], [7.239999999999998, 24.579999999999995], [7.239999999999998, 24.559999999999995], [7.159999999999998, 24.559999999999995], [7.159999999999998, 24.539999999999996], [7.079999999999998, 24.539999999999996], [7.079999999999998, 24.519999999999996], [6.999999999999998, 24.519999999999996], [6.999999999999998, 24.499999999999996], [6.919999999999998, 24.499999999999996], [6.919999999999998, 24.479999999999993], [6.839999999999998, 24.479999999999993], [6.839999999999998, 24.459999999999994], [6.759999999999998, 24.459999999999994], [6.759999999999998, 24.439999999999994], [6.679999999999998, 24.439999999999994], [6.679999999999998, 24.419999999999995], [6.599999999999998, 24.419999999999995], [6.599999999999998, 24.399999999999995], [6.499999999999998, 24.399999999999995], [6.499999999999998, 24.379999999999995], [6.419999999999998, 24.379999999999995], [6.419999999999998, 24.359999999999996], [6.259999999999998, 24.339999999999996], [6.259999999999998, 24.319999999999993], [6.179999999999998, 24.319999999999993], [6.179999999999998, 24.299999999999994], [6.019999999999998, 24.279999999999994], [6.019999999999998, 24.259999999999994], [5.999999999999998, 24.259999999999994], [5.999999999999998, 24.279999999999994], [5.939999999999998, 24.279999999999994], [5.939999999999998, 24.259999999999994], [5.859999999999998, 24.259999999999994], [5.859999999999998, 24.239999999999995], [5.6999999999999975, 24.219999999999995], [5.6999999999999975, 24.199999999999996], [5.619999999999997, 24.199999999999996], [5.619999999999997, 24.179999999999996], [5.459999999999997, 24.159999999999997], [5.459999999999997, 24.139999999999993], [5.299999999999998, 24.119999999999994], [5.299999999999998, 24.099999999999994], [5.219999999999998, 24.099999999999994], [5.219999999999998, 24.079999999999995], [5.139999999999998, 24.079999999999995], [5.139999999999998, 24.059999999999995], [5.059999999999998, 24.059999999999995], [5.059999999999998, 24.039999999999996], [4.979999999999998, 24.039999999999996], [4.979999999999998, 24.019999999999996], [4.899999999999998, 24.019999999999996], [4.899999999999998, 23.999999999999996], [4.799999999999998, 23.999999999999996], [4.799999999999998, 23.979999999999993], [4.719999999999998, 23.979999999999993], [4.719999999999998, 23.959999999999994], [4.639999999999998, 23.959999999999994], [4.639999999999998, 23.939999999999994], [4.559999999999998, 23.939999999999994], [4.559999999999998, 23.919999999999995], [4.479999999999998, 23.919999999999995], [4.479999999999998, 23.899999999999995], [4.439999999999998, 23.899999999999995], [4.439999999999998, 23.879999999999995], [4.459999999999997, 23.879999999999995], [4.459999999999997, 23.839999999999996], [4.539999999999997, 23.839999999999996], [4.539999999999997, 23.859999999999996], [4.639999999999998, 23.859999999999996], [4.639999999999998, 23.879999999999995], [4.719999999999998, 23.879999999999995], [4.719999999999998, 23.899999999999995], [4.799999999999998, 23.899999999999995], [4.799999999999998, 23.919999999999995], [4.959999999999997, 23.939999999999994], [4.959999999999997, 23.959999999999994], [5.119999999999997, 23.979999999999993], [5.119999999999997, 23.999999999999996], [5.1999999999999975, 23.999999999999996], [5.1999999999999975, 24.019999999999996], [5.279999999999998, 24.019999999999996], [5.279999999999998, 24.039999999999996], [5.359999999999998, 24.039999999999996], [5.359999999999998, 24.059999999999995], [5.439999999999998, 24.059999999999995], [5.439999999999998, 24.079999999999995], [5.519999999999998, 24.079999999999995], [5.519999999999998, 24.099999999999994], [5.599999999999998, 24.099999999999994], [5.599999999999998, 24.119999999999994], [5.679999999999998, 24.119999999999994], [5.679999999999998, 24.139999999999993], [5.759999999999998, 24.139999999999993], [5.759999999999998, 24.159999999999997], [5.839999999999998, 24.159999999999997], [5.839999999999998, 24.179999999999996], [5.919999999999998, 24.179999999999996], [5.919999999999998, 24.199999999999996], [5.999999999999998, 24.199999999999996], [5.999999999999998, 24.219999999999995], [6.079999999999998, 24.219999999999995], [6.079999999999998, 24.239999999999995], [6.1599999999999975, 24.239999999999995], [6.1599999999999975, 24.259999999999994], [6.2399999999999975, 24.259999999999994], [6.2399999999999975, 24.279999999999994], [6.339999999999998, 24.279999999999994], [6.339999999999998, 24.299999999999994], [6.419999999999998, 24.299999999999994], [6.419999999999998, 24.319999999999993], [6.479999999999998, 24.319999999999993], [6.479999999999998, 24.279999999999994], [6.519999999999998, 24.279999999999994], [6.519999999999998, 24.299999999999994], [6.679999999999998, 24.319999999999993], [6.679999999999998, 24.339999999999996], [6.759999999999998, 24.339999999999996], [6.759999999999998, 24.359999999999996], [6.839999999999998, 24.359999999999996], [6.839999999999998, 24.379999999999995], [6.919999999999998, 24.379999999999995], [6.919999999999998, 24.399999999999995], [6.999999999999998, 24.399999999999995], [6.999999999999998, 24.419999999999995], [7.159999999999998, 24.439999999999994], [7.159999999999998, 24.459999999999994], [7.259999999999998, 24.459999999999994], [7.259999999999998, 24.479999999999993], [7.339999999999998, 24.479999999999993], [7.339999999999998, 24.499999999999996], [7.419999999999998, 24.499999999999996], [7.419999999999998, 24.519999999999996], [7.499999999999998, 24.519999999999996], [7.499999999999998, 24.539999999999996], [7.579999999999998, 24.539999999999996], [7.579999999999998, 24.559999999999995], [7.659999999999998, 24.559999999999995], [7.659999999999998, 24.579999999999995], [7.739999999999998, 24.579999999999995], [7.739999999999998, 24.599999999999994], [7.819999999999998, 24.599999999999994], [7.819999999999998, 24.619999999999994], [7.899999999999998, 24.619999999999994], [7.899999999999998, 24.639999999999993], [7.959999999999997, 24.639999999999993], [7.959999999999997, 24.659999999999997], [7.939999999999998, 24.659999999999997], [7.939999999999998, 24.719999999999995], [7.919999999999998, 24.719999999999995], [7.919999999999998, 24.739999999999995], [7.879999999999997, 24.739999999999995]]]}, "properties": {"areaKm2": 3325, "country": "Algeria", "nearestPlace": "In Amguel (135 km)", "lon": 6.22, "lat": 24.29, "west": 4.44, "south": 23.84, "east": 7.96, "north": 24.74, "otherDirectionPct": 97}}, {"type": "Feature", "geometry": {"type": "Polygon", "coordinates": [[[11.999999999999996, 17.92], [11.999999999999996, 17.900000000000002], [11.919999999999995, 17.900000000000002], [11.919999999999995, 17.880000000000003], [11.839999999999996, 17.880000000000003], [11.839999999999996, 17.860000000000003], [11.739999999999995, 17.860000000000003], [11.739999999999995, 17.840000000000003], [11.659999999999995, 17.840000000000003], [11.659999999999995, 17.82], [11.579999999999995, 17.82], [11.579999999999995, 17.8], [11.499999999999996, 17.8], [11.499999999999996, 17.78], [11.419999999999995, 17.78], [11.419999999999995, 17.76], [11.339999999999996, 17.76], [11.339999999999996, 17.740000000000002], [11.179999999999996, 17.720000000000002], [11.179999999999996, 17.700000000000003], [11.079999999999995, 17.700000000000003], [11.079999999999995, 17.680000000000003], [10.999999999999995, 17.680000000000003], [10.999999999999995, 17.66], [10.919999999999995, 17.66], [10.919999999999995, 17.64], [10.839999999999996, 17.64], [10.839999999999996, 17.62], [10.759999999999996, 17.62], [10.759999999999996, 17.6], [10.679999999999996, 17.6], [10.679999999999996, 17.580000000000002], [10.599999999999996, 17.580000000000002], [10.599999999999996, 17.560000000000002], [10.519999999999996, 17.560000000000002], [10.519999999999996, 17.540000000000003], [10.419999999999995, 17.540000000000003], [10.419999999999995, 17.520000000000003], [10.379999999999995, 17.520000000000003], [10.379999999999995, 17.5], [10.399999999999995, 17.5], [10.399999999999995, 17.42], [10.419999999999995, 17.42], [10.419999999999995, 17.360000000000003], [10.439999999999996, 17.360000000000003], [10.439999999999996, 17.380000000000003], [10.519999999999996, 17.380000000000003], [10.519999999999996, 17.400000000000002], [10.679999999999996, 17.42], [10.679999999999996, 17.44], [10.759999999999996, 17.44], [10.759999999999996, 17.46], [10.859999999999996, 17.46], [10.859999999999996, 17.48], [11.019999999999996, 17.5], [11.019999999999996, 17.520000000000003], [11.099999999999996, 17.520000000000003], [11.099999999999996, 17.540000000000003], [11.179999999999996, 17.540000000000003], [11.179999999999996, 17.560000000000002], [11.259999999999996, 17.560000000000002], [11.259999999999996, 17.580000000000002], [11.339999999999996, 17.580000000000002], [11.339999999999996, 17.6], [11.439999999999996, 17.6], [11.439999999999996, 17.62], [11.519999999999996, 17.62], [11.519999999999996, 17.64], [11.599999999999996, 17.64], [11.599999999999996, 17.66], [11.679999999999996, 17.66], [11.679999999999996, 17.680000000000003], [11.839999999999996, 17.700000000000003], [11.839999999999996, 17.720000000000002], [11.919999999999995, 17.720000000000002], [11.919999999999995, 17.740000000000002], [11.999999999999996, 17.740000000000002], [11.999999999999996, 17.76], [12.059999999999995, 17.76], [12.059999999999995, 17.8], [12.039999999999996, 17.8], [12.039999999999996, 17.860000000000003], [12.019999999999996, 17.860000000000003], [12.019999999999996, 17.92], [11.999999999999996, 17.92]]]}, "properties": {"areaKm2": 3132, "country": "Niger", "nearestPlace": "Agadez (372 km)", "lon": 11.26, "lat": 17.65, "west": 10.38, "south": 17.36, "east": 12.06, "north": 17.92, "otherDirectionPct": 100}}, {"type": "Feature", "geometry": {"type": "Polygon", "coordinates": [[[-2.6199999999999886, 18.08], [-2.6199999999999886, 18.06], [-2.6999999999999886, 18.06], [-2.6999999999999886, 18.04], [-2.7799999999999887, 18.04], [-2.7799999999999887, 18.02], [-2.9399999999999884, 18.0], [-2.9399999999999884, 17.979999999999997], [-3.0199999999999885, 17.979999999999997], [-3.0199999999999885, 17.959999999999997], [-3.0999999999999885, 17.959999999999997], [-3.0999999999999885, 17.939999999999998], [-3.1999999999999886, 17.939999999999998], [-3.1999999999999886, 17.919999999999998], [-3.3599999999999888, 17.9], [-3.3599999999999888, 17.88], [-3.5199999999999885, 17.86], [-3.5199999999999885, 17.84], [-3.5999999999999885, 17.84], [-3.5999999999999885, 17.819999999999997], [-3.6799999999999886, 17.819999999999997], [-3.6799999999999886, 17.799999999999997], [-3.7599999999999887, 17.799999999999997], [-3.7599999999999887, 17.779999999999998], [-3.8599999999999888, 17.779999999999998], [-3.8599999999999888, 17.759999999999998], [-4.019999999999989, 17.74], [-4.019999999999989, 17.72], [-4.099999999999989, 17.72], [-4.099999999999989, 17.7], [-4.179999999999989, 17.7], [-4.179999999999989, 17.68], [-4.259999999999989, 17.68], [-4.259999999999989, 17.659999999999997], [-4.419999999999988, 17.639999999999997], [-4.419999999999988, 17.619999999999997], [-4.4999999999999885, 17.619999999999997], [-4.4999999999999885, 17.599999999999998], [-4.559999999999988, 17.599999999999998], [-4.559999999999988, 17.619999999999997], [-4.599999999999989, 17.619999999999997], [-4.599999999999989, 17.599999999999998], [-4.759999999999989, 17.58], [-4.759999999999989, 17.56], [-4.839999999999988, 17.56], [-4.839999999999988, 17.54], [-4.939999999999989, 17.54], [-4.939999999999989, 17.52], [-5.099999999999989, 17.5], [-5.099999999999989, 17.479999999999997], [-5.179999999999989, 17.479999999999997], [-5.179999999999989, 17.459999999999997], [-5.339999999999988, 17.439999999999998], [-5.339999999999988, 17.419999999999998], [-5.419999999999988, 17.419999999999998], [-5.419999999999988, 17.4], [-5.519999999999989, 17.4], [-5.519999999999989, 17.38], [-5.599999999999989, 17.38], [-5.599999999999989, 17.36], [-5.759999999999988, 17.34], [-5.759999999999988, 17.319999999999997], [-5.839999999999988, 17.319999999999997], [-5.839999999999988, 17.299999999999997], [-5.919999999999988, 17.299999999999997], [-5.919999999999988, 17.279999999999998], [-5.9999999999999885, 17.279999999999998], [-5.9999999999999885, 17.259999999999998], [-6.0799999999999885, 17.259999999999998], [-6.0799999999999885, 17.24], [-6.179999999999989, 17.24], [-6.199999999999989, 17.2], [-6.179999999999989, 17.2], [-6.179999999999989, 17.18], [-6.099999999999989, 17.18], [-6.099999999999989, 17.2], [-6.019999999999989, 17.2], [-6.019999999999989, 17.22], [-5.939999999999989, 17.22], [-5.939999999999989, 17.24], [-5.839999999999988, 17.24], [-5.839999999999988, 17.259999999999998], [-5.759999999999988, 17.259999999999998], [-5.759999999999988, 17.279999999999998], [-5.679999999999989, 17.279999999999998], [-5.679999999999989, 17.299999999999997], [-5.519999999999989, 17.319999999999997], [-5.519999999999989, 17.34], [-5.439999999999989, 17.34], [-5.439999999999989, 17.36], [-5.279999999999989, 17.38], [-5.279999999999989, 17.4], [-5.179999999999989, 17.4], [-5.179999999999989, 17.419999999999998], [-5.099999999999989, 17.419999999999998], [-5.099999999999989, 17.439999999999998], [-5.019999999999989, 17.439999999999998], [-5.019999999999989, 17.459999999999997], [-4.939999999999989, 17.459999999999997], [-4.939999999999989, 17.479999999999997], [-4.859999999999989, 17.479999999999997], [-4.859999999999989, 17.5], [-4.779999999999989, 17.5], [-4.779999999999989, 17.52], [-4.699999999999989, 17.52], [-4.699999999999989, 17.54], [-4.599999999999989, 17.54], [-4.599999999999989, 17.56], [-4.519999999999989, 17.56], [-4.519999999999989, 17.58], [-4.359999999999989, 17.599999999999998], [-4.359999999999989, 17.619999999999997], [-4.279999999999989, 17.619999999999997], [-4.279999999999989, 17.639999999999997], [-4.219999999999988, 17.639999999999997], [-4.219999999999988, 17.599999999999998], [-4.199999999999989, 17.599999999999998], [-4.199999999999989, 17.619999999999997], [-4.119999999999989, 17.619999999999997], [-4.119999999999989, 17.639999999999997], [-4.0399999999999885, 17.639999999999997], [-4.0399999999999885, 17.659999999999997], [-3.9599999999999884, 17.659999999999997], [-3.9599999999999884, 17.68], [-3.8599999999999888, 17.68], [-3.8599999999999888, 17.7], [-3.7799999999999887, 17.7], [-3.7799999999999887, 17.72], [-3.6999999999999886, 17.72], [-3.6999999999999886, 17.74], [-3.6199999999999886, 17.74], [-3.6199999999999886, 17.759999999999998], [-3.5399999999999885, 17.759999999999998], [-3.5399999999999885, 17.779999999999998], [-3.379999999999989, 17.799999999999997], [-3.379999999999989, 17.819999999999997], [-3.2999999999999887, 17.819999999999997], [-3.2999999999999887, 17.84], [-3.1999999999999886, 17.84], [-3.1999999999999886, 17.86], [-3.1199999999999886, 17.86], [-3.1199999999999886, 17.88], [-3.0399999999999885, 17.88], [-3.0399999999999885, 17.9], [-2.9599999999999884, 17.9], [-2.9599999999999884, 17.919999999999998], [-2.8799999999999883, 17.919999999999998], [-2.8799999999999883, 17.939999999999998], [-2.7999999999999887, 17.939999999999998], [-2.7999999999999887, 17.959999999999997], [-2.7199999999999886, 17.959999999999997], [-2.7199999999999886, 17.979999999999997], [-2.6399999999999886, 17.979999999999997], [-2.6399999999999886, 18.0], [-2.5799999999999885, 18.0], [-2.5799999999999885, 18.06], [-2.6199999999999886, 18.08]]]}, "properties": {"areaKm2": 2711, "country": "Mali, Mauritania", "nearestPlace": "Goundam (155 km)", "lon": -4.35, "lat": 17.63, "west": -6.2, "south": 17.18, "east": -2.58, "north": 18.08, "otherDirectionPct": 100}}, {"type": "Feature", "geometry": {"type": "Polygon", "coordinates": [[[19.720000000000013, 19.879999999999995], [19.720000000000013, 19.859999999999996], [19.640000000000015, 19.859999999999996], [19.640000000000015, 19.839999999999996], [19.560000000000016, 19.839999999999996], [19.560000000000016, 19.819999999999997], [19.400000000000016, 19.799999999999997], [19.400000000000016, 19.779999999999994], [19.300000000000015, 19.779999999999994], [19.300000000000015, 19.759999999999994], [19.220000000000013, 19.759999999999994], [19.220000000000013, 19.739999999999995], [19.060000000000016, 19.719999999999995], [19.060000000000016, 19.699999999999996], [18.980000000000015, 19.699999999999996], [18.980000000000015, 19.679999999999996], [18.900000000000016, 19.679999999999996], [18.900000000000016, 19.659999999999997], [18.740000000000016, 19.639999999999997], [18.740000000000016, 19.619999999999994], [18.660000000000014, 19.619999999999994], [18.660000000000014, 19.599999999999994], [18.580000000000016, 19.599999999999994], [18.580000000000016, 19.579999999999995], [18.480000000000015, 19.579999999999995], [18.480000000000015, 19.559999999999995], [18.320000000000014, 19.539999999999996], [18.320000000000014, 19.519999999999996], [18.240000000000016, 19.519999999999996], [18.240000000000016, 19.499999999999996], [18.160000000000014, 19.499999999999996], [18.160000000000014, 19.479999999999997], [18.140000000000015, 19.479999999999997], [18.140000000000015, 19.419999999999995], [18.160000000000014, 19.419999999999995], [18.160000000000014, 19.359999999999996], [18.240000000000016, 19.359999999999996], [18.240000000000016, 19.379999999999995], [18.320000000000014, 19.379999999999995], [18.320000000000014, 19.399999999999995], [18.400000000000016, 19.399999999999995], [18.400000000000016, 19.419999999999995], [18.480000000000015, 19.419999999999995], [18.480000000000015, 19.439999999999994], [18.560000000000016, 19.439999999999994], [18.560000000000016, 19.459999999999994], [18.640000000000015, 19.459999999999994], [18.640000000000015, 19.479999999999997], [18.800000000000015, 19.499999999999996], [18.800000000000015, 19.519999999999996], [18.880000000000013, 19.519999999999996], [18.880000000000013, 19.539999999999996], [18.960000000000015, 19.539999999999996], [18.960000000000015, 19.559999999999995], [19.060000000000016, 19.559999999999995], [19.060000000000016, 19.579999999999995], [19.140000000000015, 19.579999999999995], [19.140000000000015, 19.599999999999994], [19.220000000000013, 19.599999999999994], [19.220000000000013, 19.619999999999994], [19.300000000000015, 19.619999999999994], [19.300000000000015, 19.639999999999997], [19.380000000000013, 19.639999999999997], [19.380000000000013, 19.659999999999997], [19.460000000000015, 19.659999999999997], [19.460000000000015, 19.679999999999996], [19.540000000000013, 19.679999999999996], [19.540000000000013, 19.699999999999996], [19.620000000000015, 19.699999999999996], [19.620000000000015, 19.719999999999995], [19.700000000000014, 19.719999999999995], [19.700000000000014, 19.739999999999995], [19.780000000000015, 19.739999999999995], [19.780000000000015, 19.759999999999994], [19.820000000000014, 19.759999999999994], [19.820000000000014, 19.779999999999994], [19.800000000000015, 19.779999999999994], [19.800000000000015, 19.859999999999996], [19.780000000000015, 19.859999999999996], [19.780000000000015, 19.879999999999995], [19.720000000000013, 19.879999999999995]]]}, "properties": {"areaKm2": 2638, "country": "Chad", "nearestPlace": "Faya Largeau (191 km)", "lon": 19.02, "lat": 19.63, "west": 18.14, "south": 19.36, "east": 19.82, "north": 19.88, "otherDirectionPct": 82}}, {"type": "Feature", "geometry": {"type": "Polygon", "coordinates": [[[55.4, -20.86], [55.4, -20.88], [55.36, -20.88], [55.36, -20.9], [55.3, -20.9], [55.3, -20.919999999999998], [55.28, -20.919999999999998], [55.3, -20.96], [55.26, -20.98], [55.24, -21.02], [55.22, -21.02], [55.24, -21.099999999999998], [55.28, -21.12], [55.28, -21.16], [55.3, -21.16], [55.3, -21.22], [55.339999999999996, -21.24], [55.339999999999996, -21.28], [55.4, -21.28], [55.4, -21.3], [55.44, -21.3], [55.44, -21.32], [55.48, -21.32], [55.48, -21.34], [55.519999999999996, -21.34], [55.519999999999996, -21.36], [55.6, -21.36], [55.6, -21.38], [55.62, -21.38], [55.62, -21.36], [55.66, -21.36], [55.66, -21.38], [55.68, -21.38], [55.68, -21.36], [55.74, -21.36], [55.74, -21.34], [55.82, -21.34], [55.82, -21.24], [55.839999999999996, -21.24], [55.839999999999996, -21.18], [55.86, -21.18], [55.86, -21.14], [55.839999999999996, -21.14], [55.839999999999996, -21.12], [55.8, -21.12], [55.78, -21.08], [55.74, -21.06], [55.74, -21.02], [55.72, -21.02], [55.72, -20.98], [55.699999999999996, -20.98], [55.699999999999996, -20.919999999999998], [55.66, -20.919999999999998], [55.66, -20.9], [55.62, -20.9], [55.62, -20.88], [55.5, -20.88], [55.5, -20.86], [55.4, -20.86]]]}, "properties": {"areaKm2": 2589, "country": "France", "nearestPlace": "St.-Benoit (22 km)", "lon": 55.53, "lat": -21.11, "west": 55.22, "south": -21.38, "east": 55.86, "north": -20.86, "otherDirectionPct": 0}}, {"type": "Feature", "geometry": {"type": "Polygon", "coordinates": [[[21.220000000000002, 28.72], [21.220000000000002, 28.7], [21.060000000000002, 28.68], [21.060000000000002, 28.66], [20.980000000000004, 28.66], [20.980000000000004, 28.64], [20.900000000000002, 28.64], [20.900000000000002, 28.619999999999997], [20.820000000000004, 28.619999999999997], [20.820000000000004, 28.599999999999998], [20.740000000000002, 28.599999999999998], [20.740000000000002, 28.58], [20.580000000000005, 28.56], [20.580000000000005, 28.54], [20.500000000000004, 28.54], [20.500000000000004, 28.52], [20.42, 28.52], [20.42, 28.5], [20.260000000000005, 28.48], [20.260000000000005, 28.459999999999997], [20.180000000000003, 28.459999999999997], [20.180000000000003, 28.439999999999998], [20.100000000000005, 28.439999999999998], [20.100000000000005, 28.419999999999998], [20.020000000000003, 28.419999999999998], [20.020000000000003, 28.4], [19.940000000000005, 28.4], [19.940000000000005, 28.38], [19.860000000000003, 28.38], [19.860000000000003, 28.36], [19.780000000000005, 28.36], [19.780000000000005, 28.34], [19.620000000000005, 28.32], [19.620000000000005, 28.299999999999997], [19.540000000000003, 28.299999999999997], [19.540000000000003, 28.279999999999998], [19.460000000000004, 28.279999999999998], [19.460000000000004, 28.259999999999998], [19.380000000000003, 28.259999999999998], [19.380000000000003, 28.24], [19.300000000000004, 28.24], [19.300000000000004, 28.279999999999998], [19.260000000000005, 28.279999999999998], [19.260000000000005, 28.259999999999998], [19.180000000000003, 28.259999999999998], [19.180000000000003, 28.24], [19.100000000000005, 28.24], [19.100000000000005, 28.22], [19.020000000000003, 28.22], [19.020000000000003, 28.2], [18.860000000000003, 28.18], [18.860000000000003, 28.16], [18.780000000000005, 28.16], [18.780000000000005, 28.14], [18.700000000000003, 28.14], [18.700000000000003, 28.119999999999997], [18.540000000000003, 28.099999999999998], [18.540000000000003, 28.08], [18.460000000000004, 28.08], [18.460000000000004, 28.06], [18.380000000000003, 28.06], [18.380000000000003, 28.04], [18.300000000000004, 28.04], [18.300000000000004, 28.02], [18.220000000000002, 28.02], [18.220000000000002, 28.0], [18.140000000000004, 28.0], [18.140000000000004, 27.98], [18.060000000000002, 27.98], [18.060000000000002, 27.959999999999997], [17.980000000000004, 27.959999999999997], [17.980000000000004, 27.939999999999998], [17.900000000000002, 27.939999999999998], [17.900000000000002, 27.919999999999998], [17.840000000000003, 27.919999999999998], [17.840000000000003, 27.88], [17.860000000000003, 27.88], [17.860000000000003, 27.84], [17.880000000000003, 27.84], [17.880000000000003, 27.86], [17.960000000000004, 27.86], [17.960000000000004, 27.88], [18.120000000000005, 27.9], [18.120000000000005, 27.919999999999998], [18.200000000000003, 27.919999999999998], [18.200000000000003, 27.939999999999998], [18.280000000000005, 27.939999999999998], [18.280000000000005, 27.959999999999997], [18.360000000000003, 27.959999999999997], [18.360000000000003, 27.98], [18.440000000000005, 27.98], [18.440000000000005, 28.0], [18.520000000000003, 28.0], [18.520000000000003, 28.02], [18.600000000000005, 28.02], [18.600000000000005, 28.04], [18.680000000000003, 28.04], [18.680000000000003, 28.06], [18.840000000000003, 28.08], [18.840000000000003, 28.099999999999998], [18.940000000000005, 28.099999999999998], [18.940000000000005, 28.119999999999997], [19.020000000000003, 28.119999999999997], [19.020000000000003, 28.14], [19.100000000000005, 28.14], [19.100000000000005, 28.16], [19.260000000000005, 28.18], [19.260000000000005, 28.2], [19.42, 28.22], [19.42, 28.24], [19.500000000000004, 28.24], [19.500000000000004, 28.259999999999998], [19.580000000000002, 28.259999999999998], [19.580000000000002, 28.279999999999998], [19.740000000000002, 28.299999999999997], [19.740000000000002, 28.32], [19.820000000000004, 28.32], [19.820000000000004, 28.279999999999998], [19.840000000000003, 28.279999999999998], [19.840000000000003, 28.299999999999997], [19.92, 28.299999999999997], [19.92, 28.32], [20.000000000000004, 28.32], [20.000000000000004, 28.34], [20.080000000000005, 28.34], [20.080000000000005, 28.36], [20.160000000000004, 28.36], [20.160000000000004, 28.38], [20.240000000000002, 28.38], [20.240000000000002, 28.4], [20.320000000000004, 28.4], [20.320000000000004, 28.419999999999998], [20.400000000000002, 28.419999999999998], [20.400000000000002, 28.439999999999998], [20.480000000000004, 28.439999999999998], [20.480000000000004, 28.459999999999997], [20.560000000000002, 28.459999999999997], [20.560000000000002, 28.48], [20.640000000000004, 28.48], [20.640000000000004, 28.5], [20.720000000000002, 28.5], [20.720000000000002, 28.52], [20.800000000000004, 28.52], [20.800000000000004, 28.54], [20.880000000000003, 28.54], [20.880000000000003, 28.56], [20.960000000000004, 28.56], [20.960000000000004, 28.58], [21.040000000000003, 28.58], [21.040000000000003, 28.599999999999998], [21.120000000000005, 28.599999999999998], [21.120000000000005, 28.619999999999997], [21.200000000000003, 28.619999999999997], [21.200000000000003, 28.64], [21.260000000000005, 28.64], [21.260000000000005, 28.68], [21.240000000000002, 28.68], [21.240000000000002, 28.72], [21.220000000000002, 28.72]]]}, "properties": {"areaKm2": 2554, "country": "Libya", "nearestPlace": "Maradah (113 km)", "lon": 19.6, "lat": 28.29, "west": 17.84, "south": 27.84, "east": 21.26, "north": 28.72, "otherDirectionPct": 98}}, {"type": "Feature", "geometry": {"type": "Polygon", "coordinates": [[[-11.360000000000003, 19.379999999999995], [-11.360000000000003, 19.359999999999996], [-11.440000000000003, 19.359999999999996], [-11.440000000000003, 19.339999999999996], [-11.520000000000003, 19.339999999999996], [-11.520000000000003, 19.319999999999997], [-11.620000000000003, 19.319999999999997], [-11.620000000000003, 19.299999999999997], [-11.700000000000003, 19.299999999999997], [-11.700000000000003, 19.279999999999994], [-11.780000000000003, 19.279999999999994], [-11.780000000000003, 19.259999999999994], [-11.860000000000003, 19.259999999999994], [-11.860000000000003, 19.239999999999995], [-11.940000000000003, 19.239999999999995], [-11.940000000000003, 19.219999999999995], [-12.020000000000003, 19.219999999999995], [-12.020000000000003, 19.199999999999996], [-12.100000000000003, 19.199999999999996], [-12.100000000000003, 19.179999999999996], [-12.180000000000003, 19.179999999999996], [-12.180000000000003, 19.159999999999997], [-12.260000000000003, 19.159999999999997], [-12.260000000000003, 19.139999999999997], [-12.340000000000003, 19.139999999999997], [-12.340000000000003, 19.119999999999994], [-12.440000000000003, 19.119999999999994], [-12.440000000000003, 19.099999999999994], [-12.520000000000003, 19.099999999999994], [-12.520000000000003, 19.079999999999995], [-12.600000000000003, 19.079999999999995], [-12.600000000000003, 19.059999999999995], [-12.680000000000003, 19.059999999999995], [-12.680000000000003, 19.039999999999996], [-12.760000000000003, 19.039999999999996], [-12.760000000000003, 19.019999999999996], [-12.840000000000003, 19.019999999999996], [-12.840000000000003, 18.999999999999996], [-12.920000000000003, 18.999999999999996], [-12.920000000000003, 18.979999999999997], [-13.000000000000004, 18.979999999999997], [-13.000000000000004, 18.959999999999994], [-13.160000000000004, 18.939999999999994], [-13.160000000000004, 18.919999999999995], [-13.240000000000004, 18.919999999999995], [-13.240000000000004, 18.939999999999994], [-13.340000000000003, 18.939999999999994], [-13.340000000000003, 18.919999999999995], [-13.420000000000003, 18.919999999999995], [-13.420000000000003, 18.899999999999995], [-13.500000000000004, 18.899999999999995], [-13.500000000000004, 18.879999999999995], [-13.660000000000004, 18.859999999999996], [-13.660000000000004, 18.839999999999996], [-13.740000000000004, 18.839999999999996], [-13.740000000000004, 18.819999999999997], [-13.900000000000004, 18.799999999999997], [-13.900000000000004, 18.779999999999994], [-13.980000000000004, 18.779999999999994], [-13.980000000000004, 18.759999999999994], [-14.080000000000004, 18.759999999999994], [-14.080000000000004, 18.739999999999995], [-14.160000000000004, 18.739999999999995], [-14.160000000000004, 18.719999999999995], [-14.240000000000004, 18.719999999999995], [-14.240000000000004, 18.699999999999996], [-14.400000000000004, 18.679999999999996], [-14.400000000000004, 18.659999999999997], [-14.480000000000004, 18.659999999999997], [-14.480000000000004, 18.639999999999997], [-14.560000000000004, 18.639999999999997], [-14.560000000000004, 18.619999999999994], [-14.640000000000004, 18.619999999999994], [-14.640000000000004, 18.599999999999994], [-14.720000000000004, 18.599999999999994], [-14.720000000000004, 18.579999999999995], [-14.820000000000004, 18.579999999999995], [-14.840000000000003, 18.539999999999996], [-14.820000000000004, 18.539999999999996], [-14.820000000000004, 18.499999999999996], [-14.780000000000003, 18.499999999999996], [-14.780000000000003, 18.519999999999996], [-14.680000000000003, 18.519999999999996], [-14.680000000000003, 18.539999999999996], [-14.600000000000003, 18.539999999999996], [-14.600000000000003, 18.559999999999995], [-14.520000000000003, 18.559999999999995], [-14.520000000000003, 18.579999999999995], [-14.440000000000003, 18.579999999999995], [-14.440000000000003, 18.599999999999994], [-14.360000000000003, 18.599999999999994], [-14.360000000000003, 18.619999999999994], [-14.280000000000003, 18.619999999999994], [-14.280000000000003, 18.639999999999997], [-14.200000000000003, 18.639999999999997], [-14.200000000000003, 18.659999999999997], [-14.040000000000003, 18.679999999999996], [-14.040000000000003, 18.699999999999996], [-13.940000000000003, 18.699999999999996], [-13.940000000000003, 18.719999999999995], [-13.860000000000003, 18.719999999999995], [-13.860000000000003, 18.739999999999995], [-13.700000000000003, 18.759999999999994], [-13.700000000000003, 18.779999999999994], [-13.620000000000003, 18.779999999999994], [-13.620000000000003, 18.799999999999997], [-13.540000000000003, 18.799999999999997], [-13.540000000000003, 18.819999999999997], [-13.460000000000003, 18.819999999999997], [-13.460000000000003, 18.839999999999996], [-13.300000000000004, 18.859999999999996], [-13.300000000000004, 18.879999999999995], [-13.200000000000003, 18.879999999999995], [-13.200000000000003, 18.899999999999995], [-13.120000000000003, 18.899999999999995], [-13.120000000000003, 18.919999999999995], [-12.960000000000003, 18.939999999999994], [-12.960000000000003, 18.959999999999994], [-12.880000000000003, 18.959999999999994], [-12.880000000000003, 18.939999999999994], [-12.860000000000003, 18.939999999999994], [-12.860000000000003, 18.959999999999994], [-12.780000000000003, 18.959999999999994], [-12.780000000000003, 18.979999999999997], [-12.700000000000003, 18.979999999999997], [-12.700000000000003, 18.999999999999996], [-12.540000000000003, 19.019999999999996], [-12.540000000000003, 19.039999999999996], [-12.460000000000004, 19.039999999999996], [-12.460000000000004, 19.059999999999995], [-12.380000000000003, 19.059999999999995], [-12.380000000000003, 19.079999999999995], [-12.300000000000004, 19.079999999999995], [-12.300000000000004, 19.099999999999994], [-12.200000000000003, 19.099999999999994], [-12.200000000000003, 19.119999999999994], [-12.120000000000003, 19.119999999999994], [-12.120000000000003, 19.139999999999997], [-12.040000000000003, 19.139999999999997], [-12.040000000000003, 19.159999999999997], [-11.960000000000004, 19.159999999999997], [-11.960000000000004, 19.179999999999996], [-11.880000000000003, 19.179999999999996], [-11.880000000000003, 19.199999999999996], [-11.800000000000004, 19.199999999999996], [-11.800000000000004, 19.219999999999995], [-11.720000000000002, 19.219999999999995], [-11.720000000000002, 19.239999999999995], [-11.640000000000004, 19.239999999999995], [-11.640000000000004, 19.259999999999994], [-11.560000000000002, 19.259999999999994], [-11.560000000000002, 19.279999999999994], [-11.480000000000004, 19.279999999999994], [-11.480000000000004, 19.299999999999997], [-11.380000000000003, 19.299999999999997], [-11.380000000000003, 19.319999999999997], [-11.300000000000004, 19.319999999999997], [-11.300000000000004, 19.339999999999996], [-11.280000000000003, 19.339999999999996], [-11.300000000000004, 19.379999999999995], [-11.360000000000003, 19.379999999999995]]]}, "properties": {"areaKm2": 2434, "country": "Mauritania", "nearestPlace": "Atar (174 km)", "lon": -13.02, "lat": 18.95, "west": -14.84, "south": 18.5, "east": -11.28, "north": 19.38, "otherDirectionPct": 100}}, {"type": "Feature", "geometry": {"type": "Polygon", "coordinates": [[[4.5200000000000085, 22.179999999999993], [4.5200000000000085, 22.159999999999993], [4.440000000000008, 22.159999999999993], [4.440000000000008, 22.139999999999993], [4.360000000000008, 22.139999999999993], [4.360000000000008, 22.119999999999994], [4.280000000000008, 22.119999999999994], [4.280000000000008, 22.099999999999994], [4.200000000000008, 22.099999999999994], [4.200000000000008, 22.07999999999999], [4.120000000000008, 22.07999999999999], [4.120000000000008, 22.05999999999999], [4.040000000000008, 22.05999999999999], [4.040000000000008, 22.039999999999992], [3.960000000000008, 22.039999999999992], [3.960000000000008, 22.019999999999992], [3.880000000000008, 22.019999999999992], [3.880000000000008, 21.999999999999993], [3.7800000000000082, 21.999999999999993], [3.7800000000000082, 21.979999999999993], [3.700000000000008, 21.979999999999993], [3.700000000000008, 21.959999999999994], [3.620000000000008, 21.959999999999994], [3.620000000000008, 21.939999999999994], [3.540000000000008, 21.939999999999994], [3.540000000000008, 21.91999999999999], [3.460000000000008, 21.91999999999999], [3.460000000000008, 21.89999999999999], [3.380000000000008, 21.89999999999999], [3.380000000000008, 21.879999999999992], [3.300000000000008, 21.879999999999992], [3.300000000000008, 21.859999999999992], [3.2200000000000077, 21.859999999999992], [3.2200000000000077, 21.839999999999993], [3.060000000000008, 21.819999999999993], [3.060000000000008, 21.799999999999994], [2.980000000000008, 21.799999999999994], [2.980000000000008, 21.779999999999994], [2.960000000000008, 21.779999999999994], [2.960000000000008, 21.71999999999999], [2.980000000000008, 21.71999999999999], [2.980000000000008, 21.659999999999993], [3.000000000000008, 21.659999999999993], [3.000000000000008, 21.679999999999993], [3.080000000000008, 21.679999999999993], [3.080000000000008, 21.699999999999992], [3.240000000000008, 21.71999999999999], [3.240000000000008, 21.73999999999999], [3.320000000000008, 21.73999999999999], [3.320000000000008, 21.75999999999999], [3.400000000000008, 21.75999999999999], [3.400000000000008, 21.779999999999994], [3.500000000000008, 21.779999999999994], [3.500000000000008, 21.799999999999994], [3.580000000000008, 21.799999999999994], [3.580000000000008, 21.819999999999993], [3.660000000000008, 21.819999999999993], [3.660000000000008, 21.839999999999993], [3.740000000000008, 21.839999999999993], [3.740000000000008, 21.859999999999992], [3.820000000000008, 21.859999999999992], [3.820000000000008, 21.879999999999992], [3.900000000000008, 21.879999999999992], [3.900000000000008, 21.89999999999999], [3.980000000000008, 21.89999999999999], [3.980000000000008, 21.91999999999999], [4.060000000000008, 21.91999999999999], [4.060000000000008, 21.939999999999994], [4.140000000000008, 21.939999999999994], [4.140000000000008, 21.959999999999994], [4.220000000000008, 21.959999999999994], [4.220000000000008, 21.979999999999993], [4.300000000000008, 21.979999999999993], [4.300000000000008, 21.999999999999993], [4.380000000000008, 21.999999999999993], [4.380000000000008, 22.019999999999992], [4.460000000000008, 22.019999999999992], [4.460000000000008, 22.039999999999992], [4.540000000000008, 22.039999999999992], [4.540000000000008, 22.05999999999999], [4.6000000000000085, 22.05999999999999], [4.6000000000000085, 22.07999999999999], [4.580000000000008, 22.07999999999999], [4.580000000000008, 22.139999999999993], [4.560000000000008, 22.139999999999993], [4.560000000000008, 22.179999999999993], [4.5200000000000085, 22.179999999999993]]]}, "properties": {"areaKm2": 2331, "country": "Algeria", "nearestPlace": "Tamanrasset (214 km)", "lon": 3.8, "lat": 21.93, "west": 2.96, "south": 21.66, "east": 4.6, "north": 22.18, "otherDirectionPct": 100}}, {"type": "Feature", "geometry": {"type": "Polygon", "coordinates": [[[12.380000000000008, 23.700000000000003], [12.380000000000008, 23.680000000000003], [12.300000000000008, 23.680000000000003], [12.300000000000008, 23.660000000000004], [12.220000000000008, 23.660000000000004], [12.220000000000008, 23.640000000000004], [12.140000000000008, 23.640000000000004], [12.140000000000008, 23.620000000000005], [12.060000000000008, 23.620000000000005], [12.060000000000008, 23.6], [11.980000000000008, 23.6], [11.980000000000008, 23.580000000000002], [11.820000000000007, 23.560000000000002], [11.820000000000007, 23.540000000000003], [11.740000000000009, 23.540000000000003], [11.740000000000009, 23.520000000000003], [11.660000000000007, 23.520000000000003], [11.660000000000007, 23.500000000000004], [11.580000000000009, 23.500000000000004], [11.580000000000009, 23.480000000000004], [11.420000000000009, 23.460000000000004], [11.420000000000009, 23.44], [11.340000000000007, 23.44], [11.340000000000007, 23.42], [11.240000000000009, 23.42], [11.240000000000009, 23.400000000000002], [11.160000000000007, 23.400000000000002], [11.160000000000007, 23.380000000000003], [11.080000000000009, 23.380000000000003], [11.080000000000009, 23.360000000000003], [10.920000000000009, 23.340000000000003], [10.920000000000009, 23.320000000000004], [10.760000000000009, 23.300000000000004], [10.760000000000009, 23.28], [10.680000000000009, 23.28], [10.680000000000009, 23.26], [10.520000000000008, 23.240000000000002], [10.520000000000008, 23.220000000000002], [10.460000000000008, 23.220000000000002], [10.460000000000008, 23.26], [10.420000000000009, 23.26], [10.420000000000009, 23.240000000000002], [10.340000000000009, 23.240000000000002], [10.340000000000009, 23.220000000000002], [10.260000000000009, 23.220000000000002], [10.260000000000009, 23.200000000000003], [10.100000000000009, 23.180000000000003], [10.100000000000009, 23.160000000000004], [10.020000000000008, 23.160000000000004], [10.020000000000008, 23.140000000000004], [9.860000000000008, 23.120000000000005], [9.860000000000008, 23.1], [9.780000000000008, 23.1], [9.780000000000008, 23.080000000000002], [9.620000000000008, 23.060000000000002], [9.620000000000008, 23.040000000000003], [9.520000000000008, 23.040000000000003], [9.520000000000008, 23.020000000000003], [9.440000000000008, 23.020000000000003], [9.440000000000008, 23.000000000000004], [9.280000000000008, 22.980000000000004], [9.280000000000008, 22.960000000000004], [9.200000000000008, 22.960000000000004], [9.200000000000008, 22.94], [9.120000000000008, 22.94], [9.120000000000008, 22.92], [8.960000000000008, 22.900000000000002], [8.960000000000008, 22.840000000000003], [9.000000000000007, 22.820000000000004], [9.000000000000007, 22.840000000000003], [9.080000000000007, 22.840000000000003], [9.080000000000007, 22.860000000000003], [9.160000000000007, 22.860000000000003], [9.160000000000007, 22.880000000000003], [9.320000000000007, 22.900000000000002], [9.320000000000007, 22.92], [9.400000000000007, 22.92], [9.400000000000007, 22.94], [9.480000000000008, 22.94], [9.480000000000008, 22.960000000000004], [9.560000000000008, 22.960000000000004], [9.560000000000008, 22.980000000000004], [9.640000000000008, 22.980000000000004], [9.640000000000008, 23.000000000000004], [9.740000000000007, 23.000000000000004], [9.740000000000007, 23.020000000000003], [9.820000000000007, 23.020000000000003], [9.820000000000007, 23.040000000000003], [9.900000000000007, 23.040000000000003], [9.900000000000007, 23.060000000000002], [9.980000000000008, 23.060000000000002], [9.980000000000008, 23.080000000000002], [10.060000000000008, 23.080000000000002], [10.060000000000008, 23.1], [10.140000000000008, 23.1], [10.140000000000008, 23.120000000000005], [10.220000000000008, 23.120000000000005], [10.220000000000008, 23.140000000000004], [10.300000000000008, 23.140000000000004], [10.300000000000008, 23.160000000000004], [10.380000000000008, 23.160000000000004], [10.380000000000008, 23.180000000000003], [10.460000000000008, 23.180000000000003], [10.460000000000008, 23.200000000000003], [10.540000000000008, 23.200000000000003], [10.540000000000008, 23.220000000000002], [10.700000000000008, 23.240000000000002], [10.700000000000008, 23.26], [10.780000000000008, 23.26], [10.780000000000008, 23.28], [10.860000000000008, 23.28], [10.860000000000008, 23.300000000000004], [10.980000000000008, 23.28], [10.980000000000008, 23.300000000000004], [11.060000000000008, 23.300000000000004], [11.060000000000008, 23.320000000000004], [11.140000000000008, 23.320000000000004], [11.140000000000008, 23.340000000000003], [11.220000000000008, 23.340000000000003], [11.220000000000008, 23.360000000000003], [11.300000000000008, 23.360000000000003], [11.300000000000008, 23.380000000000003], [11.380000000000008, 23.380000000000003], [11.380000000000008, 23.400000000000002], [11.460000000000008, 23.400000000000002], [11.460000000000008, 23.42], [11.540000000000008, 23.42], [11.540000000000008, 23.44], [11.620000000000008, 23.44], [11.620000000000008, 23.460000000000004], [11.720000000000008, 23.460000000000004], [11.720000000000008, 23.480000000000004], [11.800000000000008, 23.480000000000004], [11.800000000000008, 23.500000000000004], [11.880000000000008, 23.500000000000004], [11.880000000000008, 23.520000000000003], [11.960000000000008, 23.520000000000003], [11.960000000000008, 23.540000000000003], [12.040000000000008, 23.540000000000003], [12.040000000000008, 23.560000000000002], [12.120000000000008, 23.560000000000002], [12.120000000000008, 23.580000000000002], [12.200000000000008, 23.580000000000002], [12.200000000000008, 23.6], [12.280000000000008, 23.6], [12.280000000000008, 23.620000000000005], [12.440000000000008, 23.640000000000004], [12.440000000000008, 23.680000000000003], [12.420000000000009, 23.680000000000003], [12.420000000000009, 23.700000000000003], [12.380000000000008, 23.700000000000003]]]}, "properties": {"areaKm2": 2245, "country": "Algeria, Libya", "nearestPlace": "Ghat (199 km)", "lon": 10.73, "lat": 23.27, "west": 8.96, "south": 22.82, "east": 12.44, "north": 23.7, "otherDirectionPct": 96}}, {"type": "Feature", "geometry": {"type": "Polygon", "coordinates": [[[57.60000000000001, -19.980000000000004], [57.60000000000001, -20.000000000000004], [57.52000000000001, -20.020000000000003], [57.500000000000014, -20.140000000000004], [57.48000000000001, -20.140000000000004], [57.48000000000001, -20.160000000000004], [57.44000000000001, -20.160000000000004], [57.44000000000001, -20.180000000000003], [57.40000000000001, -20.180000000000003], [57.40000000000001, -20.220000000000002], [57.38000000000001, -20.220000000000002], [57.38000000000001, -20.260000000000005], [57.360000000000014, -20.260000000000005], [57.360000000000014, -20.420000000000005], [57.30000000000001, -20.420000000000005], [57.30000000000001, -20.440000000000005], [57.320000000000014, -20.440000000000005], [57.34000000000001, -20.480000000000004], [57.360000000000014, -20.480000000000004], [57.360000000000014, -20.500000000000004], [57.46000000000001, -20.500000000000004], [57.46000000000001, -20.520000000000003], [57.56000000000001, -20.520000000000003], [57.56000000000001, -20.500000000000004], [57.640000000000015, -20.500000000000004], [57.640000000000015, -20.480000000000004], [57.680000000000014, -20.480000000000004], [57.70000000000001, -20.440000000000005], [57.72000000000001, -20.440000000000005], [57.72000000000001, -20.360000000000003], [57.74000000000001, -20.360000000000003], [57.74000000000001, -20.340000000000003], [57.78000000000001, -20.340000000000003], [57.78000000000001, -20.260000000000005], [57.80000000000001, -20.260000000000005], [57.80000000000001, -20.220000000000002], [57.78000000000001, -20.220000000000002], [57.78000000000001, -20.180000000000003], [57.74000000000001, -20.160000000000004], [57.74000000000001, -20.100000000000005], [57.70000000000001, -20.100000000000005], [57.70000000000001, -20.040000000000003], [57.680000000000014, -20.040000000000003], [57.680000000000014, -20.000000000000004], [57.66000000000001, -20.000000000000004], [57.66000000000001, -19.980000000000004], [57.60000000000001, -19.980000000000004]]]}, "properties": {"areaKm2": 1911, "country": "Mauritius", "nearestPlace": "Curepipe (12 km)", "lon": 57.59, "lat": -20.24, "west": 57.3, "south": -20.52, "east": 57.8, "north": -19.98, "otherDirectionPct": 0}}, {"type": "Feature", "geometry": {"type": "Polygon", "coordinates": [[[-0.7200000000000069, 25.840000000000003], [-0.7200000000000069, 25.820000000000004], [-0.8000000000000067, 25.820000000000004], [-0.8000000000000067, 25.800000000000004], [-0.9000000000000068, 25.800000000000004], [-0.9000000000000068, 25.780000000000005], [-1.0600000000000067, 25.760000000000005], [-1.0600000000000067, 25.740000000000002], [-1.1400000000000068, 25.740000000000002], [-1.1400000000000068, 25.720000000000002], [-1.300000000000007, 25.700000000000003], [-1.300000000000007, 25.680000000000003], [-1.4600000000000068, 25.660000000000004], [-1.4600000000000068, 25.640000000000004], [-1.6200000000000068, 25.620000000000005], [-1.6200000000000068, 25.600000000000005], [-1.7000000000000068, 25.600000000000005], [-1.7000000000000068, 25.580000000000002], [-1.780000000000007, 25.580000000000002], [-1.780000000000007, 25.560000000000002], [-1.9400000000000068, 25.540000000000003], [-1.9400000000000068, 25.520000000000003], [-2.0200000000000067, 25.520000000000003], [-2.0200000000000067, 25.500000000000004], [-2.180000000000007, 25.480000000000004], [-2.180000000000007, 25.400000000000002], [-2.160000000000007, 25.400000000000002], [-2.160000000000007, 25.360000000000003], [-2.1200000000000068, 25.360000000000003], [-2.1200000000000068, 25.380000000000003], [-2.0400000000000067, 25.380000000000003], [-2.0400000000000067, 25.400000000000002], [-1.9600000000000068, 25.400000000000002], [-1.9600000000000068, 25.42], [-1.8800000000000068, 25.42], [-1.8800000000000068, 25.440000000000005], [-1.7200000000000069, 25.460000000000004], [-1.7200000000000069, 25.480000000000004], [-1.6400000000000068, 25.480000000000004], [-1.6400000000000068, 25.500000000000004], [-1.5600000000000067, 25.500000000000004], [-1.5600000000000067, 25.520000000000003], [-1.4800000000000066, 25.520000000000003], [-1.4800000000000066, 25.540000000000003], [-1.4000000000000068, 25.540000000000003], [-1.4000000000000068, 25.560000000000002], [-1.320000000000007, 25.560000000000002], [-1.320000000000007, 25.580000000000002], [-1.2400000000000069, 25.580000000000002], [-1.2400000000000069, 25.600000000000005], [-1.1600000000000068, 25.600000000000005], [-1.1600000000000068, 25.620000000000005], [-1.0800000000000067, 25.620000000000005], [-1.0800000000000067, 25.640000000000004], [-1.0000000000000069, 25.640000000000004], [-1.0000000000000069, 25.660000000000004], [-0.8400000000000067, 25.680000000000003], [-0.8400000000000067, 25.700000000000003], [-0.7600000000000069, 25.700000000000003], [-0.7600000000000069, 25.720000000000002], [-0.6800000000000068, 25.720000000000002], [-0.6800000000000068, 25.780000000000005], [-0.7000000000000068, 25.780000000000005], [-0.7000000000000068, 25.840000000000003], [-0.7200000000000069, 25.840000000000003]]]}, "properties": {"areaKm2": 1900, "country": "Algeria", "nearestPlace": "Reggane (220 km)", "lon": -1.47, "lat": 25.59, "west": -2.18, "south": 25.36, "east": -0.68, "north": 25.84, "otherDirectionPct": 100}}, {"type": "Feature", "geometry": {"type": "Polygon", "coordinates": [[[3.400000000000005, 32.04], [3.400000000000005, 32.019999999999996], [3.2400000000000047, 32.0], [3.2400000000000047, 31.98], [3.1600000000000046, 31.98], [3.1600000000000046, 31.96], [3.0800000000000045, 31.96], [3.0800000000000045, 31.939999999999998], [3.0000000000000044, 31.939999999999998], [3.0000000000000044, 31.919999999999998], [2.8400000000000043, 31.9], [2.8400000000000043, 31.88], [2.6800000000000046, 31.86], [2.6800000000000046, 31.84], [2.6000000000000045, 31.84], [2.6000000000000045, 31.82], [2.5200000000000045, 31.82], [2.5200000000000045, 31.8], [2.4400000000000044, 31.8], [2.4400000000000044, 31.779999999999998], [2.2800000000000047, 31.759999999999998], [2.2800000000000047, 31.74], [2.2000000000000046, 31.74], [2.2000000000000046, 31.72], [2.1200000000000045, 31.72], [2.1200000000000045, 31.7], [2.1400000000000046, 31.7], [2.1400000000000046, 31.64], [2.1600000000000046, 31.64], [2.1600000000000046, 31.599999999999998], [2.2400000000000047, 31.599999999999998], [2.2400000000000047, 31.619999999999997], [2.3200000000000047, 31.619999999999997], [2.3200000000000047, 31.64], [2.400000000000005, 31.64], [2.400000000000005, 31.66], [2.4800000000000044, 31.66], [2.4800000000000044, 31.68], [2.5600000000000045, 31.68], [2.5600000000000045, 31.7], [2.6400000000000046, 31.7], [2.6400000000000046, 31.72], [2.8000000000000047, 31.74], [2.8000000000000047, 31.759999999999998], [2.8800000000000043, 31.759999999999998], [2.8800000000000043, 31.779999999999998], [2.9600000000000044, 31.779999999999998], [2.9600000000000044, 31.8], [3.0400000000000045, 31.8], [3.0400000000000045, 31.82], [3.1200000000000045, 31.82], [3.1200000000000045, 31.84], [3.2800000000000047, 31.86], [3.2800000000000047, 31.88], [3.3600000000000048, 31.88], [3.3600000000000048, 31.9], [3.440000000000005, 31.9], [3.440000000000005, 31.919999999999998], [3.4600000000000044, 31.919999999999998], [3.4600000000000044, 31.98], [3.440000000000005, 31.98], [3.440000000000005, 32.04], [3.400000000000005, 32.04]]]}, "properties": {"areaKm2": 1786, "country": "Algeria", "nearestPlace": "Ghardaia (116 km)", "lon": 2.86, "lat": 31.83, "west": 2.12, "south": 31.6, "east": 3.46, "north": 32.04, "otherDirectionPct": 100}}, {"type": "Feature", "geometry": {"type": "Polygon", "coordinates": [[[146.83999999999997, -1.9399999999999977], [146.83999999999997, -1.9599999999999977], [146.79999999999998, -1.9599999999999977], [146.79999999999998, -1.9799999999999978], [146.65999999999997, -1.9799999999999978], [146.65999999999997, -1.9599999999999977], [146.64, -1.9599999999999977], [146.64, -1.9999999999999978], [146.57999999999998, -1.9999999999999978], [146.57999999999998, -2.039999999999998], [146.61999999999998, -2.059999999999998], [146.61999999999998, -2.119999999999998], [146.51999999999998, -2.119999999999998], [146.51999999999998, -2.179999999999998], [146.54, -2.179999999999998], [146.54, -2.219999999999998], [146.6, -2.219999999999998], [146.6, -2.179999999999998], [146.71999999999997, -2.179999999999998], [146.71999999999997, -2.139999999999998], [146.7, -2.139999999999998], [146.7, -2.119999999999998], [146.76, -2.119999999999998], [146.77999999999997, -2.159999999999998], [146.83999999999997, -2.159999999999998], [146.83999999999997, -2.179999999999998], [146.92, -2.179999999999998], [146.92, -2.1999999999999975], [146.99999999999997, -2.1999999999999975], [146.99999999999997, -2.179999999999998], [147.1, -2.179999999999998], [147.1, -2.159999999999998], [147.14, -2.159999999999998], [147.14, -2.179999999999998], [147.23999999999998, -2.179999999999998], [147.23999999999998, -2.139999999999998], [147.27999999999997, -2.119999999999998], [147.27999999999997, -2.059999999999998], [147.32, -2.059999999999998], [147.32, -2.019999999999998], [147.26, -2.019999999999998], [147.26, -1.9999999999999978], [147.2, -1.9999999999999978], [147.2, -1.9799999999999978], [147.15999999999997, -1.9799999999999978], [147.15999999999997, -1.9999999999999978], [147.14, -1.9999999999999978], [147.11999999999998, -1.9599999999999977], [146.88, -1.9599999999999977], [146.88, -1.9399999999999977], [146.83999999999997, -1.9399999999999977]]]}, "properties": {"areaKm2": 1768, "country": "Papua New Guinea", "nearestPlace": "Lorengau (37 km)", "lon": 146.95, "lat": -2.09, "west": 146.52, "south": -2.22, "east": 147.32, "north": -1.94, "otherDirectionPct": 100}}, {"type": "Feature", "geometry": {"type": "Polygon", "coordinates": [[[-55.08, 77.5], [-55.08, 77.42], [-55.059999999999995, 77.42], [-55.059999999999995, 77.36], [-55.04, 77.36], [-55.04, 77.32], [-54.92, 77.32], [-54.92, 77.3], [-54.42, 77.3], [-54.42, 77.28], [-53.94, 77.28], [-53.94, 77.26], [-52.94, 77.24], [-52.94, 77.22], [-52.519999999999996, 77.22], [-52.519999999999996, 77.24], [-52.5, 77.24], [-52.5, 77.3], [-52.48, 77.3], [-52.48, 77.36], [-52.46, 77.36], [-52.46, 77.42], [-52.44, 77.42], [-52.44, 77.48], [-52.42, 77.48], [-52.42, 77.5], [-55.08, 77.5]]]}, "properties": {"areaKm2": 1660, "country": "Greenland", "nearestPlace": "Kullorsuaq (497 km)", "lon": -53.76, "lat": 77.39, "west": -55.08, "south": 77.22, "east": -52.42, "north": 77.5, "otherDirectionPct": 14}}, {"type": "Feature", "geometry": {"type": "Polygon", "coordinates": [[[0.9200000000000035, 20.120000000000005], [0.9200000000000035, 20.100000000000005], [0.7600000000000033, 20.080000000000005], [0.7600000000000033, 20.060000000000006], [0.6800000000000035, 20.060000000000006], [0.6800000000000035, 20.040000000000006], [0.6000000000000034, 20.040000000000006], [0.6000000000000034, 20.020000000000003], [0.5200000000000033, 20.020000000000003], [0.5200000000000033, 20.000000000000004], [0.36000000000000343, 19.980000000000004], [0.36000000000000343, 19.960000000000004], [0.28000000000000347, 19.960000000000004], [0.28000000000000347, 19.940000000000005], [0.2000000000000034, 19.940000000000005], [0.2000000000000034, 19.920000000000005], [0.12000000000000344, 19.920000000000005], [0.12000000000000344, 19.900000000000006], [0.02000000000000346, 19.900000000000006], [0.02000000000000346, 19.880000000000006], [-0.05999999999999661, 19.880000000000006], [-0.05999999999999661, 19.860000000000003], [-0.2199999999999966, 19.840000000000003], [-0.2199999999999966, 19.820000000000004], [-0.2999999999999966, 19.820000000000004], [-0.2999999999999966, 19.800000000000004], [-0.4599999999999966, 19.780000000000005], [-0.4599999999999966, 19.760000000000005], [-0.5399999999999966, 19.760000000000005], [-0.5399999999999966, 19.740000000000006], [-0.6199999999999966, 19.740000000000006], [-0.6199999999999966, 19.720000000000006], [-0.6599999999999966, 19.720000000000006], [-0.6599999999999966, 19.700000000000003], [-0.6399999999999966, 19.700000000000003], [-0.6399999999999966, 19.640000000000004], [-0.6199999999999966, 19.640000000000004], [-0.6199999999999966, 19.660000000000004], [-0.4599999999999966, 19.680000000000003], [-0.4599999999999966, 19.700000000000003], [-0.37999999999999656, 19.700000000000003], [-0.37999999999999656, 19.720000000000006], [-0.2199999999999966, 19.740000000000006], [-0.2199999999999966, 19.760000000000005], [-0.13999999999999657, 19.760000000000005], [-0.13999999999999657, 19.780000000000005], [-0.05999999999999661, 19.780000000000005], [-0.05999999999999661, 19.800000000000004], [0.02000000000000346, 19.800000000000004], [0.02000000000000346, 19.820000000000004], [0.10000000000000342, 19.820000000000004], [0.10000000000000342, 19.840000000000003], [0.18000000000000338, 19.840000000000003], [0.18000000000000338, 19.860000000000003], [0.28000000000000347, 19.860000000000003], [0.28000000000000347, 19.880000000000006], [0.36000000000000343, 19.880000000000006], [0.36000000000000343, 19.900000000000006], [0.4400000000000035, 19.900000000000006], [0.4400000000000035, 19.920000000000005], [0.5200000000000033, 19.920000000000005], [0.5200000000000033, 19.940000000000005], [0.6000000000000034, 19.940000000000005], [0.6000000000000034, 19.960000000000004], [0.6800000000000035, 19.960000000000004], [0.6800000000000035, 19.980000000000004], [0.7600000000000033, 19.980000000000004], [0.7600000000000033, 20.000000000000004], [0.8400000000000034, 20.000000000000004], [0.8400000000000034, 20.020000000000003], [0.9200000000000035, 20.020000000000003], [0.9200000000000035, 20.040000000000006], [1.0000000000000036, 20.040000000000006], [1.0000000000000036, 20.060000000000006], [1.0200000000000033, 20.060000000000006], [1.0200000000000033, 20.080000000000005], [1.0000000000000036, 20.080000000000005], [1.0000000000000036, 20.120000000000005], [0.9200000000000035, 20.120000000000005]]]}, "properties": {"areaKm2": 1529, "country": "Mali", "nearestPlace": "Aguelhok (95 km)", "lon": 0.11, "lat": 19.87, "west": -0.66, "south": 19.64, "east": 1.02, "north": 20.12, "otherDirectionPct": 93}}, {"type": "Feature", "geometry": {"type": "Polygon", "coordinates": [[[25.18000000000001, 15.260000000000005], [25.18000000000001, 15.240000000000006], [25.10000000000001, 15.240000000000006], [25.10000000000001, 15.220000000000006], [25.02000000000001, 15.220000000000006], [25.02000000000001, 15.200000000000005], [24.86000000000001, 15.180000000000005], [24.86000000000001, 15.160000000000005], [24.76000000000001, 15.160000000000005], [24.76000000000001, 15.140000000000006], [24.68000000000001, 15.140000000000006], [24.68000000000001, 15.120000000000005], [24.60000000000001, 15.120000000000005], [24.60000000000001, 15.100000000000005], [24.440000000000012, 15.080000000000005], [24.440000000000012, 15.060000000000006], [24.36000000000001, 15.060000000000006], [24.36000000000001, 15.040000000000004], [24.26000000000001, 15.040000000000004], [24.26000000000001, 15.020000000000005], [24.10000000000001, 15.000000000000005], [24.10000000000001, 14.980000000000006], [24.02000000000001, 14.980000000000006], [24.02000000000001, 14.960000000000004], [23.86000000000001, 14.940000000000005], [23.86000000000001, 14.920000000000005], [23.76000000000001, 14.920000000000005], [23.76000000000001, 14.900000000000006], [23.68000000000001, 14.900000000000006], [23.68000000000001, 14.880000000000004], [23.60000000000001, 14.880000000000004], [23.60000000000001, 14.860000000000005], [23.52000000000001, 14.860000000000005], [23.52000000000001, 14.840000000000005], [23.54000000000001, 14.840000000000005], [23.54000000000001, 14.780000000000005], [23.58000000000001, 14.780000000000005], [23.58000000000001, 14.800000000000004], [23.66000000000001, 14.800000000000004], [23.66000000000001, 14.820000000000006], [23.74000000000001, 14.820000000000006], [23.74000000000001, 14.840000000000005], [23.84000000000001, 14.840000000000005], [23.84000000000001, 14.860000000000005], [24.00000000000001, 14.880000000000004], [24.00000000000001, 14.900000000000006], [24.16000000000001, 14.920000000000005], [24.16000000000001, 14.940000000000005], [24.24000000000001, 14.940000000000005], [24.24000000000001, 14.960000000000004], [24.34000000000001, 14.960000000000004], [24.34000000000001, 14.980000000000006], [24.50000000000001, 15.000000000000005], [24.50000000000001, 15.020000000000005], [24.58000000000001, 15.020000000000005], [24.58000000000001, 15.040000000000004], [24.66000000000001, 15.040000000000004], [24.66000000000001, 15.060000000000006], [24.74000000000001, 15.060000000000006], [24.74000000000001, 15.080000000000005], [24.84000000000001, 15.080000000000005], [24.84000000000001, 15.100000000000005], [25.00000000000001, 15.120000000000005], [25.00000000000001, 15.140000000000006], [25.08000000000001, 15.140000000000006], [25.08000000000001, 15.160000000000005], [25.16000000000001, 15.160000000000005], [25.16000000000001, 15.180000000000005], [25.22000000000001, 15.180000000000005], [25.22000000000001, 15.240000000000006], [25.18000000000001, 15.260000000000005]]]}, "properties": {"areaKm2": 1513, "country": "Sudan", "nearestPlace": "El Fasher (187 km)", "lon": 24.42, "lat": 15.03, "west": 23.52, "south": 14.78, "east": 25.22, "north": 15.26, "otherDirectionPct": 100}}, {"type": "Feature", "geometry": {"type": "Polygon", "coordinates": [[[-6.6800000000000015, 17.679999999999993], [-6.6800000000000015, 17.659999999999993], [-6.780000000000001, 17.659999999999993], [-6.780000000000001, 17.639999999999993], [-6.860000000000001, 17.639999999999993], [-6.860000000000001, 17.619999999999994], [-7.020000000000001, 17.599999999999994], [-7.020000000000001, 17.57999999999999], [-7.100000000000001, 17.57999999999999], [-7.100000000000001, 17.55999999999999], [-7.260000000000002, 17.539999999999992], [-7.260000000000002, 17.519999999999992], [-7.360000000000001, 17.519999999999992], [-7.360000000000001, 17.499999999999993], [-7.440000000000001, 17.499999999999993], [-7.440000000000001, 17.479999999999993], [-7.600000000000001, 17.459999999999994], [-7.600000000000001, 17.439999999999994], [-7.6800000000000015, 17.439999999999994], [-7.6800000000000015, 17.41999999999999], [-7.760000000000002, 17.41999999999999], [-7.760000000000002, 17.39999999999999], [-7.840000000000001, 17.39999999999999], [-7.840000000000001, 17.379999999999992], [-7.920000000000001, 17.379999999999992], [-7.920000000000001, 17.359999999999992], [-8.020000000000001, 17.359999999999992], [-8.020000000000001, 17.339999999999993], [-8.100000000000001, 17.339999999999993], [-8.100000000000001, 17.319999999999993], [-8.180000000000001, 17.319999999999993], [-8.180000000000001, 17.299999999999994], [-8.260000000000002, 17.299999999999994], [-8.260000000000002, 17.279999999999994], [-8.280000000000001, 17.279999999999994], [-8.280000000000001, 17.199999999999992], [-8.260000000000002, 17.199999999999992], [-8.260000000000002, 17.21999999999999], [-8.180000000000001, 17.21999999999999], [-8.180000000000001, 17.23999999999999], [-8.100000000000001, 17.23999999999999], [-8.100000000000001, 17.25999999999999], [-8.020000000000001, 17.25999999999999], [-8.020000000000001, 17.279999999999994], [-7.940000000000001, 17.279999999999994], [-7.940000000000001, 17.299999999999994], [-7.860000000000001, 17.299999999999994], [-7.860000000000001, 17.319999999999993], [-7.780000000000001, 17.319999999999993], [-7.780000000000001, 17.339999999999993], [-7.700000000000001, 17.339999999999993], [-7.700000000000001, 17.359999999999992], [-7.600000000000001, 17.359999999999992], [-7.600000000000001, 17.379999999999992], [-7.520000000000001, 17.379999999999992], [-7.520000000000001, 17.39999999999999], [-7.440000000000001, 17.39999999999999], [-7.440000000000001, 17.41999999999999], [-7.360000000000001, 17.41999999999999], [-7.360000000000001, 17.439999999999994], [-7.280000000000001, 17.439999999999994], [-7.280000000000001, 17.459999999999994], [-7.120000000000001, 17.479999999999993], [-7.120000000000001, 17.499999999999993], [-7.020000000000001, 17.499999999999993], [-7.020000000000001, 17.519999999999992], [-6.940000000000001, 17.519999999999992], [-6.940000000000001, 17.539999999999992], [-6.780000000000001, 17.55999999999999], [-6.780000000000001, 17.57999999999999], [-6.700000000000001, 17.57999999999999], [-6.700000000000001, 17.599999999999994], [-6.640000000000001, 17.599999999999994], [-6.640000000000001, 17.639999999999993], [-6.660000000000001, 17.639999999999993], [-6.660000000000001, 17.679999999999993], [-6.6800000000000015, 17.679999999999993]]]}, "properties": {"areaKm2": 1504, "country": "Mauritania", "nearestPlace": "Nema (95 km)", "lon": -7.52, "lat": 17.43, "west": -8.28, "south": 17.2, "east": -6.64, "north": 17.68, "otherDirectionPct": 100}}, {"type": "Feature", "geometry": {"type": "Polygon", "coordinates": [[[22.200000000000003, 18.36], [22.200000000000003, 18.34], [22.120000000000005, 18.34], [22.120000000000005, 18.32], [22.040000000000006, 18.32], [22.040000000000006, 18.3], [21.880000000000006, 18.28], [21.880000000000006, 18.259999999999998], [21.800000000000004, 18.259999999999998], [21.800000000000004, 18.24], [21.720000000000006, 18.24], [21.720000000000006, 18.22], [21.620000000000005, 18.22], [21.620000000000005, 18.2], [21.540000000000006, 18.2], [21.540000000000006, 18.18], [21.460000000000004, 18.18], [21.460000000000004, 18.16], [21.380000000000006, 18.16], [21.380000000000006, 18.14], [21.220000000000006, 18.12], [21.220000000000006, 18.099999999999998], [21.060000000000006, 18.08], [21.060000000000006, 18.06], [20.960000000000004, 18.06], [20.960000000000004, 18.04], [20.800000000000004, 18.02], [20.800000000000004, 18.0], [20.720000000000006, 18.0], [20.720000000000006, 17.98], [20.640000000000004, 17.98], [20.640000000000004, 17.96], [20.620000000000005, 17.96], [20.620000000000005, 17.9], [20.700000000000003, 17.9], [20.700000000000003, 17.919999999999998], [20.860000000000003, 17.939999999999998], [20.860000000000003, 17.96], [20.960000000000004, 17.96], [20.960000000000004, 17.98], [21.040000000000006, 17.98], [21.040000000000006, 18.0], [21.120000000000005, 18.0], [21.120000000000005, 18.02], [21.200000000000003, 18.02], [21.200000000000003, 18.04], [21.280000000000005, 18.04], [21.280000000000005, 18.06], [21.360000000000003, 18.06], [21.360000000000003, 18.08], [21.520000000000003, 18.099999999999998], [21.520000000000003, 18.12], [21.620000000000005, 18.12], [21.620000000000005, 18.14], [21.700000000000003, 18.14], [21.700000000000003, 18.16], [21.780000000000005, 18.16], [21.780000000000005, 18.18], [21.860000000000003, 18.18], [21.860000000000003, 18.2], [21.940000000000005, 18.2], [21.940000000000005, 18.22], [22.020000000000003, 18.22], [22.020000000000003, 18.24], [22.100000000000005, 18.24], [22.100000000000005, 18.259999999999998], [22.180000000000003, 18.259999999999998], [22.180000000000003, 18.28], [22.280000000000005, 18.28], [22.280000000000005, 18.3], [22.300000000000004, 18.3], [22.300000000000004, 18.34], [22.280000000000005, 18.34], [22.280000000000005, 18.36], [22.200000000000003, 18.36]]]}, "properties": {"areaKm2": 1489, "country": "Chad", "nearestPlace": "Fada (106 km)", "lon": 21.46, "lat": 18.13, "west": 20.62, "south": 17.9, "east": 22.3, "north": 18.36, "otherDirectionPct": 100}}, {"type": "Feature", "geometry": {"type": "Polygon", "coordinates": [[[-0.7799999999999954, 18.739999999999995], [-0.7799999999999954, 18.719999999999995], [-0.8599999999999954, 18.719999999999995], [-0.8599999999999954, 18.699999999999996], [-0.9399999999999955, 18.699999999999996], [-0.9399999999999955, 18.679999999999996], [-1.0399999999999954, 18.679999999999996], [-1.0399999999999954, 18.659999999999997], [-1.1199999999999954, 18.659999999999997], [-1.1199999999999954, 18.639999999999993], [-1.1999999999999955, 18.639999999999993], [-1.1999999999999955, 18.619999999999994], [-1.2799999999999954, 18.619999999999994], [-1.2799999999999954, 18.599999999999994], [-1.3599999999999954, 18.599999999999994], [-1.3599999999999954, 18.579999999999995], [-1.4399999999999955, 18.579999999999995], [-1.4399999999999955, 18.559999999999995], [-1.5199999999999956, 18.559999999999995], [-1.5199999999999956, 18.539999999999996], [-1.6799999999999953, 18.519999999999996], [-1.6799999999999953, 18.499999999999996], [-1.7799999999999954, 18.499999999999996], [-1.7799999999999954, 18.479999999999993], [-1.8599999999999954, 18.479999999999993], [-1.8599999999999954, 18.459999999999994], [-2.0199999999999956, 18.439999999999994], [-2.0199999999999956, 18.419999999999995], [-2.1799999999999953, 18.399999999999995], [-2.1799999999999953, 18.379999999999995], [-2.2599999999999953, 18.379999999999995], [-2.2599999999999953, 18.359999999999996], [-2.3399999999999954, 18.359999999999996], [-2.3399999999999954, 18.339999999999996], [-2.3799999999999955, 18.339999999999996], [-2.3799999999999955, 18.319999999999993], [-2.3599999999999954, 18.319999999999993], [-2.3599999999999954, 18.279999999999994], [-2.2799999999999954, 18.279999999999994], [-2.2799999999999954, 18.299999999999994], [-2.1199999999999957, 18.319999999999993], [-2.1199999999999957, 18.339999999999996], [-2.0399999999999956, 18.339999999999996], [-2.0399999999999956, 18.359999999999996], [-1.9599999999999955, 18.359999999999996], [-1.9599999999999955, 18.379999999999995], [-1.8799999999999955, 18.379999999999995], [-1.8799999999999955, 18.399999999999995], [-1.7999999999999954, 18.399999999999995], [-1.7999999999999954, 18.419999999999995], [-1.6999999999999953, 18.419999999999995], [-1.6999999999999953, 18.439999999999994], [-1.6199999999999954, 18.439999999999994], [-1.6199999999999954, 18.459999999999994], [-1.5399999999999956, 18.459999999999994], [-1.5399999999999956, 18.479999999999993], [-1.4599999999999955, 18.479999999999993], [-1.4599999999999955, 18.499999999999996], [-1.3799999999999955, 18.499999999999996], [-1.3799999999999955, 18.519999999999996], [-1.2999999999999954, 18.519999999999996], [-1.2999999999999954, 18.539999999999996], [-1.1399999999999955, 18.559999999999995], [-1.1399999999999955, 18.579999999999995], [-1.0399999999999954, 18.579999999999995], [-1.0399999999999954, 18.599999999999994], [-0.9599999999999955, 18.599999999999994], [-0.9599999999999955, 18.619999999999994], [-0.8799999999999955, 18.619999999999994], [-0.8799999999999955, 18.639999999999993], [-0.7999999999999954, 18.639999999999993], [-0.7999999999999954, 18.659999999999997], [-0.7199999999999953, 18.659999999999997], [-0.7199999999999953, 18.679999999999996], [-0.6799999999999955, 18.679999999999996], [-0.6799999999999955, 18.719999999999995], [-0.6999999999999955, 18.719999999999995], [-0.6999999999999955, 18.739999999999995], [-0.7799999999999954, 18.739999999999995]]]}, "properties": {"areaKm2": 1481, "country": "Mali", "nearestPlace": "Bourem (222 km)", "lon": -1.53, "lat": 18.51, "west": -2.38, "south": 18.28, "east": -0.68, "north": 18.74, "otherDirectionPct": 100}}, {"type": "Feature", "geometry": {"type": "Polygon", "coordinates": [[[17.479999999999997, 20.58], [17.479999999999997, 20.56], [17.399999999999995, 20.56], [17.399999999999995, 20.54], [17.299999999999997, 20.54], [17.299999999999997, 20.52], [17.139999999999997, 20.5], [17.139999999999997, 20.479999999999997], [17.059999999999995, 20.479999999999997], [17.059999999999995, 20.459999999999997], [16.979999999999997, 20.459999999999997], [16.979999999999997, 20.439999999999998], [16.899999999999995, 20.439999999999998], [16.899999999999995, 20.419999999999998], [16.819999999999997, 20.419999999999998], [16.819999999999997, 20.4], [16.739999999999995, 20.4], [16.739999999999995, 20.38], [16.659999999999997, 20.38], [16.659999999999997, 20.36], [16.499999999999996, 20.34], [16.499999999999996, 20.319999999999997], [16.399999999999995, 20.319999999999997], [16.399999999999995, 20.299999999999997], [16.319999999999997, 20.299999999999997], [16.319999999999997, 20.279999999999998], [16.239999999999995, 20.279999999999998], [16.239999999999995, 20.259999999999998], [16.159999999999997, 20.259999999999998], [16.159999999999997, 20.24], [16.079999999999995, 20.24], [16.079999999999995, 20.22], [15.919999999999995, 20.2], [15.919999999999995, 20.18], [15.879999999999995, 20.18], [15.879999999999995, 20.099999999999998], [15.899999999999995, 20.099999999999998], [15.899999999999995, 20.119999999999997], [15.979999999999995, 20.119999999999997], [15.979999999999995, 20.139999999999997], [16.079999999999995, 20.139999999999997], [16.079999999999995, 20.159999999999997], [16.159999999999997, 20.159999999999997], [16.159999999999997, 20.18], [16.239999999999995, 20.18], [16.239999999999995, 20.2], [16.319999999999997, 20.2], [16.319999999999997, 20.22], [16.399999999999995, 20.22], [16.399999999999995, 20.24], [16.479999999999997, 20.24], [16.479999999999997, 20.259999999999998], [16.559999999999995, 20.259999999999998], [16.559999999999995, 20.279999999999998], [16.639999999999997, 20.279999999999998], [16.639999999999997, 20.299999999999997], [16.719999999999995, 20.299999999999997], [16.719999999999995, 20.319999999999997], [16.799999999999997, 20.319999999999997], [16.799999999999997, 20.34], [16.879999999999995, 20.34], [16.879999999999995, 20.36], [16.979999999999997, 20.36], [16.979999999999997, 20.38], [17.059999999999995, 20.38], [17.059999999999995, 20.4], [17.139999999999997, 20.4], [17.139999999999997, 20.419999999999998], [17.219999999999995, 20.419999999999998], [17.219999999999995, 20.439999999999998], [17.299999999999997, 20.439999999999998], [17.299999999999997, 20.459999999999997], [17.459999999999994, 20.479999999999997], [17.459999999999994, 20.5], [17.519999999999996, 20.5], [17.519999999999996, 20.58], [17.479999999999997, 20.58]]]}, "properties": {"areaKm2": 1478, "country": "Chad, Niger", "nearestPlace": "Zouar (20 km)", "lon": 16.65, "lat": 20.33, "west": 15.88, "south": 20.1, "east": 17.52, "north": 20.58, "otherDirectionPct": 91}}, {"type": "Feature", "geometry": {"type": "Polygon", "coordinates": [[[150.34, 46.22], [150.34, 46.199999999999996], [150.24, 46.199999999999996], [150.24, 46.18], [150.2, 46.18], [150.2, 46.12], [150.18, 46.12], [150.18, 46.1], [150.07999999999998, 46.1], [150.07999999999998, 46.08], [150.02, 46.08], [150.0, 46.04], [149.96, 46.04], [149.96, 46.019999999999996], [149.92, 46.0], [149.9, 45.96], [149.88, 45.96], [149.88, 45.94], [149.85999999999999, 45.94], [149.84, 45.9], [149.82, 45.9], [149.82, 45.879999999999995], [149.78, 45.879999999999995], [149.78, 45.86], [149.66, 45.86], [149.66, 45.82], [149.64, 45.82], [149.64, 45.8], [149.6, 45.8], [149.6, 45.76], [149.56, 45.74], [149.56, 45.699999999999996], [149.48, 45.68], [149.48, 45.64], [149.46, 45.64], [149.46, 45.6], [149.44, 45.6], [149.44, 45.58], [149.54, 45.58], [149.54, 45.6], [149.57999999999998, 45.6], [149.57999999999998, 45.62], [149.6, 45.62], [149.6, 45.6], [149.68, 45.62], [149.7, 45.66], [149.74, 45.66], [149.76, 45.699999999999996], [149.8, 45.72], [149.8, 45.74], [149.84, 45.74], [149.85999999999999, 45.78], [149.9, 45.78], [149.92, 45.82], [150.02, 45.82], [150.02, 45.839999999999996], [150.06, 45.839999999999996], [150.07999999999998, 45.879999999999995], [150.14, 45.879999999999995], [150.14, 45.92], [150.2, 45.92], [150.2, 45.94], [150.18, 45.94], [150.18, 45.98], [150.22, 46.0], [150.22, 46.019999999999996], [150.24, 46.019999999999996], [150.24, 46.04], [150.3, 46.04], [150.32, 46.08], [150.38, 46.08], [150.38, 46.1], [150.4, 46.1], [150.42, 46.14], [150.46, 46.14], [150.48, 46.18], [150.52, 46.18], [150.52, 46.199999999999996], [150.54, 46.199999999999996], [150.54, 46.22], [150.34, 46.22]]]}, "properties": {"areaKm2": 1476, "country": "Russian Federation", "nearestPlace": "Kushiro (705 km)", "lon": 149.99, "lat": 45.91, "west": 149.44, "south": 45.58, "east": 150.54, "north": 46.22, "otherDirectionPct": 100}}, {"type": "Feature", "geometry": {"type": "Polygon", "coordinates": [[[-6.9799999999999915, 18.620000000000005], [-6.9799999999999915, 18.600000000000005], [-7.059999999999992, 18.600000000000005], [-7.059999999999992, 18.580000000000005], [-7.139999999999992, 18.580000000000005], [-7.139999999999992, 18.560000000000006], [-7.219999999999992, 18.560000000000006], [-7.219999999999992, 18.540000000000006], [-7.299999999999992, 18.540000000000006], [-7.299999999999992, 18.520000000000003], [-7.3999999999999915, 18.520000000000003], [-7.3999999999999915, 18.500000000000004], [-7.4799999999999915, 18.500000000000004], [-7.4799999999999915, 18.480000000000004], [-7.559999999999992, 18.480000000000004], [-7.559999999999992, 18.460000000000004], [-7.719999999999992, 18.440000000000005], [-7.719999999999992, 18.420000000000005], [-7.799999999999992, 18.420000000000005], [-7.799999999999992, 18.400000000000006], [-7.959999999999992, 18.380000000000006], [-7.959999999999992, 18.360000000000003], [-8.039999999999992, 18.360000000000003], [-8.039999999999992, 18.340000000000003], [-8.139999999999992, 18.340000000000003], [-8.139999999999992, 18.320000000000004], [-8.219999999999992, 18.320000000000004], [-8.219999999999992, 18.300000000000004], [-8.299999999999992, 18.300000000000004], [-8.299999999999992, 18.280000000000005], [-8.379999999999992, 18.280000000000005], [-8.379999999999992, 18.260000000000005], [-8.459999999999992, 18.260000000000005], [-8.459999999999992, 18.240000000000006], [-8.539999999999992, 18.240000000000006], [-8.539999999999992, 18.220000000000006], [-8.519999999999992, 18.220000000000006], [-8.519999999999992, 18.160000000000004], [-8.479999999999992, 18.160000000000004], [-8.479999999999992, 18.180000000000003], [-8.379999999999992, 18.180000000000003], [-8.379999999999992, 18.200000000000003], [-8.299999999999992, 18.200000000000003], [-8.299999999999992, 18.220000000000006], [-8.219999999999992, 18.220000000000006], [-8.219999999999992, 18.240000000000006], [-8.139999999999992, 18.240000000000006], [-8.139999999999992, 18.260000000000005], [-8.059999999999992, 18.260000000000005], [-8.059999999999992, 18.280000000000005], [-7.9799999999999915, 18.280000000000005], [-7.9799999999999915, 18.300000000000004], [-7.819999999999992, 18.320000000000004], [-7.819999999999992, 18.340000000000003], [-7.739999999999992, 18.340000000000003], [-7.739999999999992, 18.360000000000003], [-7.639999999999992, 18.360000000000003], [-7.639999999999992, 18.380000000000006], [-7.559999999999992, 18.380000000000006], [-7.559999999999992, 18.400000000000006], [-7.3999999999999915, 18.420000000000005], [-7.3999999999999915, 18.440000000000005], [-7.319999999999992, 18.440000000000005], [-7.319999999999992, 18.460000000000004], [-7.239999999999992, 18.460000000000004], [-7.239999999999992, 18.480000000000004], [-7.159999999999992, 18.480000000000004], [-7.159999999999992, 18.500000000000004], [-7.079999999999992, 18.500000000000004], [-7.079999999999992, 18.520000000000003], [-6.999999999999992, 18.520000000000003], [-6.999999999999992, 18.540000000000006], [-6.8999999999999915, 18.540000000000006], [-6.919999999999992, 18.620000000000005], [-6.9799999999999915, 18.620000000000005]]]}, "properties": {"areaKm2": 1468, "country": "Mauritania", "nearestPlace": "Nema (204 km)", "lon": -7.72, "lat": 18.39, "west": -8.54, "south": 18.16, "east": -6.9, "north": 18.62, "otherDirectionPct": 100}}, {"type": "Feature", "geometry": {"type": "Polygon", "coordinates": [[[17.060000000000016, 22.0], [17.060000000000016, 21.98], [16.980000000000018, 21.98], [16.980000000000018, 21.96], [16.90000000000002, 21.96], [16.90000000000002, 21.94], [16.74000000000002, 21.92], [16.74000000000002, 21.9], [16.660000000000018, 21.9], [16.660000000000018, 21.88], [16.58000000000002, 21.88], [16.58000000000002, 21.86], [16.500000000000018, 21.86], [16.500000000000018, 21.84], [16.42000000000002, 21.84], [16.42000000000002, 21.82], [16.340000000000018, 21.82], [16.340000000000018, 21.8], [16.26000000000002, 21.8], [16.26000000000002, 21.78], [16.10000000000002, 21.76], [16.10000000000002, 21.74], [16.020000000000017, 21.74], [16.020000000000017, 21.72], [15.920000000000018, 21.72], [15.920000000000018, 21.7], [15.840000000000018, 21.7], [15.840000000000018, 21.68], [15.760000000000018, 21.68], [15.760000000000018, 21.66], [15.680000000000017, 21.66], [15.680000000000017, 21.64], [15.600000000000017, 21.64], [15.600000000000017, 21.62], [15.520000000000017, 21.62], [15.520000000000017, 21.6], [15.480000000000018, 21.6], [15.480000000000018, 21.58], [15.500000000000018, 21.58], [15.500000000000018, 21.52], [15.520000000000017, 21.52], [15.520000000000017, 21.54], [15.600000000000017, 21.54], [15.600000000000017, 21.56], [15.680000000000017, 21.56], [15.680000000000017, 21.58], [15.760000000000018, 21.58], [15.760000000000018, 21.6], [15.840000000000018, 21.6], [15.840000000000018, 21.62], [15.920000000000018, 21.62], [15.920000000000018, 21.64], [16.000000000000018, 21.64], [16.000000000000018, 21.66], [16.08000000000002, 21.66], [16.08000000000002, 21.68], [16.24000000000002, 21.7], [16.24000000000002, 21.72], [16.320000000000018, 21.72], [16.320000000000018, 21.74], [16.40000000000002, 21.74], [16.40000000000002, 21.76], [16.500000000000018, 21.76], [16.500000000000018, 21.78], [16.58000000000002, 21.78], [16.58000000000002, 21.8], [16.660000000000018, 21.8], [16.660000000000018, 21.82], [16.74000000000002, 21.82], [16.74000000000002, 21.84], [16.820000000000018, 21.84], [16.820000000000018, 21.86], [16.90000000000002, 21.86], [16.90000000000002, 21.88], [16.980000000000018, 21.88], [16.980000000000018, 21.9], [17.060000000000016, 21.9], [17.060000000000016, 21.92], [17.12000000000002, 21.92], [17.12000000000002, 21.98], [17.10000000000002, 21.98], [17.10000000000002, 22.0], [17.060000000000016, 22.0]]]}, "properties": {"areaKm2": 1464, "country": "Chad", "nearestPlace": "Zouar (147 km)", "lon": 16.25, "lat": 21.75, "west": 15.48, "south": 21.52, "east": 17.12, "north": 22.0, "otherDirectionPct": 93}}, {"type": "Feature", "geometry": {"type": "Polygon", "coordinates": [[[-7.139999999999999, 19.340000000000003], [-7.139999999999999, 19.320000000000004], [-7.219999999999999, 19.320000000000004], [-7.219999999999999, 19.300000000000004], [-7.299999999999999, 19.300000000000004], [-7.299999999999999, 19.280000000000005], [-7.379999999999999, 19.280000000000005], [-7.379999999999999, 19.260000000000005], [-7.459999999999999, 19.260000000000005], [-7.459999999999999, 19.240000000000002], [-7.539999999999999, 19.240000000000002], [-7.539999999999999, 19.220000000000002], [-7.619999999999999, 19.220000000000002], [-7.619999999999999, 19.200000000000003], [-7.719999999999999, 19.200000000000003], [-7.719999999999999, 19.180000000000003], [-7.799999999999999, 19.180000000000003], [-7.799999999999999, 19.160000000000004], [-7.879999999999999, 19.160000000000004], [-7.879999999999999, 19.140000000000004], [-7.959999999999999, 19.140000000000004], [-7.959999999999999, 19.120000000000005], [-8.04, 19.120000000000005], [-8.04, 19.100000000000005], [-8.12, 19.100000000000005], [-8.12, 19.080000000000002], [-8.2, 19.080000000000002], [-8.2, 19.060000000000002], [-8.28, 19.060000000000002], [-8.28, 19.040000000000003], [-8.36, 19.040000000000003], [-8.36, 19.020000000000003], [-8.44, 19.020000000000003], [-8.44, 19.000000000000004], [-8.54, 19.000000000000004], [-8.54, 18.980000000000004], [-8.7, 18.960000000000004], [-8.7, 18.940000000000005], [-8.719999999999999, 18.940000000000005], [-8.719999999999999, 18.900000000000002], [-8.7, 18.900000000000002], [-8.7, 18.880000000000003], [-8.62, 18.880000000000003], [-8.62, 18.900000000000002], [-8.459999999999999, 18.92], [-8.459999999999999, 18.940000000000005], [-8.379999999999999, 18.940000000000005], [-8.379999999999999, 18.960000000000004], [-8.299999999999999, 18.960000000000004], [-8.299999999999999, 18.980000000000004], [-8.219999999999999, 18.980000000000004], [-8.219999999999999, 19.000000000000004], [-8.139999999999999, 19.000000000000004], [-8.139999999999999, 19.020000000000003], [-8.04, 19.020000000000003], [-8.04, 19.040000000000003], [-7.959999999999999, 19.040000000000003], [-7.959999999999999, 19.060000000000002], [-7.879999999999999, 19.060000000000002], [-7.879999999999999, 19.080000000000002], [-7.799999999999999, 19.080000000000002], [-7.799999999999999, 19.100000000000005], [-7.719999999999999, 19.100000000000005], [-7.719999999999999, 19.120000000000005], [-7.639999999999999, 19.120000000000005], [-7.639999999999999, 19.140000000000004], [-7.479999999999999, 19.160000000000004], [-7.479999999999999, 19.180000000000003], [-7.399999999999999, 19.180000000000003], [-7.399999999999999, 19.200000000000003], [-7.3199999999999985, 19.200000000000003], [-7.3199999999999985, 19.220000000000002], [-7.219999999999999, 19.220000000000002], [-7.219999999999999, 19.240000000000002], [-7.139999999999999, 19.240000000000002], [-7.139999999999999, 19.260000000000005], [-7.099999999999999, 19.260000000000005], [-7.099999999999999, 19.320000000000004], [-7.139999999999999, 19.340000000000003]]]}, "properties": {"areaKm2": 1457, "country": "Mauritania", "nearestPlace": "Nema (286 km)", "lon": -7.88, "lat": 19.11, "west": -8.72, "south": 18.88, "east": -7.1, "north": 19.34, "otherDirectionPct": 100}}, {"type": "Feature", "geometry": {"type": "Polygon", "coordinates": [[[24.660000000000004, 16.89999999999999], [24.660000000000004, 16.879999999999992], [24.500000000000004, 16.859999999999992], [24.500000000000004, 16.839999999999993], [24.420000000000005, 16.839999999999993], [24.420000000000005, 16.819999999999993], [24.340000000000003, 16.819999999999993], [24.340000000000003, 16.79999999999999], [24.240000000000006, 16.79999999999999], [24.240000000000006, 16.77999999999999], [24.160000000000004, 16.77999999999999], [24.160000000000004, 16.75999999999999], [24.080000000000005, 16.75999999999999], [24.080000000000005, 16.73999999999999], [24.000000000000004, 16.73999999999999], [24.000000000000004, 16.71999999999999], [23.840000000000003, 16.699999999999992], [23.840000000000003, 16.679999999999993], [23.760000000000005, 16.679999999999993], [23.760000000000005, 16.659999999999993], [23.660000000000004, 16.659999999999993], [23.660000000000004, 16.63999999999999], [23.500000000000004, 16.61999999999999], [23.500000000000004, 16.59999999999999], [23.420000000000005, 16.59999999999999], [23.420000000000005, 16.57999999999999], [23.340000000000003, 16.57999999999999], [23.340000000000003, 16.55999999999999], [23.260000000000005, 16.55999999999999], [23.260000000000005, 16.539999999999992], [23.180000000000003, 16.539999999999992], [23.180000000000003, 16.519999999999992], [23.120000000000005, 16.519999999999992], [23.120000000000005, 16.45999999999999], [23.160000000000004, 16.43999999999999], [23.160000000000004, 16.45999999999999], [23.320000000000004, 16.47999999999999], [23.320000000000004, 16.499999999999993], [23.400000000000006, 16.499999999999993], [23.400000000000006, 16.519999999999992], [23.560000000000006, 16.539999999999992], [23.560000000000006, 16.55999999999999], [23.640000000000004, 16.55999999999999], [23.640000000000004, 16.57999999999999], [23.740000000000006, 16.57999999999999], [23.740000000000006, 16.59999999999999], [23.820000000000004, 16.59999999999999], [23.820000000000004, 16.61999999999999], [23.900000000000006, 16.61999999999999], [23.900000000000006, 16.63999999999999], [23.980000000000004, 16.63999999999999], [23.980000000000004, 16.659999999999993], [24.060000000000006, 16.659999999999993], [24.060000000000006, 16.679999999999993], [24.220000000000006, 16.699999999999992], [24.220000000000006, 16.71999999999999], [24.320000000000004, 16.71999999999999], [24.320000000000004, 16.73999999999999], [24.400000000000006, 16.73999999999999], [24.400000000000006, 16.75999999999999], [24.480000000000004, 16.75999999999999], [24.480000000000004, 16.77999999999999], [24.560000000000006, 16.77999999999999], [24.560000000000006, 16.79999999999999], [24.640000000000004, 16.79999999999999], [24.640000000000004, 16.819999999999993], [24.720000000000006, 16.819999999999993], [24.720000000000006, 16.839999999999993], [24.760000000000005, 16.839999999999993], [24.760000000000005, 16.89999999999999], [24.660000000000004, 16.89999999999999]]]}, "properties": {"areaKm2": 1453, "country": "Chad, Sudan", "nearestPlace": "Fada (265 km)", "lon": 23.91, "lat": 16.67, "west": 23.12, "south": 16.44, "east": 24.76, "north": 16.9, "otherDirectionPct": 100}}, {"type": "Feature", "geometry": {"type": "Polygon", "coordinates": [[[18.520000000000017, 16.539999999999992], [18.520000000000017, 16.519999999999992], [18.360000000000017, 16.499999999999993], [18.360000000000017, 16.479999999999993], [18.28000000000002, 16.479999999999993], [18.28000000000002, 16.459999999999994], [18.200000000000017, 16.459999999999994], [18.200000000000017, 16.43999999999999], [18.10000000000002, 16.43999999999999], [18.10000000000002, 16.41999999999999], [18.020000000000017, 16.41999999999999], [18.020000000000017, 16.39999999999999], [17.94000000000002, 16.39999999999999], [17.94000000000002, 16.379999999999992], [17.860000000000017, 16.379999999999992], [17.860000000000017, 16.359999999999992], [17.700000000000017, 16.339999999999993], [17.700000000000017, 16.319999999999993], [17.62000000000002, 16.319999999999993], [17.62000000000002, 16.299999999999994], [17.520000000000017, 16.299999999999994], [17.520000000000017, 16.27999999999999], [17.360000000000017, 16.25999999999999], [17.360000000000017, 16.23999999999999], [17.28000000000002, 16.23999999999999], [17.28000000000002, 16.21999999999999], [17.200000000000017, 16.21999999999999], [17.200000000000017, 16.199999999999992], [17.12000000000002, 16.199999999999992], [17.12000000000002, 16.179999999999993], [17.020000000000017, 16.179999999999993], [17.020000000000017, 16.159999999999993], [16.980000000000018, 16.159999999999993], [16.980000000000018, 16.07999999999999], [17.020000000000017, 16.07999999999999], [17.020000000000017, 16.09999999999999], [17.10000000000002, 16.09999999999999], [17.10000000000002, 16.11999999999999], [17.180000000000017, 16.11999999999999], [17.180000000000017, 16.139999999999993], [17.26000000000002, 16.139999999999993], [17.26000000000002, 16.159999999999993], [17.360000000000017, 16.159999999999993], [17.360000000000017, 16.179999999999993], [17.520000000000017, 16.199999999999992], [17.520000000000017, 16.21999999999999], [17.60000000000002, 16.21999999999999], [17.60000000000002, 16.23999999999999], [17.680000000000017, 16.23999999999999], [17.680000000000017, 16.25999999999999], [17.76000000000002, 16.25999999999999], [17.76000000000002, 16.27999999999999], [17.840000000000018, 16.27999999999999], [17.840000000000018, 16.299999999999994], [17.94000000000002, 16.299999999999994], [17.94000000000002, 16.319999999999993], [18.020000000000017, 16.319999999999993], [18.020000000000017, 16.339999999999993], [18.180000000000017, 16.359999999999992], [18.180000000000017, 16.379999999999992], [18.26000000000002, 16.379999999999992], [18.26000000000002, 16.39999999999999], [18.340000000000018, 16.39999999999999], [18.340000000000018, 16.41999999999999], [18.42000000000002, 16.41999999999999], [18.42000000000002, 16.43999999999999], [18.520000000000017, 16.43999999999999], [18.520000000000017, 16.459999999999994], [18.560000000000016, 16.459999999999994], [18.560000000000016, 16.479999999999993], [18.540000000000017, 16.479999999999993], [18.540000000000017, 16.539999999999992], [18.520000000000017, 16.539999999999992]]]}, "properties": {"areaKm2": 1437, "country": "Chad", "nearestPlace": "Faya Largeau (233 km)", "lon": 17.78, "lat": 16.31, "west": 16.98, "south": 16.08, "east": 18.56, "north": 16.54, "otherDirectionPct": 100}}, {"type": "Feature", "geometry": {"type": "Polygon", "coordinates": [[[24.220000000000017, 18.560000000000002], [24.220000000000017, 18.540000000000003], [24.060000000000016, 18.520000000000003], [24.060000000000016, 18.500000000000004], [23.96000000000002, 18.500000000000004], [23.96000000000002, 18.480000000000004], [23.880000000000017, 18.480000000000004], [23.880000000000017, 18.46], [23.720000000000017, 18.44], [23.720000000000017, 18.42], [23.64000000000002, 18.42], [23.64000000000002, 18.400000000000002], [23.560000000000016, 18.400000000000002], [23.560000000000016, 18.380000000000003], [23.480000000000018, 18.380000000000003], [23.480000000000018, 18.360000000000003], [23.400000000000016, 18.360000000000003], [23.400000000000016, 18.340000000000003], [23.320000000000018, 18.340000000000003], [23.320000000000018, 18.320000000000004], [23.220000000000017, 18.320000000000004], [23.220000000000017, 18.3], [23.060000000000016, 18.28], [23.060000000000016, 18.26], [22.980000000000018, 18.26], [22.980000000000018, 18.240000000000002], [22.900000000000016, 18.240000000000002], [22.900000000000016, 18.220000000000002], [22.820000000000018, 18.220000000000002], [22.820000000000018, 18.200000000000003], [22.740000000000016, 18.200000000000003], [22.740000000000016, 18.180000000000003], [22.700000000000017, 18.180000000000003], [22.700000000000017, 18.14], [22.720000000000017, 18.14], [22.720000000000017, 18.12], [22.80000000000002, 18.12], [22.80000000000002, 18.14], [22.880000000000017, 18.14], [22.880000000000017, 18.160000000000004], [22.96000000000002, 18.160000000000004], [22.96000000000002, 18.180000000000003], [23.12000000000002, 18.200000000000003], [23.12000000000002, 18.220000000000002], [23.220000000000017, 18.220000000000002], [23.220000000000017, 18.240000000000002], [23.30000000000002, 18.240000000000002], [23.30000000000002, 18.26], [23.380000000000017, 18.26], [23.380000000000017, 18.28], [23.46000000000002, 18.28], [23.46000000000002, 18.3], [23.540000000000017, 18.3], [23.540000000000017, 18.320000000000004], [23.62000000000002, 18.320000000000004], [23.62000000000002, 18.340000000000003], [23.700000000000017, 18.340000000000003], [23.700000000000017, 18.360000000000003], [23.780000000000015, 18.360000000000003], [23.780000000000015, 18.380000000000003], [23.860000000000017, 18.380000000000003], [23.860000000000017, 18.400000000000002], [23.96000000000002, 18.400000000000002], [23.96000000000002, 18.42], [24.040000000000017, 18.42], [24.040000000000017, 18.44], [24.12000000000002, 18.44], [24.12000000000002, 18.46], [24.200000000000017, 18.46], [24.200000000000017, 18.480000000000004], [24.280000000000015, 18.480000000000004], [24.280000000000015, 18.500000000000004], [24.30000000000002, 18.500000000000004], [24.30000000000002, 18.560000000000002], [24.220000000000017, 18.560000000000002]]]}, "properties": {"areaKm2": 1412, "country": "Chad, Sudan", "nearestPlace": "Fada (254 km)", "lon": 23.55, "lat": 18.35, "west": 22.7, "south": 18.12, "east": 24.3, "north": 18.56, "otherDirectionPct": 100}}, {"type": "Feature", "geometry": {"type": "Polygon", "coordinates": [[[-172.4, -13.460000000000008], [-172.4, -13.480000000000008], [-172.54, -13.480000000000008], [-172.54, -13.500000000000007], [-172.62, -13.500000000000007], [-172.62, -13.520000000000008], [-172.78, -13.520000000000008], [-172.78, -13.560000000000008], [-172.76, -13.560000000000008], [-172.76, -13.580000000000007], [-172.72, -13.580000000000007], [-172.72, -13.620000000000008], [-172.68, -13.620000000000008], [-172.68, -13.640000000000008], [-172.66, -13.640000000000008], [-172.64000000000001, -13.680000000000009], [-172.62, -13.680000000000009], [-172.62, -13.700000000000008], [-172.58, -13.720000000000008], [-172.58, -13.760000000000009], [-172.56, -13.760000000000009], [-172.54, -13.800000000000008], [-172.38, -13.800000000000008], [-172.38, -13.780000000000008], [-172.28, -13.780000000000008], [-172.28, -13.700000000000008], [-172.3, -13.700000000000008], [-172.3, -13.600000000000009], [-172.32, -13.600000000000009], [-172.32, -13.580000000000007], [-172.24, -13.560000000000008], [-172.24, -13.520000000000008], [-172.28, -13.500000000000007], [-172.28, -13.480000000000008], [-172.32, -13.480000000000008], [-172.32, -13.460000000000008], [-172.4, -13.460000000000008]]]}, "properties": {"areaKm2": 1407, "country": "Samoa", "nearestPlace": "Apia (84 km)", "lon": -172.49, "lat": -13.63, "west": -172.78, "south": -13.8, "east": -172.24, "north": -13.46, "otherDirectionPct": 100}}, {"type": "Feature", "geometry": {"type": "Polygon", "coordinates": [[[12.319999999999999, 16.64], [12.319999999999999, 16.62], [12.219999999999999, 16.62], [12.219999999999999, 16.6], [12.139999999999999, 16.6], [12.139999999999999, 16.580000000000002], [11.979999999999999, 16.560000000000002], [11.979999999999999, 16.54], [11.899999999999999, 16.54], [11.899999999999999, 16.52], [11.739999999999998, 16.5], [11.739999999999998, 16.48], [11.639999999999999, 16.48], [11.639999999999999, 16.46], [11.559999999999999, 16.46], [11.559999999999999, 16.44], [11.479999999999999, 16.44], [11.479999999999999, 16.42], [11.399999999999999, 16.42], [11.399999999999999, 16.400000000000002], [11.319999999999999, 16.400000000000002], [11.319999999999999, 16.38], [11.239999999999998, 16.38], [11.239999999999998, 16.36], [11.139999999999999, 16.36], [11.139999999999999, 16.34], [11.059999999999999, 16.34], [11.059999999999999, 16.32], [10.979999999999999, 16.32], [10.979999999999999, 16.3], [10.899999999999999, 16.3], [10.899999999999999, 16.28], [10.819999999999999, 16.28], [10.819999999999999, 16.26], [10.739999999999998, 16.26], [10.739999999999998, 16.240000000000002], [10.719999999999999, 16.240000000000002], [10.719999999999999, 16.18], [10.78, 16.18], [10.78, 16.2], [10.86, 16.2], [10.86, 16.22], [10.94, 16.22], [10.94, 16.240000000000002], [11.02, 16.240000000000002], [11.02, 16.26], [11.1, 16.26], [11.1, 16.28], [11.18, 16.28], [11.18, 16.3], [11.28, 16.3], [11.28, 16.32], [11.36, 16.32], [11.36, 16.34], [11.44, 16.34], [11.44, 16.36], [11.52, 16.36], [11.52, 16.38], [11.6, 16.38], [11.6, 16.400000000000002], [11.68, 16.400000000000002], [11.68, 16.42], [11.759999999999998, 16.42], [11.759999999999998, 16.44], [11.86, 16.44], [11.86, 16.46], [11.94, 16.46], [11.94, 16.48], [12.02, 16.48], [12.02, 16.5], [12.1, 16.5], [12.1, 16.52], [12.18, 16.52], [12.18, 16.54], [12.259999999999998, 16.54], [12.259999999999998, 16.560000000000002], [12.34, 16.560000000000002], [12.34, 16.580000000000002], [12.379999999999999, 16.580000000000002], [12.379999999999999, 16.6], [12.36, 16.6], [12.36, 16.64], [12.319999999999999, 16.64]]]}, "properties": {"areaKm2": 1355, "country": "Niger", "nearestPlace": "Nguigmi (297 km)", "lon": 11.54, "lat": 16.41, "west": 10.72, "south": 16.18, "east": 12.38, "north": 16.64, "otherDirectionPct": 100}}, {"type": "Feature", "geometry": {"type": "Polygon", "coordinates": [[[29.57999999999999, 21.760000000000005], [29.57999999999999, 21.740000000000006], [29.41999999999999, 21.720000000000006], [29.41999999999999, 21.700000000000006], [29.319999999999993, 21.700000000000006], [29.319999999999993, 21.680000000000007], [29.23999999999999, 21.680000000000007], [29.23999999999999, 21.660000000000004], [29.07999999999999, 21.640000000000004], [29.07999999999999, 21.620000000000005], [28.999999999999993, 21.620000000000005], [28.999999999999993, 21.600000000000005], [28.91999999999999, 21.600000000000005], [28.91999999999999, 21.580000000000005], [28.839999999999993, 21.580000000000005], [28.839999999999993, 21.560000000000006], [28.75999999999999, 21.560000000000006], [28.75999999999999, 21.540000000000006], [28.679999999999993, 21.540000000000006], [28.679999999999993, 21.520000000000007], [28.59999999999999, 21.520000000000007], [28.59999999999999, 21.500000000000004], [28.43999999999999, 21.480000000000004], [28.43999999999999, 21.460000000000004], [28.359999999999992, 21.460000000000004], [28.359999999999992, 21.440000000000005], [28.25999999999999, 21.440000000000005], [28.25999999999999, 21.420000000000005], [28.179999999999993, 21.420000000000005], [28.179999999999993, 21.400000000000006], [28.09999999999999, 21.400000000000006], [28.09999999999999, 21.380000000000006], [28.039999999999992, 21.380000000000006], [28.039999999999992, 21.340000000000003], [28.05999999999999, 21.340000000000003], [28.05999999999999, 21.300000000000004], [28.07999999999999, 21.300000000000004], [28.07999999999999, 21.320000000000004], [28.23999999999999, 21.340000000000003], [28.23999999999999, 21.360000000000007], [28.319999999999993, 21.360000000000007], [28.319999999999993, 21.380000000000006], [28.39999999999999, 21.380000000000006], [28.39999999999999, 21.400000000000006], [28.479999999999993, 21.400000000000006], [28.479999999999993, 21.420000000000005], [28.639999999999993, 21.440000000000005], [28.639999999999993, 21.460000000000004], [28.71999999999999, 21.460000000000004], [28.71999999999999, 21.480000000000004], [28.819999999999993, 21.480000000000004], [28.819999999999993, 21.500000000000004], [28.89999999999999, 21.500000000000004], [28.89999999999999, 21.520000000000007], [28.979999999999993, 21.520000000000007], [28.979999999999993, 21.540000000000006], [29.05999999999999, 21.540000000000006], [29.05999999999999, 21.560000000000006], [29.139999999999993, 21.560000000000006], [29.139999999999993, 21.580000000000005], [29.21999999999999, 21.580000000000005], [29.21999999999999, 21.600000000000005], [29.299999999999994, 21.600000000000005], [29.299999999999994, 21.620000000000005], [29.379999999999992, 21.620000000000005], [29.379999999999992, 21.640000000000004], [29.459999999999994, 21.640000000000004], [29.459999999999994, 21.660000000000004], [29.539999999999992, 21.660000000000004], [29.539999999999992, 21.680000000000007], [29.61999999999999, 21.680000000000007], [29.61999999999999, 21.700000000000006], [29.679999999999993, 21.700000000000006], [29.679999999999993, 21.720000000000006], [29.659999999999993, 21.720000000000006], [29.659999999999993, 21.760000000000005], [29.57999999999999, 21.760000000000005]]]}, "properties": {"areaKm2": 1351, "country": "Sudan", "nearestPlace": "Kerma (275 km)", "lon": 28.83, "lat": 21.53, "west": 28.04, "south": 21.3, "east": 29.68, "north": 21.76, "otherDirectionPct": 93}}, {"type": "Feature", "geometry": {"type": "Polygon", "coordinates": [[[-2.280000000000001, 23.939999999999998], [-2.280000000000001, 23.919999999999998], [-2.360000000000001, 23.919999999999998], [-2.360000000000001, 23.9], [-2.5200000000000014, 23.88], [-2.5200000000000014, 23.86], [-2.620000000000001, 23.86], [-2.620000000000001, 23.839999999999996], [-2.700000000000001, 23.839999999999996], [-2.700000000000001, 23.819999999999997], [-2.780000000000001, 23.819999999999997], [-2.780000000000001, 23.799999999999997], [-2.860000000000001, 23.799999999999997], [-2.860000000000001, 23.779999999999998], [-2.9400000000000013, 23.779999999999998], [-2.9400000000000013, 23.759999999999998], [-3.0200000000000014, 23.759999999999998], [-3.0200000000000014, 23.74], [-3.180000000000001, 23.72], [-3.180000000000001, 23.7], [-3.260000000000001, 23.7], [-3.260000000000001, 23.679999999999996], [-3.4200000000000013, 23.659999999999997], [-3.4200000000000013, 23.639999999999997], [-3.580000000000001, 23.619999999999997], [-3.580000000000001, 23.599999999999998], [-3.660000000000001, 23.599999999999998], [-3.660000000000001, 23.58], [-3.740000000000001, 23.58], [-3.740000000000001, 23.56], [-3.780000000000001, 23.56], [-3.780000000000001, 23.54], [-3.760000000000001, 23.54], [-3.760000000000001, 23.499999999999996], [-3.680000000000001, 23.499999999999996], [-3.680000000000001, 23.519999999999996], [-3.600000000000001, 23.519999999999996], [-3.600000000000001, 23.54], [-3.5200000000000014, 23.54], [-3.5200000000000014, 23.56], [-3.4400000000000013, 23.56], [-3.4400000000000013, 23.58], [-3.360000000000001, 23.58], [-3.360000000000001, 23.599999999999998], [-3.280000000000001, 23.599999999999998], [-3.280000000000001, 23.619999999999997], [-3.200000000000001, 23.619999999999997], [-3.200000000000001, 23.639999999999997], [-3.120000000000001, 23.639999999999997], [-3.120000000000001, 23.659999999999997], [-3.040000000000001, 23.659999999999997], [-3.040000000000001, 23.679999999999996], [-2.960000000000001, 23.679999999999996], [-2.960000000000001, 23.7], [-2.800000000000001, 23.72], [-2.800000000000001, 23.74], [-2.700000000000001, 23.74], [-2.700000000000001, 23.759999999999998], [-2.620000000000001, 23.759999999999998], [-2.620000000000001, 23.779999999999998], [-2.540000000000001, 23.779999999999998], [-2.540000000000001, 23.799999999999997], [-2.460000000000001, 23.799999999999997], [-2.460000000000001, 23.819999999999997], [-2.380000000000001, 23.819999999999997], [-2.380000000000001, 23.839999999999996], [-2.300000000000001, 23.839999999999996], [-2.300000000000001, 23.86], [-2.220000000000001, 23.86], [-2.220000000000001, 23.88], [-2.180000000000001, 23.88], [-2.180000000000001, 23.9], [-2.200000000000001, 23.9], [-2.200000000000001, 23.939999999999998], [-2.280000000000001, 23.939999999999998]]]}, "properties": {"areaKm2": 1343, "country": "Algeria, Mali", "nearestPlace": "Taoudenni (165 km)", "lon": -2.95, "lat": 23.73, "west": -3.78, "south": 23.5, "east": -2.18, "north": 23.94, "otherDirectionPct": 91}}, {"type": "Feature", "geometry": {"type": "Polygon", "coordinates": [[[26.96, 16.39999999999999], [26.96, 16.379999999999992], [26.8, 16.359999999999992], [26.8, 16.339999999999993], [26.700000000000003, 16.339999999999993], [26.700000000000003, 16.319999999999993], [26.62, 16.319999999999993], [26.62, 16.29999999999999], [26.46, 16.27999999999999], [26.46, 16.25999999999999], [26.380000000000003, 16.25999999999999], [26.380000000000003, 16.23999999999999], [26.3, 16.23999999999999], [26.3, 16.21999999999999], [26.220000000000002, 16.21999999999999], [26.220000000000002, 16.199999999999992], [26.12, 16.199999999999992], [26.12, 16.179999999999993], [26.040000000000003, 16.179999999999993], [26.040000000000003, 16.159999999999993], [25.96, 16.159999999999993], [25.96, 16.13999999999999], [25.8, 16.11999999999999], [25.8, 16.09999999999999], [25.720000000000002, 16.09999999999999], [25.720000000000002, 16.07999999999999], [25.64, 16.07999999999999], [25.64, 16.05999999999999], [25.540000000000003, 16.05999999999999], [25.540000000000003, 16.039999999999992], [25.380000000000003, 16.019999999999992], [25.380000000000003, 15.999999999999991], [25.3, 15.999999999999991], [25.28, 15.959999999999992], [25.3, 15.959999999999992], [25.3, 15.919999999999991], [25.32, 15.919999999999991], [25.32, 15.93999999999999], [25.400000000000002, 15.93999999999999], [25.400000000000002, 15.959999999999992], [25.5, 15.959999999999992], [25.5, 15.979999999999992], [25.580000000000002, 15.979999999999992], [25.580000000000002, 15.999999999999991], [25.66, 15.999999999999991], [25.66, 16.019999999999992], [25.740000000000002, 16.019999999999992], [25.740000000000002, 16.039999999999992], [25.82, 16.039999999999992], [25.82, 16.05999999999999], [25.900000000000002, 16.05999999999999], [25.900000000000002, 16.07999999999999], [25.98, 16.07999999999999], [25.98, 16.09999999999999], [26.080000000000002, 16.09999999999999], [26.080000000000002, 16.11999999999999], [26.240000000000002, 16.13999999999999], [26.240000000000002, 16.159999999999993], [26.400000000000002, 16.179999999999993], [26.400000000000002, 16.199999999999992], [26.48, 16.199999999999992], [26.48, 16.21999999999999], [26.560000000000002, 16.21999999999999], [26.560000000000002, 16.23999999999999], [26.66, 16.23999999999999], [26.66, 16.25999999999999], [26.740000000000002, 16.25999999999999], [26.740000000000002, 16.27999999999999], [26.82, 16.27999999999999], [26.82, 16.29999999999999], [26.900000000000002, 16.29999999999999], [26.900000000000002, 16.319999999999993], [26.98, 16.319999999999993], [26.98, 16.39999999999999], [26.96, 16.39999999999999]]]}, "properties": {"areaKm2": 1333, "country": "Sudan", "nearestPlace": "El Fasher (293 km)", "lon": 26.1, "lat": 16.15, "west": 25.28, "south": 15.92, "east": 26.98, "north": 16.4, "otherDirectionPct": 92}}, {"type": "Feature", "geometry": {"type": "Polygon", "coordinates": [[[11.579999999999991, 19.239999999999995], [11.579999999999991, 19.219999999999995], [11.419999999999993, 19.199999999999996], [11.419999999999993, 19.179999999999996], [11.319999999999991, 19.179999999999996], [11.319999999999991, 19.159999999999997], [11.239999999999991, 19.159999999999997], [11.239999999999991, 19.139999999999993], [11.079999999999991, 19.119999999999994], [11.079999999999991, 19.099999999999994], [10.919999999999993, 19.079999999999995], [10.919999999999993, 19.059999999999995], [10.839999999999993, 19.059999999999995], [10.839999999999993, 19.039999999999996], [10.759999999999993, 19.039999999999996], [10.759999999999993, 19.019999999999996], [10.679999999999993, 19.019999999999996], [10.679999999999993, 18.999999999999996], [10.579999999999991, 18.999999999999996], [10.579999999999991, 18.979999999999993], [10.419999999999993, 18.959999999999994], [10.419999999999993, 18.939999999999994], [10.339999999999993, 18.939999999999994], [10.339999999999993, 18.919999999999995], [10.259999999999993, 18.919999999999995], [10.259999999999993, 18.899999999999995], [10.179999999999993, 18.899999999999995], [10.179999999999993, 18.879999999999995], [10.099999999999993, 18.879999999999995], [10.099999999999993, 18.859999999999996], [10.039999999999992, 18.859999999999996], [10.039999999999992, 18.819999999999993], [10.059999999999992, 18.819999999999993], [10.059999999999992, 18.799999999999994], [10.139999999999992, 18.799999999999994], [10.139999999999992, 18.819999999999993], [10.219999999999992, 18.819999999999993], [10.219999999999992, 18.839999999999996], [10.299999999999992, 18.839999999999996], [10.299999999999992, 18.859999999999996], [10.379999999999992, 18.859999999999996], [10.379999999999992, 18.879999999999995], [10.459999999999992, 18.879999999999995], [10.459999999999992, 18.899999999999995], [10.539999999999992, 18.899999999999995], [10.539999999999992, 18.919999999999995], [10.619999999999992, 18.919999999999995], [10.619999999999992, 18.939999999999994], [10.719999999999992, 18.939999999999994], [10.719999999999992, 18.959999999999994], [10.799999999999992, 18.959999999999994], [10.799999999999992, 18.979999999999993], [10.879999999999992, 18.979999999999993], [10.879999999999992, 18.999999999999996], [10.959999999999992, 18.999999999999996], [10.959999999999992, 19.019999999999996], [11.039999999999992, 19.019999999999996], [11.039999999999992, 19.039999999999996], [11.119999999999992, 19.039999999999996], [11.119999999999992, 19.059999999999995], [11.199999999999992, 19.059999999999995], [11.199999999999992, 19.079999999999995], [11.279999999999992, 19.079999999999995], [11.279999999999992, 19.099999999999994], [11.359999999999992, 19.099999999999994], [11.359999999999992, 19.119999999999994], [11.439999999999992, 19.119999999999994], [11.439999999999992, 19.139999999999993], [11.539999999999992, 19.139999999999993], [11.539999999999992, 19.159999999999997], [11.619999999999992, 19.159999999999997], [11.619999999999992, 19.179999999999996], [11.659999999999993, 19.179999999999996], [11.659999999999993, 19.239999999999995], [11.579999999999991, 19.239999999999995]]]}, "properties": {"areaKm2": 1307, "country": "Niger", "nearestPlace": "Djado (271 km)", "lon": 10.9, "lat": 19.03, "west": 10.04, "south": 18.8, "east": 11.66, "north": 19.24, "otherDirectionPct": 100}}, {"type": "Feature", "geometry": {"type": "Polygon", "coordinates": [[[-4.659999999999986, 24.92], [-4.659999999999986, 24.900000000000002], [-4.739999999999986, 24.900000000000002], [-4.739999999999986, 24.880000000000003], [-4.899999999999986, 24.860000000000003], [-4.899999999999986, 24.840000000000003], [-4.979999999999986, 24.840000000000003], [-4.979999999999986, 24.82], [-5.059999999999986, 24.82], [-5.059999999999986, 24.8], [-5.139999999999986, 24.8], [-5.139999999999986, 24.78], [-5.219999999999986, 24.78], [-5.219999999999986, 24.76], [-5.2999999999999865, 24.76], [-5.2999999999999865, 24.740000000000002], [-5.379999999999987, 24.740000000000002], [-5.379999999999987, 24.720000000000002], [-5.459999999999987, 24.720000000000002], [-5.459999999999987, 24.700000000000003], [-5.539999999999987, 24.700000000000003], [-5.539999999999987, 24.680000000000003], [-5.619999999999987, 24.680000000000003], [-5.619999999999987, 24.66], [-5.779999999999986, 24.64], [-5.779999999999986, 24.62], [-5.859999999999986, 24.62], [-5.859999999999986, 24.6], [-5.939999999999986, 24.6], [-5.939999999999986, 24.580000000000002], [-6.019999999999986, 24.580000000000002], [-6.019999999999986, 24.560000000000002], [-6.099999999999986, 24.560000000000002], [-6.099999999999986, 24.540000000000003], [-6.139999999999986, 24.540000000000003], [-6.139999999999986, 24.520000000000003], [-6.119999999999987, 24.520000000000003], [-6.119999999999987, 24.48], [-6.039999999999987, 24.48], [-6.039999999999987, 24.5], [-5.959999999999987, 24.5], [-5.959999999999987, 24.520000000000003], [-5.879999999999987, 24.520000000000003], [-5.879999999999987, 24.540000000000003], [-5.7999999999999865, 24.540000000000003], [-5.7999999999999865, 24.560000000000002], [-5.719999999999986, 24.560000000000002], [-5.719999999999986, 24.580000000000002], [-5.639999999999986, 24.580000000000002], [-5.639999999999986, 24.6], [-5.559999999999986, 24.6], [-5.559999999999986, 24.62], [-5.479999999999986, 24.62], [-5.479999999999986, 24.64], [-5.399999999999986, 24.64], [-5.399999999999986, 24.66], [-5.319999999999986, 24.66], [-5.319999999999986, 24.680000000000003], [-5.239999999999986, 24.680000000000003], [-5.239999999999986, 24.700000000000003], [-5.159999999999986, 24.700000000000003], [-5.159999999999986, 24.720000000000002], [-5.079999999999986, 24.720000000000002], [-5.079999999999986, 24.740000000000002], [-4.999999999999986, 24.740000000000002], [-4.999999999999986, 24.76], [-4.919999999999987, 24.76], [-4.919999999999987, 24.78], [-4.8399999999999865, 24.78], [-4.8399999999999865, 24.8], [-4.7599999999999865, 24.8], [-4.7599999999999865, 24.82], [-4.679999999999986, 24.82], [-4.679999999999986, 24.840000000000003], [-4.599999999999986, 24.840000000000003], [-4.599999999999986, 24.860000000000003], [-4.579999999999986, 24.860000000000003], [-4.579999999999986, 24.92], [-4.659999999999986, 24.92]]]}, "properties": {"areaKm2": 1301, "country": "Algeria, Mali", "nearestPlace": "Chegga (91 km)", "lon": -5.31, "lat": 24.71, "west": -6.14, "south": 24.48, "east": -4.58, "north": 24.92, "otherDirectionPct": 89}}, {"type": "Feature", "geometry": {"type": "Polygon", "coordinates": [[[29.039999999999992, 29.979999999999997], [29.039999999999992, 29.959999999999997], [28.95999999999999, 29.959999999999997], [28.95999999999999, 29.939999999999998], [28.879999999999992, 29.939999999999998], [28.879999999999992, 29.919999999999998], [28.71999999999999, 29.9], [28.71999999999999, 29.879999999999995], [28.63999999999999, 29.879999999999995], [28.63999999999999, 29.859999999999996], [28.55999999999999, 29.859999999999996], [28.55999999999999, 29.839999999999996], [28.47999999999999, 29.839999999999996], [28.47999999999999, 29.819999999999997], [28.39999999999999, 29.819999999999997], [28.39999999999999, 29.799999999999997], [28.31999999999999, 29.799999999999997], [28.31999999999999, 29.779999999999998], [28.23999999999999, 29.779999999999998], [28.23999999999999, 29.759999999999998], [28.07999999999999, 29.74], [28.07999999999999, 29.719999999999995], [27.99999999999999, 29.719999999999995], [27.99999999999999, 29.699999999999996], [27.91999999999999, 29.699999999999996], [27.91999999999999, 29.679999999999996], [27.75999999999999, 29.659999999999997], [27.75999999999999, 29.639999999999997], [27.77999999999999, 29.639999999999997], [27.77999999999999, 29.559999999999995], [27.79999999999999, 29.559999999999995], [27.79999999999999, 29.58], [27.879999999999992, 29.58], [27.879999999999992, 29.599999999999998], [27.95999999999999, 29.599999999999998], [27.95999999999999, 29.619999999999997], [28.039999999999992, 29.619999999999997], [28.039999999999992, 29.639999999999997], [28.11999999999999, 29.639999999999997], [28.11999999999999, 29.659999999999997], [28.199999999999992, 29.659999999999997], [28.199999999999992, 29.679999999999996], [28.27999999999999, 29.679999999999996], [28.27999999999999, 29.699999999999996], [28.359999999999992, 29.699999999999996], [28.359999999999992, 29.719999999999995], [28.43999999999999, 29.719999999999995], [28.43999999999999, 29.74], [28.519999999999992, 29.74], [28.519999999999992, 29.759999999999998], [28.59999999999999, 29.759999999999998], [28.59999999999999, 29.779999999999998], [28.679999999999993, 29.779999999999998], [28.679999999999993, 29.799999999999997], [28.75999999999999, 29.799999999999997], [28.75999999999999, 29.819999999999997], [28.83999999999999, 29.819999999999997], [28.83999999999999, 29.839999999999996], [28.89999999999999, 29.839999999999996], [28.89999999999999, 29.859999999999996], [29.05999999999999, 29.879999999999995], [29.05999999999999, 29.9], [29.13999999999999, 29.9], [29.13999999999999, 29.959999999999997], [29.11999999999999, 29.959999999999997], [29.11999999999999, 29.979999999999997], [29.039999999999992, 29.979999999999997]]]}, "properties": {"areaKm2": 1299, "country": "Egypt", "nearestPlace": "El Alamein (131 km)", "lon": 28.42, "lat": 29.77, "west": 27.76, "south": 29.56, "east": 29.14, "north": 29.98, "otherDirectionPct": 100}}, {"type": "Feature", "geometry": {"type": "Polygon", "coordinates": [[[-3.359999999999993, 27.479999999999997], [-3.359999999999993, 27.459999999999997], [-3.4399999999999933, 27.459999999999997], [-3.4399999999999933, 27.439999999999998], [-3.5199999999999934, 27.439999999999998], [-3.5199999999999934, 27.419999999999998], [-3.679999999999993, 27.4], [-3.679999999999993, 27.379999999999995], [-3.759999999999993, 27.379999999999995], [-3.759999999999993, 27.359999999999996], [-3.9199999999999933, 27.339999999999996], [-3.9199999999999933, 27.319999999999997], [-4.019999999999993, 27.319999999999997], [-4.019999999999993, 27.299999999999997], [-4.1799999999999935, 27.279999999999998], [-4.1799999999999935, 27.259999999999998], [-4.259999999999993, 27.259999999999998], [-4.259999999999993, 27.24], [-4.339999999999993, 27.24], [-4.339999999999993, 27.219999999999995], [-4.419999999999993, 27.219999999999995], [-4.419999999999993, 27.199999999999996], [-4.499999999999993, 27.199999999999996], [-4.499999999999993, 27.179999999999996], [-4.659999999999993, 27.159999999999997], [-4.659999999999993, 27.139999999999997], [-4.739999999999993, 27.139999999999997], [-4.739999999999993, 27.119999999999997], [-4.819999999999993, 27.119999999999997], [-4.819999999999993, 27.08], [-4.799999999999994, 27.08], [-4.799999999999994, 27.039999999999996], [-4.739999999999993, 27.039999999999996], [-4.739999999999993, 27.059999999999995], [-4.659999999999993, 27.059999999999995], [-4.659999999999993, 27.08], [-4.579999999999993, 27.08], [-4.579999999999993, 27.099999999999998], [-4.499999999999993, 27.099999999999998], [-4.499999999999993, 27.119999999999997], [-4.419999999999993, 27.119999999999997], [-4.419999999999993, 27.139999999999997], [-4.339999999999993, 27.139999999999997], [-4.339999999999993, 27.159999999999997], [-4.1799999999999935, 27.179999999999996], [-4.1799999999999935, 27.199999999999996], [-4.019999999999993, 27.219999999999995], [-4.019999999999993, 27.24], [-3.9399999999999933, 27.24], [-3.9399999999999933, 27.259999999999998], [-3.859999999999993, 27.259999999999998], [-3.859999999999993, 27.279999999999998], [-3.779999999999993, 27.279999999999998], [-3.779999999999993, 27.299999999999997], [-3.699999999999993, 27.299999999999997], [-3.699999999999993, 27.319999999999997], [-3.619999999999993, 27.319999999999997], [-3.619999999999993, 27.339999999999996], [-3.539999999999993, 27.339999999999996], [-3.539999999999993, 27.359999999999996], [-3.3799999999999932, 27.379999999999995], [-3.3799999999999932, 27.4], [-3.299999999999993, 27.4], [-3.299999999999993, 27.459999999999997], [-3.319999999999993, 27.459999999999997], [-3.319999999999993, 27.479999999999997], [-3.359999999999993, 27.479999999999997]]]}, "properties": {"areaKm2": 1291, "country": "Algeria", "nearestPlace": "Chegga (287 km)", "lon": -4.02, "lat": 27.27, "west": -4.82, "south": 27.04, "east": -3.3, "north": 27.48, "otherDirectionPct": 89}}, {"type": "Feature", "geometry": {"type": "Polygon", "coordinates": [[[16.460000000000015, 16.560000000000002], [16.460000000000015, 16.540000000000003], [16.300000000000015, 16.520000000000003], [16.300000000000015, 16.500000000000004], [16.220000000000017, 16.500000000000004], [16.220000000000017, 16.480000000000004], [16.140000000000015, 16.480000000000004], [16.140000000000015, 16.46], [15.980000000000016, 16.44], [15.980000000000016, 16.42], [15.880000000000017, 16.42], [15.880000000000017, 16.400000000000002], [15.800000000000017, 16.400000000000002], [15.800000000000017, 16.380000000000003], [15.720000000000017, 16.380000000000003], [15.720000000000017, 16.360000000000003], [15.640000000000017, 16.360000000000003], [15.640000000000017, 16.340000000000003], [15.560000000000016, 16.340000000000003], [15.560000000000016, 16.320000000000004], [15.480000000000016, 16.320000000000004], [15.480000000000016, 16.3], [15.400000000000016, 16.3], [15.400000000000016, 16.28], [15.300000000000017, 16.28], [15.300000000000017, 16.26], [15.220000000000017, 16.26], [15.220000000000017, 16.240000000000002], [15.060000000000016, 16.220000000000002], [15.060000000000016, 16.200000000000003], [14.980000000000016, 16.200000000000003], [14.980000000000016, 16.180000000000003], [14.920000000000016, 16.180000000000003], [14.920000000000016, 16.12], [15.080000000000016, 16.14], [15.080000000000016, 16.160000000000004], [15.160000000000016, 16.160000000000004], [15.160000000000016, 16.180000000000003], [15.260000000000016, 16.180000000000003], [15.260000000000016, 16.200000000000003], [15.340000000000016, 16.200000000000003], [15.340000000000016, 16.220000000000002], [15.500000000000016, 16.240000000000002], [15.500000000000016, 16.26], [15.580000000000016, 16.26], [15.580000000000016, 16.28], [15.740000000000016, 16.3], [15.740000000000016, 16.320000000000004], [15.840000000000016, 16.320000000000004], [15.840000000000016, 16.340000000000003], [15.920000000000016, 16.340000000000003], [15.920000000000016, 16.360000000000003], [16.000000000000014, 16.360000000000003], [16.000000000000014, 16.380000000000003], [16.080000000000016, 16.380000000000003], [16.080000000000016, 16.400000000000002], [16.160000000000014, 16.400000000000002], [16.160000000000014, 16.42], [16.240000000000016, 16.42], [16.240000000000016, 16.44], [16.320000000000014, 16.44], [16.320000000000014, 16.46], [16.420000000000016, 16.46], [16.420000000000016, 16.480000000000004], [16.500000000000014, 16.480000000000004], [16.500000000000014, 16.500000000000004], [16.560000000000016, 16.500000000000004], [16.560000000000016, 16.540000000000003], [16.540000000000017, 16.540000000000003], [16.540000000000017, 16.560000000000002], [16.460000000000015, 16.560000000000002]]]}, "properties": {"areaKm2": 1284, "country": "Chad", "nearestPlace": "Mao (254 km)", "lon": 15.78, "lat": 16.35, "west": 14.92, "south": 16.12, "east": 16.56, "north": 16.56, "otherDirectionPct": 100}}, {"type": "Feature", "geometry": {"type": "Polygon", "coordinates": [[[-13.539999999999985, 19.89999999999999], [-13.539999999999985, 19.879999999999992], [-13.699999999999983, 19.859999999999992], [-13.699999999999983, 19.839999999999993], [-13.779999999999983, 19.839999999999993], [-13.779999999999983, 19.819999999999993], [-13.859999999999983, 19.819999999999993], [-13.859999999999983, 19.79999999999999], [-13.959999999999983, 19.79999999999999], [-13.959999999999983, 19.77999999999999], [-14.039999999999985, 19.77999999999999], [-14.039999999999985, 19.75999999999999], [-14.119999999999983, 19.75999999999999], [-14.119999999999983, 19.73999999999999], [-14.199999999999983, 19.73999999999999], [-14.199999999999983, 19.71999999999999], [-14.279999999999983, 19.71999999999999], [-14.279999999999983, 19.699999999999992], [-14.359999999999983, 19.699999999999992], [-14.359999999999983, 19.679999999999993], [-14.439999999999984, 19.679999999999993], [-14.439999999999984, 19.659999999999993], [-14.519999999999984, 19.659999999999993], [-14.519999999999984, 19.63999999999999], [-14.599999999999984, 19.63999999999999], [-14.599999999999984, 19.61999999999999], [-14.759999999999984, 19.59999999999999], [-14.759999999999984, 19.57999999999999], [-14.859999999999983, 19.57999999999999], [-14.859999999999983, 19.55999999999999], [-15.019999999999984, 19.539999999999992], [-15.019999999999984, 19.519999999999992], [-15.079999999999984, 19.519999999999992], [-15.079999999999984, 19.45999999999999], [-14.979999999999984, 19.45999999999999], [-14.979999999999984, 19.47999999999999], [-14.899999999999984, 19.47999999999999], [-14.899999999999984, 19.499999999999993], [-14.819999999999984, 19.499999999999993], [-14.819999999999984, 19.519999999999992], [-14.739999999999984, 19.519999999999992], [-14.739999999999984, 19.539999999999992], [-14.639999999999985, 19.539999999999992], [-14.639999999999985, 19.55999999999999], [-14.559999999999985, 19.55999999999999], [-14.559999999999985, 19.57999999999999], [-14.479999999999984, 19.57999999999999], [-14.479999999999984, 19.59999999999999], [-14.399999999999984, 19.59999999999999], [-14.399999999999984, 19.61999999999999], [-14.319999999999984, 19.61999999999999], [-14.319999999999984, 19.63999999999999], [-14.239999999999984, 19.63999999999999], [-14.239999999999984, 19.659999999999993], [-14.159999999999984, 19.659999999999993], [-14.159999999999984, 19.679999999999993], [-14.079999999999984, 19.679999999999993], [-14.079999999999984, 19.699999999999992], [-13.919999999999984, 19.71999999999999], [-13.919999999999984, 19.73999999999999], [-13.839999999999984, 19.73999999999999], [-13.839999999999984, 19.75999999999999], [-13.739999999999984, 19.75999999999999], [-13.739999999999984, 19.77999999999999], [-13.579999999999984, 19.79999999999999], [-13.579999999999984, 19.819999999999993], [-13.499999999999984, 19.819999999999993], [-13.499999999999984, 19.89999999999999], [-13.539999999999985, 19.89999999999999]]]}, "properties": {"areaKm2": 1274, "country": "Mauritania", "nearestPlace": "Akjoujt (20 km)", "lon": -14.22, "lat": 19.69, "west": -15.08, "south": 19.46, "east": -13.5, "north": 19.9, "otherDirectionPct": 100}}, {"type": "Feature", "geometry": {"type": "Polygon", "coordinates": [[[-5.260000000000007, 26.799999999999997], [-5.260000000000007, 26.779999999999998], [-5.340000000000007, 26.779999999999998], [-5.340000000000007, 26.759999999999998], [-5.500000000000007, 26.74], [-5.500000000000007, 26.72], [-5.580000000000007, 26.72], [-5.580000000000007, 26.699999999999996], [-5.660000000000007, 26.699999999999996], [-5.660000000000007, 26.679999999999996], [-5.740000000000006, 26.679999999999996], [-5.740000000000006, 26.659999999999997], [-5.8200000000000065, 26.659999999999997], [-5.8200000000000065, 26.639999999999997], [-5.900000000000007, 26.639999999999997], [-5.900000000000007, 26.619999999999997], [-5.980000000000007, 26.619999999999997], [-5.980000000000007, 26.599999999999998], [-6.060000000000007, 26.599999999999998], [-6.060000000000007, 26.58], [-6.140000000000007, 26.58], [-6.140000000000007, 26.56], [-6.240000000000006, 26.56], [-6.240000000000006, 26.539999999999996], [-6.3200000000000065, 26.539999999999996], [-6.3200000000000065, 26.519999999999996], [-6.400000000000007, 26.519999999999996], [-6.400000000000007, 26.499999999999996], [-6.480000000000007, 26.499999999999996], [-6.480000000000007, 26.479999999999997], [-6.560000000000007, 26.479999999999997], [-6.560000000000007, 26.459999999999997], [-6.640000000000007, 26.459999999999997], [-6.640000000000007, 26.439999999999998], [-6.680000000000007, 26.439999999999998], [-6.680000000000007, 26.4], [-6.660000000000007, 26.4], [-6.660000000000007, 26.359999999999996], [-6.640000000000007, 26.359999999999996], [-6.640000000000007, 26.379999999999995], [-6.560000000000007, 26.379999999999995], [-6.560000000000007, 26.4], [-6.480000000000007, 26.4], [-6.480000000000007, 26.419999999999998], [-6.400000000000007, 26.419999999999998], [-6.400000000000007, 26.439999999999998], [-6.3200000000000065, 26.439999999999998], [-6.3200000000000065, 26.459999999999997], [-6.240000000000006, 26.459999999999997], [-6.240000000000006, 26.479999999999997], [-6.160000000000007, 26.479999999999997], [-6.160000000000007, 26.499999999999996], [-6.080000000000007, 26.499999999999996], [-6.080000000000007, 26.519999999999996], [-6.000000000000007, 26.519999999999996], [-6.000000000000007, 26.539999999999996], [-5.920000000000007, 26.539999999999996], [-5.920000000000007, 26.56], [-5.840000000000007, 26.56], [-5.840000000000007, 26.58], [-5.760000000000007, 26.58], [-5.760000000000007, 26.599999999999998], [-5.680000000000007, 26.599999999999998], [-5.680000000000007, 26.619999999999997], [-5.600000000000007, 26.619999999999997], [-5.600000000000007, 26.639999999999997], [-5.520000000000007, 26.639999999999997], [-5.520000000000007, 26.659999999999997], [-5.440000000000007, 26.659999999999997], [-5.440000000000007, 26.679999999999996], [-5.3600000000000065, 26.679999999999996], [-5.3600000000000065, 26.699999999999996], [-5.2800000000000065, 26.699999999999996], [-5.2800000000000065, 26.72], [-5.200000000000006, 26.72], [-5.200000000000006, 26.74], [-5.160000000000007, 26.74], [-5.160000000000007, 26.779999999999998], [-5.180000000000007, 26.779999999999998], [-5.180000000000007, 26.799999999999997], [-5.260000000000007, 26.799999999999997]]]}, "properties": {"areaKm2": 1272, "country": "Algeria", "nearestPlace": "Chegga (135 km)", "lon": -5.91, "lat": 26.59, "west": -6.68, "south": 26.36, "east": -5.16, "north": 26.8, "otherDirectionPct": 98}}, {"type": "Feature", "geometry": {"type": "Polygon", "coordinates": [[[3.9199999999999977, 24.060000000000002], [3.9199999999999977, 24.040000000000003], [3.759999999999998, 24.020000000000003], [3.759999999999998, 24.000000000000004], [3.679999999999998, 24.000000000000004], [3.679999999999998, 23.980000000000004], [3.599999999999998, 23.980000000000004], [3.599999999999998, 23.96], [3.519999999999998, 23.96], [3.519999999999998, 23.94], [3.4399999999999977, 23.94], [3.4399999999999977, 23.92], [3.3599999999999977, 23.92], [3.3599999999999977, 23.900000000000002], [3.2799999999999976, 23.900000000000002], [3.2799999999999976, 23.880000000000003], [3.1999999999999975, 23.880000000000003], [3.1999999999999975, 23.860000000000003], [3.039999999999998, 23.840000000000003], [3.039999999999998, 23.820000000000004], [2.9599999999999977, 23.820000000000004], [2.9599999999999977, 23.8], [2.7999999999999976, 23.78], [2.7999999999999976, 23.76], [2.719999999999998, 23.76], [2.719999999999998, 23.740000000000002], [2.619999999999998, 23.740000000000002], [2.619999999999998, 23.720000000000002], [2.4599999999999977, 23.700000000000003], [2.4599999999999977, 23.680000000000003], [2.4399999999999977, 23.680000000000003], [2.4399999999999977, 23.62], [2.519999999999998, 23.62], [2.519999999999998, 23.64], [2.599999999999998, 23.64], [2.599999999999998, 23.660000000000004], [2.679999999999998, 23.660000000000004], [2.679999999999998, 23.680000000000003], [2.7599999999999976, 23.680000000000003], [2.7599999999999976, 23.700000000000003], [2.8399999999999976, 23.700000000000003], [2.8399999999999976, 23.720000000000002], [2.9199999999999977, 23.720000000000002], [2.9199999999999977, 23.740000000000002], [2.999999999999998, 23.740000000000002], [2.999999999999998, 23.76], [3.079999999999998, 23.76], [3.079999999999998, 23.78], [3.1599999999999975, 23.78], [3.1599999999999975, 23.8], [3.2399999999999975, 23.8], [3.2399999999999975, 23.820000000000004], [3.3199999999999976, 23.820000000000004], [3.3199999999999976, 23.840000000000003], [3.3999999999999977, 23.840000000000003], [3.3999999999999977, 23.860000000000003], [3.4799999999999978, 23.860000000000003], [3.4799999999999978, 23.880000000000003], [3.559999999999998, 23.880000000000003], [3.559999999999998, 23.900000000000002], [3.719999999999998, 23.92], [3.719999999999998, 23.94], [3.8199999999999976, 23.94], [3.8199999999999976, 23.96], [3.8999999999999977, 23.96], [3.8999999999999977, 23.980000000000004], [3.9799999999999978, 23.980000000000004], [3.9799999999999978, 24.000000000000004], [3.999999999999998, 24.000000000000004], [3.999999999999998, 24.060000000000002], [3.9199999999999977, 24.060000000000002]]]}, "properties": {"areaKm2": 1260, "country": "Algeria", "nearestPlace": "Arak (168 km)", "lon": 3.26, "lat": 23.85, "west": 2.44, "south": 23.62, "east": 4.0, "north": 24.06, "otherDirectionPct": 79}}, {"type": "Feature", "geometry": {"type": "Polygon", "coordinates": [[[-13.77999999999999, 20.599999999999994], [-13.77999999999999, 20.579999999999995], [-13.85999999999999, 20.579999999999995], [-13.85999999999999, 20.559999999999995], [-14.01999999999999, 20.539999999999996], [-14.01999999999999, 20.519999999999996], [-14.09999999999999, 20.519999999999996], [-14.09999999999999, 20.499999999999993], [-14.19999999999999, 20.499999999999993], [-14.19999999999999, 20.479999999999993], [-14.27999999999999, 20.479999999999993], [-14.27999999999999, 20.459999999999994], [-14.35999999999999, 20.459999999999994], [-14.35999999999999, 20.439999999999994], [-14.43999999999999, 20.439999999999994], [-14.43999999999999, 20.419999999999995], [-14.51999999999999, 20.419999999999995], [-14.51999999999999, 20.399999999999995], [-14.59999999999999, 20.399999999999995], [-14.59999999999999, 20.379999999999995], [-14.67999999999999, 20.379999999999995], [-14.67999999999999, 20.359999999999996], [-14.759999999999991, 20.359999999999996], [-14.759999999999991, 20.339999999999993], [-14.839999999999991, 20.339999999999993], [-14.839999999999991, 20.319999999999993], [-14.919999999999991, 20.319999999999993], [-14.919999999999991, 20.299999999999994], [-14.999999999999991, 20.299999999999994], [-14.999999999999991, 20.279999999999994], [-15.079999999999991, 20.279999999999994], [-15.079999999999991, 20.259999999999994], [-15.17999999999999, 20.259999999999994], [-15.17999999999999, 20.239999999999995], [-15.259999999999991, 20.239999999999995], [-15.259999999999991, 20.159999999999993], [-15.219999999999992, 20.159999999999993], [-15.219999999999992, 20.179999999999993], [-15.139999999999992, 20.179999999999993], [-15.139999999999992, 20.199999999999996], [-15.059999999999992, 20.199999999999996], [-15.059999999999992, 20.219999999999995], [-14.95999999999999, 20.219999999999995], [-14.95999999999999, 20.239999999999995], [-14.87999999999999, 20.239999999999995], [-14.87999999999999, 20.259999999999994], [-14.79999999999999, 20.259999999999994], [-14.79999999999999, 20.279999999999994], [-14.719999999999992, 20.279999999999994], [-14.719999999999992, 20.299999999999994], [-14.639999999999992, 20.299999999999994], [-14.639999999999992, 20.319999999999993], [-14.559999999999992, 20.319999999999993], [-14.559999999999992, 20.339999999999993], [-14.479999999999992, 20.339999999999993], [-14.479999999999992, 20.359999999999996], [-14.399999999999991, 20.359999999999996], [-14.399999999999991, 20.379999999999995], [-14.319999999999991, 20.379999999999995], [-14.319999999999991, 20.399999999999995], [-14.239999999999991, 20.399999999999995], [-14.239999999999991, 20.419999999999995], [-14.159999999999991, 20.419999999999995], [-14.159999999999991, 20.439999999999994], [-14.059999999999992, 20.439999999999994], [-14.059999999999992, 20.459999999999994], [-13.979999999999992, 20.459999999999994], [-13.979999999999992, 20.479999999999993], [-13.899999999999991, 20.479999999999993], [-13.899999999999991, 20.499999999999993], [-13.819999999999991, 20.499999999999993], [-13.819999999999991, 20.519999999999996], [-13.739999999999991, 20.519999999999996], [-13.739999999999991, 20.539999999999996], [-13.69999999999999, 20.539999999999996], [-13.69999999999999, 20.599999999999994], [-13.77999999999999, 20.599999999999994]]]}, "properties": {"areaKm2": 1259, "country": "Mauritania", "nearestPlace": "Akjoujt (72 km)", "lon": -14.46, "lat": 20.39, "west": -15.26, "south": 20.16, "east": -13.7, "north": 20.6, "otherDirectionPct": 100}}, {"type": "Feature", "geometry": {"type": "Polygon", "coordinates": [[[11.079999999999991, 21.14], [11.079999999999991, 21.12], [10.979999999999992, 21.12], [10.979999999999992, 21.1], [10.899999999999991, 21.1], [10.899999999999991, 21.080000000000002], [10.739999999999991, 21.060000000000002], [10.739999999999991, 21.04], [10.659999999999993, 21.04], [10.659999999999993, 21.02], [10.579999999999991, 21.02], [10.579999999999991, 21.0], [10.499999999999993, 21.0], [10.499999999999993, 20.98], [10.419999999999993, 20.98], [10.419999999999993, 20.96], [10.339999999999993, 20.96], [10.339999999999993, 20.94], [10.259999999999993, 20.94], [10.259999999999993, 20.92], [10.179999999999993, 20.92], [10.179999999999993, 20.900000000000002], [10.099999999999993, 20.900000000000002], [10.099999999999993, 20.88], [9.999999999999993, 20.88], [9.999999999999993, 20.86], [9.919999999999993, 20.86], [9.919999999999993, 20.84], [9.839999999999993, 20.84], [9.839999999999993, 20.82], [9.759999999999993, 20.82], [9.759999999999993, 20.8], [9.679999999999993, 20.8], [9.679999999999993, 20.78], [9.599999999999993, 20.78], [9.599999999999993, 20.76], [9.539999999999992, 20.76], [9.539999999999992, 20.72], [9.559999999999992, 20.72], [9.559999999999992, 20.7], [9.639999999999992, 20.7], [9.639999999999992, 20.72], [9.719999999999992, 20.72], [9.719999999999992, 20.740000000000002], [9.799999999999992, 20.740000000000002], [9.799999999999992, 20.76], [9.879999999999992, 20.76], [9.879999999999992, 20.78], [10.039999999999992, 20.8], [10.039999999999992, 20.82], [10.119999999999992, 20.82], [10.119999999999992, 20.84], [10.199999999999992, 20.84], [10.199999999999992, 20.86], [10.299999999999992, 20.86], [10.299999999999992, 20.88], [10.379999999999992, 20.88], [10.379999999999992, 20.900000000000002], [10.459999999999992, 20.900000000000002], [10.459999999999992, 20.92], [10.539999999999992, 20.92], [10.539999999999992, 20.94], [10.619999999999992, 20.94], [10.619999999999992, 20.96], [10.699999999999992, 20.96], [10.699999999999992, 20.98], [10.779999999999992, 20.98], [10.779999999999992, 21.0], [10.859999999999992, 21.0], [10.859999999999992, 21.02], [10.939999999999992, 21.02], [10.939999999999992, 21.04], [11.019999999999992, 21.04], [11.019999999999992, 21.060000000000002], [11.099999999999993, 21.060000000000002], [11.099999999999993, 21.080000000000002], [11.119999999999992, 21.080000000000002], [11.119999999999992, 21.14], [11.079999999999991, 21.14]]]}, "properties": {"areaKm2": 1255, "country": "Niger", "nearestPlace": "Djado (213 km)", "lon": 10.4, "lat": 20.93, "west": 9.54, "south": 20.7, "east": 11.12, "north": 21.14, "otherDirectionPct": 100}}, {"type": "Feature", "geometry": {"type": "Polygon", "coordinates": [[[2.860000000000009, 20.819999999999993], [2.860000000000009, 20.799999999999994], [2.780000000000009, 20.799999999999994], [2.780000000000009, 20.779999999999994], [2.700000000000009, 20.779999999999994], [2.700000000000009, 20.759999999999994], [2.620000000000009, 20.759999999999994], [2.620000000000009, 20.739999999999995], [2.540000000000009, 20.739999999999995], [2.540000000000009, 20.71999999999999], [2.460000000000009, 20.71999999999999], [2.460000000000009, 20.699999999999992], [2.300000000000009, 20.679999999999993], [2.300000000000009, 20.659999999999993], [2.220000000000009, 20.659999999999993], [2.220000000000009, 20.639999999999993], [2.140000000000009, 20.639999999999993], [2.140000000000009, 20.619999999999994], [2.040000000000009, 20.619999999999994], [2.040000000000009, 20.599999999999994], [1.8800000000000092, 20.579999999999995], [1.8800000000000092, 20.55999999999999], [1.8000000000000091, 20.55999999999999], [1.8000000000000091, 20.539999999999992], [1.640000000000009, 20.519999999999992], [1.640000000000009, 20.499999999999993], [1.480000000000009, 20.479999999999993], [1.480000000000009, 20.459999999999994], [1.400000000000009, 20.459999999999994], [1.400000000000009, 20.439999999999994], [1.3200000000000092, 20.439999999999994], [1.3200000000000092, 20.419999999999995], [1.240000000000009, 20.419999999999995], [1.240000000000009, 20.359999999999992], [1.3400000000000092, 20.359999999999992], [1.3400000000000092, 20.379999999999992], [1.420000000000009, 20.379999999999992], [1.420000000000009, 20.39999999999999], [1.500000000000009, 20.39999999999999], [1.500000000000009, 20.419999999999995], [1.5800000000000092, 20.419999999999995], [1.5800000000000092, 20.439999999999994], [1.660000000000009, 20.439999999999994], [1.660000000000009, 20.459999999999994], [1.740000000000009, 20.459999999999994], [1.740000000000009, 20.479999999999993], [1.8200000000000092, 20.479999999999993], [1.8200000000000092, 20.499999999999993], [1.980000000000009, 20.519999999999992], [1.980000000000009, 20.539999999999992], [2.080000000000009, 20.539999999999992], [2.080000000000009, 20.55999999999999], [2.160000000000009, 20.55999999999999], [2.160000000000009, 20.579999999999995], [2.240000000000009, 20.579999999999995], [2.240000000000009, 20.599999999999994], [2.320000000000009, 20.599999999999994], [2.320000000000009, 20.619999999999994], [2.4000000000000092, 20.619999999999994], [2.4000000000000092, 20.639999999999993], [2.4800000000000093, 20.639999999999993], [2.4800000000000093, 20.659999999999993], [2.5600000000000094, 20.659999999999993], [2.5600000000000094, 20.679999999999993], [2.720000000000009, 20.699999999999992], [2.720000000000009, 20.71999999999999], [2.800000000000009, 20.71999999999999], [2.800000000000009, 20.739999999999995], [2.880000000000009, 20.739999999999995], [2.9000000000000092, 20.779999999999994], [2.880000000000009, 20.779999999999994], [2.880000000000009, 20.819999999999993], [2.860000000000009, 20.819999999999993]]]}, "properties": {"areaKm2": 1244, "country": "Algeria, Mali", "nearestPlace": "Tessalit (121 km)", "lon": 2.1, "lat": 20.59, "west": 1.24, "south": 20.36, "east": 2.9, "north": 20.82, "otherDirectionPct": 100}}, {"type": "Feature", "geometry": {"type": "Polygon", "coordinates": [[[-9.319999999999986, 19.58], [-9.319999999999986, 19.56], [-9.479999999999984, 19.54], [-9.479999999999984, 19.52], [-9.579999999999986, 19.52], [-9.579999999999986, 19.5], [-9.659999999999986, 19.5], [-9.659999999999986, 19.479999999999997], [-9.739999999999984, 19.479999999999997], [-9.739999999999984, 19.459999999999997], [-9.819999999999986, 19.459999999999997], [-9.819999999999986, 19.439999999999998], [-9.899999999999984, 19.439999999999998], [-9.899999999999984, 19.419999999999998], [-9.979999999999984, 19.419999999999998], [-9.979999999999984, 19.4], [-10.059999999999985, 19.4], [-10.059999999999985, 19.38], [-10.139999999999985, 19.38], [-10.139999999999985, 19.36], [-10.219999999999985, 19.36], [-10.219999999999985, 19.34], [-10.299999999999985, 19.34], [-10.299999999999985, 19.319999999999997], [-10.399999999999984, 19.319999999999997], [-10.399999999999984, 19.299999999999997], [-10.479999999999984, 19.299999999999997], [-10.479999999999984, 19.279999999999998], [-10.559999999999985, 19.279999999999998], [-10.559999999999985, 19.259999999999998], [-10.639999999999985, 19.259999999999998], [-10.639999999999985, 19.24], [-10.719999999999985, 19.24], [-10.719999999999985, 19.22], [-10.799999999999985, 19.22], [-10.799999999999985, 19.2], [-10.859999999999985, 19.2], [-10.859999999999985, 19.159999999999997], [-10.839999999999986, 19.159999999999997], [-10.839999999999986, 19.139999999999997], [-10.779999999999985, 19.139999999999997], [-10.779999999999985, 19.159999999999997], [-10.699999999999985, 19.159999999999997], [-10.699999999999985, 19.18], [-10.619999999999985, 19.18], [-10.619999999999985, 19.2], [-10.459999999999985, 19.22], [-10.459999999999985, 19.24], [-10.359999999999985, 19.24], [-10.359999999999985, 19.259999999999998], [-10.279999999999985, 19.259999999999998], [-10.279999999999985, 19.279999999999998], [-10.199999999999985, 19.279999999999998], [-10.199999999999985, 19.299999999999997], [-10.119999999999985, 19.299999999999997], [-10.119999999999985, 19.319999999999997], [-10.039999999999985, 19.319999999999997], [-10.039999999999985, 19.34], [-9.959999999999985, 19.34], [-9.959999999999985, 19.36], [-9.879999999999985, 19.36], [-9.879999999999985, 19.38], [-9.799999999999985, 19.38], [-9.799999999999985, 19.4], [-9.719999999999985, 19.4], [-9.719999999999985, 19.419999999999998], [-9.639999999999985, 19.419999999999998], [-9.639999999999985, 19.439999999999998], [-9.539999999999985, 19.439999999999998], [-9.539999999999985, 19.459999999999997], [-9.459999999999985, 19.459999999999997], [-9.459999999999985, 19.479999999999997], [-9.379999999999985, 19.479999999999997], [-9.379999999999985, 19.5], [-9.299999999999985, 19.5], [-9.299999999999985, 19.52], [-9.259999999999986, 19.52], [-9.259999999999986, 19.58], [-9.319999999999986, 19.58]]]}, "properties": {"areaKm2": 1216, "country": "Mauritania", "nearestPlace": "Tidjikdja (181 km)", "lon": -10.01, "lat": 19.37, "west": -10.86, "south": 19.14, "east": -9.26, "north": 19.58, "otherDirectionPct": 100}}, {"type": "Feature", "geometry": {"type": "Polygon", "coordinates": [[[27.720000000000017, 20.86], [27.720000000000017, 20.84], [27.560000000000016, 20.82], [27.560000000000016, 20.8], [27.480000000000018, 20.8], [27.480000000000018, 20.78], [27.400000000000016, 20.78], [27.400000000000016, 20.759999999999998], [27.320000000000018, 20.759999999999998], [27.320000000000018, 20.74], [27.240000000000016, 20.74], [27.240000000000016, 20.72], [27.160000000000018, 20.72], [27.160000000000018, 20.7], [27.080000000000016, 20.7], [27.080000000000016, 20.68], [27.000000000000018, 20.68], [27.000000000000018, 20.66], [26.840000000000018, 20.64], [26.840000000000018, 20.62], [26.740000000000016, 20.62], [26.740000000000016, 20.599999999999998], [26.580000000000016, 20.58], [26.580000000000016, 20.56], [26.500000000000018, 20.56], [26.500000000000018, 20.54], [26.420000000000016, 20.54], [26.420000000000016, 20.52], [26.340000000000018, 20.52], [26.340000000000018, 20.5], [26.260000000000016, 20.5], [26.260000000000016, 20.48], [26.200000000000017, 20.48], [26.200000000000017, 20.46], [26.220000000000017, 20.46], [26.220000000000017, 20.419999999999998], [26.280000000000015, 20.419999999999998], [26.280000000000015, 20.439999999999998], [26.360000000000017, 20.439999999999998], [26.360000000000017, 20.46], [26.520000000000017, 20.48], [26.520000000000017, 20.5], [26.62000000000002, 20.5], [26.62000000000002, 20.52], [26.700000000000017, 20.52], [26.700000000000017, 20.54], [26.780000000000015, 20.54], [26.780000000000015, 20.56], [26.860000000000017, 20.56], [26.860000000000017, 20.58], [26.940000000000015, 20.58], [26.940000000000015, 20.599999999999998], [27.020000000000017, 20.599999999999998], [27.020000000000017, 20.62], [27.100000000000016, 20.62], [27.100000000000016, 20.64], [27.180000000000017, 20.64], [27.180000000000017, 20.66], [27.260000000000016, 20.66], [27.260000000000016, 20.68], [27.340000000000018, 20.68], [27.340000000000018, 20.7], [27.420000000000016, 20.7], [27.420000000000016, 20.72], [27.500000000000018, 20.72], [27.500000000000018, 20.74], [27.600000000000016, 20.74], [27.600000000000016, 20.759999999999998], [27.680000000000017, 20.759999999999998], [27.680000000000017, 20.78], [27.760000000000016, 20.78], [27.760000000000016, 20.8], [27.80000000000002, 20.8], [27.80000000000002, 20.82], [27.780000000000015, 20.82], [27.780000000000015, 20.86], [27.720000000000017, 20.86]]]}, "properties": {"areaKm2": 1211, "country": "Sudan", "nearestPlace": "Kerma (391 km)", "lon": 27.05, "lat": 20.65, "west": 26.2, "south": 20.42, "east": 27.8, "north": 20.86, "otherDirectionPct": 100}}, {"type": "Feature", "geometry": {"type": "Polygon", "coordinates": [[[27.780000000000015, 27.659999999999997], [27.780000000000015, 27.639999999999997], [27.700000000000014, 27.639999999999997], [27.700000000000014, 27.619999999999997], [27.620000000000015, 27.619999999999997], [27.620000000000015, 27.599999999999998], [27.460000000000015, 27.58], [27.460000000000015, 27.559999999999995], [27.380000000000013, 27.559999999999995], [27.380000000000013, 27.539999999999996], [27.300000000000015, 27.539999999999996], [27.300000000000015, 27.519999999999996], [27.220000000000013, 27.519999999999996], [27.220000000000013, 27.499999999999996], [27.140000000000015, 27.499999999999996], [27.140000000000015, 27.479999999999997], [27.060000000000013, 27.479999999999997], [27.060000000000013, 27.459999999999997], [26.980000000000015, 27.459999999999997], [26.980000000000015, 27.439999999999998], [26.820000000000014, 27.419999999999998], [26.820000000000014, 27.399999999999995], [26.740000000000013, 27.399999999999995], [26.740000000000013, 27.379999999999995], [26.580000000000013, 27.359999999999996], [26.580000000000013, 27.339999999999996], [26.500000000000014, 27.339999999999996], [26.500000000000014, 27.319999999999997], [26.420000000000012, 27.319999999999997], [26.420000000000012, 27.299999999999997], [26.360000000000014, 27.299999999999997], [26.360000000000014, 27.279999999999998], [26.380000000000013, 27.279999999999998], [26.380000000000013, 27.219999999999995], [26.400000000000013, 27.219999999999995], [26.400000000000013, 27.239999999999995], [26.480000000000015, 27.239999999999995], [26.480000000000015, 27.259999999999998], [26.640000000000015, 27.279999999999998], [26.640000000000015, 27.299999999999997], [26.720000000000013, 27.299999999999997], [26.720000000000013, 27.319999999999997], [26.800000000000015, 27.319999999999997], [26.800000000000015, 27.339999999999996], [26.880000000000013, 27.339999999999996], [26.880000000000013, 27.359999999999996], [26.960000000000015, 27.359999999999996], [26.960000000000015, 27.379999999999995], [27.040000000000013, 27.379999999999995], [27.040000000000013, 27.399999999999995], [27.120000000000015, 27.399999999999995], [27.120000000000015, 27.419999999999998], [27.200000000000014, 27.419999999999998], [27.200000000000014, 27.439999999999998], [27.280000000000015, 27.439999999999998], [27.280000000000015, 27.459999999999997], [27.440000000000012, 27.479999999999997], [27.440000000000012, 27.499999999999996], [27.520000000000014, 27.499999999999996], [27.520000000000014, 27.519999999999996], [27.600000000000012, 27.519999999999996], [27.600000000000012, 27.539999999999996], [27.760000000000012, 27.559999999999995], [27.760000000000012, 27.58], [27.840000000000014, 27.58], [27.840000000000014, 27.639999999999997], [27.820000000000014, 27.639999999999997], [27.820000000000014, 27.659999999999997], [27.780000000000015, 27.659999999999997]]]}, "properties": {"areaKm2": 1205, "country": "Egypt", "nearestPlace": "Qasr Farafra (102 km)", "lon": 27.13, "lat": 27.45, "west": 26.36, "south": 27.22, "east": 27.84, "north": 27.66, "otherDirectionPct": 92}}, {"type": "Feature", "geometry": {"type": "Polygon", "coordinates": [[[1.980000000000008, 23.64], [1.980000000000008, 23.62], [1.900000000000008, 23.62], [1.900000000000008, 23.6], [1.740000000000008, 23.580000000000002], [1.740000000000008, 23.560000000000002], [1.660000000000008, 23.560000000000002], [1.660000000000008, 23.54], [1.580000000000008, 23.54], [1.580000000000008, 23.52], [1.480000000000008, 23.52], [1.480000000000008, 23.5], [1.3200000000000078, 23.48], [1.3200000000000078, 23.46], [1.240000000000008, 23.46], [1.240000000000008, 23.44], [1.1600000000000081, 23.44], [1.1600000000000081, 23.42], [1.000000000000008, 23.400000000000002], [1.000000000000008, 23.38], [0.9200000000000079, 23.38], [0.9200000000000079, 23.36], [0.840000000000008, 23.36], [0.840000000000008, 23.34], [0.760000000000008, 23.34], [0.760000000000008, 23.32], [0.6800000000000079, 23.32], [0.6800000000000079, 23.3], [0.520000000000008, 23.28], [0.520000000000008, 23.26], [0.46000000000000796, 23.26], [0.46000000000000796, 23.240000000000002], [0.480000000000008, 23.240000000000002], [0.480000000000008, 23.2], [0.5400000000000079, 23.2], [0.5400000000000079, 23.22], [0.620000000000008, 23.22], [0.620000000000008, 23.240000000000002], [0.780000000000008, 23.26], [0.780000000000008, 23.28], [0.860000000000008, 23.28], [0.860000000000008, 23.3], [0.9400000000000079, 23.3], [0.9400000000000079, 23.32], [1.020000000000008, 23.32], [1.020000000000008, 23.34], [1.100000000000008, 23.34], [1.100000000000008, 23.36], [1.180000000000008, 23.36], [1.180000000000008, 23.38], [1.260000000000008, 23.38], [1.260000000000008, 23.400000000000002], [1.420000000000008, 23.42], [1.420000000000008, 23.44], [1.520000000000008, 23.44], [1.520000000000008, 23.46], [1.600000000000008, 23.46], [1.600000000000008, 23.48], [1.680000000000008, 23.48], [1.680000000000008, 23.5], [1.760000000000008, 23.5], [1.760000000000008, 23.52], [1.920000000000008, 23.54], [1.920000000000008, 23.560000000000002], [2.080000000000008, 23.580000000000002], [2.080000000000008, 23.6], [2.060000000000008, 23.6], [2.040000000000008, 23.64], [1.980000000000008, 23.64]]]}, "properties": {"areaKm2": 1173, "country": "Algeria", "nearestPlace": "Arak (343 km)", "lon": 1.29, "lat": 23.43, "west": 0.46, "south": 23.2, "east": 2.08, "north": 23.64, "otherDirectionPct": 93}}, {"type": "Feature", "geometry": {"type": "Polygon", "coordinates": [[[-5.999999999999996, 29.159999999999997], [-5.999999999999996, 29.139999999999997], [-6.159999999999996, 29.119999999999997], [-6.159999999999996, 29.099999999999998], [-6.239999999999995, 29.099999999999998], [-6.239999999999995, 29.08], [-6.319999999999995, 29.08], [-6.319999999999995, 29.059999999999995], [-6.399999999999995, 29.059999999999995], [-6.399999999999995, 29.039999999999996], [-6.479999999999995, 29.039999999999996], [-6.479999999999995, 29.019999999999996], [-6.559999999999995, 29.019999999999996], [-6.559999999999995, 28.999999999999996], [-6.639999999999995, 28.999999999999996], [-6.639999999999995, 28.979999999999997], [-6.719999999999995, 28.979999999999997], [-6.719999999999995, 28.959999999999997], [-6.799999999999995, 28.959999999999997], [-6.799999999999995, 28.939999999999998], [-6.8799999999999955, 28.939999999999998], [-6.8799999999999955, 28.919999999999998], [-6.9599999999999955, 28.919999999999998], [-6.9599999999999955, 28.899999999999995], [-7.039999999999996, 28.899999999999995], [-7.039999999999996, 28.879999999999995], [-7.119999999999996, 28.879999999999995], [-7.119999999999996, 28.859999999999996], [-7.199999999999996, 28.859999999999996], [-7.199999999999996, 28.839999999999996], [-7.279999999999996, 28.839999999999996], [-7.279999999999996, 28.819999999999997], [-7.359999999999996, 28.819999999999997], [-7.359999999999996, 28.799999999999997], [-7.3799999999999955, 28.799999999999997], [-7.3799999999999955, 28.739999999999995], [-7.299999999999995, 28.739999999999995], [-7.299999999999995, 28.759999999999998], [-7.219999999999995, 28.759999999999998], [-7.219999999999995, 28.779999999999998], [-7.139999999999995, 28.779999999999998], [-7.139999999999995, 28.799999999999997], [-7.059999999999995, 28.799999999999997], [-7.059999999999995, 28.819999999999997], [-6.979999999999995, 28.819999999999997], [-6.979999999999995, 28.839999999999996], [-6.899999999999995, 28.839999999999996], [-6.899999999999995, 28.859999999999996], [-6.819999999999995, 28.859999999999996], [-6.819999999999995, 28.879999999999995], [-6.739999999999996, 28.879999999999995], [-6.739999999999996, 28.899999999999995], [-6.659999999999996, 28.899999999999995], [-6.659999999999996, 28.919999999999998], [-6.579999999999996, 28.919999999999998], [-6.579999999999996, 28.939999999999998], [-6.499999999999996, 28.939999999999998], [-6.499999999999996, 28.959999999999997], [-6.4199999999999955, 28.959999999999997], [-6.4199999999999955, 28.979999999999997], [-6.339999999999995, 28.979999999999997], [-6.339999999999995, 28.999999999999996], [-6.259999999999995, 28.999999999999996], [-6.259999999999995, 29.019999999999996], [-6.179999999999995, 29.019999999999996], [-6.179999999999995, 29.039999999999996], [-6.099999999999995, 29.039999999999996], [-6.099999999999995, 29.059999999999995], [-6.019999999999995, 29.059999999999995], [-6.019999999999995, 29.08], [-5.939999999999996, 29.08], [-5.939999999999996, 29.139999999999997], [-5.9599999999999955, 29.139999999999997], [-5.9599999999999955, 29.159999999999997], [-5.999999999999996, 29.159999999999997]]]}, "properties": {"areaKm2": 1167, "country": "Algeria", "nearestPlace": "Tindouf (219 km)", "lon": -6.65, "lat": 28.95, "west": -7.38, "south": 28.74, "east": -5.94, "north": 29.16, "otherDirectionPct": 91}}, {"type": "Feature", "geometry": {"type": "Polygon", "coordinates": [[[2.160000000000009, 29.72], [2.160000000000009, 29.7], [2.080000000000009, 29.7], [2.080000000000009, 29.68], [2.000000000000009, 29.68], [2.000000000000009, 29.66], [1.8400000000000092, 29.64], [1.8400000000000092, 29.619999999999997], [1.7600000000000091, 29.619999999999997], [1.7600000000000091, 29.599999999999998], [1.600000000000009, 29.58], [1.600000000000009, 29.56], [1.5200000000000091, 29.56], [1.5200000000000091, 29.54], [1.4400000000000093, 29.54], [1.4400000000000093, 29.52], [1.3600000000000092, 29.52], [1.3600000000000092, 29.5], [1.2800000000000091, 29.5], [1.2800000000000091, 29.48], [1.200000000000009, 29.48], [1.200000000000009, 29.459999999999997], [1.120000000000009, 29.459999999999997], [1.120000000000009, 29.439999999999998], [1.0400000000000091, 29.439999999999998], [1.0400000000000091, 29.419999999999998], [0.9600000000000091, 29.419999999999998], [0.9600000000000091, 29.4], [0.8000000000000091, 29.38], [0.8000000000000091, 29.36], [0.7400000000000091, 29.36], [0.7400000000000091, 29.32], [0.7600000000000091, 29.32], [0.7600000000000091, 29.279999999999998], [0.7800000000000091, 29.279999999999998], [0.7800000000000091, 29.299999999999997], [0.8600000000000091, 29.299999999999997], [0.8600000000000091, 29.32], [0.940000000000009, 29.32], [0.940000000000009, 29.34], [1.0200000000000091, 29.34], [1.0200000000000091, 29.36], [1.100000000000009, 29.36], [1.100000000000009, 29.38], [1.180000000000009, 29.38], [1.180000000000009, 29.4], [1.2600000000000091, 29.4], [1.2600000000000091, 29.419999999999998], [1.3400000000000092, 29.419999999999998], [1.3400000000000092, 29.439999999999998], [1.500000000000009, 29.459999999999997], [1.500000000000009, 29.48], [1.660000000000009, 29.5], [1.660000000000009, 29.52], [1.740000000000009, 29.52], [1.740000000000009, 29.54], [1.8200000000000092, 29.54], [1.8200000000000092, 29.56], [1.980000000000009, 29.58], [1.980000000000009, 29.599999999999998], [2.0600000000000094, 29.599999999999998], [2.0600000000000094, 29.619999999999997], [2.1400000000000095, 29.619999999999997], [2.1400000000000095, 29.64], [2.200000000000009, 29.64], [2.200000000000009, 29.66], [2.180000000000009, 29.66], [2.180000000000009, 29.72], [2.160000000000009, 29.72]]]}, "properties": {"areaKm2": 1161, "country": "Algeria", "nearestPlace": "Timimoun (141 km)", "lon": 1.51, "lat": 29.51, "west": 0.74, "south": 29.28, "east": 2.2, "north": 29.72, "otherDirectionPct": 90}}, {"type": "Feature", "geometry": {"type": "Polygon", "coordinates": [[[20.460000000000004, 17.200000000000003], [20.460000000000004, 17.180000000000003], [20.360000000000003, 17.180000000000003], [20.360000000000003, 17.160000000000004], [20.280000000000005, 17.160000000000004], [20.280000000000005, 17.140000000000004], [20.120000000000005, 17.120000000000005], [20.120000000000005, 17.1], [20.040000000000003, 17.1], [20.040000000000003, 17.080000000000002], [19.880000000000003, 17.060000000000002], [19.880000000000003, 17.040000000000003], [19.800000000000004, 17.040000000000003], [19.800000000000004, 17.020000000000003], [19.700000000000003, 17.020000000000003], [19.700000000000003, 17.000000000000004], [19.620000000000005, 17.000000000000004], [19.620000000000005, 16.980000000000004], [19.460000000000004, 16.960000000000004], [19.460000000000004, 16.94], [19.380000000000003, 16.94], [19.380000000000003, 16.92], [19.220000000000002, 16.900000000000002], [19.220000000000002, 16.880000000000003], [19.120000000000005, 16.880000000000003], [19.120000000000005, 16.860000000000003], [19.040000000000003, 16.860000000000003], [19.040000000000003, 16.840000000000003], [18.960000000000004, 16.840000000000003], [18.960000000000004, 16.820000000000004], [18.880000000000003, 16.820000000000004], [18.880000000000003, 16.800000000000004], [18.840000000000003, 16.800000000000004], [18.840000000000003, 16.740000000000002], [18.880000000000003, 16.740000000000002], [18.880000000000003, 16.76], [18.960000000000004, 16.76], [18.960000000000004, 16.78], [19.040000000000003, 16.78], [19.040000000000003, 16.800000000000004], [19.120000000000005, 16.800000000000004], [19.120000000000005, 16.820000000000004], [19.200000000000003, 16.820000000000004], [19.200000000000003, 16.840000000000003], [19.280000000000005, 16.840000000000003], [19.280000000000005, 16.860000000000003], [19.380000000000003, 16.860000000000003], [19.380000000000003, 16.880000000000003], [19.460000000000004, 16.880000000000003], [19.460000000000004, 16.900000000000002], [19.540000000000003, 16.900000000000002], [19.540000000000003, 16.92], [19.620000000000005, 16.92], [19.620000000000005, 16.94], [19.700000000000003, 16.94], [19.700000000000003, 16.960000000000004], [19.780000000000005, 16.960000000000004], [19.780000000000005, 16.980000000000004], [19.860000000000003, 16.980000000000004], [19.860000000000003, 17.000000000000004], [19.940000000000005, 17.000000000000004], [19.940000000000005, 17.020000000000003], [20.040000000000003, 17.020000000000003], [20.040000000000003, 17.040000000000003], [20.120000000000005, 17.040000000000003], [20.120000000000005, 17.060000000000002], [20.200000000000003, 17.060000000000002], [20.200000000000003, 17.080000000000002], [20.280000000000005, 17.080000000000002], [20.280000000000005, 17.1], [20.360000000000003, 17.1], [20.360000000000003, 17.120000000000005], [20.440000000000005, 17.120000000000005], [20.440000000000005, 17.140000000000004], [20.500000000000004, 17.140000000000004], [20.500000000000004, 17.180000000000003], [20.460000000000004, 17.200000000000003]]]}, "properties": {"areaKm2": 1147, "country": "Chad", "nearestPlace": "Faya Largeau (122 km)", "lon": 19.66, "lat": 16.97, "west": 18.84, "south": 16.74, "east": 20.5, "north": 17.2, "otherDirectionPct": 100}}, {"type": "Feature", "geometry": {"type": "Polygon", "coordinates": [[[13.999999999999998, 31.4], [13.999999999999998, 31.38], [13.919999999999998, 31.38], [13.919999999999998, 31.36], [13.84, 31.36], [13.84, 31.34], [13.68, 31.32], [13.68, 31.299999999999997], [13.6, 31.299999999999997], [13.6, 31.279999999999998], [13.52, 31.279999999999998], [13.52, 31.259999999999998], [13.44, 31.259999999999998], [13.44, 31.24], [13.36, 31.24], [13.36, 31.22], [13.28, 31.22], [13.28, 31.2], [13.2, 31.2], [13.2, 31.18], [13.12, 31.18], [13.12, 31.16], [13.04, 31.16], [13.04, 31.139999999999997], [12.959999999999999, 31.139999999999997], [12.959999999999999, 31.119999999999997], [12.879999999999999, 31.119999999999997], [12.879999999999999, 31.099999999999998], [12.799999999999999, 31.099999999999998], [12.799999999999999, 31.08], [12.719999999999999, 31.08], [12.719999999999999, 31.0], [12.799999999999999, 31.0], [12.799999999999999, 31.02], [12.879999999999999, 31.02], [12.879999999999999, 31.04], [12.959999999999999, 31.04], [12.959999999999999, 31.06], [13.04, 31.06], [13.04, 31.08], [13.12, 31.08], [13.12, 31.099999999999998], [13.2, 31.099999999999998], [13.2, 31.119999999999997], [13.28, 31.119999999999997], [13.28, 31.139999999999997], [13.36, 31.139999999999997], [13.36, 31.16], [13.44, 31.16], [13.44, 31.18], [13.52, 31.18], [13.52, 31.2], [13.68, 31.22], [13.68, 31.24], [13.759999999999998, 31.24], [13.759999999999998, 31.259999999999998], [13.84, 31.259999999999998], [13.84, 31.279999999999998], [13.919999999999998, 31.279999999999998], [13.919999999999998, 31.299999999999997], [13.999999999999998, 31.299999999999997], [13.999999999999998, 31.32], [14.079999999999998, 31.32], [14.059999999999999, 31.4], [13.999999999999998, 31.4]]]}, "properties": {"areaKm2": 1145, "country": "Libya", "nearestPlace": "Mizdah (57 km)", "lon": 13.44, "lat": 31.21, "west": 12.72, "south": 31.0, "east": 14.08, "north": 31.4, "otherDirectionPct": 82}}, {"type": "Feature", "geometry": {"type": "Polygon", "coordinates": [[[-4.17999999999999, 29.82], [-4.17999999999999, 29.8], [-4.339999999999989, 29.78], [-4.339999999999989, 29.76], [-4.499999999999989, 29.740000000000002], [-4.499999999999989, 29.72], [-4.579999999999989, 29.72], [-4.579999999999989, 29.7], [-4.6599999999999895, 29.7], [-4.6599999999999895, 29.68], [-4.7399999999999896, 29.68], [-4.7399999999999896, 29.66], [-4.81999999999999, 29.66], [-4.81999999999999, 29.64], [-4.89999999999999, 29.64], [-4.89999999999999, 29.62], [-4.97999999999999, 29.62], [-4.97999999999999, 29.6], [-5.05999999999999, 29.6], [-5.05999999999999, 29.580000000000002], [-5.13999999999999, 29.580000000000002], [-5.13999999999999, 29.56], [-5.21999999999999, 29.56], [-5.21999999999999, 29.54], [-5.29999999999999, 29.54], [-5.29999999999999, 29.52], [-5.37999999999999, 29.52], [-5.37999999999999, 29.5], [-5.45999999999999, 29.5], [-5.47999999999999, 29.46], [-5.45999999999999, 29.46], [-5.45999999999999, 29.42], [-5.39999999999999, 29.42], [-5.39999999999999, 29.44], [-5.31999999999999, 29.44], [-5.31999999999999, 29.46], [-5.2399999999999896, 29.46], [-5.2399999999999896, 29.48], [-5.1599999999999895, 29.48], [-5.1599999999999895, 29.5], [-5.079999999999989, 29.5], [-5.079999999999989, 29.52], [-4.999999999999989, 29.52], [-4.999999999999989, 29.54], [-4.83999999999999, 29.56], [-4.83999999999999, 29.580000000000002], [-4.75999999999999, 29.580000000000002], [-4.75999999999999, 29.6], [-4.67999999999999, 29.6], [-4.67999999999999, 29.62], [-4.59999999999999, 29.62], [-4.59999999999999, 29.64], [-4.51999999999999, 29.64], [-4.51999999999999, 29.66], [-4.43999999999999, 29.66], [-4.43999999999999, 29.68], [-4.35999999999999, 29.68], [-4.35999999999999, 29.7], [-4.27999999999999, 29.7], [-4.27999999999999, 29.72], [-4.1999999999999895, 29.72], [-4.1999999999999895, 29.740000000000002], [-4.03999999999999, 29.76], [-4.03999999999999, 29.78], [-4.09999999999999, 29.78], [-4.09999999999999, 29.82], [-4.17999999999999, 29.82]]]}, "properties": {"areaKm2": 1116, "country": "Algeria", "nearestPlace": "Er Rachidia (259 km)", "lon": -4.75, "lat": 29.63, "west": -5.48, "south": 29.42, "east": -4.04, "north": 29.82, "otherDirectionPct": 98}}, {"type": "Feature", "geometry": {"type": "Polygon", "coordinates": [[[2.9599999999999946, 27.119999999999997], [2.9599999999999946, 27.099999999999998], [2.8799999999999946, 27.099999999999998], [2.8799999999999946, 27.08], [2.7199999999999944, 27.06], [2.7199999999999944, 27.04], [2.6399999999999944, 27.04], [2.6399999999999944, 27.019999999999996], [2.5599999999999943, 27.019999999999996], [2.5599999999999943, 26.999999999999996], [2.479999999999994, 26.999999999999996], [2.479999999999994, 26.979999999999997], [2.399999999999994, 26.979999999999997], [2.399999999999994, 26.959999999999997], [2.319999999999994, 26.959999999999997], [2.319999999999994, 26.939999999999998], [2.1599999999999944, 26.919999999999998], [2.1599999999999944, 26.9], [2.0799999999999943, 26.9], [2.0799999999999943, 26.88], [1.9999999999999942, 26.88], [1.9999999999999942, 26.859999999999996], [1.8399999999999943, 26.839999999999996], [1.8399999999999943, 26.819999999999997], [1.7599999999999942, 26.819999999999997], [1.7599999999999942, 26.799999999999997], [1.6799999999999944, 26.799999999999997], [1.6799999999999944, 26.779999999999998], [1.5999999999999943, 26.779999999999998], [1.5999999999999943, 26.72], [1.6399999999999944, 26.699999999999996], [1.6399999999999944, 26.72], [1.7199999999999944, 26.72], [1.7199999999999944, 26.74], [1.7999999999999943, 26.74], [1.7999999999999943, 26.759999999999998], [1.8799999999999943, 26.759999999999998], [1.8799999999999943, 26.779999999999998], [1.9599999999999942, 26.779999999999998], [1.9599999999999942, 26.799999999999997], [2.0399999999999943, 26.799999999999997], [2.0399999999999943, 26.819999999999997], [2.1199999999999943, 26.819999999999997], [2.1199999999999943, 26.839999999999996], [2.1999999999999944, 26.839999999999996], [2.1999999999999944, 26.859999999999996], [2.2799999999999945, 26.859999999999996], [2.2799999999999945, 26.88], [2.359999999999994, 26.88], [2.359999999999994, 26.9], [2.439999999999994, 26.9], [2.439999999999994, 26.919999999999998], [2.5199999999999942, 26.919999999999998], [2.5199999999999942, 26.939999999999998], [2.5999999999999943, 26.939999999999998], [2.5999999999999943, 26.959999999999997], [2.6799999999999944, 26.959999999999997], [2.6799999999999944, 26.979999999999997], [2.7599999999999945, 26.979999999999997], [2.7599999999999945, 26.999999999999996], [2.8399999999999945, 26.999999999999996], [2.8399999999999945, 27.019999999999996], [2.9199999999999946, 27.019999999999996], [2.9199999999999946, 27.04], [2.9999999999999947, 27.04], [2.9999999999999947, 27.06], [3.0399999999999943, 27.06], [3.0399999999999943, 27.119999999999997], [2.9599999999999946, 27.119999999999997]]]}, "properties": {"areaKm2": 1109, "country": "Algeria", "nearestPlace": "I-n-Salah (39 km)", "lon": 2.3, "lat": 26.91, "west": 1.6, "south": 26.7, "east": 3.04, "north": 27.12, "otherDirectionPct": 92}}, {"type": "Feature", "geometry": {"type": "Polygon", "coordinates": [[[19.56000000000001, 20.519999999999996], [19.56000000000001, 20.499999999999996], [19.480000000000008, 20.499999999999996], [19.480000000000008, 20.479999999999997], [19.320000000000007, 20.459999999999997], [19.320000000000007, 20.439999999999998], [19.22000000000001, 20.439999999999998], [19.22000000000001, 20.419999999999995], [19.140000000000008, 20.419999999999995], [19.140000000000008, 20.399999999999995], [19.06000000000001, 20.399999999999995], [19.06000000000001, 20.379999999999995], [18.980000000000008, 20.379999999999995], [18.980000000000008, 20.359999999999996], [18.820000000000007, 20.339999999999996], [18.820000000000007, 20.319999999999997], [18.74000000000001, 20.319999999999997], [18.74000000000001, 20.299999999999997], [18.660000000000007, 20.299999999999997], [18.660000000000007, 20.279999999999998], [18.58000000000001, 20.279999999999998], [18.58000000000001, 20.259999999999994], [18.500000000000007, 20.259999999999994], [18.500000000000007, 20.239999999999995], [18.42000000000001, 20.239999999999995], [18.42000000000001, 20.219999999999995], [18.320000000000007, 20.219999999999995], [18.320000000000007, 20.199999999999996], [18.160000000000007, 20.179999999999996], [18.160000000000007, 20.159999999999997], [18.08000000000001, 20.159999999999997], [18.08000000000001, 20.139999999999997], [18.000000000000007, 20.139999999999997], [18.000000000000007, 20.119999999999997], [17.960000000000008, 20.119999999999997], [17.960000000000008, 20.099999999999994], [17.980000000000008, 20.099999999999994], [17.980000000000008, 20.059999999999995], [18.000000000000007, 20.059999999999995], [18.000000000000007, 20.079999999999995], [18.08000000000001, 20.079999999999995], [18.08000000000001, 20.099999999999994], [18.160000000000007, 20.099999999999994], [18.160000000000007, 20.119999999999997], [18.24000000000001, 20.119999999999997], [18.24000000000001, 20.139999999999997], [18.320000000000007, 20.139999999999997], [18.320000000000007, 20.159999999999997], [18.40000000000001, 20.159999999999997], [18.40000000000001, 20.179999999999996], [18.480000000000008, 20.179999999999996], [18.480000000000008, 20.199999999999996], [18.640000000000008, 20.219999999999995], [18.640000000000008, 20.239999999999995], [18.74000000000001, 20.239999999999995], [18.74000000000001, 20.259999999999994], [18.820000000000007, 20.259999999999994], [18.820000000000007, 20.279999999999998], [18.90000000000001, 20.279999999999998], [18.90000000000001, 20.299999999999997], [18.980000000000008, 20.299999999999997], [18.980000000000008, 20.319999999999997], [19.06000000000001, 20.319999999999997], [19.06000000000001, 20.339999999999996], [19.140000000000008, 20.339999999999996], [19.140000000000008, 20.359999999999996], [19.300000000000008, 20.379999999999995], [19.300000000000008, 20.399999999999995], [19.460000000000008, 20.419999999999995], [19.460000000000008, 20.439999999999998], [19.540000000000006, 20.439999999999998], [19.540000000000006, 20.459999999999997], [19.620000000000008, 20.459999999999997], [19.620000000000008, 20.479999999999997], [19.60000000000001, 20.479999999999997], [19.60000000000001, 20.519999999999996], [19.56000000000001, 20.519999999999996]]]}, "properties": {"areaKm2": 1102, "country": "Chad", "nearestPlace": "Zouar (251 km)", "lon": 18.78, "lat": 20.29, "west": 17.96, "south": 20.06, "east": 19.62, "north": 20.52, "otherDirectionPct": 86}}, {"type": "Feature", "geometry": {"type": "Polygon", "coordinates": [[[1.0800000000000147, 26.72], [1.0800000000000147, 26.7], [1.0000000000000149, 26.7], [1.0000000000000149, 26.68], [0.9200000000000148, 26.68], [0.9200000000000148, 26.66], [0.7600000000000149, 26.64], [0.7600000000000149, 26.619999999999997], [0.6000000000000147, 26.599999999999998], [0.6000000000000147, 26.58], [0.5200000000000148, 26.58], [0.5200000000000148, 26.56], [0.4400000000000148, 26.56], [0.4400000000000148, 26.54], [0.36000000000001475, 26.54], [0.36000000000001475, 26.52], [0.2800000000000148, 26.52], [0.2800000000000148, 26.5], [0.20000000000001483, 26.5], [0.20000000000001483, 26.48], [0.12000000000001476, 26.48], [0.12000000000001476, 26.459999999999997], [-0.039999999999985214, 26.439999999999998], [-0.039999999999985214, 26.419999999999998], [-0.11999999999998523, 26.419999999999998], [-0.11999999999998523, 26.4], [-0.19999999999998522, 26.4], [-0.19999999999998522, 26.38], [-0.2799999999999852, 26.38], [-0.2799999999999852, 26.36], [-0.3599999999999852, 26.36], [-0.3599999999999852, 26.279999999999998], [-0.3399999999999852, 26.279999999999998], [-0.3399999999999852, 26.299999999999997], [-0.25999999999998524, 26.299999999999997], [-0.25999999999998524, 26.32], [-0.17999999999998523, 26.32], [-0.17999999999998523, 26.34], [-0.09999999999998521, 26.34], [-0.09999999999998521, 26.36], [-0.019999999999985196, 26.36], [-0.019999999999985196, 26.38], [0.060000000000014764, 26.38], [0.060000000000014764, 26.4], [0.14000000000001478, 26.4], [0.14000000000001478, 26.419999999999998], [0.22000000000001474, 26.419999999999998], [0.22000000000001474, 26.439999999999998], [0.3000000000000148, 26.439999999999998], [0.3000000000000148, 26.459999999999997], [0.38000000000001477, 26.459999999999997], [0.38000000000001477, 26.48], [0.48000000000001475, 26.48], [0.48000000000001475, 26.5], [0.5600000000000148, 26.5], [0.5600000000000148, 26.52], [0.6400000000000148, 26.52], [0.6400000000000148, 26.54], [0.8000000000000147, 26.56], [0.8000000000000147, 26.58], [0.8800000000000148, 26.58], [0.8800000000000148, 26.599999999999998], [1.040000000000015, 26.619999999999997], [1.040000000000015, 26.64], [1.1200000000000148, 26.64], [1.1200000000000148, 26.66], [1.1000000000000147, 26.66], [1.1000000000000147, 26.72], [1.0800000000000147, 26.72]]]}, "properties": {"areaKm2": 1096, "country": "Algeria", "nearestPlace": "Reggane (35 km)", "lon": 0.42, "lat": 26.51, "west": -0.36, "south": 26.28, "east": 1.12, "north": 26.72, "otherDirectionPct": 92}}, {"type": "Feature", "geometry": {"type": "Polygon", "coordinates": [[[14.440000000000014, 16.36], [14.440000000000014, 16.34], [14.340000000000014, 16.34], [14.340000000000014, 16.32], [14.260000000000014, 16.32], [14.260000000000014, 16.3], [14.100000000000014, 16.28], [14.100000000000014, 16.259999999999998], [14.020000000000014, 16.259999999999998], [14.020000000000014, 16.24], [13.860000000000014, 16.22], [13.860000000000014, 16.2], [13.760000000000014, 16.2], [13.760000000000014, 16.18], [13.680000000000014, 16.18], [13.680000000000014, 16.16], [13.600000000000014, 16.16], [13.600000000000014, 16.14], [13.520000000000014, 16.14], [13.520000000000014, 16.12], [13.440000000000014, 16.12], [13.440000000000014, 16.099999999999998], [13.360000000000014, 16.099999999999998], [13.360000000000014, 16.08], [13.260000000000014, 16.08], [13.260000000000014, 16.06], [13.180000000000014, 16.06], [13.180000000000014, 16.04], [13.020000000000014, 16.02], [13.020000000000014, 16.0], [12.940000000000014, 16.0], [12.940000000000014, 15.979999999999999], [12.860000000000014, 15.979999999999999], [12.860000000000014, 15.92], [12.920000000000014, 15.92], [12.920000000000014, 15.94], [13.000000000000014, 15.94], [13.000000000000014, 15.959999999999999], [13.080000000000014, 15.959999999999999], [13.080000000000014, 15.979999999999999], [13.160000000000014, 15.979999999999999], [13.160000000000014, 16.0], [13.240000000000014, 16.0], [13.240000000000014, 16.02], [13.320000000000014, 16.02], [13.320000000000014, 16.04], [13.400000000000013, 16.04], [13.400000000000013, 16.06], [13.500000000000014, 16.06], [13.500000000000014, 16.08], [13.660000000000014, 16.099999999999998], [13.660000000000014, 16.12], [13.820000000000014, 16.14], [13.820000000000014, 16.16], [13.900000000000013, 16.16], [13.900000000000013, 16.18], [14.000000000000014, 16.18], [14.000000000000014, 16.2], [14.080000000000014, 16.2], [14.080000000000014, 16.22], [14.160000000000014, 16.22], [14.160000000000014, 16.24], [14.240000000000014, 16.24], [14.240000000000014, 16.259999999999998], [14.320000000000014, 16.259999999999998], [14.320000000000014, 16.28], [14.400000000000013, 16.28], [14.400000000000013, 16.3], [14.480000000000015, 16.3], [14.480000000000015, 16.32], [14.500000000000014, 16.32], [14.500000000000014, 16.36], [14.440000000000014, 16.36]]]}, "properties": {"areaKm2": 1052, "country": "Niger", "nearestPlace": "Nguigmi (221 km)", "lon": 13.71, "lat": 16.15, "west": 12.86, "south": 15.92, "east": 14.5, "north": 16.36, "otherDirectionPct": 100}}, {"type": "Feature", "geometry": {"type": "Polygon", "coordinates": [[[-1.1400000000000101, 26.96], [-1.1400000000000101, 26.94], [-1.3000000000000103, 26.92], [-1.3000000000000103, 26.900000000000002], [-1.38000000000001, 26.900000000000002], [-1.38000000000001, 26.880000000000003], [-1.4600000000000102, 26.880000000000003], [-1.4600000000000102, 26.86], [-1.6200000000000103, 26.84], [-1.6200000000000103, 26.82], [-1.7800000000000102, 26.8], [-1.7800000000000102, 26.78], [-1.9400000000000102, 26.76], [-1.9400000000000102, 26.740000000000002], [-2.0200000000000102, 26.740000000000002], [-2.0200000000000102, 26.720000000000002], [-2.1000000000000103, 26.720000000000002], [-2.1000000000000103, 26.7], [-2.2600000000000104, 26.68], [-2.2600000000000104, 26.66], [-2.42000000000001, 26.64], [-2.42000000000001, 26.62], [-2.50000000000001, 26.62], [-2.50000000000001, 26.6], [-2.5200000000000102, 26.6], [-2.5200000000000102, 26.560000000000002], [-2.48000000000001, 26.54], [-2.48000000000001, 26.560000000000002], [-2.40000000000001, 26.560000000000002], [-2.40000000000001, 26.580000000000002], [-2.32000000000001, 26.580000000000002], [-2.32000000000001, 26.6], [-2.24000000000001, 26.6], [-2.24000000000001, 26.62], [-2.1600000000000104, 26.62], [-2.1600000000000104, 26.64], [-2.0800000000000103, 26.64], [-2.0800000000000103, 26.66], [-2.00000000000001, 26.66], [-2.00000000000001, 26.68], [-1.9200000000000101, 26.68], [-1.9200000000000101, 26.7], [-1.84000000000001, 26.7], [-1.84000000000001, 26.720000000000002], [-1.7600000000000102, 26.720000000000002], [-1.7600000000000102, 26.740000000000002], [-1.6800000000000104, 26.740000000000002], [-1.6800000000000104, 26.76], [-1.6000000000000103, 26.76], [-1.6000000000000103, 26.78], [-1.5200000000000102, 26.78], [-1.5200000000000102, 26.8], [-1.4400000000000102, 26.8], [-1.4400000000000102, 26.82], [-1.3600000000000103, 26.82], [-1.3600000000000103, 26.84], [-1.2800000000000102, 26.84], [-1.2800000000000102, 26.86], [-1.2000000000000102, 26.86], [-1.2000000000000102, 26.880000000000003], [-1.12000000000001, 26.880000000000003], [-1.12000000000001, 26.900000000000002], [-1.0600000000000103, 26.900000000000002], [-1.0600000000000103, 26.96], [-1.1400000000000101, 26.96]]]}, "properties": {"areaKm2": 1045, "country": "Algeria", "nearestPlace": "Adrar (210 km)", "lon": -1.81, "lat": 26.75, "west": -2.52, "south": 26.54, "east": -1.06, "north": 26.96, "otherDirectionPct": 89}}, {"type": "Feature", "geometry": {"type": "Polygon", "coordinates": [[[18.079999999999995, 25.480000000000004], [18.079999999999995, 25.460000000000004], [17.999999999999993, 25.460000000000004], [17.999999999999993, 25.440000000000005], [17.919999999999995, 25.440000000000005], [17.919999999999995, 25.420000000000005], [17.759999999999994, 25.400000000000006], [17.759999999999994, 25.380000000000003], [17.679999999999993, 25.380000000000003], [17.679999999999993, 25.360000000000003], [17.519999999999996, 25.340000000000003], [17.519999999999996, 25.320000000000004], [17.439999999999994, 25.320000000000004], [17.439999999999994, 25.300000000000004], [17.279999999999994, 25.280000000000005], [17.279999999999994, 25.260000000000005], [17.199999999999996, 25.260000000000005], [17.199999999999996, 25.240000000000006], [17.119999999999994, 25.240000000000006], [17.119999999999994, 25.220000000000002], [17.039999999999996, 25.220000000000002], [17.039999999999996, 25.200000000000003], [16.959999999999994, 25.200000000000003], [16.959999999999994, 25.180000000000003], [16.799999999999994, 25.160000000000004], [16.799999999999994, 25.140000000000004], [16.719999999999995, 25.140000000000004], [16.719999999999995, 25.120000000000005], [16.639999999999993, 25.120000000000005], [16.639999999999993, 25.100000000000005], [16.599999999999994, 25.100000000000005], [16.599999999999994, 25.060000000000002], [16.639999999999993, 25.040000000000003], [16.639999999999993, 25.060000000000002], [16.719999999999995, 25.060000000000002], [16.719999999999995, 25.080000000000005], [16.799999999999994, 25.080000000000005], [16.799999999999994, 25.100000000000005], [16.879999999999995, 25.100000000000005], [16.879999999999995, 25.120000000000005], [16.959999999999994, 25.120000000000005], [16.959999999999994, 25.140000000000004], [17.039999999999996, 25.140000000000004], [17.039999999999996, 25.160000000000004], [17.119999999999994, 25.160000000000004], [17.119999999999994, 25.180000000000003], [17.199999999999996, 25.180000000000003], [17.199999999999996, 25.200000000000003], [17.279999999999994, 25.200000000000003], [17.279999999999994, 25.220000000000002], [17.359999999999996, 25.220000000000002], [17.359999999999996, 25.240000000000006], [17.439999999999994, 25.240000000000006], [17.439999999999994, 25.260000000000005], [17.519999999999996, 25.260000000000005], [17.519999999999996, 25.280000000000005], [17.599999999999994, 25.280000000000005], [17.599999999999994, 25.300000000000004], [17.679999999999993, 25.300000000000004], [17.679999999999993, 25.320000000000004], [17.759999999999994, 25.320000000000004], [17.759999999999994, 25.340000000000003], [17.839999999999993, 25.340000000000003], [17.839999999999993, 25.360000000000003], [17.919999999999995, 25.360000000000003], [17.919999999999995, 25.380000000000003], [17.999999999999993, 25.380000000000003], [17.999999999999993, 25.400000000000006], [18.079999999999995, 25.400000000000006], [18.079999999999995, 25.420000000000005], [18.139999999999993, 25.420000000000005], [18.139999999999993, 25.480000000000004], [18.079999999999995, 25.480000000000004]]]}, "properties": {"areaKm2": 1031, "country": "Libya", "nearestPlace": "Tmassa (216 km)", "lon": 17.4, "lat": 25.27, "west": 16.6, "south": 25.04, "east": 18.14, "north": 25.48, "otherDirectionPct": 91}}, {"type": "Feature", "geometry": {"type": "Polygon", "coordinates": [[[-2.2000000000000046, 30.259999999999998], [-2.2000000000000046, 30.24], [-2.2800000000000047, 30.24], [-2.2800000000000047, 30.22], [-2.3600000000000048, 30.22], [-2.3600000000000048, 30.2], [-2.5200000000000045, 30.18], [-2.5200000000000045, 30.159999999999997], [-2.6000000000000045, 30.159999999999997], [-2.6000000000000045, 30.139999999999997], [-2.7600000000000047, 30.119999999999997], [-2.7600000000000047, 30.099999999999998], [-2.8200000000000047, 30.099999999999998], [-2.8200000000000047, 30.08], [-2.900000000000005, 30.08], [-2.900000000000005, 30.06], [-3.0600000000000045, 30.04], [-3.0600000000000045, 30.02], [-3.1400000000000046, 30.02], [-3.1400000000000046, 29.999999999999996], [-3.3000000000000047, 29.979999999999997], [-3.3000000000000047, 29.959999999999997], [-3.4600000000000044, 29.939999999999998], [-3.4600000000000044, 29.919999999999998], [-3.5400000000000045, 29.919999999999998], [-3.5400000000000045, 29.9], [-3.6200000000000045, 29.9], [-3.6200000000000045, 29.88], [-3.5800000000000045, 29.88], [-3.5800000000000045, 29.839999999999996], [-3.5200000000000045, 29.839999999999996], [-3.5200000000000045, 29.86], [-3.4400000000000044, 29.86], [-3.4400000000000044, 29.88], [-3.3600000000000048, 29.88], [-3.3600000000000048, 29.9], [-3.2800000000000047, 29.9], [-3.2800000000000047, 29.919999999999998], [-3.2000000000000046, 29.919999999999998], [-3.2000000000000046, 29.939999999999998], [-3.1200000000000045, 29.939999999999998], [-3.1200000000000045, 29.959999999999997], [-3.0400000000000045, 29.959999999999997], [-3.0400000000000045, 29.979999999999997], [-2.9600000000000044, 29.979999999999997], [-2.9600000000000044, 29.999999999999996], [-2.8800000000000043, 29.999999999999996], [-2.8800000000000043, 30.02], [-2.8000000000000043, 30.02], [-2.8000000000000043, 30.04], [-2.7200000000000046, 30.04], [-2.7200000000000046, 30.06], [-2.6400000000000046, 30.06], [-2.6400000000000046, 30.08], [-2.4800000000000044, 30.099999999999998], [-2.4800000000000044, 30.119999999999997], [-2.400000000000005, 30.119999999999997], [-2.400000000000005, 30.139999999999997], [-2.2400000000000047, 30.159999999999997], [-2.2400000000000047, 30.18], [-2.1600000000000046, 30.18], [-2.1600000000000046, 30.24], [-2.2000000000000046, 30.259999999999998]]]}, "properties": {"areaKm2": 1030, "country": "Algeria", "nearestPlace": "Abadla (108 km)", "lon": -2.85, "lat": 30.05, "west": -3.62, "south": 29.84, "east": -2.16, "north": 30.26, "otherDirectionPct": 89}}, {"type": "Feature", "geometry": {"type": "MultiPolygon", "coordinates": [[[[-174.35999999999999, 52.34], [-174.34, 52.34], [-174.34, 52.36], [-174.29999999999998, 52.36], [-174.28, 52.4], [-174.2, 52.4], [-174.2, 52.42], [-174.14, 52.42], [-174.14, 52.4], [-174.07999999999998, 52.4], [-174.06, 52.36], [-174.01999999999998, 52.36], [-174.01999999999998, 52.34], [-174.0, 52.34], [-174.0, 52.28], [-174.04, 52.28], [-174.04, 52.24], [-174.07999999999998, 52.24], [-174.07999999999998, 52.22], [-174.16, 52.22], [-174.16, 52.24], [-174.2, 52.22], [-174.18, 52.18], [-174.16, 52.18], [-174.16, 52.160000000000004], [-174.12, 52.160000000000004], [-174.1, 52.120000000000005], [-174.22, 52.120000000000005], [-174.22, 52.1], [-174.29999999999998, 52.1], [-174.29999999999998, 52.120000000000005], [-174.42, 52.120000000000005], [-174.42, 52.1], [-174.4, 52.1], [-174.4, 52.04], [-174.44, 52.04], [-174.45999999999998, 52.08], [-174.51999999999998, 52.08], [-174.54, 52.04], [-174.62, 52.04], [-174.62, 52.02], [-174.64, 52.02], [-174.64, 52.04], [-174.7, 52.04], [-174.7, 52.02], [-174.79999999999998, 52.02], [-174.79999999999998, 52.04], [-174.92, 52.04], [-174.92, 52.02], [-174.95999999999998, 52.02], [-174.95999999999998, 52.04], [-174.98, 52.04], [-174.98, 52.02], [-175.01999999999998, 52.02], [-175.01999999999998, 52.0], [-175.32, 52.0], [-175.32, 52.02], [-175.28, 52.02], [-175.28, 52.04], [-175.12, 52.04], [-175.12, 52.02], [-175.1, 52.02], [-175.1, 52.04], [-175.01999999999998, 52.04], [-175.01999999999998, 52.08], [-175.0, 52.08], [-175.0, 52.06], [-174.92, 52.08], [-174.92, 52.120000000000005], [-174.9, 52.120000000000005], [-174.9, 52.1], [-174.79999999999998, 52.1], [-174.79999999999998, 52.08], [-174.76, 52.08], [-174.73999999999998, 52.120000000000005], [-174.7, 52.120000000000005], [-174.7, 52.1], [-174.57999999999998, 52.1], [-174.6, 52.14], [-174.5, 52.14], [-174.5, 52.160000000000004], [-174.56, 52.160000000000004], [-174.56, 52.18], [-174.42, 52.18], [-174.44, 52.22], [-174.32, 52.2], [-174.32, 52.22], [-174.28, 52.22], [-174.28, 52.24], [-174.22, 52.24], [-174.23999999999998, 52.28], [-174.29999999999998, 52.28], [-174.29999999999998, 52.300000000000004], [-174.32, 52.300000000000004], [-174.32, 52.32], [-174.35999999999999, 52.32], [-174.35999999999999, 52.34]]], [[[-174.35999999999999, 52.28], [-174.4, 52.28], [-174.4, 52.300000000000004], [-174.44, 52.300000000000004], [-174.44, 52.32], [-174.35999999999999, 52.32], [-174.35999999999999, 52.28]]]]}, "properties": {"areaKm2": 1024, "country": "United States", "nearestPlace": "Atka (7 km)", "lon": -174.26, "lat": 52.21, "west": -175.32, "south": 52.0, "east": -174.0, "north": 52.42, "otherDirectionPct": 100}}, {"type": "Feature", "geometry": {"type": "Polygon", "coordinates": [[[25.540000000000013, 28.18], [25.540000000000013, 28.16], [25.380000000000013, 28.14], [25.380000000000013, 28.12], [25.300000000000015, 28.12], [25.300000000000015, 28.1], [25.220000000000013, 28.1], [25.220000000000013, 28.08], [25.140000000000015, 28.08], [25.140000000000015, 28.06], [25.060000000000016, 28.06], [25.060000000000016, 28.04], [24.980000000000015, 28.04], [24.980000000000015, 28.02], [24.900000000000016, 28.02], [24.900000000000016, 28.0], [24.820000000000014, 28.0], [24.820000000000014, 27.98], [24.740000000000016, 27.98], [24.740000000000016, 27.96], [24.580000000000016, 27.94], [24.580000000000016, 27.919999999999998], [24.500000000000014, 27.919999999999998], [24.500000000000014, 27.9], [24.340000000000014, 27.88], [24.340000000000014, 27.86], [24.260000000000016, 27.86], [24.260000000000016, 27.84], [24.180000000000014, 27.84], [24.180000000000014, 27.82], [24.140000000000015, 27.82], [24.140000000000015, 27.8], [24.160000000000014, 27.8], [24.160000000000014, 27.759999999999998], [24.200000000000014, 27.759999999999998], [24.200000000000014, 27.78], [24.280000000000015, 27.78], [24.280000000000015, 27.8], [24.360000000000014, 27.8], [24.360000000000014, 27.82], [24.440000000000015, 27.82], [24.440000000000015, 27.84], [24.520000000000014, 27.84], [24.520000000000014, 27.86], [24.600000000000016, 27.86], [24.600000000000016, 27.88], [24.680000000000014, 27.88], [24.680000000000014, 27.9], [24.840000000000014, 27.919999999999998], [24.840000000000014, 27.94], [24.920000000000016, 27.94], [24.920000000000016, 27.96], [25.000000000000014, 27.96], [25.000000000000014, 27.98], [25.080000000000016, 27.98], [25.080000000000016, 28.0], [25.160000000000014, 28.0], [25.160000000000014, 28.02], [25.240000000000016, 28.02], [25.240000000000016, 28.04], [25.320000000000014, 28.04], [25.320000000000014, 28.06], [25.480000000000015, 28.08], [25.480000000000015, 28.1], [25.560000000000016, 28.1], [25.560000000000016, 28.12], [25.580000000000016, 28.12], [25.580000000000016, 28.16], [25.540000000000013, 28.18]]]}, "properties": {"areaKm2": 1011, "country": "Egypt, Libya", "nearestPlace": "Siwa (155 km)", "lon": 24.87, "lat": 27.97, "west": 24.14, "south": 27.76, "east": 25.58, "north": 28.18, "otherDirectionPct": 100}}, {"type": "Feature", "geometry": {"type": "Polygon", "coordinates": [[[18.260000000000012, 24.760000000000005], [18.260000000000012, 24.740000000000006], [18.18000000000001, 24.740000000000006], [18.18000000000001, 24.720000000000006], [18.100000000000012, 24.720000000000006], [18.100000000000012, 24.700000000000006], [18.02000000000001, 24.700000000000006], [18.02000000000001, 24.680000000000007], [17.940000000000012, 24.680000000000007], [17.940000000000012, 24.660000000000004], [17.86000000000001, 24.660000000000004], [17.86000000000001, 24.640000000000004], [17.70000000000001, 24.620000000000005], [17.70000000000001, 24.600000000000005], [17.62000000000001, 24.600000000000005], [17.62000000000001, 24.580000000000005], [17.54000000000001, 24.580000000000005], [17.54000000000001, 24.560000000000006], [17.440000000000012, 24.560000000000006], [17.440000000000012, 24.540000000000006], [17.280000000000012, 24.520000000000007], [17.280000000000012, 24.500000000000004], [17.20000000000001, 24.500000000000004], [17.20000000000001, 24.480000000000004], [17.12000000000001, 24.480000000000004], [17.12000000000001, 24.460000000000004], [17.04000000000001, 24.460000000000004], [17.04000000000001, 24.440000000000005], [16.96000000000001, 24.440000000000005], [16.96000000000001, 24.420000000000005], [16.80000000000001, 24.400000000000006], [16.80000000000001, 24.360000000000007], [16.82000000000001, 24.360000000000007], [16.82000000000001, 24.340000000000003], [16.88000000000001, 24.340000000000003], [16.88000000000001, 24.360000000000007], [16.96000000000001, 24.360000000000007], [16.96000000000001, 24.380000000000006], [17.04000000000001, 24.380000000000006], [17.04000000000001, 24.400000000000006], [17.12000000000001, 24.400000000000006], [17.12000000000001, 24.420000000000005], [17.20000000000001, 24.420000000000005], [17.20000000000001, 24.440000000000005], [17.280000000000012, 24.440000000000005], [17.280000000000012, 24.460000000000004], [17.36000000000001, 24.460000000000004], [17.36000000000001, 24.480000000000004], [17.440000000000012, 24.480000000000004], [17.440000000000012, 24.500000000000004], [17.52000000000001, 24.500000000000004], [17.52000000000001, 24.520000000000007], [17.600000000000012, 24.520000000000007], [17.600000000000012, 24.540000000000006], [17.68000000000001, 24.540000000000006], [17.68000000000001, 24.560000000000006], [17.760000000000012, 24.560000000000006], [17.760000000000012, 24.580000000000005], [17.84000000000001, 24.580000000000005], [17.84000000000001, 24.600000000000005], [17.920000000000012, 24.600000000000005], [17.920000000000012, 24.620000000000005], [18.00000000000001, 24.620000000000005], [18.00000000000001, 24.640000000000004], [18.080000000000013, 24.640000000000004], [18.080000000000013, 24.660000000000004], [18.16000000000001, 24.660000000000004], [18.16000000000001, 24.680000000000007], [18.260000000000012, 24.680000000000007], [18.260000000000012, 24.700000000000006], [18.34000000000001, 24.700000000000006], [18.34000000000001, 24.720000000000006], [18.36000000000001, 24.720000000000006], [18.36000000000001, 24.760000000000005], [18.260000000000012, 24.760000000000005]]]}, "properties": {"areaKm2": 1005, "country": "Libya", "nearestPlace": "Tmassa (282 km)", "lon": 17.56, "lat": 24.55, "west": 16.8, "south": 24.34, "east": 18.36, "north": 24.76, "otherDirectionPct": 91}}, {"type": "Feature", "geometry": {"type": "Polygon", "coordinates": [[[-0.239999999999984, 30.46], [-0.239999999999984, 30.44], [-0.39999999999998415, 30.42], [-0.39999999999998415, 30.400000000000002], [-0.479999999999984, 30.400000000000002], [-0.479999999999984, 30.380000000000003], [-0.5599999999999841, 30.380000000000003], [-0.5599999999999841, 30.36], [-0.7199999999999841, 30.34], [-0.7199999999999841, 30.32], [-0.7999999999999841, 30.32], [-0.7999999999999841, 30.3], [-0.879999999999984, 30.3], [-0.879999999999984, 30.28], [-0.9599999999999841, 30.28], [-0.9599999999999841, 30.26], [-1.039999999999984, 30.26], [-1.039999999999984, 30.240000000000002], [-1.1199999999999841, 30.240000000000002], [-1.1199999999999841, 30.220000000000002], [-1.1999999999999842, 30.220000000000002], [-1.1999999999999842, 30.2], [-1.359999999999984, 30.18], [-1.359999999999984, 30.16], [-1.439999999999984, 30.16], [-1.439999999999984, 30.14], [-1.519999999999984, 30.14], [-1.519999999999984, 30.12], [-1.579999999999984, 30.12], [-1.579999999999984, 30.1], [-1.559999999999984, 30.1], [-1.559999999999984, 30.060000000000002], [-1.479999999999984, 30.060000000000002], [-1.479999999999984, 30.080000000000002], [-1.3999999999999841, 30.080000000000002], [-1.3999999999999841, 30.1], [-1.239999999999984, 30.12], [-1.239999999999984, 30.14], [-1.1799999999999842, 30.14], [-1.1799999999999842, 30.16], [-1.099999999999984, 30.16], [-1.099999999999984, 30.18], [-1.019999999999984, 30.18], [-1.019999999999984, 30.2], [-0.9399999999999841, 30.2], [-0.9399999999999841, 30.220000000000002], [-0.8599999999999841, 30.220000000000002], [-0.8599999999999841, 30.240000000000002], [-0.779999999999984, 30.240000000000002], [-0.779999999999984, 30.26], [-0.6999999999999841, 30.26], [-0.6999999999999841, 30.28], [-0.6199999999999841, 30.28], [-0.6199999999999841, 30.3], [-0.539999999999984, 30.3], [-0.539999999999984, 30.32], [-0.459999999999984, 30.32], [-0.459999999999984, 30.34], [-0.37999999999998413, 30.34], [-0.37999999999998413, 30.36], [-0.29999999999998406, 30.36], [-0.29999999999998406, 30.380000000000003], [-0.219999999999984, 30.380000000000003], [-0.219999999999984, 30.400000000000002], [-0.15999999999998415, 30.400000000000002], [-0.15999999999998415, 30.46], [-0.239999999999984, 30.46]]]}, "properties": {"areaKm2": 993, "country": "Algeria", "nearestPlace": "Timimoun (168 km)", "lon": -0.83, "lat": 30.27, "west": -1.58, "south": 30.06, "east": -0.16, "north": 30.46, "otherDirectionPct": 100}}, {"type": "Feature", "geometry": {"type": "Polygon", "coordinates": [[[24.700000000000017, 30.519999999999996], [24.700000000000017, 30.499999999999996], [24.620000000000015, 30.499999999999996], [24.620000000000015, 30.479999999999997], [24.540000000000017, 30.479999999999997], [24.540000000000017, 30.459999999999997], [24.380000000000017, 30.439999999999998], [24.380000000000017, 30.419999999999995], [24.300000000000015, 30.419999999999995], [24.300000000000015, 30.399999999999995], [24.220000000000017, 30.399999999999995], [24.220000000000017, 30.379999999999995], [24.060000000000016, 30.359999999999996], [24.060000000000016, 30.339999999999996], [24.000000000000014, 30.339999999999996], [24.000000000000014, 30.319999999999997], [23.920000000000016, 30.319999999999997], [23.920000000000016, 30.299999999999997], [23.840000000000018, 30.299999999999997], [23.840000000000018, 30.279999999999998], [23.760000000000016, 30.279999999999998], [23.760000000000016, 30.259999999999994], [23.600000000000016, 30.239999999999995], [23.600000000000016, 30.219999999999995], [23.520000000000017, 30.219999999999995], [23.520000000000017, 30.199999999999996], [23.440000000000015, 30.199999999999996], [23.440000000000015, 30.179999999999996], [23.420000000000016, 30.179999999999996], [23.420000000000016, 30.139999999999997], [23.460000000000015, 30.119999999999997], [23.460000000000015, 30.139999999999997], [23.540000000000017, 30.139999999999997], [23.540000000000017, 30.159999999999997], [23.620000000000015, 30.159999999999997], [23.620000000000015, 30.179999999999996], [23.700000000000017, 30.179999999999996], [23.700000000000017, 30.199999999999996], [23.780000000000015, 30.199999999999996], [23.780000000000015, 30.219999999999995], [23.860000000000017, 30.219999999999995], [23.860000000000017, 30.239999999999995], [23.940000000000015, 30.239999999999995], [23.940000000000015, 30.259999999999994], [24.020000000000017, 30.259999999999994], [24.020000000000017, 30.279999999999998], [24.100000000000016, 30.279999999999998], [24.100000000000016, 30.299999999999997], [24.180000000000017, 30.299999999999997], [24.180000000000017, 30.319999999999997], [24.260000000000016, 30.319999999999997], [24.260000000000016, 30.339999999999996], [24.340000000000018, 30.339999999999996], [24.340000000000018, 30.359999999999996], [24.420000000000016, 30.359999999999996], [24.420000000000016, 30.379999999999995], [24.500000000000014, 30.379999999999995], [24.500000000000014, 30.399999999999995], [24.580000000000016, 30.399999999999995], [24.580000000000016, 30.419999999999995], [24.660000000000014, 30.419999999999995], [24.660000000000014, 30.439999999999998], [24.740000000000016, 30.439999999999998], [24.740000000000016, 30.459999999999997], [24.780000000000015, 30.459999999999997], [24.780000000000015, 30.519999999999996], [24.700000000000017, 30.519999999999996]]]}, "properties": {"areaKm2": 980, "country": "Libya", "nearestPlace": "Al Jaghbub (78 km)", "lon": 24.13, "lat": 30.33, "west": 23.42, "south": 30.12, "east": 24.78, "north": 30.52, "otherDirectionPct": 100}}, {"type": "Feature", "geometry": {"type": "Polygon", "coordinates": [[[17.42000000000002, 27.6], [17.42000000000002, 27.580000000000002], [17.340000000000018, 27.580000000000002], [17.340000000000018, 27.560000000000002], [17.26000000000002, 27.560000000000002], [17.26000000000002, 27.540000000000003], [17.10000000000002, 27.520000000000003], [17.10000000000002, 27.5], [17.020000000000017, 27.5], [17.020000000000017, 27.48], [16.94000000000002, 27.48], [16.94000000000002, 27.46], [16.860000000000017, 27.46], [16.860000000000017, 27.44], [16.78000000000002, 27.44], [16.78000000000002, 27.42], [16.700000000000017, 27.42], [16.700000000000017, 27.400000000000002], [16.62000000000002, 27.400000000000002], [16.62000000000002, 27.380000000000003], [16.46000000000002, 27.360000000000003], [16.46000000000002, 27.34], [16.380000000000017, 27.34], [16.380000000000017, 27.32], [16.30000000000002, 27.32], [16.30000000000002, 27.3], [16.220000000000017, 27.3], [16.220000000000017, 27.28], [16.14000000000002, 27.28], [16.14000000000002, 27.26], [15.980000000000018, 27.240000000000002], [15.980000000000018, 27.200000000000003], [16.000000000000018, 27.200000000000003], [16.000000000000018, 27.18], [16.060000000000016, 27.18], [16.060000000000016, 27.200000000000003], [16.14000000000002, 27.200000000000003], [16.14000000000002, 27.220000000000002], [16.220000000000017, 27.220000000000002], [16.220000000000017, 27.240000000000002], [16.30000000000002, 27.240000000000002], [16.30000000000002, 27.26], [16.380000000000017, 27.26], [16.380000000000017, 27.28], [16.46000000000002, 27.28], [16.46000000000002, 27.3], [16.540000000000017, 27.3], [16.540000000000017, 27.32], [16.700000000000017, 27.34], [16.700000000000017, 27.360000000000003], [16.78000000000002, 27.360000000000003], [16.78000000000002, 27.380000000000003], [16.860000000000017, 27.380000000000003], [16.860000000000017, 27.400000000000002], [16.94000000000002, 27.400000000000002], [16.94000000000002, 27.42], [17.020000000000017, 27.42], [17.020000000000017, 27.44], [17.10000000000002, 27.44], [17.10000000000002, 27.46], [17.180000000000017, 27.46], [17.180000000000017, 27.48], [17.340000000000018, 27.5], [17.340000000000018, 27.520000000000003], [17.42000000000002, 27.520000000000003], [17.42000000000002, 27.540000000000003], [17.46000000000002, 27.540000000000003], [17.46000000000002, 27.6], [17.42000000000002, 27.6]]]}, "properties": {"areaKm2": 973, "country": "Libya", "nearestPlace": "Tmassa (155 km)", "lon": 16.74, "lat": 27.39, "west": 15.98, "south": 27.18, "east": 17.46, "north": 27.6, "otherDirectionPct": 98}}, {"type": "Feature", "geometry": {"type": "MultiPolygon", "coordinates": [[[[-1.3800000000000068, 60.2], [-1.3800000000000068, 60.22], [-1.4000000000000068, 60.22], [-1.4000000000000068, 60.18], [-1.4400000000000068, 60.18], [-1.4400000000000068, 60.160000000000004], [-1.5000000000000069, 60.160000000000004], [-1.520000000000007, 60.2], [-1.4800000000000069, 60.22], [-1.4800000000000069, 60.24], [-1.520000000000007, 60.24], [-1.520000000000007, 60.22], [-1.6400000000000068, 60.22], [-1.6400000000000068, 60.24], [-1.6800000000000068, 60.24], [-1.6800000000000068, 60.3], [-1.6400000000000068, 60.3], [-1.6400000000000068, 60.32], [-1.6000000000000068, 60.32], [-1.6000000000000068, 60.3], [-1.520000000000007, 60.3], [-1.520000000000007, 60.32], [-1.4800000000000069, 60.32], [-1.4600000000000068, 60.28], [-1.4400000000000068, 60.28], [-1.4400000000000068, 60.32], [-1.3800000000000068, 60.32], [-1.3800000000000068, 60.3], [-1.3400000000000067, 60.3], [-1.3600000000000068, 60.34], [-1.320000000000007, 60.34], [-1.320000000000007, 60.38], [-1.3400000000000067, 60.38], [-1.3400000000000067, 60.4], [-1.320000000000007, 60.4], [-1.320000000000007, 60.44], [-1.2400000000000069, 60.44], [-1.2400000000000069, 60.46], [-1.300000000000007, 60.46], [-1.300000000000007, 60.480000000000004], [-1.2400000000000069, 60.480000000000004], [-1.2400000000000069, 60.5], [-1.2000000000000068, 60.5], [-1.1800000000000068, 60.46], [-1.1600000000000068, 60.46], [-1.1600000000000068, 60.38], [-1.1200000000000068, 60.4], [-1.1200000000000068, 60.42], [-1.0800000000000067, 60.42], [-1.0800000000000067, 60.4], [-1.0600000000000067, 60.4], [-1.0600000000000067, 60.36], [-1.1600000000000068, 60.36], [-1.1600000000000068, 60.34], [-1.1000000000000068, 60.34], [-1.1000000000000068, 60.3], [-1.1400000000000068, 60.3], [-1.1400000000000068, 60.28], [-1.1000000000000068, 60.28], [-1.1000000000000068, 60.26], [-1.1400000000000068, 60.26], [-1.1400000000000068, 60.24], [-1.1800000000000068, 60.26], [-1.1800000000000068, 60.18], [-1.1600000000000068, 60.18], [-1.1600000000000068, 60.160000000000004], [-1.1400000000000068, 60.160000000000004], [-1.1400000000000068, 60.18], [-1.0800000000000067, 60.18], [-1.0800000000000067, 60.160000000000004], [-1.0600000000000067, 60.160000000000004], [-1.0600000000000067, 60.12], [-1.1000000000000068, 60.1], [-1.1200000000000068, 60.14], [-1.1800000000000068, 60.14], [-1.1800000000000068, 60.12], [-1.2000000000000068, 60.12], [-1.2000000000000068, 60.06], [-1.1600000000000068, 60.06], [-1.1600000000000068, 60.04], [-1.2200000000000069, 60.04], [-1.2200000000000069, 60.02], [-1.2000000000000068, 60.02], [-1.2000000000000068, 59.980000000000004], [-1.2400000000000069, 60.0], [-1.2400000000000069, 59.94], [-1.260000000000007, 59.94], [-1.260000000000007, 59.86], [-1.320000000000007, 59.86], [-1.300000000000007, 59.9], [-1.3800000000000068, 59.9], [-1.3800000000000068, 59.92], [-1.3400000000000067, 59.94], [-1.3400000000000067, 59.980000000000004], [-1.320000000000007, 59.980000000000004], [-1.320000000000007, 60.02], [-1.300000000000007, 60.02], [-1.300000000000007, 60.06], [-1.280000000000007, 60.06], [-1.280000000000007, 60.1], [-1.260000000000007, 60.1], [-1.260000000000007, 60.14], [-1.280000000000007, 60.14], [-1.300000000000007, 60.22], [-1.3400000000000067, 60.2], [-1.3400000000000067, 60.24], [-1.3600000000000068, 60.24], [-1.3600000000000068, 60.2], [-1.3800000000000068, 60.2]], [[-1.1200000000000068, 60.38], [-1.1000000000000068, 60.38], [-1.1000000000000068, 60.4], [-1.1200000000000068, 60.4], [-1.1200000000000068, 60.38]], [[-1.1800000000000068, 60.28], [-1.2000000000000068, 60.28], [-1.2000000000000068, 60.26], [-1.1800000000000068, 60.26], [-1.1800000000000068, 60.28]], [[-1.280000000000007, 60.22], [-1.280000000000007, 60.24], [-1.300000000000007, 60.24], [-1.300000000000007, 60.22], [-1.280000000000007, 60.22]], [[-1.3600000000000068, 60.26], [-1.4000000000000068, 60.26], [-1.4000000000000068, 60.24], [-1.3600000000000068, 60.24], [-1.3600000000000068, 60.26]], [[-1.1800000000000068, 60.4], [-1.1800000000000068, 60.42], [-1.2000000000000068, 60.42], [-1.2000000000000068, 60.4], [-1.1800000000000068, 60.4]]], [[[-1.1600000000000068, 60.18], [-1.1600000000000068, 60.2], [-1.1400000000000068, 60.2], [-1.1400000000000068, 60.18], [-1.1600000000000068, 60.18]]], [[[-1.0800000000000067, 60.42], [-1.0800000000000067, 60.44], [-1.0600000000000067, 60.44], [-1.0600000000000067, 60.42], [-1.0800000000000067, 60.42]]], [[[-1.0400000000000067, 60.44], [-1.0600000000000067, 60.44], [-1.0600000000000067, 60.46], [-1.0400000000000067, 60.46], [-1.0400000000000067, 60.44]]], [[[-1.300000000000007, 60.480000000000004], [-1.320000000000007, 60.480000000000004], [-1.320000000000007, 60.5], [-1.300000000000007, 60.5], [-1.300000000000007, 60.480000000000004]]], [[[-1.4400000000000068, 60.58], [-1.4200000000000068, 60.58], [-1.4200000000000068, 60.62], [-1.3600000000000068, 60.62], [-1.3600000000000068, 60.6], [-1.320000000000007, 60.6], [-1.320000000000007, 60.64], [-1.300000000000007, 60.64], [-1.300000000000007, 60.56], [-1.320000000000007, 60.56], [-1.320000000000007, 60.5], [-1.3400000000000067, 60.5], [-1.320000000000007, 60.46], [-1.3400000000000067, 60.46], [-1.3400000000000067, 60.42], [-1.3600000000000068, 60.42], [-1.3600000000000068, 60.38], [-1.4000000000000068, 60.38], [-1.4000000000000068, 60.42], [-1.4400000000000068, 60.42], [-1.4400000000000068, 60.480000000000004], [-1.4600000000000068, 60.480000000000004], [-1.4600000000000068, 60.46], [-1.5000000000000069, 60.46], [-1.5000000000000069, 60.480000000000004], [-1.5400000000000067, 60.480000000000004], [-1.5400000000000067, 60.5], [-1.5600000000000067, 60.5], [-1.5600000000000067, 60.480000000000004], [-1.6000000000000068, 60.480000000000004], [-1.5800000000000067, 60.52], [-1.5400000000000067, 60.54], [-1.5400000000000067, 60.56], [-1.5000000000000069, 60.56], [-1.5000000000000069, 60.52], [-1.4600000000000068, 60.52], [-1.4600000000000068, 60.56], [-1.4400000000000068, 60.56], [-1.4400000000000068, 60.58]], [[-1.4600000000000068, 60.5], [-1.4000000000000068, 60.5], [-1.4000000000000068, 60.52], [-1.4600000000000068, 60.52], [-1.4600000000000068, 60.5]]]]}, "properties": {"areaKm2": 961, "country": "United Kingdom", "nearestPlace": "Lerwick (35 km)", "lon": -1.46, "lat": 60.19, "west": -1.68, "south": 59.86, "east": -1.04, "north": 60.64, "otherDirectionPct": 100}}, {"type": "Feature", "geometry": {"type": "Polygon", "coordinates": [[[11.940000000000005, 31.42], [11.940000000000005, 31.400000000000002], [11.860000000000005, 31.400000000000002], [11.860000000000005, 31.380000000000003], [11.700000000000005, 31.360000000000003], [11.700000000000005, 31.340000000000003], [11.620000000000005, 31.340000000000003], [11.620000000000005, 31.32], [11.540000000000004, 31.32], [11.540000000000004, 31.3], [11.380000000000004, 31.28], [11.380000000000004, 31.26], [11.320000000000004, 31.26], [11.320000000000004, 31.240000000000002], [11.240000000000004, 31.240000000000002], [11.240000000000004, 31.220000000000002], [11.160000000000004, 31.220000000000002], [11.160000000000004, 31.200000000000003], [11.080000000000005, 31.200000000000003], [11.080000000000005, 31.180000000000003], [11.000000000000005, 31.180000000000003], [11.000000000000005, 31.16], [10.920000000000005, 31.16], [10.920000000000005, 31.14], [10.840000000000005, 31.14], [10.840000000000005, 31.12], [10.760000000000005, 31.12], [10.760000000000005, 31.1], [10.680000000000005, 31.1], [10.680000000000005, 31.080000000000002], [10.620000000000005, 31.080000000000002], [10.620000000000005, 31.060000000000002], [10.640000000000004, 31.060000000000002], [10.640000000000004, 31.020000000000003], [10.700000000000005, 31.020000000000003], [10.700000000000005, 31.040000000000003], [10.780000000000005, 31.040000000000003], [10.780000000000005, 31.060000000000002], [10.860000000000005, 31.060000000000002], [10.860000000000005, 31.080000000000002], [10.940000000000005, 31.080000000000002], [10.940000000000005, 31.1], [11.020000000000005, 31.1], [11.020000000000005, 31.12], [11.100000000000005, 31.12], [11.100000000000005, 31.14], [11.180000000000005, 31.14], [11.180000000000005, 31.16], [11.260000000000005, 31.16], [11.260000000000005, 31.180000000000003], [11.340000000000005, 31.180000000000003], [11.340000000000005, 31.200000000000003], [11.420000000000005, 31.200000000000003], [11.420000000000005, 31.220000000000002], [11.580000000000005, 31.240000000000002], [11.580000000000005, 31.26], [11.660000000000004, 31.26], [11.660000000000004, 31.28], [11.740000000000006, 31.28], [11.740000000000006, 31.3], [11.820000000000004, 31.3], [11.820000000000004, 31.32], [11.900000000000004, 31.32], [11.900000000000004, 31.340000000000003], [11.980000000000004, 31.340000000000003], [11.980000000000004, 31.400000000000002], [11.940000000000005, 31.42]]]}, "properties": {"areaKm2": 958, "country": "Libya", "nearestPlace": "Nalut (85 km)", "lon": 11.37, "lat": 31.23, "west": 10.62, "south": 31.02, "east": 11.98, "north": 31.42, "otherDirectionPct": 89}}, {"type": "Feature", "geometry": {"type": "Polygon", "coordinates": [[[17.600000000000016, 26.879999999999995], [17.600000000000016, 26.859999999999996], [17.440000000000015, 26.839999999999996], [17.440000000000015, 26.819999999999997], [17.360000000000017, 26.819999999999997], [17.360000000000017, 26.799999999999997], [17.280000000000015, 26.799999999999997], [17.280000000000015, 26.779999999999994], [17.200000000000017, 26.779999999999994], [17.200000000000017, 26.759999999999994], [17.12000000000002, 26.759999999999994], [17.12000000000002, 26.739999999999995], [17.040000000000017, 26.739999999999995], [17.040000000000017, 26.719999999999995], [16.940000000000015, 26.719999999999995], [16.940000000000015, 26.699999999999996], [16.860000000000017, 26.699999999999996], [16.860000000000017, 26.679999999999996], [16.780000000000015, 26.679999999999996], [16.780000000000015, 26.659999999999997], [16.62000000000002, 26.639999999999997], [16.62000000000002, 26.619999999999994], [16.540000000000017, 26.619999999999994], [16.540000000000017, 26.599999999999994], [16.380000000000017, 26.579999999999995], [16.380000000000017, 26.559999999999995], [16.30000000000002, 26.559999999999995], [16.30000000000002, 26.539999999999996], [16.220000000000017, 26.539999999999996], [16.220000000000017, 26.519999999999996], [16.200000000000017, 26.519999999999996], [16.200000000000017, 26.459999999999994], [16.220000000000017, 26.459999999999994], [16.220000000000017, 26.479999999999997], [16.30000000000002, 26.479999999999997], [16.30000000000002, 26.499999999999996], [16.380000000000017, 26.499999999999996], [16.380000000000017, 26.519999999999996], [16.46000000000002, 26.519999999999996], [16.46000000000002, 26.539999999999996], [16.540000000000017, 26.539999999999996], [16.540000000000017, 26.559999999999995], [16.62000000000002, 26.559999999999995], [16.62000000000002, 26.579999999999995], [16.700000000000017, 26.579999999999995], [16.700000000000017, 26.599999999999994], [16.780000000000015, 26.599999999999994], [16.780000000000015, 26.619999999999994], [16.860000000000017, 26.619999999999994], [16.860000000000017, 26.639999999999997], [16.940000000000015, 26.639999999999997], [16.940000000000015, 26.659999999999997], [17.020000000000017, 26.659999999999997], [17.020000000000017, 26.679999999999996], [17.100000000000016, 26.679999999999996], [17.100000000000016, 26.699999999999996], [17.180000000000017, 26.699999999999996], [17.180000000000017, 26.719999999999995], [17.260000000000016, 26.719999999999995], [17.260000000000016, 26.739999999999995], [17.340000000000018, 26.739999999999995], [17.340000000000018, 26.759999999999994], [17.420000000000016, 26.759999999999994], [17.420000000000016, 26.779999999999994], [17.500000000000018, 26.779999999999994], [17.500000000000018, 26.799999999999997], [17.580000000000016, 26.799999999999997], [17.580000000000016, 26.819999999999997], [17.660000000000018, 26.819999999999997], [17.660000000000018, 26.839999999999996], [17.700000000000017, 26.839999999999996], [17.680000000000017, 26.879999999999995], [17.600000000000016, 26.879999999999995]]]}, "properties": {"areaKm2": 948, "country": "Libya", "nearestPlace": "Tmassa (127 km)", "lon": 16.9, "lat": 26.67, "west": 16.2, "south": 26.46, "east": 17.7, "north": 26.88, "otherDirectionPct": 100}}, {"type": "Feature", "geometry": {"type": "Polygon", "coordinates": [[[-12.819999999999983, 24.340000000000003], [-12.819999999999983, 24.320000000000004], [-12.899999999999983, 24.320000000000004], [-12.899999999999983, 24.300000000000004], [-12.979999999999983, 24.300000000000004], [-12.979999999999983, 24.280000000000005], [-13.059999999999983, 24.280000000000005], [-13.059999999999983, 24.260000000000005], [-13.139999999999983, 24.260000000000005], [-13.139999999999983, 24.240000000000002], [-13.219999999999983, 24.240000000000002], [-13.219999999999983, 24.220000000000002], [-13.299999999999983, 24.220000000000002], [-13.299999999999983, 24.200000000000003], [-13.379999999999983, 24.200000000000003], [-13.379999999999983, 24.180000000000003], [-13.459999999999983, 24.180000000000003], [-13.459999999999983, 24.160000000000004], [-13.539999999999983, 24.160000000000004], [-13.539999999999983, 24.140000000000004], [-13.619999999999983, 24.140000000000004], [-13.619999999999983, 24.120000000000005], [-13.699999999999983, 24.120000000000005], [-13.699999999999983, 24.100000000000005], [-13.779999999999983, 24.100000000000005], [-13.779999999999983, 24.080000000000002], [-13.859999999999983, 24.080000000000002], [-13.859999999999983, 24.060000000000002], [-13.939999999999984, 24.060000000000002], [-13.939999999999984, 24.040000000000003], [-14.039999999999983, 24.040000000000003], [-14.039999999999983, 24.020000000000003], [-14.119999999999983, 24.020000000000003], [-14.119999999999983, 24.000000000000004], [-14.199999999999983, 24.000000000000004], [-14.199999999999983, 23.980000000000004], [-14.279999999999983, 23.980000000000004], [-14.279999999999983, 23.960000000000004], [-14.299999999999983, 23.960000000000004], [-14.299999999999983, 23.92], [-14.219999999999983, 23.92], [-14.219999999999983, 23.940000000000005], [-14.139999999999983, 23.940000000000005], [-14.139999999999983, 23.960000000000004], [-14.059999999999983, 23.960000000000004], [-14.059999999999983, 23.980000000000004], [-13.979999999999983, 23.980000000000004], [-13.979999999999983, 24.000000000000004], [-13.899999999999983, 24.000000000000004], [-13.899999999999983, 24.020000000000003], [-13.819999999999983, 24.020000000000003], [-13.819999999999983, 24.040000000000003], [-13.739999999999982, 24.040000000000003], [-13.739999999999982, 24.060000000000002], [-13.659999999999982, 24.060000000000002], [-13.659999999999982, 24.080000000000002], [-13.579999999999982, 24.080000000000002], [-13.579999999999982, 24.100000000000005], [-13.479999999999983, 24.100000000000005], [-13.479999999999983, 24.120000000000005], [-13.399999999999983, 24.120000000000005], [-13.399999999999983, 24.140000000000004], [-13.319999999999983, 24.140000000000004], [-13.319999999999983, 24.160000000000004], [-13.239999999999982, 24.160000000000004], [-13.239999999999982, 24.180000000000003], [-13.159999999999982, 24.180000000000003], [-13.159999999999982, 24.200000000000003], [-13.079999999999982, 24.200000000000003], [-13.079999999999982, 24.220000000000002], [-12.999999999999982, 24.220000000000002], [-12.999999999999982, 24.240000000000002], [-12.919999999999982, 24.240000000000002], [-12.919999999999982, 24.260000000000005], [-12.839999999999982, 24.260000000000005], [-12.839999999999982, 24.280000000000005], [-12.759999999999984, 24.280000000000005], [-12.759999999999984, 24.300000000000004], [-12.739999999999982, 24.300000000000004], [-12.739999999999982, 24.340000000000003], [-12.819999999999983, 24.340000000000003]]]}, "properties": {"areaKm2": 941, "country": "Morocco, Western Sahara", "nearestPlace": "Bir Anzarane (117 km)", "lon": -13.51, "lat": 24.13, "west": -14.3, "south": 23.92, "east": -12.74, "north": 24.34, "otherDirectionPct": 100}}, {"type": "Feature", "geometry": {"type": "Polygon", "coordinates": [[[7.060000000000003, 33.36], [7.060000000000003, 33.339999999999996], [6.900000000000004, 33.32], [6.900000000000004, 33.3], [6.740000000000004, 33.28], [6.740000000000004, 33.26], [6.580000000000004, 33.24], [6.580000000000004, 33.22], [6.5000000000000036, 33.22], [6.5000000000000036, 33.2], [6.4200000000000035, 33.2], [6.4200000000000035, 33.18], [6.340000000000003, 33.18], [6.340000000000003, 33.16], [6.180000000000003, 33.14], [6.180000000000003, 33.12], [6.020000000000003, 33.1], [6.020000000000003, 33.08], [5.940000000000003, 33.08], [5.940000000000003, 33.06], [5.860000000000003, 33.06], [5.860000000000003, 33.04], [5.840000000000003, 33.04], [5.840000000000003, 32.98], [5.900000000000003, 32.98], [5.900000000000003, 33.0], [5.980000000000003, 33.0], [5.980000000000003, 33.019999999999996], [6.060000000000003, 33.019999999999996], [6.060000000000003, 33.04], [6.140000000000003, 33.04], [6.140000000000003, 33.06], [6.220000000000003, 33.06], [6.220000000000003, 33.08], [6.300000000000003, 33.08], [6.300000000000003, 33.1], [6.3800000000000034, 33.1], [6.3800000000000034, 33.12], [6.4600000000000035, 33.12], [6.4600000000000035, 33.14], [6.540000000000004, 33.14], [6.540000000000004, 33.16], [6.620000000000004, 33.16], [6.620000000000004, 33.18], [6.700000000000004, 33.18], [6.700000000000004, 33.2], [6.780000000000004, 33.2], [6.780000000000004, 33.22], [6.860000000000003, 33.22], [6.860000000000003, 33.24], [6.940000000000003, 33.24], [6.940000000000003, 33.26], [7.020000000000003, 33.26], [7.020000000000003, 33.28], [7.100000000000003, 33.28], [7.100000000000003, 33.3], [7.120000000000004, 33.3], [7.120000000000004, 33.339999999999996], [7.100000000000003, 33.339999999999996], [7.100000000000003, 33.36], [7.060000000000003, 33.36]]]}, "properties": {"areaKm2": 925, "country": "Algeria", "nearestPlace": "Touggourt (47 km)", "lon": 6.48, "lat": 33.17, "west": 5.84, "south": 32.98, "east": 7.12, "north": 33.36, "otherDirectionPct": 100}}, {"type": "Feature", "geometry": {"type": "Polygon", "coordinates": [[[24.400000000000006, 31.46], [24.400000000000006, 31.44], [24.320000000000004, 31.44], [24.320000000000004, 31.42], [24.240000000000006, 31.42], [24.240000000000006, 31.400000000000002], [24.080000000000005, 31.380000000000003], [24.080000000000005, 31.36], [24.000000000000004, 31.36], [24.000000000000004, 31.34], [23.920000000000005, 31.34], [23.920000000000005, 31.32], [23.840000000000003, 31.32], [23.840000000000003, 31.3], [23.760000000000005, 31.3], [23.760000000000005, 31.28], [23.680000000000003, 31.28], [23.680000000000003, 31.26], [23.600000000000005, 31.26], [23.600000000000005, 31.240000000000002], [23.440000000000005, 31.220000000000002], [23.440000000000005, 31.2], [23.360000000000003, 31.2], [23.360000000000003, 31.18], [23.280000000000005, 31.18], [23.280000000000005, 31.16], [23.120000000000005, 31.14], [23.120000000000005, 31.080000000000002], [23.220000000000006, 31.080000000000002], [23.220000000000006, 31.1], [23.300000000000004, 31.1], [23.300000000000004, 31.12], [23.380000000000006, 31.12], [23.380000000000006, 31.14], [23.460000000000004, 31.14], [23.460000000000004, 31.16], [23.540000000000006, 31.16], [23.540000000000006, 31.18], [23.620000000000005, 31.18], [23.620000000000005, 31.2], [23.700000000000003, 31.2], [23.700000000000003, 31.220000000000002], [23.780000000000005, 31.220000000000002], [23.780000000000005, 31.240000000000002], [23.860000000000003, 31.240000000000002], [23.860000000000003, 31.26], [23.940000000000005, 31.26], [23.940000000000005, 31.28], [24.020000000000003, 31.28], [24.020000000000003, 31.3], [24.100000000000005, 31.3], [24.100000000000005, 31.32], [24.180000000000003, 31.32], [24.180000000000003, 31.34], [24.260000000000005, 31.34], [24.260000000000005, 31.36], [24.340000000000003, 31.36], [24.340000000000003, 31.380000000000003], [24.420000000000005, 31.380000000000003], [24.420000000000005, 31.400000000000002], [24.460000000000004, 31.400000000000002], [24.460000000000004, 31.44], [24.440000000000005, 31.44], [24.440000000000005, 31.46], [24.400000000000006, 31.46]]]}, "properties": {"areaKm2": 915, "country": "Libya", "nearestPlace": "Tubruq (92 km)", "lon": 23.81, "lat": 31.27, "west": 23.12, "south": 31.08, "east": 24.46, "north": 31.46, "otherDirectionPct": 88}}, {"type": "Feature", "geometry": {"type": "Polygon", "coordinates": [[[22.30000000000001, 31.479999999999997], [22.30000000000001, 31.459999999999997], [22.14000000000001, 31.439999999999998], [22.14000000000001, 31.419999999999998], [22.060000000000013, 31.419999999999998], [22.060000000000013, 31.4], [21.98000000000001, 31.4], [21.98000000000001, 31.379999999999995], [21.900000000000013, 31.379999999999995], [21.900000000000013, 31.359999999999996], [21.82000000000001, 31.359999999999996], [21.82000000000001, 31.339999999999996], [21.740000000000013, 31.339999999999996], [21.740000000000013, 31.319999999999997], [21.66000000000001, 31.319999999999997], [21.66000000000001, 31.299999999999997], [21.500000000000014, 31.279999999999998], [21.500000000000014, 31.259999999999998], [21.340000000000014, 31.24], [21.340000000000014, 31.219999999999995], [21.260000000000012, 31.219999999999995], [21.260000000000012, 31.199999999999996], [21.180000000000014, 31.199999999999996], [21.180000000000014, 31.179999999999996], [21.100000000000012, 31.179999999999996], [21.100000000000012, 31.159999999999997], [21.080000000000013, 31.159999999999997], [21.080000000000013, 31.099999999999998], [21.14000000000001, 31.099999999999998], [21.14000000000001, 31.119999999999997], [21.220000000000013, 31.119999999999997], [21.220000000000013, 31.139999999999997], [21.30000000000001, 31.139999999999997], [21.30000000000001, 31.159999999999997], [21.380000000000013, 31.159999999999997], [21.380000000000013, 31.179999999999996], [21.46000000000001, 31.179999999999996], [21.46000000000001, 31.199999999999996], [21.520000000000014, 31.199999999999996], [21.520000000000014, 31.219999999999995], [21.600000000000012, 31.219999999999995], [21.600000000000012, 31.24], [21.680000000000014, 31.24], [21.680000000000014, 31.259999999999998], [21.840000000000014, 31.279999999999998], [21.840000000000014, 31.299999999999997], [21.920000000000012, 31.299999999999997], [21.920000000000012, 31.319999999999997], [22.000000000000014, 31.319999999999997], [22.000000000000014, 31.339999999999996], [22.080000000000013, 31.339999999999996], [22.080000000000013, 31.359999999999996], [22.16000000000001, 31.359999999999996], [22.16000000000001, 31.379999999999995], [22.240000000000013, 31.379999999999995], [22.240000000000013, 31.4], [22.32000000000001, 31.4], [22.32000000000001, 31.419999999999998], [22.380000000000013, 31.419999999999998], [22.380000000000013, 31.439999999999998], [22.360000000000014, 31.439999999999998], [22.360000000000014, 31.479999999999997], [22.30000000000001, 31.479999999999997]]]}, "properties": {"areaKm2": 906, "country": "Libya", "nearestPlace": "Al Bayda (164 km)", "lon": 21.71, "lat": 31.29, "west": 21.08, "south": 31.1, "east": 22.38, "north": 31.48, "otherDirectionPct": 97}}, {"type": "Feature", "geometry": {"type": "Polygon", "coordinates": [[[4.279999999999999, 35.019999999999996], [4.279999999999999, 34.99999999999999], [4.199999999999999, 34.99999999999999], [4.199999999999999, 34.98], [4.139999999999999, 34.98], [4.139999999999999, 34.959999999999994], [4.059999999999999, 34.959999999999994], [4.059999999999999, 34.94], [3.9799999999999986, 34.94], [3.9799999999999986, 34.919999999999995], [3.819999999999999, 34.9], [3.819999999999999, 34.879999999999995], [3.739999999999999, 34.879999999999995], [3.739999999999999, 34.86], [3.659999999999999, 34.86], [3.659999999999999, 34.839999999999996], [3.5799999999999987, 34.839999999999996], [3.5799999999999987, 34.81999999999999], [3.419999999999999, 34.8], [3.419999999999999, 34.779999999999994], [3.259999999999999, 34.76], [3.259999999999999, 34.739999999999995], [3.219999999999999, 34.739999999999995], [3.219999999999999, 34.67999999999999], [3.319999999999999, 34.67999999999999], [3.319999999999999, 34.699999999999996], [3.399999999999999, 34.699999999999996], [3.399999999999999, 34.72], [3.4799999999999986, 34.72], [3.4799999999999986, 34.739999999999995], [3.5599999999999987, 34.739999999999995], [3.5599999999999987, 34.76], [3.639999999999999, 34.76], [3.639999999999999, 34.779999999999994], [3.719999999999999, 34.779999999999994], [3.719999999999999, 34.8], [3.799999999999999, 34.8], [3.799999999999999, 34.81999999999999], [3.879999999999999, 34.81999999999999], [3.879999999999999, 34.839999999999996], [3.959999999999999, 34.839999999999996], [3.959999999999999, 34.86], [4.039999999999999, 34.86], [4.039999999999999, 34.879999999999995], [4.119999999999999, 34.879999999999995], [4.119999999999999, 34.9], [4.199999999999999, 34.9], [4.199999999999999, 34.919999999999995], [4.279999999999999, 34.919999999999995], [4.279999999999999, 34.94], [4.359999999999999, 34.94], [4.359999999999999, 34.959999999999994], [4.399999999999999, 34.959999999999994], [4.399999999999999, 34.98], [4.379999999999999, 34.98], [4.379999999999999, 35.019999999999996], [4.279999999999999, 35.019999999999996]]]}, "properties": {"areaKm2": 891, "country": "Algeria", "nearestPlace": "Djelfa (65 km)", "lon": 3.81, "lat": 34.85, "west": 3.22, "south": 34.68, "east": 4.4, "north": 35.02, "otherDirectionPct": 100}}, {"type": "Feature", "geometry": {"type": "Polygon", "coordinates": [[[-8.139999999999992, 29.42], [-8.139999999999992, 29.400000000000002], [-8.219999999999992, 29.400000000000002], [-8.219999999999992, 29.380000000000003], [-8.379999999999992, 29.360000000000003], [-8.379999999999992, 29.340000000000003], [-8.459999999999992, 29.340000000000003], [-8.459999999999992, 29.32], [-8.539999999999992, 29.32], [-8.539999999999992, 29.3], [-8.619999999999992, 29.3], [-8.619999999999992, 29.28], [-8.699999999999992, 29.28], [-8.699999999999992, 29.26], [-8.779999999999992, 29.26], [-8.779999999999992, 29.240000000000002], [-8.859999999999992, 29.240000000000002], [-8.859999999999992, 29.220000000000002], [-8.939999999999992, 29.220000000000002], [-8.939999999999992, 29.200000000000003], [-9.019999999999992, 29.200000000000003], [-9.019999999999992, 29.180000000000003], [-9.099999999999993, 29.180000000000003], [-9.099999999999993, 29.16], [-9.179999999999993, 29.16], [-9.179999999999993, 29.14], [-9.259999999999993, 29.14], [-9.259999999999993, 29.12], [-9.339999999999993, 29.12], [-9.339999999999993, 29.1], [-9.419999999999993, 29.1], [-9.419999999999993, 29.080000000000002], [-9.499999999999993, 29.080000000000002], [-9.499999999999993, 29.060000000000002], [-9.539999999999992, 29.060000000000002], [-9.539999999999992, 29.0], [-9.519999999999992, 29.0], [-9.519999999999992, 29.020000000000003], [-9.439999999999992, 29.020000000000003], [-9.439999999999992, 29.040000000000003], [-9.359999999999992, 29.040000000000003], [-9.359999999999992, 29.060000000000002], [-9.279999999999992, 29.060000000000002], [-9.279999999999992, 29.080000000000002], [-9.199999999999992, 29.080000000000002], [-9.199999999999992, 29.1], [-9.119999999999992, 29.1], [-9.119999999999992, 29.12], [-9.039999999999992, 29.12], [-9.039999999999992, 29.14], [-8.959999999999992, 29.14], [-8.959999999999992, 29.16], [-8.879999999999992, 29.16], [-8.879999999999992, 29.180000000000003], [-8.799999999999992, 29.180000000000003], [-8.799999999999992, 29.200000000000003], [-8.719999999999992, 29.200000000000003], [-8.719999999999992, 29.220000000000002], [-8.639999999999992, 29.220000000000002], [-8.639999999999992, 29.240000000000002], [-8.559999999999992, 29.240000000000002], [-8.559999999999992, 29.26], [-8.479999999999992, 29.26], [-8.479999999999992, 29.28], [-8.399999999999991, 29.28], [-8.399999999999991, 29.3], [-8.319999999999991, 29.3], [-8.319999999999991, 29.32], [-8.239999999999991, 29.32], [-8.239999999999991, 29.340000000000003], [-8.159999999999991, 29.340000000000003], [-8.159999999999991, 29.360000000000003], [-8.119999999999992, 29.360000000000003], [-8.119999999999992, 29.42], [-8.139999999999992, 29.42]]]}, "properties": {"areaKm2": 844, "country": "Morocco", "nearestPlace": "Tiznit (116 km)", "lon": -8.83, "lat": 29.21, "west": -9.54, "south": 29.0, "east": -8.12, "north": 29.42, "otherDirectionPct": 91}}, {"type": "Feature", "geometry": {"type": "MultiPolygon", "coordinates": [[[[-176.7, 51.779999999999994], [-176.7, 51.8], [-176.76, 51.8], [-176.76, 51.82], [-176.78, 51.82], [-176.78, 51.86], [-176.72, 51.86], [-176.72, 51.879999999999995], [-176.76, 51.879999999999995], [-176.76, 51.9], [-176.78, 51.9], [-176.78, 51.94], [-176.76, 51.94], [-176.76, 51.959999999999994], [-176.61999999999998, 51.959999999999994], [-176.61999999999998, 51.98], [-176.56, 51.98], [-176.56, 51.94], [-176.54, 51.94], [-176.54, 51.919999999999995], [-176.56, 51.919999999999995], [-176.56, 51.9], [-176.61999999999998, 51.9], [-176.61999999999998, 51.86], [-176.6, 51.86], [-176.6, 51.839999999999996], [-176.54, 51.839999999999996], [-176.54, 51.82], [-176.51999999999998, 51.82], [-176.51999999999998, 51.839999999999996], [-176.42, 51.839999999999996], [-176.42, 51.8], [-176.44, 51.8], [-176.44, 51.76], [-176.42, 51.76], [-176.42, 51.739999999999995], [-176.45999999999998, 51.739999999999995], [-176.45999999999998, 51.72], [-176.48, 51.72], [-176.48, 51.76], [-176.5, 51.76], [-176.5, 51.739999999999995], [-176.54, 51.739999999999995], [-176.54, 51.72], [-176.56, 51.72], [-176.57999999999998, 51.68], [-176.6, 51.68], [-176.6, 51.699999999999996], [-176.64, 51.699999999999996], [-176.64, 51.68], [-176.72, 51.68], [-176.72, 51.63999999999999], [-176.7, 51.63999999999999], [-176.7, 51.62], [-176.73999999999998, 51.62], [-176.73999999999998, 51.63999999999999], [-176.76, 51.63999999999999], [-176.76, 51.62], [-176.82, 51.62], [-176.82, 51.72], [-176.84, 51.72], [-176.84, 51.699999999999996], [-176.85999999999999, 51.699999999999996], [-176.85999999999999, 51.66], [-176.88, 51.66], [-176.88, 51.63999999999999], [-176.92, 51.62], [-176.92, 51.599999999999994], [-176.98, 51.599999999999994], [-176.98, 51.66], [-176.95999999999998, 51.66], [-176.95999999999998, 51.68], [-176.92, 51.68], [-176.92, 51.699999999999996], [-176.88, 51.72], [-176.88, 51.739999999999995], [-176.85999999999999, 51.739999999999995], [-176.85999999999999, 51.76], [-176.82, 51.76], [-176.82, 51.779999999999994], [-176.7, 51.779999999999994]]], [[[-176.84, 51.8], [-176.82, 51.8], [-176.82, 51.779999999999994], [-176.85999999999999, 51.779999999999994], [-176.85999999999999, 51.76], [-176.89999999999998, 51.76], [-176.89999999999998, 51.779999999999994], [-176.92, 51.779999999999994], [-176.89999999999998, 51.82], [-176.84, 51.82], [-176.84, 51.8]]], [[[-176.28, 51.839999999999996], [-176.34, 51.839999999999996], [-176.34, 51.82], [-176.26, 51.82], [-176.26, 51.8], [-176.28, 51.8], [-176.28, 51.76], [-176.32, 51.76], [-176.32, 51.739999999999995], [-176.39999999999998, 51.739999999999995], [-176.39999999999998, 51.839999999999996], [-176.42, 51.839999999999996], [-176.42, 51.86], [-176.28, 51.86], [-176.28, 51.839999999999996]]]]}, "properties": {"areaKm2": 816, "country": "United States", "nearestPlace": "Atka (268 km)", "lon": -176.57, "lat": 51.79, "west": -176.98, "south": 51.6, "east": -176.26, "north": 51.98, "otherDirectionPct": 100}}, {"type": "Feature", "geometry": {"type": "MultiPolygon", "coordinates": [[[[-7.219999999999987, 62.14], [-7.159999999999988, 62.14], [-7.139999999999987, 62.1], [-7.039999999999988, 62.1], [-7.039999999999988, 62.080000000000005], [-7.059999999999987, 62.080000000000005], [-7.079999999999988, 62.040000000000006], [-7.159999999999988, 62.06], [-7.179999999999987, 62.02], [-7.199999999999988, 62.02], [-7.199999999999988, 62.06], [-7.219999999999987, 62.06], [-7.219999999999987, 62.040000000000006], [-7.279999999999988, 62.040000000000006], [-7.279999999999988, 62.06], [-7.3799999999999875, 62.06], [-7.3799999999999875, 62.080000000000005], [-7.339999999999987, 62.080000000000005], [-7.339999999999987, 62.1], [-7.4199999999999875, 62.1], [-7.4199999999999875, 62.14], [-7.359999999999988, 62.14], [-7.359999999999988, 62.120000000000005], [-7.319999999999988, 62.120000000000005], [-7.299999999999987, 62.160000000000004], [-7.219999999999987, 62.160000000000004], [-7.219999999999987, 62.14]]], [[[-7.079999999999988, 62.32], [-6.9199999999999875, 62.34], [-6.9199999999999875, 62.32], [-6.8799999999999875, 62.32], [-6.8799999999999875, 62.300000000000004], [-6.939999999999987, 62.300000000000004], [-6.939999999999987, 62.260000000000005], [-6.9199999999999875, 62.260000000000005], [-6.9199999999999875, 62.28], [-6.859999999999987, 62.28], [-6.859999999999987, 62.300000000000004], [-6.799999999999987, 62.300000000000004], [-6.779999999999988, 62.260000000000005], [-6.739999999999988, 62.260000000000005], [-6.739999999999988, 62.24], [-6.779999999999988, 62.24], [-6.779999999999988, 62.220000000000006], [-6.639999999999987, 62.220000000000006], [-6.639999999999987, 62.2], [-6.719999999999987, 62.2], [-6.719999999999987, 62.18000000000001], [-6.659999999999988, 62.18000000000001], [-6.659999999999988, 62.160000000000004], [-6.599999999999987, 62.160000000000004], [-6.599999999999987, 62.14], [-6.619999999999988, 62.14], [-6.619999999999988, 62.1], [-6.659999999999988, 62.1], [-6.659999999999988, 62.06], [-6.699999999999988, 62.080000000000005], [-6.699999999999988, 62.14], [-6.739999999999988, 62.120000000000005], [-6.739999999999988, 62.1], [-6.759999999999987, 62.1], [-6.759999999999987, 62.120000000000005], [-6.799999999999987, 62.120000000000005], [-6.799999999999987, 62.14], [-6.8799999999999875, 62.120000000000005], [-6.8799999999999875, 62.1], [-6.799999999999987, 62.1], [-6.799999999999987, 62.080000000000005], [-6.779999999999988, 62.080000000000005], [-6.779999999999988, 62.06], [-6.819999999999988, 62.06], [-6.819999999999988, 62.040000000000006], [-6.719999999999987, 62.040000000000006], [-6.739999999999988, 62.0], [-6.699999999999988, 61.980000000000004], [-6.699999999999988, 61.940000000000005], [-6.759999999999987, 61.940000000000005], [-6.779999999999988, 61.980000000000004], [-6.839999999999987, 61.980000000000004], [-6.839999999999987, 62.0], [-6.8799999999999875, 62.0], [-6.899999999999988, 62.040000000000006], [-6.9599999999999875, 62.040000000000006], [-6.9599999999999875, 62.06], [-6.979999999999987, 62.06], [-6.979999999999987, 62.1], [-7.019999999999987, 62.1], [-7.019999999999987, 62.120000000000005], [-7.119999999999988, 62.120000000000005], [-7.119999999999988, 62.160000000000004], [-7.219999999999987, 62.160000000000004], [-7.219999999999987, 62.18000000000001], [-7.239999999999988, 62.18000000000001], [-7.219999999999987, 62.220000000000006], [-7.199999999999988, 62.220000000000006], [-7.199999999999988, 62.300000000000004], [-7.079999999999988, 62.300000000000004], [-7.079999999999988, 62.32]], [[-6.719999999999987, 62.160000000000004], [-6.739999999999988, 62.160000000000004], [-6.739999999999988, 62.14], [-6.719999999999987, 62.14], [-6.719999999999987, 62.160000000000004]], [[-6.739999999999988, 62.18000000000001], [-6.759999999999987, 62.18000000000001], [-6.759999999999987, 62.160000000000004], [-6.739999999999988, 62.160000000000004], [-6.739999999999988, 62.18000000000001]], [[-6.839999999999987, 62.160000000000004], [-6.8799999999999875, 62.160000000000004], [-6.8799999999999875, 62.14], [-6.839999999999987, 62.14], [-6.839999999999987, 62.160000000000004]], [[-7.079999999999988, 62.28], [-7.059999999999987, 62.28], [-7.059999999999987, 62.300000000000004], [-7.079999999999988, 62.300000000000004], [-7.079999999999988, 62.28]], [[-7.059999999999987, 62.260000000000005], [-7.039999999999988, 62.260000000000005], [-7.039999999999988, 62.28], [-7.059999999999987, 62.28], [-7.059999999999987, 62.260000000000005]], [[-7.039999999999988, 62.24], [-7.019999999999987, 62.24], [-7.019999999999987, 62.260000000000005], [-7.039999999999988, 62.260000000000005], [-7.039999999999988, 62.24]], [[-7.019999999999987, 62.220000000000006], [-6.999999999999988, 62.220000000000006], [-6.999999999999988, 62.24], [-7.019999999999987, 62.24], [-7.019999999999987, 62.220000000000006]], [[-6.999999999999988, 62.18000000000001], [-6.9599999999999875, 62.18000000000001], [-6.979999999999987, 62.220000000000006], [-6.999999999999988, 62.220000000000006], [-6.999999999999988, 62.18000000000001]], [[-6.799999999999987, 62.18000000000001], [-6.779999999999988, 62.18000000000001], [-6.779999999999988, 62.2], [-6.799999999999987, 62.2], [-6.799999999999987, 62.18000000000001]], [[-6.939999999999987, 62.160000000000004], [-6.9199999999999875, 62.160000000000004], [-6.9199999999999875, 62.18000000000001], [-6.939999999999987, 62.18000000000001], [-6.939999999999987, 62.160000000000004]]]]}, "properties": {"areaKm2": 810, "country": "Faeroe Islands", "nearestPlace": "T\u00f3rshavn (42 km)", "lon": -7.19, "lat": 62.09, "west": -7.42, "south": 61.94, "east": -6.6, "north": 62.34, "otherDirectionPct": 16}}, {"type": "Feature", "geometry": {"type": "Polygon", "coordinates": [[[-176.6, -43.69999999999999], [-176.6, -43.71999999999999], [-176.62, -43.71999999999999], [-176.62, -43.75999999999999], [-176.72, -43.75999999999999], [-176.72, -43.77999999999999], [-176.74, -43.77999999999999], [-176.74, -43.75999999999999], [-176.78, -43.75999999999999], [-176.8, -43.79999999999999], [-176.84, -43.79999999999999], [-176.84, -43.83999999999999], [-176.78, -43.83999999999999], [-176.78, -43.819999999999986], [-176.74, -43.819999999999986], [-176.74, -43.83999999999999], [-176.72, -43.83999999999999], [-176.72, -43.819999999999986], [-176.68, -43.819999999999986], [-176.68, -43.79999999999999], [-176.6, -43.79999999999999], [-176.58, -43.83999999999999], [-176.56, -43.83999999999999], [-176.56, -43.859999999999985], [-176.52, -43.87999999999999], [-176.52, -43.93999999999999], [-176.56, -43.93999999999999], [-176.56, -43.95999999999999], [-176.6, -43.97999999999999], [-176.6, -43.999999999999986], [-176.66, -43.999999999999986], [-176.6, -44.11999999999999], [-176.5, -44.11999999999999], [-176.5, -44.09999999999999], [-176.48, -44.09999999999999], [-176.48, -44.07999999999999], [-176.44, -44.07999999999999], [-176.44, -44.05999999999999], [-176.32, -44.05999999999999], [-176.3, -44.01999999999999], [-176.38, -43.999999999999986], [-176.38, -43.95999999999999], [-176.4, -43.95999999999999], [-176.4, -43.93999999999999], [-176.42000000000002, -43.93999999999999], [-176.42000000000002, -43.95999999999999], [-176.46, -43.95999999999999], [-176.46, -43.89999999999999], [-176.5, -43.87999999999999], [-176.5, -43.83999999999999], [-176.46, -43.83999999999999], [-176.46, -43.819999999999986], [-176.42000000000002, -43.819999999999986], [-176.42000000000002, -43.79999999999999], [-176.52, -43.79999999999999], [-176.54, -43.75999999999999], [-176.36, -43.75999999999999], [-176.36, -43.819999999999986], [-176.4, -43.83999999999999], [-176.4, -43.89999999999999], [-176.38, -43.89999999999999], [-176.38, -43.859999999999985], [-176.34, -43.83999999999999], [-176.34, -43.819999999999986], [-176.32, -43.819999999999986], [-176.3, -43.77999999999999], [-176.28, -43.77999999999999], [-176.28, -43.75999999999999], [-176.20000000000002, -43.75999999999999], [-176.20000000000002, -43.73999999999999], [-176.44, -43.73999999999999], [-176.44, -43.71999999999999], [-176.56, -43.71999999999999], [-176.56, -43.69999999999999], [-176.6, -43.69999999999999]]]}, "properties": {"areaKm2": 746, "country": "New Zealand", "nearestPlace": "Waitangi (20 km)", "lon": -176.49, "lat": -43.92, "west": -176.84, "south": -44.12, "east": -176.2, "north": -43.7, "otherDirectionPct": 0}}, {"type": "Feature", "geometry": {"type": "Polygon", "coordinates": [[[-8.859999999999992, 31.28], [-8.859999999999992, 31.26], [-8.939999999999992, 31.26], [-8.939999999999992, 31.240000000000002], [-9.099999999999993, 31.220000000000002], [-9.099999999999993, 31.200000000000003], [-9.179999999999993, 31.200000000000003], [-9.179999999999993, 31.18], [-9.259999999999993, 31.18], [-9.259999999999993, 31.16], [-9.339999999999993, 31.16], [-9.339999999999993, 31.14], [-9.419999999999993, 31.14], [-9.419999999999993, 31.12], [-9.499999999999993, 31.12], [-9.499999999999993, 31.1], [-9.579999999999993, 31.1], [-9.579999999999993, 31.080000000000002], [-9.659999999999993, 31.080000000000002], [-9.659999999999993, 31.060000000000002], [-9.739999999999993, 31.060000000000002], [-9.739999999999993, 31.040000000000003], [-9.819999999999993, 31.040000000000003], [-9.819999999999993, 30.98], [-9.739999999999993, 30.98], [-9.739999999999993, 31.0], [-9.659999999999993, 31.0], [-9.659999999999993, 31.02], [-9.579999999999993, 31.02], [-9.579999999999993, 31.040000000000003], [-9.499999999999993, 31.040000000000003], [-9.499999999999993, 31.060000000000002], [-9.419999999999993, 31.060000000000002], [-9.419999999999993, 31.080000000000002], [-9.339999999999993, 31.080000000000002], [-9.339999999999993, 31.1], [-9.259999999999993, 31.1], [-9.259999999999993, 31.12], [-9.179999999999993, 31.12], [-9.179999999999993, 31.14], [-9.099999999999993, 31.14], [-9.099999999999993, 31.16], [-9.019999999999992, 31.16], [-9.019999999999992, 31.18], [-8.939999999999992, 31.18], [-8.939999999999992, 31.200000000000003], [-8.859999999999992, 31.200000000000003], [-8.859999999999992, 31.220000000000002], [-8.779999999999994, 31.220000000000002], [-8.779999999999994, 31.240000000000002], [-8.759999999999993, 31.240000000000002], [-8.759999999999993, 31.28], [-8.859999999999992, 31.28]]]}, "properties": {"areaKm2": 670, "country": "Morocco", "nearestPlace": "Agadir (85 km)", "lon": -9.3, "lat": 31.13, "west": -9.82, "south": 30.98, "east": -8.76, "north": 31.28, "otherDirectionPct": 100}}, {"type": "Feature", "geometry": {"type": "Polygon", "coordinates": [[[8.799999999999997, 34.26], [8.799999999999997, 34.239999999999995], [8.719999999999997, 34.239999999999995], [8.719999999999997, 34.22], [8.639999999999997, 34.22], [8.639999999999997, 34.199999999999996], [8.479999999999997, 34.18], [8.479999999999997, 34.16], [8.319999999999997, 34.14], [8.319999999999997, 34.12], [8.159999999999997, 34.1], [8.159999999999997, 34.08], [8.079999999999997, 34.08], [8.079999999999997, 34.059999999999995], [7.9999999999999964, 34.059999999999995], [7.9999999999999964, 34.04], [7.939999999999997, 34.04], [7.939999999999997, 34.019999999999996], [7.859999999999997, 34.019999999999996], [7.859999999999997, 34.0], [7.779999999999997, 34.0], [7.779999999999997, 33.98], [7.699999999999997, 33.98], [7.699999999999997, 33.96], [7.659999999999997, 33.96], [7.659999999999997, 33.919999999999995], [7.739999999999997, 33.919999999999995], [7.739999999999997, 33.94], [7.819999999999997, 33.94], [7.819999999999997, 33.96], [7.899999999999997, 33.96], [7.899999999999997, 33.98], [7.979999999999997, 33.98], [7.979999999999997, 34.0], [8.059999999999997, 34.0], [8.059999999999997, 34.019999999999996], [8.139999999999997, 34.019999999999996], [8.139999999999997, 34.04], [8.219999999999997, 34.04], [8.219999999999997, 34.059999999999995], [8.299999999999997, 34.059999999999995], [8.299999999999997, 34.08], [8.379999999999997, 34.08], [8.379999999999997, 34.1], [8.459999999999997, 34.1], [8.459999999999997, 34.12], [8.539999999999997, 34.12], [8.539999999999997, 34.14], [8.619999999999997, 34.14], [8.619999999999997, 34.16], [8.699999999999996, 34.16], [8.699999999999996, 34.18], [8.779999999999998, 34.18], [8.779999999999998, 34.199999999999996], [8.839999999999996, 34.199999999999996], [8.839999999999996, 34.26], [8.799999999999997, 34.26]]]}, "properties": {"areaKm2": 649, "country": "Tunisia", "nearestPlace": "Tozeur (24 km)", "lon": 8.27, "lat": 34.09, "west": 7.66, "south": 33.92, "east": 8.84, "north": 34.26, "otherDirectionPct": 99}}, {"type": "Feature", "geometry": {"type": "Polygon", "coordinates": [[[-16.28000000000001, 22.060000000000002], [-16.28000000000001, 22.040000000000003], [-16.44000000000001, 22.020000000000003], [-16.44000000000001, 22.000000000000004], [-16.520000000000007, 22.000000000000004], [-16.520000000000007, 21.980000000000004], [-16.60000000000001, 21.980000000000004], [-16.60000000000001, 21.96], [-16.76000000000001, 21.94], [-16.76000000000001, 21.92], [-16.840000000000007, 21.92], [-16.840000000000007, 21.900000000000002], [-16.92000000000001, 21.900000000000002], [-16.960000000000008, 21.820000000000004], [-16.88000000000001, 21.820000000000004], [-16.88000000000001, 21.840000000000003], [-16.78000000000001, 21.840000000000003], [-16.78000000000001, 21.860000000000003], [-16.700000000000006, 21.860000000000003], [-16.700000000000006, 21.880000000000003], [-16.620000000000008, 21.880000000000003], [-16.620000000000008, 21.900000000000002], [-16.540000000000006, 21.900000000000002], [-16.540000000000006, 21.92], [-16.460000000000008, 21.92], [-16.460000000000008, 21.94], [-16.38000000000001, 21.94], [-16.38000000000001, 21.96], [-16.300000000000008, 21.96], [-16.300000000000008, 21.980000000000004], [-16.22000000000001, 21.980000000000004], [-16.22000000000001, 22.000000000000004], [-16.200000000000006, 22.000000000000004], [-16.200000000000006, 22.060000000000002], [-16.28000000000001, 22.060000000000002]]]}, "properties": {"areaKm2": 635, "country": "Morocco", "nearestPlace": "Nouadhibou (131 km)", "lon": -16.53, "lat": 21.95, "west": -16.96, "south": 21.82, "east": -16.2, "north": 22.06, "otherDirectionPct": 81}}, {"type": "Feature", "geometry": {"type": "Polygon", "coordinates": [[[8.319999999999999, 35.42], [8.319999999999999, 35.4], [8.259999999999998, 35.4], [8.259999999999998, 35.38], [8.18, 35.38], [8.18, 35.36], [8.1, 35.36], [8.1, 35.34], [8.02, 35.34], [8.02, 35.32], [7.939999999999999, 35.32], [7.939999999999999, 35.300000000000004], [7.8599999999999985, 35.300000000000004], [7.8599999999999985, 35.28], [7.779999999999999, 35.28], [7.779999999999999, 35.260000000000005], [7.699999999999999, 35.260000000000005], [7.699999999999999, 35.24], [7.619999999999999, 35.24], [7.619999999999999, 35.22], [7.459999999999999, 35.2], [7.459999999999999, 35.18], [7.379999999999999, 35.18], [7.379999999999999, 35.160000000000004], [7.299999999999999, 35.160000000000004], [7.299999999999999, 35.14], [7.219999999999999, 35.14], [7.219999999999999, 35.120000000000005], [7.239999999999998, 35.120000000000005], [7.239999999999998, 35.08], [7.2799999999999985, 35.08], [7.2799999999999985, 35.1], [7.3599999999999985, 35.1], [7.3599999999999985, 35.120000000000005], [7.519999999999999, 35.14], [7.519999999999999, 35.160000000000004], [7.679999999999999, 35.18], [7.679999999999999, 35.2], [7.759999999999999, 35.2], [7.759999999999999, 35.22], [7.839999999999999, 35.22], [7.839999999999999, 35.24], [7.899999999999999, 35.24], [7.899999999999999, 35.260000000000005], [8.059999999999999, 35.28], [8.059999999999999, 35.300000000000004], [8.219999999999999, 35.32], [8.219999999999999, 35.34], [8.299999999999999, 35.34], [8.299999999999999, 35.36], [8.379999999999999, 35.36], [8.379999999999999, 35.42], [8.319999999999999, 35.42]]]}, "properties": {"areaKm2": 619, "country": "Algeria, Tunisia", "nearestPlace": "T\u00e9bessa (40 km)", "lon": 7.8, "lat": 35.25, "west": 7.22, "south": 35.08, "east": 8.38, "north": 35.42, "otherDirectionPct": 90}}, {"type": "Feature", "geometry": {"type": "Polygon", "coordinates": [[[-173.66, 52.16], [-173.66, 52.13999999999999], [-173.74, 52.13999999999999], [-173.74, 52.12], [-173.8, 52.12], [-173.8, 52.099999999999994], [-173.82, 52.099999999999994], [-173.82, 52.12], [-173.9, 52.12], [-173.9, 52.13999999999999], [-173.92000000000002, 52.13999999999999], [-173.92000000000002, 52.12], [-174.02, 52.12], [-174.02, 52.13999999999999], [-174.06, 52.13999999999999], [-174.06, 52.12], [-174.04, 52.12], [-174.04, 52.099999999999994], [-173.96, 52.099999999999994], [-173.96, 52.08], [-173.92000000000002, 52.08], [-173.92000000000002, 52.059999999999995], [-173.86, 52.059999999999995], [-173.86, 52.04], [-173.74, 52.04], [-173.74, 52.059999999999995], [-173.68, 52.059999999999995], [-173.68, 52.04], [-173.52, 52.04], [-173.52, 52.019999999999996], [-173.48, 52.019999999999996], [-173.48, 52.04], [-173.34, 52.04], [-173.34, 52.059999999999995], [-173.24, 52.059999999999995], [-173.24, 52.08], [-173.22, 52.08], [-173.22, 52.059999999999995], [-173.12, 52.059999999999995], [-173.12, 52.08], [-173.06, 52.08], [-173.06, 52.059999999999995], [-173.04, 52.059999999999995], [-173.04, 52.08], [-172.96, 52.08], [-172.96, 52.099999999999994], [-173.12, 52.099999999999994], [-173.12, 52.12], [-173.14000000000001, 52.12], [-173.14000000000001, 52.099999999999994], [-173.24, 52.099999999999994], [-173.24, 52.12], [-173.3, 52.12], [-173.3, 52.099999999999994], [-173.4, 52.099999999999994], [-173.4, 52.12], [-173.54, 52.12], [-173.54, 52.13999999999999], [-173.58, 52.13999999999999], [-173.58, 52.16], [-173.6, 52.16], [-173.6, 52.13999999999999], [-173.62, 52.13999999999999], [-173.62, 52.16], [-173.66, 52.16]]]}, "properties": {"areaKm2": 506, "country": "United States", "nearestPlace": "Atka (83 km)", "lon": -173.46, "lat": 52.09, "west": -174.06, "south": 52.02, "east": -172.96, "north": 52.16, "otherDirectionPct": 100}}, {"type": "Feature", "geometry": {"type": "Polygon", "coordinates": [[[-14.87999999999999, 24.379999999999995], [-14.87999999999999, 24.359999999999996], [-14.97999999999999, 24.359999999999996], [-14.97999999999999, 24.339999999999996], [-15.05999999999999, 24.339999999999996], [-15.05999999999999, 24.319999999999997], [-15.13999999999999, 24.319999999999997], [-15.13999999999999, 24.299999999999997], [-15.21999999999999, 24.299999999999997], [-15.21999999999999, 24.279999999999994], [-15.29999999999999, 24.279999999999994], [-15.29999999999999, 24.259999999999994], [-15.37999999999999, 24.259999999999994], [-15.37999999999999, 24.239999999999995], [-15.43999999999999, 24.239999999999995], [-15.47999999999999, 24.159999999999997], [-15.41999999999999, 24.159999999999997], [-15.41999999999999, 24.179999999999996], [-15.33999999999999, 24.179999999999996], [-15.33999999999999, 24.199999999999996], [-15.25999999999999, 24.199999999999996], [-15.25999999999999, 24.219999999999995], [-15.179999999999989, 24.219999999999995], [-15.179999999999989, 24.239999999999995], [-15.099999999999989, 24.239999999999995], [-15.099999999999989, 24.259999999999994], [-15.019999999999989, 24.259999999999994], [-15.019999999999989, 24.279999999999994], [-14.93999999999999, 24.279999999999994], [-14.93999999999999, 24.299999999999997], [-14.85999999999999, 24.299999999999997], [-14.85999999999999, 24.319999999999997], [-14.81999999999999, 24.319999999999997], [-14.81999999999999, 24.379999999999995], [-14.87999999999999, 24.379999999999995]]]}, "properties": {"areaKm2": 502, "country": "Morocco", "nearestPlace": "Bir Anzarane (82 km)", "lon": -15.16, "lat": 24.27, "west": -15.48, "south": 24.16, "east": -14.82, "north": 24.38, "otherDirectionPct": 75}}, {"type": "Feature", "geometry": {"type": "Polygon", "coordinates": [[[-49.28, 77.5], [-49.28, 77.48], [-48.800000000000004, 77.48], [-48.800000000000004, 77.46], [-48.300000000000004, 77.46], [-48.300000000000004, 77.44], [-47.82, 77.44], [-47.82, 77.42], [-47.32, 77.42], [-47.32, 77.4], [-46.82, 77.4], [-46.82, 77.38], [-46.620000000000005, 77.38], [-46.620000000000005, 77.42], [-46.64, 77.42], [-46.64, 77.46], [-46.660000000000004, 77.46], [-46.660000000000004, 77.5], [-49.28, 77.5]]]}, "properties": {"areaKm2": 457, "country": "Greenland", "nearestPlace": "Uummannaq (915 km)", "lon": -47.47, "lat": 77.45, "west": -49.28, "south": 77.38, "east": -46.62, "north": 77.5, "otherDirectionPct": 88}}, {"type": "Feature", "geometry": {"type": "MultiPolygon", "coordinates": [[[[166.18, -50.64000000000001], [166.18, -50.68000000000001], [166.22, -50.68000000000001], [166.22, -50.70000000000001], [166.16, -50.70000000000001], [166.16, -50.72000000000001], [166.2, -50.72000000000001], [166.18, -50.76000000000001], [166.22, -50.76000000000001], [166.22, -50.80000000000001], [166.26, -50.82000000000001], [166.24, -50.860000000000014], [166.2, -50.860000000000014], [166.2, -50.84000000000001], [166.14, -50.84000000000001], [166.12, -50.80000000000001], [166.07999999999998, -50.82000000000001], [166.07999999999998, -50.76000000000001], [166.04, -50.76000000000001], [166.04, -50.78000000000001], [166.01999999999998, -50.78000000000001], [166.01999999999998, -50.84000000000001], [165.96, -50.84000000000001], [165.96, -50.82000000000001], [165.92, -50.82000000000001], [165.92, -50.84000000000001], [165.9, -50.84000000000001], [165.9, -50.82000000000001], [165.88, -50.82000000000001], [165.88, -50.80000000000001], [165.92, -50.78000000000001], [165.92, -50.76000000000001], [165.94, -50.76000000000001], [165.94, -50.74000000000001], [166.01999999999998, -50.72000000000001], [166.01999999999998, -50.70000000000001], [166.06, -50.70000000000001], [166.07999999999998, -50.66000000000001], [166.1, -50.66000000000001], [166.1, -50.58000000000001], [166.12, -50.58000000000001], [166.12, -50.52000000000001], [166.16, -50.52000000000001], [166.16, -50.54000000000001], [166.24, -50.52000000000001], [166.24, -50.54000000000001], [166.28, -50.54000000000001], [166.28, -50.56000000000001], [166.29999999999998, -50.56000000000001], [166.29999999999998, -50.58000000000001], [166.24, -50.58000000000001], [166.24, -50.60000000000001], [166.18, -50.60000000000001], [166.18, -50.62000000000001], [166.2, -50.62000000000001], [166.2, -50.64000000000001], [166.18, -50.64000000000001]]], [[[166.22, -50.64000000000001], [166.22, -50.66000000000001], [166.2, -50.66000000000001], [166.2, -50.64000000000001], [166.22, -50.64000000000001]]]]}, "properties": {"areaKm2": 430, "country": "New Zealand", "nearestPlace": "Oban (480 km)", "lon": 166.14, "lat": -50.69, "west": 165.88, "south": -50.86, "east": 166.3, "north": -50.52, "otherDirectionPct": 0}}, {"type": "Feature", "geometry": {"type": "Polygon", "coordinates": [[[-15.82000000000001, 20.39999999999999], [-15.82000000000001, 20.379999999999992], [-15.90000000000001, 20.379999999999992], [-15.90000000000001, 20.359999999999992], [-15.98000000000001, 20.359999999999992], [-15.98000000000001, 20.339999999999993], [-16.140000000000008, 20.319999999999993], [-16.140000000000008, 20.29999999999999], [-16.24000000000001, 20.29999999999999], [-16.24000000000001, 20.27999999999999], [-16.22000000000001, 20.27999999999999], [-16.22000000000001, 20.23999999999999], [-16.18000000000001, 20.21999999999999], [-16.18000000000001, 20.23999999999999], [-16.10000000000001, 20.23999999999999], [-16.10000000000001, 20.25999999999999], [-16.00000000000001, 20.25999999999999], [-16.00000000000001, 20.27999999999999], [-15.920000000000009, 20.27999999999999], [-15.920000000000009, 20.29999999999999], [-15.840000000000009, 20.29999999999999], [-15.840000000000009, 20.319999999999993], [-15.760000000000009, 20.319999999999993], [-15.760000000000009, 20.339999999999993], [-15.72000000000001, 20.339999999999993], [-15.72000000000001, 20.39999999999999], [-15.82000000000001, 20.39999999999999]]]}, "properties": {"areaKm2": 423, "country": "Mauritania", "nearestPlace": "Nouadhibou (136 km)", "lon": -15.99, "lat": 20.31, "west": -16.24, "south": 20.22, "east": -15.72, "north": 20.4, "otherDirectionPct": 100}}, {"type": "Feature", "geometry": {"type": "Polygon", "coordinates": [[[73.28000000000002, -52.96000000000001], [73.28000000000002, -52.98000000000001], [73.24000000000001, -52.98000000000001], [73.24000000000001, -53.02000000000001], [73.34, -53.02000000000001], [73.34, -53.040000000000006], [73.36000000000001, -53.040000000000006], [73.36000000000001, -53.080000000000005], [73.38000000000001, -53.080000000000005], [73.38000000000001, -53.120000000000005], [73.42000000000002, -53.14000000000001], [73.44000000000001, -53.18000000000001], [73.48, -53.18000000000001], [73.48, -53.20000000000001], [73.54, -53.20000000000001], [73.54, -53.18000000000001], [73.62, -53.18000000000001], [73.62, -53.16000000000001], [73.66000000000001, -53.16000000000001], [73.66000000000001, -53.14000000000001], [73.76, -53.14000000000001], [73.76, -53.120000000000005], [73.68, -53.10000000000001], [73.68, -53.080000000000005], [73.64000000000001, -53.06000000000001], [73.64000000000001, -53.040000000000006], [73.60000000000001, -53.040000000000006], [73.60000000000001, -53.02000000000001], [73.50000000000001, -53.02000000000001], [73.50000000000001, -53.00000000000001], [73.48, -53.00000000000001], [73.48, -53.02000000000001], [73.42000000000002, -53.02000000000001], [73.42000000000002, -53.00000000000001], [73.38000000000001, -53.00000000000001], [73.38000000000001, -53.02000000000001], [73.36000000000001, -53.02000000000001], [73.34, -52.98000000000001], [73.30000000000001, -52.98000000000001], [73.30000000000001, -52.96000000000001], [73.28000000000002, -52.96000000000001]]]}, "properties": {"areaKm2": 390, "country": "Heard I. and McDonald Islands", "nearestPlace": "Davis Station (1820 km)", "lon": 73.53, "lat": -53.09, "west": 73.24, "south": -53.2, "east": 73.76, "north": -52.96, "otherDirectionPct": 0}}, {"type": "Feature", "geometry": {"type": "MultiPolygon", "coordinates": [[[[-157.5, 1.839999999999992], [-157.5, 1.859999999999992], [-157.48, 1.859999999999992], [-157.48, 1.839999999999992], [-157.5, 1.839999999999992]]], [[[-157.4, 1.919999999999992], [-157.4, 1.899999999999992], [-157.38, 1.899999999999992], [-157.38, 1.919999999999992], [-157.36, 1.919999999999992], [-157.36, 1.959999999999992], [-157.44, 1.979999999999992], [-157.46, 2.019999999999992], [-157.42, 2.019999999999992], [-157.42, 1.999999999999992], [-157.38, 1.999999999999992], [-157.38, 1.979999999999992], [-157.32, 1.979999999999992], [-157.32, 1.939999999999992], [-157.34, 1.939999999999992], [-157.34, 1.839999999999992], [-157.32, 1.839999999999992], [-157.32, 1.819999999999992], [-157.28, 1.819999999999992], [-157.28, 1.799999999999992], [-157.24, 1.799999999999992], [-157.22, 1.759999999999992], [-157.18, 1.759999999999992], [-157.18, 1.719999999999992], [-157.22, 1.719999999999992], [-157.22, 1.699999999999992], [-157.24, 1.699999999999992], [-157.24, 1.719999999999992], [-157.28, 1.739999999999992], [-157.28, 1.759999999999992], [-157.38, 1.759999999999992], [-157.38, 1.779999999999992], [-157.42, 1.779999999999992], [-157.42, 1.799999999999992], [-157.46, 1.799999999999992], [-157.48, 1.839999999999992], [-157.44, 1.839999999999992], [-157.46, 1.8799999999999921], [-157.42, 1.8799999999999921], [-157.42, 1.919999999999992], [-157.4, 1.919999999999992]], [[-157.42, 1.859999999999992], [-157.4, 1.859999999999992], [-157.4, 1.8799999999999921], [-157.42, 1.8799999999999921], [-157.42, 1.859999999999992]]], [[[-157.48, 1.999999999999992], [-157.5, 1.999999999999992], [-157.5, 2.039999999999992], [-157.46, 2.039999999999992], [-157.48, 1.999999999999992]]]]}, "properties": {"areaKm2": 381, "country": "Kiribati", "nearestPlace": "Kailua-Kona (1986 km)", "lon": -157.39, "lat": 1.85, "west": -157.5, "south": 1.7, "east": -157.18, "north": 2.04, "otherDirectionPct": 0}}, {"type": "Feature", "geometry": {"type": "Polygon", "coordinates": [[[-45.24000000000001, 77.5], [-45.24000000000001, 77.44], [-45.220000000000006, 77.44], [-45.220000000000006, 77.38], [-45.20000000000001, 77.38], [-45.20000000000001, 77.32], [-44.86000000000001, 77.32], [-44.86000000000001, 77.3], [-44.46000000000001, 77.3], [-44.46000000000001, 77.34], [-44.48000000000001, 77.34], [-44.48000000000001, 77.46], [-44.50000000000001, 77.46], [-44.50000000000001, 77.5], [-45.24000000000001, 77.5]]]}, "properties": {"areaKm2": 380, "country": "Greenland", "nearestPlace": "Uummannaq (1103 km)", "lon": -44.85, "lat": 77.41, "west": -45.24, "south": 77.3, "east": -44.46, "north": 77.5, "otherDirectionPct": 29}}, {"type": "Feature", "geometry": {"type": "Polygon", "coordinates": [[[148.67999999999998, 45.519999999999996], [148.67999999999998, 45.49999999999999], [148.61999999999998, 45.49999999999999], [148.6, 45.459999999999994], [148.57999999999998, 45.459999999999994], [148.57999999999998, 45.44], [148.6, 45.44], [148.6, 45.4], [148.61999999999998, 45.4], [148.61999999999998, 45.36], [148.64, 45.36], [148.64, 45.31999999999999], [148.79999999999998, 45.31999999999999], [148.79999999999998, 45.339999999999996], [148.83999999999997, 45.339999999999996], [148.83999999999997, 45.379999999999995], [148.79999999999998, 45.4], [148.79999999999998, 45.44], [148.83999999999997, 45.44], [148.85999999999999, 45.48], [148.83999999999997, 45.48], [148.82, 45.519999999999996], [148.67999999999998, 45.519999999999996]]]}, "properties": {"areaKm2": 358, "country": "Russian Federation", "nearestPlace": "Kushiro (553 km)", "lon": 148.7, "lat": 45.42, "west": 148.58, "south": 45.32, "east": 148.86, "north": 45.52, "otherDirectionPct": 100}}, {"type": "Feature", "geometry": {"type": "Polygon", "coordinates": [[[-28.519999999999992, 38.56], [-28.519999999999992, 38.54], [-28.539999999999992, 38.54], [-28.539999999999992, 38.46], [-28.499999999999993, 38.440000000000005], [-28.499999999999993, 38.42], [-28.459999999999994, 38.42], [-28.459999999999994, 38.400000000000006], [-28.43999999999999, 38.400000000000006], [-28.43999999999999, 38.42], [-28.299999999999994, 38.42], [-28.299999999999994, 38.400000000000006], [-28.25999999999999, 38.400000000000006], [-28.25999999999999, 38.38], [-28.23999999999999, 38.38], [-28.23999999999999, 38.42], [-28.25999999999999, 38.42], [-28.25999999999999, 38.480000000000004], [-28.299999999999994, 38.5], [-28.299999999999994, 38.52], [-28.379999999999992, 38.54], [-28.379999999999992, 38.56], [-28.519999999999992, 38.56]]]}, "properties": {"areaKm2": 334, "country": "Portugal", "nearestPlace": "Horta (28 km)", "lon": -28.4, "lat": 38.47, "west": -28.54, "south": 38.38, "east": -28.24, "north": 38.56, "otherDirectionPct": 100}}, {"type": "Feature", "geometry": {"type": "MultiPolygon", "coordinates": [[[[-66.88, -28.060000000000006], [-66.88, -28.040000000000006], [-66.8, -28.040000000000006], [-66.8, -28.060000000000006], [-66.88, -28.060000000000006]]], [[[-66.8, -28.020000000000007], [-66.67999999999999, -28.020000000000007], [-66.67999999999999, -28.040000000000006], [-66.8, -28.040000000000006], [-66.8, -28.020000000000007]]], [[[-66.56, -27.980000000000008], [-66.44, -27.980000000000008], [-66.44, -27.960000000000008], [-66.3, -27.960000000000008], [-66.3, -27.980000000000008], [-66.42, -27.980000000000008], [-66.42, -28.000000000000007], [-66.53999999999999, -28.000000000000007], [-66.53999999999999, -28.020000000000007], [-66.67999999999999, -28.020000000000007], [-66.67999999999999, -28.000000000000007], [-66.56, -28.000000000000007], [-66.56, -27.980000000000008]]], [[[-66.3, -27.94000000000001], [-66.17999999999999, -27.94000000000001], [-66.17999999999999, -27.960000000000008], [-66.3, -27.960000000000008], [-66.3, -27.94000000000001]]], [[[-66.06, -27.94000000000001], [-66.17999999999999, -27.94000000000001], [-66.17999999999999, -27.92000000000001], [-66.06, -27.92000000000001], [-66.06, -27.94000000000001]]], [[[-65.67999999999999, -27.880000000000006], [-65.92, -27.900000000000006], [-65.92, -27.92000000000001], [-66.06, -27.92000000000001], [-66.06, -27.900000000000006], [-65.94, -27.900000000000006], [-65.94, -27.880000000000006], [-65.69999999999999, -27.860000000000007], [-65.69999999999999, -27.840000000000007], [-65.56, -27.840000000000007], [-65.56, -27.860000000000007], [-65.67999999999999, -27.860000000000007], [-65.67999999999999, -27.880000000000006]]], [[[-65.53999999999999, -27.840000000000007], [-65.56, -27.840000000000007], [-65.56, -27.820000000000007], [-65.53999999999999, -27.820000000000007], [-65.53999999999999, -27.840000000000007]]]]}, "properties": {"areaKm2": 315, "country": "Argentina", "nearestPlace": "Belen (71 km)", "lon": -66.49, "lat": -27.99, "west": -66.88, "south": -28.06, "east": -65.54, "north": -27.82, "otherDirectionPct": 100}}, {"type": "Feature", "geometry": {"type": "Polygon", "coordinates": [[[-177.2, 51.94], [-177.2, 51.839999999999996], [-177.24, 51.82], [-177.24, 51.8], [-177.28, 51.8], [-177.28, 51.78], [-177.35999999999999, 51.78], [-177.35999999999999, 51.76], [-177.44, 51.76], [-177.44, 51.739999999999995], [-177.42, 51.739999999999995], [-177.42, 51.72], [-177.34, 51.72], [-177.34, 51.699999999999996], [-177.3, 51.699999999999996], [-177.3, 51.68], [-177.24, 51.68], [-177.24, 51.699999999999996], [-177.14, 51.699999999999996], [-177.14, 51.839999999999996], [-177.06, 51.86], [-177.06, 51.919999999999995], [-177.1, 51.919999999999995], [-177.1, 51.94], [-177.2, 51.94]]]}, "properties": {"areaKm2": 307, "country": "United States", "nearestPlace": "Atka (336 km)", "lon": -177.19, "lat": 51.81, "west": -177.44, "south": 51.68, "east": -177.06, "north": 51.94, "otherDirectionPct": 100}}, {"type": "Feature", "geometry": {"type": "Polygon", "coordinates": [[[-25.259999999999984, 17.14], [-25.279999999999987, 17.1], [-25.339999999999986, 17.1], [-25.339999999999986, 17.080000000000002], [-25.359999999999985, 17.080000000000002], [-25.359999999999985, 17.04], [-25.319999999999986, 17.04], [-25.319999999999986, 16.92], [-25.179999999999986, 16.92], [-25.179999999999986, 16.98], [-25.199999999999985, 16.98], [-25.199999999999985, 17.060000000000002], [-25.219999999999985, 17.060000000000002], [-25.219999999999985, 17.12], [-25.259999999999984, 17.14]]]}, "properties": {"areaKm2": 303, "country": "Republic of Cabo Verde", "nearestPlace": "Mindelo (32 km)", "lon": -25.26, "lat": 17.01, "west": -25.36, "south": 16.92, "east": -25.18, "north": 17.14, "otherDirectionPct": 0}}, {"type": "Feature", "geometry": {"type": "Polygon", "coordinates": [[[37.66000000000001, -46.81999999999999], [37.66000000000001, -46.839999999999996], [37.62000000000001, -46.85999999999999], [37.600000000000016, -46.89999999999999], [37.58000000000001, -46.89999999999999], [37.58000000000001, -46.93999999999999], [37.600000000000016, -46.93999999999999], [37.600000000000016, -46.959999999999994], [37.84000000000001, -46.959999999999994], [37.84000000000001, -46.93999999999999], [37.88000000000001, -46.93999999999999], [37.88000000000001, -46.89999999999999], [37.90000000000001, -46.89999999999999], [37.90000000000001, -46.879999999999995], [37.860000000000014, -46.879999999999995], [37.860000000000014, -46.85999999999999], [37.820000000000014, -46.85999999999999], [37.820000000000014, -46.839999999999996], [37.76000000000001, -46.839999999999996], [37.76000000000001, -46.81999999999999], [37.66000000000001, -46.81999999999999]]]}, "properties": {"areaKm2": 281, "country": "South Africa", "nearestPlace": "East London (1900 km)", "lon": 37.75, "lat": -46.89, "west": 37.58, "south": -46.96, "east": 37.9, "north": -46.82, "otherDirectionPct": 0}}, {"type": "Feature", "geometry": {"type": "Polygon", "coordinates": [[[-89.36, -0.6800000000000068], [-89.36, -0.7000000000000068], [-89.4, -0.7000000000000068], [-89.4, -0.7200000000000069], [-89.42, -0.7200000000000069], [-89.42, -0.7800000000000068], [-89.4, -0.7800000000000068], [-89.4, -0.8800000000000068], [-89.38, -0.8800000000000068], [-89.38, -0.8400000000000069], [-89.36, -0.8400000000000069], [-89.36, -0.8200000000000068], [-89.32000000000001, -0.8200000000000068], [-89.32000000000001, -0.8000000000000068], [-89.3, -0.8000000000000068], [-89.3, -0.7800000000000068], [-89.26, -0.7600000000000068], [-89.26, -0.6800000000000068], [-89.28, -0.6800000000000068], [-89.28, -0.7000000000000068], [-89.3, -0.7000000000000068], [-89.3, -0.6800000000000068], [-89.36, -0.6800000000000068]]]}, "properties": {"areaKm2": 233, "country": "Ecuador", "nearestPlace": "Puerto Baquerizo Moreno (31 km)", "lon": -89.35, "lat": -0.77, "west": -89.42, "south": -0.88, "east": -89.26, "north": -0.68, "otherDirectionPct": 100}}, {"type": "Feature", "geometry": {"type": "Polygon", "coordinates": [[[-169.9, -18.960000000000008], [-169.9, -19.000000000000007], [-169.94, -19.000000000000007], [-169.94, -19.020000000000007], [-169.92, -19.020000000000007], [-169.92, -19.040000000000006], [-169.94, -19.040000000000006], [-169.94, -19.10000000000001], [-169.92, -19.10000000000001], [-169.9, -19.140000000000008], [-169.88, -19.140000000000008], [-169.88, -19.120000000000008], [-169.84, -19.120000000000008], [-169.82, -19.08000000000001], [-169.78, -19.08000000000001], [-169.78, -19.06000000000001], [-169.8, -19.06000000000001], [-169.8, -19.000000000000007], [-169.82, -19.000000000000007], [-169.82, -18.960000000000008], [-169.9, -18.960000000000008]]]}, "properties": {"areaKm2": 220, "country": "Niue", "nearestPlace": "Alofi (5 km)", "lon": -169.87, "lat": -19.05, "west": -169.94, "south": -19.14, "east": -169.78, "north": -18.96, "otherDirectionPct": 0}}, {"type": "Feature", "geometry": {"type": "Polygon", "coordinates": [[[-82.99999999999999, 9.86], [-82.99999999999999, 9.84], [-83.08, 9.84], [-83.08, 9.82], [-83.16, 9.82], [-83.16, 9.799999999999999], [-83.24, 9.799999999999999], [-83.24, 9.78], [-83.33999999999999, 9.78], [-83.33999999999999, 9.76], [-83.39999999999999, 9.76], [-83.39999999999999, 9.719999999999999], [-83.33999999999999, 9.719999999999999], [-83.33999999999999, 9.74], [-83.25999999999999, 9.74], [-83.25999999999999, 9.76], [-83.17999999999999, 9.76], [-83.17999999999999, 9.78], [-83.1, 9.78], [-83.1, 9.799999999999999], [-82.99999999999999, 9.799999999999999], [-82.99999999999999, 9.82], [-82.91999999999999, 9.82], [-82.91999999999999, 9.86], [-82.99999999999999, 9.86]]]}, "properties": {"areaKm2": 220, "country": "Costa Rica", "nearestPlace": "Lim\u00f3n (28 km)", "lon": -83.17, "lat": 9.79, "west": -83.4, "south": 9.72, "east": -82.92, "north": 9.86, "otherDirectionPct": 100}}, {"type": "Feature", "geometry": {"type": "Polygon", "coordinates": [[[2.4800000000000115, 43.64], [2.4800000000000115, 43.62], [2.4000000000000115, 43.62], [2.4000000000000115, 43.6], [2.3200000000000114, 43.6], [2.3200000000000114, 43.58], [2.1600000000000112, 43.56], [2.1600000000000112, 43.54], [2.0000000000000115, 43.52], [2.0000000000000115, 43.5], [1.8400000000000114, 43.480000000000004], [1.8400000000000114, 43.46], [1.8000000000000114, 43.46], [1.8000000000000114, 43.42], [1.8200000000000114, 43.42], [1.8200000000000114, 43.44], [1.9000000000000115, 43.44], [1.9000000000000115, 43.46], [1.9800000000000113, 43.46], [1.9800000000000113, 43.480000000000004], [2.060000000000011, 43.480000000000004], [2.060000000000011, 43.5], [2.1400000000000112, 43.5], [2.1400000000000112, 43.52], [2.2000000000000113, 43.52], [2.2000000000000113, 43.54], [2.2800000000000114, 43.54], [2.2800000000000114, 43.56], [2.3600000000000114, 43.56], [2.3600000000000114, 43.58], [2.4400000000000115, 43.58], [2.4400000000000115, 43.6], [2.520000000000011, 43.6], [2.5000000000000115, 43.64], [2.4800000000000115, 43.64]]]}, "properties": {"areaKm2": 208, "country": "France", "nearestPlace": "Toulouse (78 km)", "lon": 2.14, "lat": 43.53, "west": 1.8, "south": 43.42, "east": 2.52, "north": 43.64, "otherDirectionPct": 100}}, {"type": "Feature", "geometry": {"type": "Polygon", "coordinates": [[[-172.46, 52.4], [-172.46, 52.379999999999995], [-172.5, 52.379999999999995], [-172.5, 52.36], [-172.56, 52.36], [-172.56, 52.339999999999996], [-172.58, 52.339999999999996], [-172.6, 52.3], [-172.62, 52.3], [-172.62, 52.26], [-172.54, 52.24], [-172.54, 52.26], [-172.48000000000002, 52.26], [-172.48000000000002, 52.28], [-172.4, 52.28], [-172.4, 52.3], [-172.32, 52.3], [-172.32, 52.32], [-172.3, 52.32], [-172.32, 52.36], [-172.38, 52.36], [-172.38, 52.379999999999995], [-172.46, 52.4]]]}, "properties": {"areaKm2": 206, "country": "United States", "nearestPlace": "Atka (197 km)", "lon": -172.44, "lat": 52.33, "west": -172.62, "south": 52.24, "east": -172.3, "north": 52.4, "otherDirectionPct": 100}}, {"type": "Feature", "geometry": {"type": "Polygon", "coordinates": [[[-1.1000000000000068, 60.739999999999995], [-1.1000000000000068, 60.71999999999999], [-1.1200000000000068, 60.71999999999999], [-1.1200000000000068, 60.62], [-1.1400000000000068, 60.62], [-1.1400000000000068, 60.63999999999999], [-1.1800000000000068, 60.63999999999999], [-1.1800000000000068, 60.53999999999999], [-1.1600000000000068, 60.53999999999999], [-1.1600000000000068, 60.49999999999999], [-1.020000000000007, 60.49999999999999], [-1.020000000000007, 60.53999999999999], [-1.0400000000000067, 60.53999999999999], [-1.0400000000000067, 60.559999999999995], [-1.020000000000007, 60.559999999999995], [-1.020000000000007, 60.63999999999999], [-0.9800000000000069, 60.63999999999999], [-0.9800000000000069, 60.66], [-1.0000000000000069, 60.66], [-1.0000000000000069, 60.739999999999995], [-1.0600000000000067, 60.739999999999995], [-1.0600000000000067, 60.71999999999999], [-1.1000000000000068, 60.739999999999995]], [[-1.0400000000000067, 60.66], [-1.020000000000007, 60.66], [-1.020000000000007, 60.63999999999999], [-1.0400000000000067, 60.63999999999999], [-1.0400000000000067, 60.66]]]}, "properties": {"areaKm2": 195, "country": "United Kingdom", "nearestPlace": "Lerwick (49 km)", "lon": -1.1, "lat": 60.59, "west": -1.18, "south": 60.5, "east": -0.98, "north": 60.74, "otherDirectionPct": 100}}, {"type": "Feature", "geometry": {"type": "Polygon", "coordinates": [[[105.7, 3.039999999999992], [105.68, 2.999999999999992], [105.72000000000001, 2.999999999999992], [105.72000000000001, 2.939999999999992], [105.7, 2.939999999999992], [105.7, 2.839999999999992], [105.76, 2.839999999999992], [105.74000000000001, 2.879999999999992], [105.76, 2.879999999999992], [105.76, 2.899999999999992], [105.82000000000001, 2.899999999999992], [105.82000000000001, 2.959999999999992], [105.84, 2.959999999999992], [105.84, 2.999999999999992], [105.80000000000001, 2.999999999999992], [105.80000000000001, 2.979999999999992], [105.74000000000001, 2.979999999999992], [105.74000000000001, 3.039999999999992], [105.7, 3.039999999999992]]]}, "properties": {"areaKm2": 193, "country": "Indonesia", "nearestPlace": "Tanjungpinang (269 km)", "lon": 105.77, "lat": 2.95, "west": 105.68, "south": 2.84, "east": 105.84, "north": 3.04, "otherDirectionPct": 0}}, {"type": "Feature", "geometry": {"type": "Polygon", "coordinates": [[[-31.26, 39.519999999999996], [-31.26, 39.459999999999994], [-31.28, 39.459999999999994], [-31.28, 39.36], [-31.16, 39.36], [-31.16, 39.379999999999995], [-31.14, 39.379999999999995], [-31.14, 39.49999999999999], [-31.26, 39.519999999999996]]]}, "properties": {"areaKm2": 188, "country": "Portugal", "nearestPlace": "Horta (302 km)", "lon": -31.21, "lat": 39.42, "west": -31.28, "south": 39.36, "east": -31.14, "north": 39.52, "otherDirectionPct": 0}}, {"type": "Feature", "geometry": {"type": "Polygon", "coordinates": [[[-28.740000000000002, 38.64], [-28.760000000000005, 38.6], [-28.840000000000003, 38.6], [-28.840000000000003, 38.58], [-28.800000000000004, 38.58], [-28.780000000000005, 38.54], [-28.760000000000005, 38.54], [-28.760000000000005, 38.52], [-28.640000000000004, 38.52], [-28.640000000000004, 38.54], [-28.600000000000005, 38.54], [-28.600000000000005, 38.6], [-28.620000000000005, 38.6], [-28.620000000000005, 38.62], [-28.740000000000002, 38.64]]]}, "properties": {"areaKm2": 182, "country": "Portugal", "nearestPlace": "Horta (10 km)", "lon": -28.72, "lat": 38.59, "west": -28.84, "south": 38.52, "east": -28.6, "north": 38.64, "otherDirectionPct": 100}}, {"type": "Feature", "geometry": {"type": "Polygon", "coordinates": [[[-109.39999999999999, -27.060000000000002], [-109.39999999999999, -27.080000000000002], [-109.41999999999999, -27.080000000000002], [-109.41999999999999, -27.12], [-109.44, -27.12], [-109.44, -27.180000000000003], [-109.46, -27.180000000000003], [-109.46, -27.200000000000003], [-109.41999999999999, -27.200000000000003], [-109.41999999999999, -27.180000000000003], [-109.36, -27.180000000000003], [-109.36, -27.160000000000004], [-109.32, -27.160000000000004], [-109.32, -27.14], [-109.24, -27.14], [-109.24, -27.12], [-109.22, -27.12], [-109.22, -27.1], [-109.3, -27.1], [-109.3, -27.080000000000002], [-109.33999999999999, -27.080000000000002], [-109.33999999999999, -27.060000000000002], [-109.39999999999999, -27.060000000000002]]]}, "properties": {"areaKm2": 181, "country": "Chile", "nearestPlace": "Puerto Villamil (3559 km)", "lon": -109.34, "lat": -27.13, "west": -109.46, "south": -27.2, "east": -109.22, "north": -27.06, "otherDirectionPct": 0}}, {"type": "Feature", "geometry": {"type": "Polygon", "coordinates": [[[-170.70000000000002, 52.699999999999996], [-170.70000000000002, 52.67999999999999], [-170.74, 52.67999999999999], [-170.76, 52.63999999999999], [-170.8, 52.63999999999999], [-170.82, 52.599999999999994], [-170.84, 52.599999999999994], [-170.84, 52.559999999999995], [-170.82, 52.559999999999995], [-170.82, 52.54], [-170.78, 52.54], [-170.78, 52.559999999999995], [-170.76, 52.559999999999995], [-170.76, 52.58], [-170.72, 52.58], [-170.72, 52.599999999999994], [-170.64000000000001, 52.58], [-170.64000000000001, 52.599999999999994], [-170.6, 52.599999999999994], [-170.58, 52.63999999999999], [-170.56, 52.63999999999999], [-170.56, 52.67999999999999], [-170.62, 52.67999999999999], [-170.62, 52.699999999999996], [-170.70000000000002, 52.699999999999996]]]}, "properties": {"areaKm2": 178, "country": "United States", "nearestPlace": "Nikolski (206 km)", "lon": -170.69, "lat": 52.63, "west": -170.84, "south": 52.54, "east": -170.56, "north": 52.7, "otherDirectionPct": 100}}, {"type": "Feature", "geometry": {"type": "Polygon", "coordinates": [[[-111.02, 18.86], [-111.02, 18.84], [-111.06, 18.82], [-111.06, 18.759999999999998], [-111.02, 18.759999999999998], [-111.0, 18.72], [-110.92, 18.72], [-110.92, 18.8], [-110.94, 18.8], [-110.94, 18.84], [-110.96000000000001, 18.84], [-110.96000000000001, 18.86], [-111.02, 18.86]]]}, "properties": {"areaKm2": 174, "country": "Mexico", "nearestPlace": "Cabo San Lucas (474 km)", "lon": -110.99, "lat": 18.78, "west": -111.06, "south": 18.72, "east": -110.92, "north": 18.86, "otherDirectionPct": 0}}, {"type": "Feature", "geometry": {"type": "Polygon", "coordinates": [[[-169.88000000000002, 52.88], [-169.88000000000002, 52.86], [-169.98000000000002, 52.86], [-169.98000000000002, 52.84], [-170.02, 52.84], [-170.02, 52.82], [-170.0, 52.82], [-170.0, 52.800000000000004], [-169.9, 52.800000000000004], [-169.9, 52.82], [-169.82000000000002, 52.82], [-169.82000000000002, 52.800000000000004], [-169.76000000000002, 52.800000000000004], [-169.76000000000002, 52.78], [-169.72, 52.78], [-169.72, 52.800000000000004], [-169.70000000000002, 52.800000000000004], [-169.70000000000002, 52.84], [-169.68, 52.84], [-169.70000000000002, 52.88], [-169.88000000000002, 52.88]]]}, "properties": {"areaKm2": 159, "country": "United States", "nearestPlace": "Nikolski (111 km)", "lon": -169.86, "lat": 52.83, "west": -170.02, "south": 52.78, "east": -169.68, "north": 52.88, "otherDirectionPct": 100}}, {"type": "Feature", "geometry": {"type": "MultiPolygon", "coordinates": [[[[-6.680000000000008, 61.46], [-6.680000000000008, 61.44], [-6.640000000000008, 61.42], [-6.640000000000008, 61.4], [-6.700000000000008, 61.4], [-6.700000000000008, 61.42], [-6.740000000000008, 61.42], [-6.740000000000008, 61.46], [-6.680000000000008, 61.46]]], [[[-6.780000000000008, 61.44], [-6.780000000000008, 61.46], [-6.760000000000008, 61.46], [-6.760000000000008, 61.44], [-6.780000000000008, 61.44]]], [[[-6.820000000000008, 61.480000000000004], [-6.860000000000008, 61.480000000000004], [-6.860000000000008, 61.52], [-6.880000000000008, 61.52], [-6.900000000000008, 61.56], [-6.940000000000008, 61.58], [-6.940000000000008, 61.6], [-6.960000000000008, 61.6], [-6.940000000000008, 61.64], [-6.900000000000008, 61.64], [-6.900000000000008, 61.6], [-6.800000000000008, 61.6], [-6.800000000000008, 61.58], [-6.720000000000008, 61.58], [-6.720000000000008, 61.54], [-6.760000000000008, 61.54], [-6.760000000000008, 61.52], [-6.700000000000008, 61.52], [-6.700000000000008, 61.5], [-6.680000000000008, 61.5], [-6.680000000000008, 61.480000000000004], [-6.740000000000008, 61.480000000000004], [-6.740000000000008, 61.46], [-6.760000000000008, 61.46], [-6.760000000000008, 61.480000000000004], [-6.780000000000008, 61.480000000000004], [-6.780000000000008, 61.46], [-6.820000000000008, 61.46], [-6.820000000000008, 61.480000000000004]], [[-6.760000000000008, 61.56], [-6.780000000000008, 61.56], [-6.780000000000008, 61.54], [-6.760000000000008, 61.54], [-6.760000000000008, 61.56]]]]}, "properties": {"areaKm2": 158, "country": "Faeroe Islands", "nearestPlace": "T\u00f3rshavn (53 km)", "lon": -6.84, "lat": 61.55, "west": -6.96, "south": 61.4, "east": -6.64, "north": 61.64, "otherDirectionPct": 100}}, {"type": "Feature", "geometry": {"type": "MultiPolygon", "coordinates": [[[[-6.540000000000007, 62.26], [-6.540000000000007, 62.3], [-6.560000000000007, 62.3], [-6.560000000000007, 62.339999999999996], [-6.580000000000007, 62.339999999999996], [-6.580000000000007, 62.36], [-6.540000000000007, 62.36], [-6.540000000000007, 62.339999999999996], [-6.500000000000007, 62.32], [-6.480000000000007, 62.28], [-6.420000000000007, 62.28], [-6.420000000000007, 62.26], [-6.400000000000007, 62.26], [-6.400000000000007, 62.24], [-6.460000000000007, 62.24], [-6.460000000000007, 62.22], [-6.420000000000007, 62.22], [-6.420000000000007, 62.18], [-6.480000000000007, 62.18], [-6.500000000000007, 62.22], [-6.520000000000007, 62.22], [-6.520000000000007, 62.18], [-6.540000000000007, 62.18], [-6.560000000000007, 62.22], [-6.580000000000007, 62.22], [-6.580000000000007, 62.26], [-6.540000000000007, 62.26]], [[-6.500000000000007, 62.24], [-6.480000000000007, 62.24], [-6.480000000000007, 62.26], [-6.500000000000007, 62.26], [-6.500000000000007, 62.24]]], [[[-6.660000000000007, 62.36], [-6.640000000000007, 62.36], [-6.640000000000007, 62.339999999999996], [-6.620000000000007, 62.339999999999996], [-6.600000000000007, 62.3], [-6.580000000000007, 62.3], [-6.580000000000007, 62.26], [-6.620000000000007, 62.26], [-6.620000000000007, 62.28], [-6.640000000000007, 62.28], [-6.660000000000007, 62.32], [-6.680000000000007, 62.32], [-6.680000000000007, 62.379999999999995], [-6.660000000000007, 62.379999999999995], [-6.660000000000007, 62.36]]], [[[-6.500000000000007, 62.36], [-6.480000000000007, 62.36], [-6.460000000000007, 62.32], [-6.400000000000007, 62.32], [-6.400000000000007, 62.3], [-6.480000000000007, 62.3], [-6.480000000000007, 62.32], [-6.500000000000007, 62.32], [-6.520000000000007, 62.36], [-6.560000000000007, 62.379999999999995], [-6.560000000000007, 62.4], [-6.500000000000007, 62.4], [-6.500000000000007, 62.36]]]]}, "properties": {"areaKm2": 154, "country": "Faeroe Islands", "nearestPlace": "Klaksv\u00edk (8 km)", "lon": -6.48, "lat": 62.27, "west": -6.68, "south": 62.18, "east": -6.4, "north": 62.4, "otherDirectionPct": 69}}, {"type": "Feature", "geometry": {"type": "Polygon", "coordinates": [[[-176.11999999999998, 52.12], [-176.11999999999998, 52.099999999999994], [-176.17999999999998, 52.099999999999994], [-176.17999999999998, 52.059999999999995], [-176.2, 52.059999999999995], [-176.2, 52.04], [-176.17999999999998, 52.04], [-176.17999999999998, 52.0], [-176.11999999999998, 52.0], [-176.11999999999998, 51.98], [-176.06, 51.98], [-176.06, 51.96], [-176.01999999999998, 51.96], [-176.01999999999998, 52.0], [-176.04, 52.0], [-176.04, 52.019999999999996], [-176.0, 52.019999999999996], [-176.0, 52.08], [-176.04, 52.08], [-176.04, 52.099999999999994], [-176.1, 52.099999999999994], [-176.1, 52.12], [-176.11999999999998, 52.12]]]}, "properties": {"areaKm2": 152, "country": "United States", "nearestPlace": "Atka (212 km)", "lon": -176.1, "lat": 52.05, "west": -176.2, "south": 51.96, "east": -176.0, "north": 52.12, "otherDirectionPct": 100}}, {"type": "Feature", "geometry": {"type": "Polygon", "coordinates": [[[50.160000000000004, 8.399999999999991], [50.160000000000004, 8.379999999999992], [50.080000000000005, 8.379999999999992], [50.080000000000005, 8.359999999999992], [50.06, 8.359999999999992], [50.06, 8.339999999999991], [50.080000000000005, 8.339999999999991], [50.080000000000005, 8.259999999999991], [50.1, 8.259999999999991], [50.1, 8.199999999999992], [50.120000000000005, 8.199999999999992], [50.120000000000005, 8.259999999999991], [50.14, 8.259999999999991], [50.14, 8.299999999999992], [50.160000000000004, 8.299999999999992], [50.160000000000004, 8.339999999999991], [50.2, 8.359999999999992], [50.2, 8.399999999999991], [50.160000000000004, 8.399999999999991]]]}, "properties": {"areaKm2": 152, "country": "Somalia", "nearestPlace": "Eyl (49 km)", "lon": 50.12, "lat": 8.32, "west": 50.06, "south": 8.2, "east": 50.2, "north": 8.4, "otherDirectionPct": 100}}, {"type": "Feature", "geometry": {"type": "Polygon", "coordinates": [[[169.17999999999998, -52.46000000000001], [169.17999999999998, -52.48000000000001], [169.14, -52.48000000000001], [169.14, -52.50000000000001], [169.11999999999998, -52.50000000000001], [169.11999999999998, -52.540000000000006], [169.01999999999998, -52.540000000000006], [169.01999999999998, -52.56000000000001], [169.07999999999998, -52.56000000000001], [169.07999999999998, -52.580000000000005], [169.11999999999998, -52.580000000000005], [169.11999999999998, -52.60000000000001], [169.21999999999997, -52.60000000000001], [169.21999999999997, -52.580000000000005], [169.26, -52.56000000000001], [169.26, -52.52000000000001], [169.27999999999997, -52.52000000000001], [169.27999999999997, -52.50000000000001], [169.23999999999998, -52.50000000000001], [169.23999999999998, -52.48000000000001], [169.2, -52.48000000000001], [169.2, -52.46000000000001], [169.17999999999998, -52.46000000000001]]]}, "properties": {"areaKm2": 139, "country": "New Zealand", "nearestPlace": "Oban (638 km)", "lon": 169.19, "lat": -52.53, "west": 169.02, "south": -52.6, "east": 169.28, "north": -52.46, "otherDirectionPct": 0}}, {"type": "Feature", "geometry": {"type": "Polygon", "coordinates": [[[51.739999999999995, -46.31999999999999], [51.739999999999995, -46.339999999999996], [51.66, -46.35999999999999], [51.66, -46.39999999999999], [51.68, -46.39999999999999], [51.699999999999996, -46.43999999999999], [51.739999999999995, -46.43999999999999], [51.739999999999995, -46.459999999999994], [51.76, -46.459999999999994], [51.76, -46.43999999999999], [51.839999999999996, -46.43999999999999], [51.839999999999996, -46.419999999999995], [51.86, -46.419999999999995], [51.86, -46.379999999999995], [51.8, -46.379999999999995], [51.8, -46.35999999999999], [51.779999999999994, -46.35999999999999], [51.76, -46.31999999999999], [51.739999999999995, -46.31999999999999]]]}, "properties": {"areaKm2": 133, "country": "French Southern and Antarctic Lands", "nearestPlace": "T\u00f4lanaro (2437 km)", "lon": 51.76, "lat": -46.39, "west": 51.66, "south": -46.46, "east": 51.86, "north": -46.32, "otherDirectionPct": 0}}, {"type": "Feature", "geometry": {"type": "Polygon", "coordinates": [[[-5.7200000000000015, -15.900000000000006], [-5.7200000000000015, -15.920000000000005], [-5.760000000000002, -15.920000000000005], [-5.760000000000002, -15.940000000000005], [-5.780000000000001, -15.940000000000005], [-5.780000000000001, -16.020000000000007], [-5.740000000000001, -16.020000000000007], [-5.740000000000001, -16.000000000000007], [-5.6800000000000015, -16.000000000000007], [-5.6800000000000015, -15.980000000000006], [-5.660000000000001, -15.980000000000006], [-5.660000000000001, -15.900000000000006], [-5.7200000000000015, -15.900000000000006]]]}, "properties": {"areaKm2": 129, "country": "Saint Helena", "nearestPlace": "T\u00f4mbua (1957 km)", "lon": -5.72, "lat": -15.96, "west": -5.78, "south": -16.02, "east": -5.66, "north": -15.9, "otherDirectionPct": 0}}, {"type": "Feature", "geometry": {"type": "Polygon", "coordinates": [[[-0.9000000000000079, 60.84], [-0.9000000000000079, 60.82], [-0.9400000000000079, 60.800000000000004], [-0.9200000000000079, 60.760000000000005], [-0.960000000000008, 60.760000000000005], [-0.960000000000008, 60.74], [-0.9400000000000079, 60.74], [-0.9400000000000079, 60.720000000000006], [-0.960000000000008, 60.720000000000006], [-0.960000000000008, 60.68000000000001], [-0.820000000000008, 60.68000000000001], [-0.820000000000008, 60.7], [-0.840000000000008, 60.7], [-0.840000000000008, 60.74], [-0.8000000000000079, 60.74], [-0.8000000000000079, 60.78], [-0.780000000000008, 60.78], [-0.780000000000008, 60.82], [-0.760000000000008, 60.82], [-0.760000000000008, 60.84], [-0.840000000000008, 60.84], [-0.840000000000008, 60.800000000000004], [-0.860000000000008, 60.800000000000004], [-0.860000000000008, 60.84], [-0.9000000000000079, 60.84]]]}, "properties": {"areaKm2": 126, "country": "United Kingdom", "nearestPlace": "Lerwick (76 km)", "lon": -0.86, "lat": 60.77, "west": -0.96, "south": 60.68, "east": -0.76, "north": 60.84, "otherDirectionPct": 100}}, {"type": "Feature", "geometry": {"type": "Polygon", "coordinates": [[[46.44, -9.340000000000003], [46.46, -9.380000000000003], [46.42, -9.380000000000003], [46.42, -9.400000000000004], [46.339999999999996, -9.400000000000004], [46.339999999999996, -9.420000000000003], [46.22, -9.420000000000003], [46.22, -9.440000000000003], [46.24, -9.440000000000003], [46.24, -9.460000000000003], [46.28, -9.460000000000003], [46.28, -9.440000000000003], [46.36, -9.440000000000003], [46.36, -9.420000000000003], [46.48, -9.420000000000003], [46.48, -9.400000000000004], [46.5, -9.400000000000004], [46.519999999999996, -9.360000000000003], [46.44, -9.340000000000003]]]}, "properties": {"areaKm2": 122, "country": "Seychelles", "nearestPlace": "Dzaoudzi (401 km)", "lon": 46.46, "lat": -9.39, "west": 46.22, "south": -9.46, "east": 46.52, "north": -9.34, "otherDirectionPct": 0}}, {"type": "Feature", "geometry": {"type": "Polygon", "coordinates": [[[-6.900000000000006, 61.9], [-6.900000000000006, 61.879999999999995], [-6.880000000000006, 61.879999999999995], [-6.880000000000006, 61.839999999999996], [-6.840000000000006, 61.839999999999996], [-6.840000000000006, 61.82], [-6.720000000000006, 61.82], [-6.720000000000006, 61.8], [-6.680000000000006, 61.78], [-6.680000000000006, 61.76], [-6.620000000000005, 61.76], [-6.620000000000005, 61.839999999999996], [-6.6600000000000055, 61.839999999999996], [-6.6600000000000055, 61.86], [-6.7000000000000055, 61.86], [-6.7000000000000055, 61.879999999999995], [-6.760000000000006, 61.879999999999995], [-6.760000000000006, 61.9], [-6.900000000000006, 61.9]]]}, "properties": {"areaKm2": 117, "country": "Faeroe Islands", "nearestPlace": "T\u00f3rshavn (24 km)", "lon": -6.73, "lat": 61.83, "west": -6.9, "south": 61.76, "east": -6.62, "north": 61.9, "otherDirectionPct": 100}}, {"type": "Feature", "geometry": {"type": "Polygon", "coordinates": [[[158.94000000000003, -54.47999999999999], [158.94000000000003, -54.49999999999999], [158.90000000000003, -54.49999999999999], [158.90000000000003, -54.51999999999999], [158.88000000000002, -54.51999999999999], [158.86000000000004, -54.639999999999986], [158.84000000000003, -54.639999999999986], [158.84000000000003, -54.75999999999999], [158.88000000000002, -54.73999999999999], [158.88000000000002, -54.69999999999999], [158.90000000000003, -54.69999999999999], [158.90000000000003, -54.65999999999999], [158.92000000000004, -54.65999999999999], [158.92000000000004, -54.59999999999999], [158.94000000000003, -54.59999999999999], [158.94000000000003, -54.55999999999999], [158.96000000000004, -54.55999999999999], [158.96000000000004, -54.47999999999999], [158.94000000000003, -54.47999999999999]]]}, "properties": {"areaKm2": 115, "country": "Australia", "nearestPlace": "Oban (1344 km)", "lon": 158.89, "lat": -54.62, "west": 158.84, "south": -54.76, "east": 158.96, "north": -54.48, "otherDirectionPct": 0}}, {"type": "Feature", "geometry": {"type": "Polygon", "coordinates": [[[162.98000000000002, 5.3799999999999955], [162.98000000000002, 5.359999999999996], [162.96, 5.359999999999996], [162.94000000000003, 5.319999999999996], [162.92000000000002, 5.319999999999996], [162.92000000000002, 5.279999999999996], [163.04000000000002, 5.279999999999996], [163.04000000000002, 5.339999999999995], [163.02, 5.339999999999995], [163.02, 5.3799999999999955], [162.98000000000002, 5.3799999999999955]]]}, "properties": {"areaKm2": 109, "country": "Federated States of Micronesia", "nearestPlace": "Palikir (567 km)", "lon": 162.99, "lat": 5.33, "west": 162.92, "south": 5.28, "east": 163.04, "north": 5.38, "otherDirectionPct": 0}}, {"type": "Feature", "geometry": {"type": "MultiPolygon", "coordinates": [[[[-176.04, 51.84], [-176.02, 51.84], [-176.02, 51.82], [-176.1, 51.82], [-176.1, 51.800000000000004], [-176.12, 51.800000000000004], [-176.12, 51.82], [-176.22, 51.82], [-176.22, 51.84], [-176.2, 51.84], [-176.2, 51.88], [-176.14, 51.88], [-176.12, 51.84], [-176.1, 51.84], [-176.1, 51.86], [-176.04, 51.86], [-176.04, 51.84]]], [[[-176.04, 51.88], [-176.1, 51.88], [-176.1, 51.9], [-176.06, 51.9], [-176.06, 51.92], [-176.0, 51.92], [-176.02, 51.88], [-175.98, 51.88], [-175.98, 51.9], [-175.96, 51.9], [-175.96, 51.86], [-176.04, 51.86], [-176.04, 51.88]]]]}, "properties": {"areaKm2": 101, "country": "United States", "nearestPlace": "Atka (222 km)", "lon": -176.16, "lat": 51.85, "west": -176.22, "south": 51.8, "east": -175.96, "north": 51.92, "otherDirectionPct": 100}}, {"type": "Feature", "geometry": {"type": "Polygon", "coordinates": [[[-14.399999999999988, -7.8799999999999955], [-14.399999999999988, -7.9199999999999955], [-14.419999999999987, -7.9199999999999955], [-14.419999999999987, -7.9599999999999955], [-14.399999999999988, -7.9599999999999955], [-14.399999999999988, -7.979999999999995], [-14.339999999999987, -7.979999999999995], [-14.339999999999987, -7.9599999999999955], [-14.299999999999988, -7.9599999999999955], [-14.299999999999988, -7.9199999999999955], [-14.339999999999987, -7.9199999999999955], [-14.359999999999987, -7.8799999999999955], [-14.399999999999988, -7.8799999999999955]]]}, "properties": {"areaKm2": 98, "country": "Saint Helena", "nearestPlace": "Harper (1558 km)", "lon": -14.36, "lat": -7.94, "west": -14.42, "south": -7.98, "east": -14.3, "north": -7.88, "otherDirectionPct": 0}}, {"type": "Feature", "geometry": {"type": "Polygon", "coordinates": [[[63.38, -19.680000000000007], [63.38, -19.700000000000006], [63.34, -19.700000000000006], [63.34, -19.760000000000005], [63.400000000000006, -19.760000000000005], [63.400000000000006, -19.740000000000006], [63.440000000000005, -19.740000000000006], [63.440000000000005, -19.720000000000006], [63.480000000000004, -19.720000000000006], [63.480000000000004, -19.700000000000006], [63.5, -19.700000000000006], [63.5, -19.680000000000007], [63.38, -19.680000000000007]]]}, "properties": {"areaKm2": 98, "country": "Mauritius", "nearestPlace": "Curepipe (660 km)", "lon": 63.41, "lat": -19.71, "west": 63.34, "south": -19.76, "east": 63.5, "north": -19.68, "otherDirectionPct": 0}}, {"type": "Feature", "geometry": {"type": "MultiPolygon", "coordinates": [[[[105.59999999999998, -10.519999999999998], [105.57999999999998, -10.519999999999998], [105.57999999999998, -10.499999999999998], [105.59999999999998, -10.499999999999998], [105.59999999999998, -10.519999999999998]]], [[[105.59999999999998, -10.459999999999997], [105.67999999999998, -10.459999999999997], [105.67999999999998, -10.439999999999998], [105.71999999999998, -10.439999999999998], [105.71999999999998, -10.479999999999997], [105.69999999999999, -10.479999999999997], [105.69999999999999, -10.559999999999997], [105.67999999999998, -10.559999999999997], [105.67999999999998, -10.539999999999997], [105.63999999999999, -10.519999999999998], [105.63999999999999, -10.499999999999998], [105.59999999999998, -10.499999999999998], [105.59999999999998, -10.459999999999997]]]]}, "properties": {"areaKm2": 97, "country": "Indian Ocean Territories", "nearestPlace": "Sukabumi (422 km)", "lon": 105.65, "lat": -10.49, "west": 105.58, "south": -10.56, "east": 105.72, "north": -10.44, "otherDirectionPct": 0}}, {"type": "Feature", "geometry": {"type": "Polygon", "coordinates": [[[-78.9, -33.58], [-78.9, -33.6], [-78.92, -33.6], [-78.92, -33.62], [-78.96000000000001, -33.62], [-78.98, -33.66], [-78.94, -33.66], [-78.94, -33.64], [-78.76, -33.64], [-78.76, -33.62], [-78.78, -33.62], [-78.78, -33.6], [-78.82000000000001, -33.6], [-78.82000000000001, -33.58], [-78.9, -33.58]]]}, "properties": {"areaKm2": 95, "country": "Chile", "nearestPlace": "Talcahuano (726 km)", "lon": -78.85, "lat": -33.61, "west": -78.98, "south": -33.66, "east": -78.76, "north": -33.58, "otherDirectionPct": 0}}, {"type": "Feature", "geometry": {"type": "Polygon", "coordinates": [[[123.97999999999998, -5.8799999999999955], [123.97999999999998, -5.899999999999995], [123.95999999999998, -5.899999999999995], [123.95999999999998, -5.939999999999995], [123.97999999999998, -5.939999999999995], [123.97999999999998, -5.9599999999999955], [124.01999999999998, -5.9599999999999955], [124.01999999999998, -5.979999999999995], [124.03999999999998, -5.979999999999995], [124.03999999999998, -6.019999999999995], [124.07999999999998, -6.019999999999995], [124.07999999999998, -5.979999999999995], [124.05999999999997, -5.979999999999995], [124.03999999999998, -5.899999999999995], [123.99999999999999, -5.899999999999995], [123.99999999999999, -5.8799999999999955], [123.97999999999998, -5.8799999999999955]]]}, "properties": {"areaKm2": 94, "country": "Indonesia", "nearestPlace": "Baubau (165 km)", "lon": 124.02, "lat": -5.95, "west": 123.96, "south": -6.02, "east": 124.08, "north": -5.88, "otherDirectionPct": 100}}, {"type": "Feature", "geometry": {"type": "Polygon", "coordinates": [[[147.82000000000002, -2.239999999999995], [147.82000000000002, -2.259999999999995], [147.8, -2.259999999999995], [147.8, -2.299999999999995], [147.78, -2.299999999999995], [147.78, -2.319999999999995], [147.74, -2.319999999999995], [147.74, -2.339999999999995], [147.86, -2.339999999999995], [147.86, -2.299999999999995], [147.88, -2.299999999999995], [147.88, -2.279999999999995], [147.84, -2.259999999999995], [147.84, -2.239999999999995], [147.82000000000002, -2.239999999999995]]]}, "properties": {"areaKm2": 89, "country": "Papua New Guinea", "nearestPlace": "Lorengau (69 km)", "lon": 147.84, "lat": -2.29, "west": 147.74, "south": -2.34, "east": 147.88, "north": -2.24, "otherDirectionPct": 100}}, {"type": "Feature", "geometry": {"type": "Polygon", "coordinates": [[[-63.99999999999999, -54.72], [-63.99999999999999, -54.74], [-64.03999999999999, -54.74], [-64.03999999999999, -54.78], [-63.959999999999994, -54.76], [-63.959999999999994, -54.78], [-63.99999999999999, -54.8], [-63.99999999999999, -54.82], [-63.959999999999994, -54.82], [-63.959999999999994, -54.8], [-63.919999999999995, -54.8], [-63.919999999999995, -54.78], [-63.85999999999999, -54.78], [-63.85999999999999, -54.76], [-63.81999999999999, -54.74], [-63.81999999999999, -54.72], [-63.85999999999999, -54.72], [-63.85999999999999, -54.74], [-63.879999999999995, -54.74], [-63.879999999999995, -54.72], [-63.99999999999999, -54.72]]]}, "properties": {"areaKm2": 86, "country": "Argentina", "nearestPlace": "Puerto Williams (413 km)", "lon": -63.91, "lat": -54.77, "west": -64.04, "south": -54.82, "east": -63.82, "north": -54.72, "otherDirectionPct": 0}}, {"type": "Feature", "geometry": {"type": "Polygon", "coordinates": [[[106.19999999999999, 3.219999999999999], [106.19999999999999, 3.179999999999999], [106.21999999999998, 3.179999999999999], [106.21999999999998, 3.1199999999999988], [106.25999999999999, 3.1199999999999988], [106.25999999999999, 3.0999999999999988], [106.27999999999999, 3.0999999999999988], [106.27999999999999, 3.199999999999999], [106.25999999999999, 3.199999999999999], [106.25999999999999, 3.219999999999999], [106.19999999999999, 3.219999999999999]]]}, "properties": {"areaKm2": 84, "country": "Indonesia", "nearestPlace": "Telukbutun (247 km)", "lon": 106.25, "lat": 3.15, "west": 106.2, "south": 3.1, "east": 106.28, "north": 3.22, "otherDirectionPct": 0}}, {"type": "Feature", "geometry": {"type": "MultiPolygon", "coordinates": [[[[2.4800000000000137, 39.54], [2.4800000000000137, 39.52], [2.4600000000000137, 39.52], [2.4600000000000137, 39.54], [2.4800000000000137, 39.54]]], [[[2.4400000000000137, 39.54], [2.4400000000000137, 39.52], [2.4200000000000137, 39.52], [2.4200000000000137, 39.54], [2.4000000000000137, 39.54], [2.4000000000000137, 39.52], [2.3600000000000136, 39.54], [2.3600000000000136, 39.62], [2.4000000000000137, 39.62], [2.4000000000000137, 39.64], [2.4200000000000137, 39.64], [2.4200000000000137, 39.62], [2.4400000000000137, 39.62], [2.4400000000000137, 39.58], [2.4600000000000137, 39.58], [2.4600000000000137, 39.54], [2.4400000000000137, 39.54]]]]}, "properties": {"areaKm2": 84, "country": "Spain", "nearestPlace": "Palma (28 km)", "lon": 2.4, "lat": 39.6, "west": 2.36, "south": 39.52, "east": 2.48, "north": 39.64, "otherDirectionPct": 100}}, {"type": "Feature", "geometry": {"type": "Polygon", "coordinates": [[[138.16, 9.579999999999998], [138.16, 9.54], [138.12, 9.559999999999999], [138.12, 9.519999999999998], [138.08, 9.499999999999998], [138.06, 9.419999999999998], [138.1, 9.439999999999998], [138.1, 9.479999999999999], [138.12, 9.479999999999999], [138.14000000000001, 9.519999999999998], [138.16, 9.519999999999998], [138.16, 9.499999999999998], [138.2, 9.499999999999998], [138.18, 9.579999999999998], [138.16, 9.579999999999998]]]}, "properties": {"areaKm2": 83, "country": "Federated States of Micronesia", "nearestPlace": "Melekeok (449 km)", "lon": 138.12, "lat": 9.51, "west": 138.06, "south": 9.42, "east": 138.2, "north": 9.58, "otherDirectionPct": 0}}, {"type": "Feature", "geometry": {"type": "Polygon", "coordinates": [[[165.94, -50.860000000000014], [165.96, -50.90000000000001], [166.07999999999998, -50.90000000000001], [166.07999999999998, -50.920000000000016], [166.12, -50.920000000000016], [166.12, -50.90000000000001], [166.22, -50.90000000000001], [166.22, -50.88000000000002], [166.18, -50.88000000000002], [166.18, -50.860000000000014], [166.02, -50.860000000000014], [166.02, -50.88000000000002], [165.94, -50.860000000000014]]]}, "properties": {"areaKm2": 78, "country": "New Zealand", "nearestPlace": "Oban (502 km)", "lon": 166.09, "lat": -50.89, "west": 165.94, "south": -50.92, "east": 166.22, "north": -50.86, "otherDirectionPct": 0}}, {"type": "Feature", "geometry": {"type": "Polygon", "coordinates": [[[-176.17999999999998, -13.219999999999999], [-176.17999999999998, -13.28], [-176.2, -13.28], [-176.2, -13.319999999999999], [-176.17999999999998, -13.319999999999999], [-176.17999999999998, -13.339999999999998], [-176.14, -13.339999999999998], [-176.14, -13.28], [-176.11999999999998, -13.28], [-176.11999999999998, -13.239999999999998], [-176.14, -13.239999999999998], [-176.14, -13.219999999999999], [-176.17999999999998, -13.219999999999999]]]}, "properties": {"areaKm2": 77, "country": "Wallis and Futuna Islands", "nearestPlace": "Apia (492 km)", "lon": -176.15, "lat": -13.26, "west": -176.2, "south": -13.34, "east": -176.12, "north": -13.22, "otherDirectionPct": 0}}, {"type": "Feature", "geometry": {"type": "Polygon", "coordinates": [[[178.76000000000002, -49.620000000000005], [178.74000000000004, -49.660000000000004], [178.72000000000003, -49.660000000000004], [178.72000000000003, -49.7], [178.74000000000004, -49.7], [178.74000000000004, -49.720000000000006], [178.82000000000002, -49.720000000000006], [178.82000000000002, -49.68000000000001], [178.84000000000003, -49.68000000000001], [178.84000000000003, -49.620000000000005], [178.76000000000002, -49.620000000000005]]]}, "properties": {"areaKm2": 77, "country": "New Zealand", "nearestPlace": "Christchurch (967 km)", "lon": 178.78, "lat": -49.67, "west": 178.72, "south": -49.72, "east": 178.84, "north": -49.62, "otherDirectionPct": 0}}, {"type": "Feature", "geometry": {"type": "Polygon", "coordinates": [[[-10.019999999999992, -40.30000000000001], [-10.019999999999992, -40.320000000000014], [-10.039999999999992, -40.320000000000014], [-10.019999999999992, -40.360000000000014], [-9.979999999999992, -40.360000000000014], [-9.979999999999992, -40.38000000000001], [-9.939999999999992, -40.38000000000001], [-9.939999999999992, -40.40000000000001], [-9.899999999999991, -40.40000000000001], [-9.899999999999991, -40.360000000000014], [-9.939999999999992, -40.34000000000001], [-9.939999999999992, -40.30000000000001], [-10.019999999999992, -40.30000000000001]]]}, "properties": {"areaKm2": 76, "country": "Saint Helena", "nearestPlace": "L\u00fcderitz (3186 km)", "lon": -9.97, "lat": -40.35, "west": -10.04, "south": -40.4, "east": -9.9, "north": -40.3, "otherDirectionPct": 0}}, {"type": "Feature", "geometry": {"type": "Polygon", "coordinates": [[[-12.299999999999994, -37.06], [-12.299999999999994, -37.080000000000005], [-12.319999999999993, -37.080000000000005], [-12.319999999999993, -37.120000000000005], [-12.299999999999994, -37.120000000000005], [-12.299999999999994, -37.14], [-12.239999999999993, -37.14], [-12.239999999999993, -37.120000000000005], [-12.199999999999994, -37.120000000000005], [-12.199999999999994, -37.080000000000005], [-12.219999999999994, -37.080000000000005], [-12.219999999999994, -37.06], [-12.299999999999994, -37.06]]]}, "properties": {"areaKm2": 75, "country": "Saint Helena", "nearestPlace": "L\u00fcderitz (3267 km)", "lon": -12.26, "lat": -37.1, "west": -12.32, "south": -37.14, "east": -12.2, "north": -37.06, "otherDirectionPct": 0}}, {"type": "Feature", "geometry": {"type": "Polygon", "coordinates": [[[154.2, -11.320000000000007], [154.22, -11.400000000000007], [154.26, -11.400000000000007], [154.26, -11.420000000000007], [154.28, -11.420000000000007], [154.28, -11.400000000000007], [154.29999999999998, -11.400000000000007], [154.29999999999998, -11.380000000000008], [154.28, -11.380000000000008], [154.28, -11.340000000000007], [154.26, -11.340000000000007], [154.26, -11.320000000000007], [154.2, -11.320000000000007]]]}, "properties": {"areaKm2": 73, "country": "Papua New Guinea", "nearestPlace": "Alotau (438 km)", "lon": 154.25, "lat": -11.37, "west": 154.2, "south": -11.42, "east": 154.3, "north": -11.32, "otherDirectionPct": 100}}, {"type": "Feature", "geometry": {"type": "Polygon", "coordinates": [[[-176.22, -44.22], [-176.22, -44.339999999999996], [-176.18, -44.339999999999996], [-176.18, -44.32], [-176.16, -44.32], [-176.16, -44.28], [-176.12, -44.28], [-176.12, -44.26], [-176.16, -44.24], [-176.16, -44.22], [-176.22, -44.22]]]}, "properties": {"areaKm2": 71, "country": "New Zealand", "nearestPlace": "Waitangi (33 km)", "lon": -176.17, "lat": -44.27, "west": -176.22, "south": -44.34, "east": -176.12, "north": -44.22, "otherDirectionPct": 0}}, {"type": "Feature", "geometry": {"type": "Polygon", "coordinates": [[[-159.82, -21.180000000000007], [-159.82, -21.200000000000006], [-159.84, -21.200000000000006], [-159.84, -21.240000000000006], [-159.78, -21.240000000000006], [-159.78, -21.260000000000005], [-159.74, -21.260000000000005], [-159.74, -21.200000000000006], [-159.76, -21.200000000000006], [-159.76, -21.180000000000007], [-159.82, -21.180000000000007]]]}, "properties": {"areaKm2": 69, "country": "Cook Islands", "nearestPlace": "Avarua (3 km)", "lon": -159.79, "lat": -21.22, "west": -159.84, "south": -21.26, "east": -159.74, "north": -21.18, "otherDirectionPct": 67}}, {"type": "Feature", "geometry": {"type": "MultiPolygon", "coordinates": [[[[-64.86, 32.239999999999995], [-64.86, 32.26], [-64.88, 32.26], [-64.88, 32.3], [-64.86, 32.3], [-64.86, 32.279999999999994], [-64.82, 32.26], [-64.82, 32.239999999999995], [-64.86, 32.239999999999995]]], [[[-64.82, 32.279999999999994], [-64.78, 32.279999999999994], [-64.78, 32.26], [-64.82, 32.26], [-64.82, 32.279999999999994]]], [[[-64.75999999999999, 32.279999999999994], [-64.78, 32.279999999999994], [-64.78, 32.3], [-64.75999999999999, 32.3], [-64.75999999999999, 32.279999999999994]]], [[[-64.86, 32.3], [-64.86, 32.31999999999999], [-64.83999999999999, 32.31999999999999], [-64.83999999999999, 32.3], [-64.86, 32.3]]], [[[-64.75999999999999, 32.3], [-64.75999999999999, 32.31999999999999], [-64.72, 32.31999999999999], [-64.72, 32.3], [-64.75999999999999, 32.3]]], [[[-64.67999999999999, 32.31999999999999], [-64.72, 32.31999999999999], [-64.72, 32.35999999999999], [-64.69999999999999, 32.35999999999999], [-64.67999999999999, 32.31999999999999]]], [[[-64.66, 32.35999999999999], [-64.69999999999999, 32.35999999999999], [-64.69999999999999, 32.379999999999995], [-64.66, 32.379999999999995], [-64.66, 32.35999999999999]]]]}, "properties": {"areaKm2": 67, "country": "Bermuda", "nearestPlace": "Hamilton (9 km)", "lon": -64.86, "lat": 32.27, "west": -64.88, "south": 32.24, "east": -64.66, "north": 32.38, "otherDirectionPct": 0}}, {"type": "Feature", "geometry": {"type": "Polygon", "coordinates": [[[147.38000000000002, -1.960000000000008], [147.38000000000002, -1.980000000000008], [147.42000000000004, -2.000000000000008], [147.42000000000004, -2.040000000000008], [147.34000000000003, -2.020000000000008], [147.34000000000003, -2.060000000000008], [147.44000000000003, -2.060000000000008], [147.44000000000003, -1.980000000000008], [147.42000000000004, -1.980000000000008], [147.42000000000004, -1.960000000000008], [147.38000000000002, -1.960000000000008]]]}, "properties": {"areaKm2": 64, "country": "Papua New Guinea", "nearestPlace": "Lorengau (17 km)", "lon": 147.43, "lat": -2.01, "west": 147.34, "south": -2.06, "east": 147.44, "north": -1.96, "otherDirectionPct": 100}}, {"type": "Feature", "geometry": {"type": "Polygon", "coordinates": [[[106.26, 3.3599999999999994], [106.26, 3.3199999999999994], [106.24000000000001, 3.3199999999999994], [106.24000000000001, 3.2399999999999993], [106.28000000000002, 3.2399999999999993], [106.28000000000002, 3.2599999999999993], [106.30000000000001, 3.2599999999999993], [106.30000000000001, 3.3599999999999994], [106.26, 3.3599999999999994]], [[106.26, 3.2999999999999994], [106.28000000000002, 3.2999999999999994], [106.28000000000002, 3.2599999999999993], [106.26, 3.2599999999999993], [106.26, 3.2999999999999994]]]}, "properties": {"areaKm2": 64, "country": "Indonesia", "nearestPlace": "Telukbutun (237 km)", "lon": 106.27, "lat": 3.31, "west": 106.24, "south": 3.24, "east": 106.3, "north": 3.36, "otherDirectionPct": 0}}, {"type": "Feature", "geometry": {"type": "MultiPolygon", "coordinates": [[[[-71.94, 12.26], [-71.96, 12.26], [-71.96, 12.28], [-71.94, 12.28], [-71.94, 12.26]]], [[[-71.94, 12.299999999999999], [-71.91999999999999, 12.299999999999999], [-71.91999999999999, 12.32], [-71.89999999999999, 12.32], [-71.88, 12.36], [-71.83999999999999, 12.34], [-71.83999999999999, 12.299999999999999], [-71.86, 12.299999999999999], [-71.86, 12.28], [-71.94, 12.28], [-71.94, 12.299999999999999]]]]}, "properties": {"areaKm2": 63, "country": "Colombia", "nearestPlace": "Riohacha (145 km)", "lon": -71.87, "lat": 12.33, "west": -71.96, "south": 12.26, "east": -71.84, "north": 12.36, "otherDirectionPct": 100}}, {"type": "Feature", "geometry": {"type": "Polygon", "coordinates": [[[-24.73999999999999, 14.899999999999991], [-24.73999999999999, 14.859999999999992], [-24.75999999999999, 14.859999999999992], [-24.75999999999999, 14.839999999999991], [-24.73999999999999, 14.839999999999991], [-24.71999999999999, 14.799999999999992], [-24.699999999999992, 14.799999999999992], [-24.699999999999992, 14.819999999999991], [-24.679999999999993, 14.819999999999991], [-24.679999999999993, 14.879999999999992], [-24.699999999999992, 14.879999999999992], [-24.699999999999992, 14.899999999999991], [-24.73999999999999, 14.899999999999991]]]}, "properties": {"areaKm2": 62, "country": "Republic of Cabo Verde", "nearestPlace": "Praia (134 km)", "lon": -24.72, "lat": 14.85, "west": -24.76, "south": 14.8, "east": -24.68, "north": 14.9, "otherDirectionPct": 100}}, {"type": "Feature", "geometry": {"type": "Polygon", "coordinates": [[[50.24000000000001, -46.03999999999999], [50.24000000000001, -46.059999999999995], [50.18000000000001, -46.059999999999995], [50.18000000000001, -46.099999999999994], [50.20000000000001, -46.099999999999994], [50.20000000000001, -46.11999999999999], [50.300000000000004, -46.11999999999999], [50.28000000000001, -46.03999999999999], [50.24000000000001, -46.03999999999999]]]}, "properties": {"areaKm2": 62, "country": "French Southern and Antarctic Lands", "nearestPlace": "T\u00f4lanaro (2370 km)", "lon": 50.23, "lat": -46.07, "west": 50.18, "south": -46.12, "east": 50.3, "north": -46.04, "otherDirectionPct": 0}}, {"type": "Feature", "geometry": {"type": "MultiPolygon", "coordinates": [[[[-60.08, 43.92], [-60.08, 43.94], [-59.839999999999996, 43.94], [-59.839999999999996, 43.92], [-60.08, 43.92]]], [[[-59.78, 43.96], [-59.78, 43.94], [-59.839999999999996, 43.94], [-59.839999999999996, 43.96], [-59.78, 43.96]]], [[[-59.78, 43.96], [-59.78, 43.98], [-59.76, 43.98], [-59.76, 43.96], [-59.78, 43.96]]], [[[-59.739999999999995, 44.0], [-59.739999999999995, 43.98], [-59.76, 43.98], [-59.76, 44.0], [-59.739999999999995, 44.0]]]]}, "properties": {"areaKm2": 61, "country": "Canada", "nearestPlace": "Sydney (239 km)", "lon": -59.96, "lat": 43.93, "west": -60.08, "south": 43.92, "east": -59.74, "north": 44.0, "otherDirectionPct": 18}}, {"type": "Feature", "geometry": {"type": "Polygon", "coordinates": [[[-178.18, -14.240000000000009], [-178.18, -14.280000000000008], [-178.16, -14.280000000000008], [-178.14000000000001, -14.32000000000001], [-178.06, -14.32000000000001], [-178.06, -14.30000000000001], [-178.1, -14.30000000000001], [-178.1, -14.280000000000008], [-178.14000000000001, -14.260000000000009], [-178.14000000000001, -14.240000000000009], [-178.18, -14.240000000000009]]]}, "properties": {"areaKm2": 58, "country": "Wallis and Futuna Islands", "nearestPlace": "Neiafu (673 km)", "lon": -178.15, "lat": -14.27, "west": -178.18, "south": -14.32, "east": -178.06, "north": -14.24, "otherDirectionPct": 0}}, {"type": "Feature", "geometry": {"type": "Polygon", "coordinates": [[[-170.16, 52.8], [-170.2, 52.72], [-170.1, 52.72], [-170.1, 52.739999999999995], [-170.06, 52.739999999999995], [-170.06, 52.779999999999994], [-170.14, 52.779999999999994], [-170.14, 52.8], [-170.16, 52.8]]]}, "properties": {"areaKm2": 54, "country": "United States", "nearestPlace": "Nikolski (141 km)", "lon": -170.12, "lat": 52.76, "west": -170.2, "south": 52.72, "east": -170.06, "north": 52.8, "otherDirectionPct": 100}}, {"type": "Feature", "geometry": {"type": "MultiPolygon", "coordinates": [[[[163.66, -19.640000000000004], [163.66, -19.700000000000003], [163.68, -19.700000000000003], [163.68, -19.760000000000005], [163.70000000000002, -19.760000000000005], [163.70000000000002, -19.780000000000005], [163.66, -19.780000000000005], [163.66, -19.740000000000006], [163.64000000000001, -19.740000000000006], [163.64000000000001, -19.640000000000004], [163.66, -19.640000000000004]]], [[[163.62, -19.640000000000004], [163.62, -19.620000000000005], [163.64000000000001, -19.620000000000005], [163.64000000000001, -19.640000000000004], [163.62, -19.640000000000004]]]]}, "properties": {"areaKm2": 51, "country": "New Caledonia", "nearestPlace": "Noum\u00e9a (420 km)", "lon": 163.66, "lat": -19.72, "west": 163.62, "south": -19.78, "east": 163.7, "north": -19.62, "otherDirectionPct": 100}}, {"type": "Feature", "geometry": {"type": "Polygon", "coordinates": [[[-80.76, -33.7], [-80.76, -33.720000000000006], [-80.78, -33.720000000000006], [-80.78, -33.74], [-80.76, -33.74], [-80.76, -33.78], [-80.72, -33.78], [-80.72, -33.760000000000005], [-80.7, -33.760000000000005], [-80.7, -33.7], [-80.76, -33.7]]]}, "properties": {"areaKm2": 49, "country": "Chile", "nearestPlace": "Lebu (900 km)", "lon": -80.74, "lat": -33.73, "west": -80.78, "south": -33.78, "east": -80.7, "north": -33.7, "otherDirectionPct": 0}}, {"type": "Feature", "geometry": {"type": "Polygon", "coordinates": [[[154.24, 8.179999999999993], [154.24, 8.139999999999993], [154.26000000000002, 8.139999999999993], [154.26000000000002, 8.119999999999992], [154.32000000000002, 8.119999999999992], [154.32000000000002, 8.159999999999993], [154.3, 8.159999999999993], [154.3, 8.179999999999993], [154.24, 8.179999999999993]]]}, "properties": {"areaKm2": 49, "country": "Federated States of Micronesia", "nearestPlace": "Palikir (452 km)", "lon": 154.28, "lat": 8.15, "west": 154.24, "south": 8.12, "east": 154.32, "north": 8.18, "otherDirectionPct": 0}}, {"type": "Feature", "geometry": {"type": "MultiPolygon", "coordinates": [[[[-85.92, 16.42], [-85.94, 16.42], [-85.94, 16.44], [-85.92, 16.44], [-85.92, 16.42]]], [[[-85.92, 16.46], [-85.89999999999999, 16.46], [-85.89999999999999, 16.5], [-85.82, 16.5], [-85.84, 16.46], [-85.88, 16.46], [-85.88, 16.44], [-85.92, 16.44], [-85.92, 16.46]]]]}, "properties": {"areaKm2": 48, "country": "Honduras", "nearestPlace": "Trujillo (63 km)", "lon": -85.87, "lat": 16.47, "west": -85.94, "south": 16.42, "east": -85.82, "north": 16.5, "otherDirectionPct": 20}}, {"type": "Feature", "geometry": {"type": "Polygon", "coordinates": [[[106.2, 3.3999999999999915], [106.2, 3.3599999999999914], [106.18, 3.3599999999999914], [106.18, 3.2999999999999914], [106.22000000000001, 3.2999999999999914], [106.22000000000001, 3.3399999999999914], [106.24000000000001, 3.3399999999999914], [106.24000000000001, 3.3599999999999914], [106.22000000000001, 3.3599999999999914], [106.22000000000001, 3.3999999999999915], [106.2, 3.3999999999999915]]]}, "properties": {"areaKm2": 45, "country": "Indonesia", "nearestPlace": "Telukbutun (242 km)", "lon": 106.21, "lat": 3.35, "west": 106.18, "south": 3.3, "east": 106.24, "north": 3.4, "otherDirectionPct": 0}}, {"type": "Feature", "geometry": {"type": "Polygon", "coordinates": [[[37.88000000000002, -46.599999999999994], [37.860000000000014, -46.63999999999999], [37.90000000000001, -46.63999999999999], [37.90000000000001, -46.66], [37.960000000000015, -46.66], [37.960000000000015, -46.63999999999999], [37.98000000000001, -46.63999999999999], [37.960000000000015, -46.599999999999994], [37.88000000000002, -46.599999999999994]]]}, "properties": {"areaKm2": 44, "country": "South Africa", "nearestPlace": "East London (1888 km)", "lon": 37.92, "lat": -46.63, "west": 37.86, "south": -46.66, "east": 37.98, "north": -46.6, "otherDirectionPct": 0}}, {"type": "Feature", "geometry": {"type": "Polygon", "coordinates": [[[167.92000000000002, -29.0], [167.92000000000002, -29.06], [168.00000000000003, -29.06], [168.00000000000003, -29.02], [167.92000000000002, -29.0]]]}, "properties": {"areaKm2": 43, "country": "Norfolk Island", "nearestPlace": "Noum\u00e9a (773 km)", "lon": 167.96, "lat": -29.04, "west": 167.92, "south": -29.06, "east": 168.0, "north": -29.0, "otherDirectionPct": 0}}, {"type": "Feature", "geometry": {"type": "MultiPolygon", "coordinates": [[[[-86.47999999999999, 16.32], [-86.55999999999999, 16.32], [-86.55999999999999, 16.3], [-86.6, 16.28], [-86.6, 16.32], [-86.58, 16.32], [-86.58, 16.34], [-86.47999999999999, 16.34], [-86.47999999999999, 16.32]]], [[[-86.47999999999999, 16.36], [-86.46, 16.36], [-86.46, 16.34], [-86.47999999999999, 16.34], [-86.47999999999999, 16.36]]]]}, "properties": {"areaKm2": 43, "country": "Honduras", "nearestPlace": "Roat\u00e1n (7 km)", "lon": -86.58, "lat": 16.31, "west": -86.6, "south": 16.28, "east": -86.46, "north": 16.36, "otherDirectionPct": 100}}, {"type": "Feature", "geometry": {"type": "Polygon", "coordinates": [[[-171.29999999999998, 52.519999999999996], [-171.29999999999998, 52.49999999999999], [-171.32, 52.49999999999999], [-171.32, 52.459999999999994], [-171.22, 52.459999999999994], [-171.22, 52.519999999999996], [-171.29999999999998, 52.519999999999996]]]}, "properties": {"areaKm2": 42, "country": "United States", "nearestPlace": "Nikolski (272 km)", "lon": -171.27, "lat": 52.48, "west": -171.32, "south": 52.46, "east": -171.22, "north": 52.52, "otherDirectionPct": 100}}, {"type": "Feature", "geometry": {"type": "Polygon", "coordinates": [[[-170.12, 52.92], [-170.12, 52.88], [-170.1, 52.88], [-170.1, 52.86], [-170.02, 52.86], [-170.02, 52.88], [-170.0, 52.88], [-170.0, 52.9], [-170.04, 52.9], [-170.04, 52.92], [-170.12, 52.92]]]}, "properties": {"areaKm2": 42, "country": "United States", "nearestPlace": "Nikolski (133 km)", "lon": -170.06, "lat": 52.89, "west": -170.12, "south": 52.86, "east": -170.0, "north": 52.92, "otherDirectionPct": 100}}, {"type": "Feature", "geometry": {"type": "Polygon", "coordinates": [[[123.92000000000002, -5.719999999999999], [123.92000000000002, -5.7799999999999985], [124.00000000000001, -5.7799999999999985], [123.98000000000002, -5.739999999999998], [123.94000000000001, -5.739999999999998], [123.94000000000001, -5.719999999999999], [123.92000000000002, -5.719999999999999]]]}, "properties": {"areaKm2": 39, "country": "Indonesia", "nearestPlace": "Baubau (152 km)", "lon": 123.95, "lat": -5.75, "west": 123.92, "south": -5.78, "east": 124.0, "north": -5.72, "otherDirectionPct": 100}}, {"type": "Feature", "geometry": {"type": "Polygon", "coordinates": [[[-175.66, -15.560000000000002], [-175.66, -15.580000000000002], [-175.68, -15.580000000000002], [-175.68, -15.620000000000003], [-175.62, -15.620000000000003], [-175.62, -15.560000000000002], [-175.66, -15.560000000000002]]]}, "properties": {"areaKm2": 38, "country": "Tonga", "nearestPlace": "Neiafu (387 km)", "lon": -175.65, "lat": -15.6, "west": -175.68, "south": -15.62, "east": -175.62, "north": -15.56, "otherDirectionPct": 0}}, {"type": "Feature", "geometry": {"type": "Polygon", "coordinates": [[[-157.96, -21.879999999999995], [-157.96, -21.939999999999994], [-157.9, -21.939999999999994], [-157.9, -21.899999999999995], [-157.92000000000002, -21.899999999999995], [-157.92000000000002, -21.879999999999995], [-157.96, -21.879999999999995]]]}, "properties": {"areaKm2": 37, "country": "Cook Islands", "nearestPlace": "Avarua (222 km)", "lon": -157.93, "lat": -21.92, "west": -157.96, "south": -21.94, "east": -157.9, "north": -21.88, "otherDirectionPct": 100}}, {"type": "Feature", "geometry": {"type": "Polygon", "coordinates": [[[-0.9199999999999875, 60.620000000000005], [-0.9199999999999875, 60.6], [-0.8799999999999875, 60.580000000000005], [-0.8799999999999875, 60.56], [-0.8599999999999874, 60.56], [-0.8599999999999874, 60.580000000000005], [-0.7599999999999875, 60.580000000000005], [-0.7599999999999875, 60.620000000000005], [-0.7999999999999875, 60.620000000000005], [-0.7999999999999875, 60.6], [-0.8199999999999875, 60.6], [-0.8199999999999875, 60.620000000000005], [-0.9199999999999875, 60.620000000000005]]]}, "properties": {"areaKm2": 37, "country": "United Kingdom", "nearestPlace": "Lerwick (61 km)", "lon": -0.83, "lat": 60.59, "west": -0.92, "south": 60.56, "east": -0.76, "north": 60.62, "otherDirectionPct": 100}}, {"type": "Feature", "geometry": {"type": "Polygon", "coordinates": [[[-144.34, -27.560000000000002], [-144.34, -27.64], [-144.3, -27.64], [-144.3, -27.560000000000002], [-144.34, -27.560000000000002]]]}, "properties": {"areaKm2": 35, "country": "French Polynesia", "nearestPlace": "Papeete (1264 km)", "lon": -144.32, "lat": -27.6, "west": -144.34, "south": -27.64, "east": -144.3, "north": -27.56, "otherDirectionPct": 0}}, {"type": "Feature", "geometry": {"type": "Polygon", "coordinates": [[[-29.419999999999987, 0.8799999999999955], [-29.419999999999987, 0.8399999999999954], [-29.35999999999999, 0.8399999999999954], [-29.35999999999999, 0.8599999999999954], [-29.33999999999999, 0.8599999999999954], [-29.33999999999999, 0.8799999999999955], [-29.419999999999987, 0.8799999999999955]]]}, "properties": {"areaKm2": 35, "country": "Brazil", "nearestPlace": "Natal (987 km)", "lon": -29.38, "lat": 0.87, "west": -29.42, "south": 0.84, "east": -29.34, "north": 0.88, "otherDirectionPct": 0}}, {"type": "Feature", "geometry": {"type": "MultiPolygon", "coordinates": [[[[-157.54, 1.8599999999999977], [-157.57999999999998, 1.8599999999999977], [-157.57999999999998, 1.9199999999999977], [-157.54, 1.9199999999999977], [-157.54, 1.8599999999999977]]], [[[-157.54, 1.9399999999999977], [-157.51999999999998, 1.9399999999999977], [-157.51999999999998, 1.9199999999999977], [-157.54, 1.9199999999999977], [-157.54, 1.9399999999999977]]]]}, "properties": {"areaKm2": 35, "country": "Kiribati", "nearestPlace": "Kailua-Kona (1983 km)", "lon": -157.56, "lat": 1.89, "west": -157.58, "south": 1.86, "east": -157.52, "north": 1.94, "otherDirectionPct": 0}}, {"type": "Feature", "geometry": {"type": "Polygon", "coordinates": [[[1.5600000000000023, 39.1], [1.5600000000000023, 39.04], [1.5800000000000023, 39.04], [1.5800000000000023, 39.02], [1.6200000000000023, 39.02], [1.6000000000000023, 39.1], [1.5600000000000023, 39.1]]]}, "properties": {"areaKm2": 35, "country": "Spain", "nearestPlace": "Palma (132 km)", "lon": 1.58, "lat": 39.08, "west": 1.56, "south": 39.02, "east": 1.62, "north": 39.1, "otherDirectionPct": 100}}, {"type": "Feature", "geometry": {"type": "Polygon", "coordinates": [[[-31.159999999999997, 39.72], [-31.159999999999997, 39.699999999999996], [-31.139999999999997, 39.699999999999996], [-31.139999999999997, 39.66], [-31.099999999999998, 39.66], [-31.099999999999998, 39.68], [-31.08, 39.68], [-31.08, 39.72], [-31.159999999999997, 39.72]]]}, "properties": {"areaKm2": 34, "country": "Portugal", "nearestPlace": "Horta (303 km)", "lon": -31.11, "lat": 39.69, "west": -31.16, "south": 39.66, "east": -31.08, "north": 39.72, "otherDirectionPct": 0}}, {"type": "Feature", "geometry": {"type": "Polygon", "coordinates": [[[46.30000000000001, -9.320000000000007], [46.30000000000001, -9.340000000000007], [46.34000000000001, -9.340000000000007], [46.34000000000001, -9.360000000000007], [46.42000000000001, -9.360000000000007], [46.42000000000001, -9.340000000000007], [46.360000000000014, -9.340000000000007], [46.360000000000014, -9.320000000000007], [46.30000000000001, -9.320000000000007]]]}, "properties": {"areaKm2": 34, "country": "Seychelles", "nearestPlace": "Dzaoudzi (402 km)", "lon": 46.33, "lat": -9.33, "west": 46.3, "south": -9.36, "east": 46.42, "north": -9.32, "otherDirectionPct": 0}}, {"type": "Feature", "geometry": {"type": "Polygon", "coordinates": [[[177.04000000000002, -12.480000000000004], [177.06000000000003, -12.520000000000003], [177.12000000000003, -12.520000000000003], [177.12000000000003, -12.480000000000004], [177.04000000000002, -12.480000000000004]]]}, "properties": {"areaKm2": 34, "country": "Fiji", "nearestPlace": "Funafuti (502 km)", "lon": 177.08, "lat": -12.49, "west": 177.04, "south": -12.52, "east": 177.12, "north": -12.48, "otherDirectionPct": 0}}, {"type": "Feature", "geometry": {"type": "Polygon", "coordinates": [[[-6.780000000000001, 62.379999999999995], [-6.780000000000001, 62.339999999999996], [-6.760000000000002, 62.339999999999996], [-6.760000000000002, 62.31999999999999], [-6.7200000000000015, 62.3], [-6.7200000000000015, 62.279999999999994], [-6.6800000000000015, 62.26], [-6.6800000000000015, 62.239999999999995], [-6.6400000000000015, 62.239999999999995], [-6.6400000000000015, 62.26], [-6.660000000000001, 62.26], [-6.6800000000000015, 62.3], [-6.7200000000000015, 62.31999999999999], [-6.7200000000000015, 62.339999999999996], [-6.760000000000002, 62.35999999999999], [-6.760000000000002, 62.379999999999995], [-6.780000000000001, 62.379999999999995]]]}, "properties": {"areaKm2": 30, "country": "Faeroe Islands", "nearestPlace": "Klaksv\u00edk (22 km)", "lon": -6.72, "lat": 62.31, "west": -6.78, "south": 62.24, "east": -6.64, "north": 62.38, "otherDirectionPct": 0}}, {"type": "Feature", "geometry": {"type": "Polygon", "coordinates": [[[166.92000000000004, -0.5], [166.90000000000003, -0.54], [166.94000000000003, -0.56], [166.94000000000003, -0.54], [166.96000000000004, -0.54], [166.96000000000004, -0.5], [166.92000000000004, -0.5]]]}, "properties": {"areaKm2": 30, "country": "Nauru", "nearestPlace": "Tarawa (709 km)", "lon": 166.93, "lat": -0.53, "west": 166.9, "south": -0.56, "east": 166.96, "north": -0.5, "otherDirectionPct": 0}}, {"type": "Feature", "geometry": {"type": "MultiPolygon", "coordinates": [[[[147.32000000000002, -2.4399999999999995], [147.3, -2.4399999999999995], [147.3, -2.4199999999999995], [147.32000000000002, -2.4199999999999995], [147.32000000000002, -2.4399999999999995]]], [[[147.32000000000002, -2.3799999999999994], [147.36, -2.3599999999999994], [147.38000000000002, -2.3999999999999995], [147.34, -2.3999999999999995], [147.34, -2.4199999999999995], [147.32000000000002, -2.4199999999999995], [147.32000000000002, -2.3799999999999994]]]]}, "properties": {"areaKm2": 30, "country": "Papua New Guinea", "nearestPlace": "Lorengau (41 km)", "lon": 147.35, "lat": -2.39, "west": 147.3, "south": -2.44, "east": 147.38, "north": -2.36, "otherDirectionPct": 100}}, {"type": "Feature", "geometry": {"type": "Polygon", "coordinates": [[[106.19999999999999, 2.819999999999993], [106.21999999999998, 2.739999999999993], [106.24, 2.739999999999993], [106.24, 2.819999999999993], [106.19999999999999, 2.819999999999993]]]}, "properties": {"areaKm2": 30, "country": "Indonesia", "nearestPlace": "Telukbutun (271 km)", "lon": 106.22, "lat": 2.8, "west": 106.2, "south": 2.74, "east": 106.24, "north": 2.82, "otherDirectionPct": 0}}, {"type": "Feature", "geometry": {"type": "Polygon", "coordinates": [[[-155.02, -4.040000000000006], [-155.0, -4.080000000000006], [-154.96, -4.080000000000006], [-154.96, -4.060000000000006], [-154.94, -4.060000000000006], [-154.94, -4.040000000000006], [-155.02, -4.040000000000006]]]}, "properties": {"areaKm2": 30, "country": "Kiribati", "nearestPlace": "Papeete (1617 km)", "lon": -154.98, "lat": -4.05, "west": -155.02, "south": -4.08, "east": -154.94, "north": -4.04, "otherDirectionPct": 0}}, {"type": "Feature", "geometry": {"type": "Polygon", "coordinates": [[[-178.06, -14.340000000000003], [-178.06, -14.380000000000003], [-177.98, -14.360000000000003], [-177.98, -14.340000000000003], [-178.06, -14.340000000000003]]]}, "properties": {"areaKm2": 29, "country": "Wallis and Futuna Islands", "nearestPlace": "Neiafu (657 km)", "lon": -178.02, "lat": -14.35, "west": -178.06, "south": -14.38, "east": -177.98, "north": -14.34, "otherDirectionPct": 0}}, {"type": "Feature", "geometry": {"type": "Polygon", "coordinates": [[[-114.78, 18.36], [-114.8, 18.32], [-114.74, 18.32], [-114.74, 18.34], [-114.72, 18.34], [-114.72, 18.36], [-114.78, 18.36]]]}, "properties": {"areaKm2": 28, "country": "Mexico", "nearestPlace": "Cabo San Lucas (739 km)", "lon": -114.75, "lat": 18.35, "west": -114.8, "south": 18.32, "east": -114.72, "north": 18.36, "otherDirectionPct": 0}}, {"type": "Feature", "geometry": {"type": "Polygon", "coordinates": [[[-157.72, -19.760000000000005], [-157.72, -19.780000000000005], [-157.74, -19.780000000000005], [-157.74, -19.820000000000004], [-157.70000000000002, -19.840000000000003], [-157.70000000000002, -19.760000000000005], [-157.72, -19.760000000000005]]]}, "properties": {"areaKm2": 28, "country": "Cook Islands", "nearestPlace": "Avarua (278 km)", "lon": -157.72, "lat": -19.8, "west": -157.74, "south": -19.84, "east": -157.7, "north": -19.76, "otherDirectionPct": 100}}, {"type": "Feature", "geometry": {"type": "Polygon", "coordinates": [[[-128.34, -24.320000000000007], [-128.34, -24.380000000000006], [-128.3, -24.400000000000006], [-128.3, -24.340000000000007], [-128.34, -24.320000000000007]]]}, "properties": {"areaKm2": 27, "country": "Pitcairn Islands", "nearestPlace": "Papeete (2484 km)", "lon": -128.32, "lat": -24.36, "west": -128.34, "south": -24.4, "east": -128.3, "north": -24.32, "otherDirectionPct": 0}}, {"type": "Feature", "geometry": {"type": "Polygon", "coordinates": [[[131.14, 3.0600000000000023], [131.14, 3.0200000000000022], [131.17999999999998, 3.0200000000000022], [131.17999999999998, 3.0400000000000023], [131.2, 3.0400000000000023], [131.2, 3.0600000000000023], [131.14, 3.0600000000000023]]]}, "properties": {"areaKm2": 25, "country": "Palau", "nearestPlace": "Sorong (435 km)", "lon": 131.17, "lat": 3.05, "west": 131.14, "south": 3.02, "east": 131.2, "north": 3.06, "otherDirectionPct": 0}}, {"type": "Feature", "geometry": {"type": "Polygon", "coordinates": [[[-32.440000000000005, -3.8400000000000034], [-32.46000000000001, -3.8800000000000034], [-32.38000000000001, -3.8600000000000034], [-32.38000000000001, -3.8400000000000034], [-32.440000000000005, -3.8400000000000034]]]}, "properties": {"areaKm2": 25, "country": "Brazil", "nearestPlace": "Natal (381 km)", "lon": -32.41, "lat": -3.85, "west": -32.46, "south": -3.88, "east": -32.38, "north": -3.84, "otherDirectionPct": 0}}, {"type": "Feature", "geometry": {"type": "Polygon", "coordinates": [[[-151.82, -11.379999999999995], [-151.82, -11.439999999999996], [-151.78, -11.459999999999996], [-151.79999999999998, -11.379999999999995], [-151.82, -11.379999999999995]]]}, "properties": {"areaKm2": 24, "country": "Kiribati", "nearestPlace": "Papeete (727 km)", "lon": -151.81, "lat": -11.4, "west": -151.82, "south": -11.46, "east": -151.78, "north": -11.38, "otherDirectionPct": 0}}, {"type": "Feature", "geometry": {"type": "Polygon", "coordinates": [[[-158.14, -19.980000000000004], [-158.11999999999998, -20.020000000000003], [-158.07999999999998, -20.020000000000003], [-158.07999999999998, -19.980000000000004], [-158.14, -19.980000000000004]]]}, "properties": {"areaKm2": 23, "country": "Cook Islands", "nearestPlace": "Avarua (230 km)", "lon": -158.11, "lat": -19.99, "west": -158.14, "south": -20.02, "east": -158.08, "north": -19.98, "otherDirectionPct": 100}}, {"type": "Feature", "geometry": {"type": "Polygon", "coordinates": [[[163.94, -20.0], [163.94, -20.06], [163.98, -20.06], [163.98, -20.02], [163.94, -20.0]]]}, "properties": {"areaKm2": 23, "country": "New Caledonia", "nearestPlace": "Noum\u00e9a (371 km)", "lon": 163.96, "lat": -20.04, "west": 163.94, "south": -20.06, "east": 163.98, "north": -20.0, "otherDirectionPct": 100}}, {"type": "Feature", "geometry": {"type": "Polygon", "coordinates": [[[-6.359999999999996, 62.3], [-6.359999999999996, 62.279999999999994], [-6.3799999999999955, 62.279999999999994], [-6.359999999999996, 62.239999999999995], [-6.319999999999996, 62.239999999999995], [-6.319999999999996, 62.26], [-6.279999999999996, 62.279999999999994], [-6.279999999999996, 62.3], [-6.359999999999996, 62.3]]]}, "properties": {"areaKm2": 23, "country": "Faeroe Islands", "nearestPlace": "Klaksv\u00edk (22 km)", "lon": -6.34, "lat": 62.27, "west": -6.38, "south": 62.24, "east": -6.28, "north": 62.3, "otherDirectionPct": 100}}, {"type": "Feature", "geometry": {"type": "Polygon", "coordinates": [[[131.24000000000004, 25.879999999999995], [131.24000000000004, 25.859999999999996], [131.22000000000003, 25.859999999999996], [131.22000000000003, 25.819999999999997], [131.26000000000002, 25.819999999999997], [131.26000000000002, 25.879999999999995], [131.24000000000004, 25.879999999999995]]]}, "properties": {"areaKm2": 22, "country": "Japan", "nearestPlace": "Naha (399 km)", "lon": 131.24, "lat": 25.84, "west": 131.22, "south": 25.82, "east": 131.26, "north": 25.88, "otherDirectionPct": 0}}, {"type": "Feature", "geometry": {"type": "MultiPolygon", "coordinates": [[[[159.08, -31.599999999999994], [159.06000000000003, -31.599999999999994], [159.06000000000003, -31.579999999999995], [159.08, -31.579999999999995], [159.08, -31.599999999999994]]], [[[159.10000000000002, -31.579999999999995], [159.08, -31.579999999999995], [159.08, -31.539999999999996], [159.10000000000002, -31.539999999999996], [159.10000000000002, -31.579999999999995]]], [[[159.04000000000002, -31.519999999999996], [159.08, -31.519999999999996], [159.08, -31.539999999999996], [159.04000000000002, -31.539999999999996], [159.04000000000002, -31.519999999999996]]]]}, "properties": {"areaKm2": 21, "country": "Australia", "nearestPlace": "Coffs Harbour (676 km)", "lon": 159.06, "lat": -31.53, "west": 159.04, "south": -31.6, "east": 159.1, "north": -31.52, "otherDirectionPct": 0}}, {"type": "Feature", "geometry": {"type": "Polygon", "coordinates": [[[147.74, -2.0400000000000063], [147.74, -2.0800000000000063], [147.76000000000002, -2.0800000000000063], [147.76000000000002, -2.0600000000000063], [147.8, -2.0600000000000063], [147.8, -2.0400000000000063], [147.74, -2.0400000000000063]]]}, "properties": {"areaKm2": 20, "country": "Papua New Guinea", "nearestPlace": "Lorengau (55 km)", "lon": 147.77, "lat": -2.05, "west": 147.74, "south": -2.08, "east": 147.8, "north": -2.04, "otherDirectionPct": 100}}, {"type": "Feature", "geometry": {"type": "Polygon", "coordinates": [[[147.26, -2.5400000000000063], [147.26, -2.5800000000000063], [147.29999999999998, -2.5800000000000063], [147.29999999999998, -2.5400000000000063], [147.26, -2.5400000000000063]]]}, "properties": {"areaKm2": 20, "country": "Papua New Guinea", "nearestPlace": "Lorengau (59 km)", "lon": 147.28, "lat": -2.56, "west": 147.26, "south": -2.58, "east": 147.3, "north": -2.54, "otherDirectionPct": 100}}, {"type": "Feature", "geometry": {"type": "MultiPolygon", "coordinates": [[[[154.73999999999998, -3.4199999999999955], [154.73999999999998, -3.4599999999999955], [154.72, -3.4599999999999955], [154.72, -3.4199999999999955], [154.73999999999998, -3.4199999999999955]]], [[[154.7, -3.4199999999999955], [154.7, -3.3799999999999955], [154.72, -3.3799999999999955], [154.72, -3.4199999999999955], [154.7, -3.4199999999999955]]]]}, "properties": {"areaKm2": 20, "country": "Papua New Guinea", "nearestPlace": "Sohano (226 km)", "lon": 154.71, "lat": -3.4, "west": 154.7, "south": -3.46, "east": 154.74, "north": -3.38, "otherDirectionPct": 100}}, {"type": "Feature", "geometry": {"type": "MultiPolygon", "coordinates": [[[[-155.85999999999999, -5.620000000000008], [-155.85999999999999, -5.640000000000009], [-155.92, -5.640000000000009], [-155.92, -5.620000000000008], [-155.85999999999999, -5.620000000000008]]], [[[-155.94, -5.620000000000008], [-155.94, -5.6000000000000085], [-155.92, -5.6000000000000085], [-155.92, -5.620000000000008], [-155.94, -5.620000000000008]]]]}, "properties": {"areaKm2": 20, "country": "Kiribati", "nearestPlace": "Papeete (1500 km)", "lon": -155.89, "lat": -5.63, "west": -155.94, "south": -5.64, "east": -155.86, "north": -5.6, "otherDirectionPct": 0}}, {"type": "Feature", "geometry": {"type": "MultiPolygon", "coordinates": [[[[72.46000000000002, -7.4199999999999955], [72.42000000000002, -7.4199999999999955], [72.42000000000002, -7.3799999999999955], [72.46000000000002, -7.399999999999995], [72.46000000000002, -7.4199999999999955]]], [[[72.46000000000002, -7.3799999999999955], [72.48000000000002, -7.3799999999999955], [72.48000000000002, -7.399999999999995], [72.46000000000002, -7.399999999999995], [72.46000000000002, -7.3799999999999955]]]]}, "properties": {"areaKm2": 20, "country": "British Indian Ocean Territory", "nearestPlace": "Mal\u00e9 (1293 km)", "lon": 72.43, "lat": -7.39, "west": 72.42, "south": -7.42, "east": 72.48, "north": -7.38, "otherDirectionPct": 0}}, {"type": "Feature", "geometry": {"type": "MultiPolygon", "coordinates": [[[[-76.34, 37.66], [-76.42, 37.66], [-76.42, 37.67999999999999], [-76.34, 37.67999999999999], [-76.34, 37.66]]], [[[-76.34, 37.699999999999996], [-76.32000000000001, 37.699999999999996], [-76.32000000000001, 37.67999999999999], [-76.34, 37.67999999999999], [-76.34, 37.699999999999996]]]]}, "properties": {"areaKm2": 20, "country": "United States", "nearestPlace": "Hampton (71 km)", "lon": -76.38, "lat": 37.67, "west": -76.42, "south": 37.66, "east": -76.32, "north": 37.7, "otherDirectionPct": 100}}, {"type": "Feature", "geometry": {"type": "Polygon", "coordinates": [[[49.24, -11.939999999999998], [49.24, -11.959999999999997], [49.22, -11.959999999999997], [49.22, -11.979999999999997], [49.26, -11.979999999999997], [49.26, -11.959999999999997], [49.28, -11.959999999999997], [49.28, -11.939999999999998], [49.24, -11.939999999999998]]]}, "properties": {"areaKm2": 19, "country": "Madagascar", "nearestPlace": "Antsiranana (37 km)", "lon": 49.26, "lat": -11.95, "west": 49.22, "south": -11.98, "east": 49.28, "north": -11.94, "otherDirectionPct": 100}}, {"type": "Feature", "geometry": {"type": "Polygon", "coordinates": [[[-72.13999999999999, 12.260000000000005], [-72.13999999999999, 12.240000000000006], [-72.17999999999999, 12.240000000000006], [-72.17999999999999, 12.220000000000006], [-72.11999999999999, 12.220000000000006], [-72.11999999999999, 12.260000000000005], [-72.13999999999999, 12.260000000000005]]]}, "properties": {"areaKm2": 19, "country": "Colombia", "nearestPlace": "Riohacha (117 km)", "lon": -72.13, "lat": 12.25, "west": -72.18, "south": 12.22, "east": -72.12, "north": 12.26, "otherDirectionPct": 100}}, {"type": "Feature", "geometry": {"type": "Polygon", "coordinates": [[[-175.86, 51.96], [-175.84, 51.92], [-175.78, 51.92], [-175.8, 51.96], [-175.86, 51.96]]]}, "properties": {"areaKm2": 18, "country": "United States", "nearestPlace": "Atka (183 km)", "lon": -175.83, "lat": 51.95, "west": -175.86, "south": 51.92, "east": -175.78, "north": 51.96, "otherDirectionPct": 100}}, {"type": "Feature", "geometry": {"type": "Polygon", "coordinates": [[[-1.0000000000000102, 60.379999999999995], [-1.0200000000000102, 60.339999999999996], [-0.9600000000000102, 60.339999999999996], [-0.9600000000000102, 60.35999999999999], [-0.9200000000000103, 60.35999999999999], [-0.9200000000000103, 60.379999999999995], [-1.0000000000000102, 60.379999999999995]]]}, "properties": {"areaKm2": 17, "country": "United Kingdom", "nearestPlace": "Lerwick (32 km)", "lon": -0.96, "lat": 60.37, "west": -1.02, "south": 60.34, "east": -0.92, "north": 60.38, "otherDirectionPct": 100}}, {"type": "Feature", "geometry": {"type": "Polygon", "coordinates": [[[125.10000000000002, 34.1], [125.10000000000002, 34.06], [125.14000000000003, 34.04], [125.14000000000003, 34.08], [125.10000000000002, 34.1]]]}, "properties": {"areaKm2": 16, "country": "Republic of Korea", "nearestPlace": "Mokpo (164 km)", "lon": 125.12, "lat": 34.07, "west": 125.1, "south": 34.04, "east": 125.14, "north": 34.1, "otherDirectionPct": 100}}, {"type": "Feature", "geometry": {"type": "Polygon", "coordinates": [[[5.6200000000000045, -1.4200000000000017], [5.6200000000000045, -1.4800000000000018], [5.640000000000004, -1.4800000000000018], [5.640000000000004, -1.4200000000000017], [5.6200000000000045, -1.4200000000000017]]]}, "properties": {"areaKm2": 15, "country": "Equatorial Guinea", "nearestPlace": "S\u00e3o Tom\u00e9 (234 km)", "lon": 5.63, "lat": -1.45, "west": 5.62, "south": -1.48, "east": 5.64, "north": -1.42, "otherDirectionPct": 0}}, {"type": "Feature", "geometry": {"type": "Polygon", "coordinates": [[[-1.3399999999999852, 60.120000000000005], [-1.3399999999999852, 60.080000000000005], [-1.3599999999999852, 60.080000000000005], [-1.3599999999999852, 60.06], [-1.3199999999999852, 60.040000000000006], [-1.3199999999999852, 60.080000000000005], [-1.2999999999999852, 60.080000000000005], [-1.2999999999999852, 60.1], [-1.3399999999999852, 60.120000000000005]]]}, "properties": {"areaKm2": 15, "country": "United Kingdom", "nearestPlace": "Lerwick (20 km)", "lon": -1.32, "lat": 60.09, "west": -1.36, "south": 60.04, "east": -1.3, "north": 60.12, "otherDirectionPct": 100}}, {"type": "Feature", "geometry": {"type": "Polygon", "coordinates": [[[-87.08, 5.560000000000002], [-87.1, 5.520000000000002], [-87.05999999999999, 5.520000000000002], [-87.05999999999999, 5.560000000000002], [-87.08, 5.560000000000002]]]}, "properties": {"areaKm2": 15, "country": "Costa Rica", "nearestPlace": "Ciudad Cort\u00e9s (547 km)", "lon": -87.07, "lat": 5.55, "west": -87.1, "south": 5.52, "east": -87.06, "north": 5.56, "otherDirectionPct": 0}}, {"type": "Feature", "geometry": {"type": "MultiPolygon", "coordinates": [[[[72.44, -7.320000000000001], [72.44, -7.340000000000001], [72.42, -7.340000000000001], [72.42, -7.320000000000001], [72.44, -7.320000000000001]]], [[[72.42, -7.320000000000001], [72.39999999999999, -7.320000000000001], [72.39999999999999, -7.300000000000001], [72.42, -7.300000000000001], [72.42, -7.320000000000001]]], [[[72.38, -7.280000000000001], [72.39999999999999, -7.280000000000001], [72.39999999999999, -7.300000000000001], [72.38, -7.300000000000001], [72.38, -7.280000000000001]]]]}, "properties": {"areaKm2": 15, "country": "British Indian Ocean Territory", "nearestPlace": "Mal\u00e9 (1284 km)", "lon": 72.41, "lat": -7.31, "west": 72.38, "south": -7.34, "east": 72.44, "north": -7.28, "otherDirectionPct": 0}}, {"type": "Feature", "geometry": {"type": "MultiPolygon", "coordinates": [[[[56.56000000000001, -10.360000000000007], [56.56000000000001, -10.380000000000008], [56.54000000000001, -10.380000000000008], [56.54000000000001, -10.360000000000007], [56.56000000000001, -10.360000000000007]]], [[[56.52000000000001, -10.360000000000007], [56.52000000000001, -10.320000000000007], [56.54000000000001, -10.320000000000007], [56.54000000000001, -10.360000000000007], [56.52000000000001, -10.360000000000007]]]]}, "properties": {"areaKm2": 15, "country": "Mauritius", "nearestPlace": "Victoria (648 km)", "lon": 56.53, "lat": -10.34, "west": 56.52, "south": -10.38, "east": 56.56, "north": -10.32, "otherDirectionPct": 0}}, {"type": "Feature", "geometry": {"type": "Polygon", "coordinates": [[[162.45999999999998, -10.799999999999997], [162.45999999999998, -10.859999999999998], [162.48, -10.859999999999998], [162.48, -10.799999999999997], [162.45999999999998, -10.799999999999997]]]}, "properties": {"areaKm2": 15, "country": "Solomon Islands", "nearestPlace": "Honiara (321 km)", "lon": 162.47, "lat": -10.83, "west": 162.46, "south": -10.86, "east": 162.48, "north": -10.8, "otherDirectionPct": 100}}, {"type": "Feature", "geometry": {"type": "MultiPolygon", "coordinates": [[[[96.86, -12.18], [96.86, -12.200000000000001], [96.83999999999999, -12.200000000000001], [96.83999999999999, -12.18], [96.86, -12.18]]], [[[96.82, -12.18], [96.82, -12.14], [96.83999999999999, -12.14], [96.83999999999999, -12.18], [96.82, -12.18]]]]}, "properties": {"areaKm2": 15, "country": "Indian Ocean Territories", "nearestPlace": "Bengkulu (1112 km)", "lon": 96.85, "lat": -12.19, "west": 96.82, "south": -12.2, "east": 96.86, "north": -12.14, "otherDirectionPct": 0}}, {"type": "Feature", "geometry": {"type": "MultiPolygon", "coordinates": [[[[-136.98, -18.32], [-136.98, -18.34], [-137.0, -18.34], [-137.0, -18.32], [-136.98, -18.32]]], [[[-137.0, -18.32], [-137.01999999999998, -18.32], [-137.01999999999998, -18.3], [-137.0, -18.3], [-137.0, -18.32]]], [[[-137.04, -18.28], [-137.01999999999998, -18.28], [-137.01999999999998, -18.3], [-137.04, -18.3], [-137.04, -18.28]]]]}, "properties": {"areaKm2": 14, "country": "French Polynesia", "nearestPlace": "Papeete (1403 km)", "lon": -136.99, "lat": -18.33, "west": -137.04, "south": -18.34, "east": -136.98, "north": -18.28, "otherDirectionPct": 0}}, {"type": "Feature", "geometry": {"type": "MultiPolygon", "coordinates": [[[[-110.82000000000001, 19.280000000000005], [-110.84, 19.280000000000005], [-110.84, 19.300000000000004], [-110.82000000000001, 19.300000000000004], [-110.82000000000001, 19.280000000000005]]], [[[-110.82000000000001, 19.340000000000003], [-110.8, 19.340000000000003], [-110.8, 19.300000000000004], [-110.82000000000001, 19.300000000000004], [-110.82000000000001, 19.340000000000003]]]]}, "properties": {"areaKm2": 14, "country": "Mexico", "nearestPlace": "Cabo San Lucas (410 km)", "lon": -110.81, "lat": 19.32, "west": -110.84, "south": 19.28, "east": -110.8, "north": 19.34, "otherDirectionPct": 0}}, {"type": "Feature", "geometry": {"type": "Polygon", "coordinates": [[[174.60000000000002, -21.659999999999997], [174.60000000000002, -21.699999999999996], [174.64000000000001, -21.699999999999996], [174.62000000000003, -21.659999999999997], [174.60000000000002, -21.659999999999997]]]}, "properties": {"areaKm2": 14, "country": "Fiji", "nearestPlace": "Nandi (532 km)", "lon": 174.61, "lat": -21.67, "west": 174.6, "south": -21.7, "east": 174.64, "north": -21.66, "otherDirectionPct": 0}}, {"type": "Feature", "geometry": {"type": "Polygon", "coordinates": [[[-147.72, -23.86], [-147.72, -23.88], [-147.66, -23.88], [-147.66, -23.86], [-147.72, -23.86]]]}, "properties": {"areaKm2": 14, "country": "French Polynesia", "nearestPlace": "Papeete (736 km)", "lon": -147.69, "lat": -23.87, "west": -147.72, "south": -23.88, "east": -147.66, "north": -23.86, "otherDirectionPct": 0}}, {"type": "Feature", "geometry": {"type": "Polygon", "coordinates": [[[131.28000000000003, 25.959999999999994], [131.28000000000003, 25.939999999999994], [131.32000000000002, 25.919999999999995], [131.32000000000002, 25.959999999999994], [131.28000000000003, 25.959999999999994]]]}, "properties": {"areaKm2": 13, "country": "Japan", "nearestPlace": "Naha (405 km)", "lon": 131.3, "lat": 25.95, "west": 131.28, "south": 25.92, "east": 131.32, "north": 25.96, "otherDirectionPct": 0}}, {"type": "Feature", "geometry": {"type": "Polygon", "coordinates": [[[-4.02000000000001, 29.799999999999997], [-4.02000000000001, 29.779999999999998], [-3.96000000000001, 29.779999999999998], [-3.96000000000001, 29.799999999999997], [-4.02000000000001, 29.799999999999997]]]}, "properties": {"areaKm2": 13, "country": "Algeria", "nearestPlace": "Abadla (196 km)", "lon": -3.99, "lat": 29.79, "west": -4.02, "south": 29.78, "east": -3.96, "north": 29.8, "otherDirectionPct": 100}}, {"type": "Feature", "geometry": {"type": "Polygon", "coordinates": [[[-3.9399999999999977, 29.82], [-3.9399999999999977, 29.8], [-3.8799999999999977, 29.8], [-3.8799999999999977, 29.82], [-3.9399999999999977, 29.82]]]}, "properties": {"areaKm2": 13, "country": "Algeria", "nearestPlace": "Abadla (188 km)", "lon": -3.91, "lat": 29.81, "west": -3.94, "south": 29.8, "east": -3.88, "north": 29.82, "otherDirectionPct": 100}}, {"type": "Feature", "geometry": {"type": "Polygon", "coordinates": [[[-3.859999999999985, 29.839999999999996], [-3.859999999999985, 29.819999999999997], [-3.799999999999985, 29.819999999999997], [-3.799999999999985, 29.839999999999996], [-3.859999999999985, 29.839999999999996]]]}, "properties": {"areaKm2": 13, "country": "Algeria", "nearestPlace": "Abadla (180 km)", "lon": -3.83, "lat": 29.83, "west": -3.86, "south": 29.82, "east": -3.8, "north": 29.84, "otherDirectionPct": 100}}, {"type": "Feature", "geometry": {"type": "Polygon", "coordinates": [[[-3.780000000000001, 29.86], [-3.780000000000001, 29.84], [-3.720000000000001, 29.84], [-3.720000000000001, 29.86], [-3.780000000000001, 29.86]]]}, "properties": {"areaKm2": 13, "country": "Algeria", "nearestPlace": "Abadla (172 km)", "lon": -3.75, "lat": 29.85, "west": -3.78, "south": 29.84, "east": -3.72, "north": 29.86, "otherDirectionPct": 100}}, {"type": "Feature", "geometry": {"type": "Polygon", "coordinates": [[[-3.6999999999999886, 29.879999999999995], [-3.6999999999999886, 29.859999999999996], [-3.6399999999999886, 29.859999999999996], [-3.6399999999999886, 29.879999999999995], [-3.6999999999999886, 29.879999999999995]]]}, "properties": {"areaKm2": 13, "country": "Algeria", "nearestPlace": "Abadla (165 km)", "lon": -3.67, "lat": 29.87, "west": -3.7, "south": 29.86, "east": -3.64, "north": 29.88, "otherDirectionPct": 100}}, {"type": "Feature", "geometry": {"type": "Polygon", "coordinates": [[[-2.0999999999999943, 60.16], [-2.0999999999999943, 60.12], [-2.0399999999999943, 60.12], [-2.0599999999999943, 60.16], [-2.0999999999999943, 60.16]]]}, "properties": {"areaKm2": 12, "country": "United Kingdom", "nearestPlace": "Lerwick (104 km)", "lon": -2.08, "lat": 60.15, "west": -2.1, "south": 60.12, "east": -2.04, "north": 60.16, "otherDirectionPct": 100}}, {"type": "Feature", "geometry": {"type": "Polygon", "coordinates": [[[-76.88, 37.56], [-76.88, 37.54], [-76.82, 37.54], [-76.82, 37.56], [-76.88, 37.56]]]}, "properties": {"areaKm2": 12, "country": "United States", "nearestPlace": "Richmond (67 km)", "lon": -76.85, "lat": 37.55, "west": -76.88, "south": 37.54, "east": -76.82, "north": 37.56, "otherDirectionPct": 0}}, {"type": "Feature", "geometry": {"type": "Polygon", "coordinates": [[[-76.8, 37.58], [-76.8, 37.559999999999995], [-76.74, 37.559999999999995], [-76.74, 37.58], [-76.8, 37.58]]]}, "properties": {"areaKm2": 12, "country": "United States", "nearestPlace": "Richmond (76 km)", "lon": -76.77, "lat": 37.57, "west": -76.8, "south": 37.56, "east": -76.74, "north": 37.58, "otherDirectionPct": 0}}, {"type": "Feature", "geometry": {"type": "Polygon", "coordinates": [[[-76.72, 37.6], [-76.72, 37.58], [-76.66, 37.58], [-76.66, 37.6], [-76.72, 37.6]]]}, "properties": {"areaKm2": 12, "country": "United States", "nearestPlace": "Hampton (73 km)", "lon": -76.69, "lat": 37.59, "west": -76.72, "south": 37.58, "east": -76.66, "north": 37.6, "otherDirectionPct": 0}}, {"type": "Feature", "geometry": {"type": "Polygon", "coordinates": [[[-76.64, 37.62], [-76.64, 37.599999999999994], [-76.58, 37.599999999999994], [-76.58, 37.62], [-76.64, 37.62]]]}, "properties": {"areaKm2": 12, "country": "United States", "nearestPlace": "Hampton (71 km)", "lon": -76.61, "lat": 37.61, "west": -76.64, "south": 37.6, "east": -76.58, "north": 37.62, "otherDirectionPct": 0}}, {"type": "Feature", "geometry": {"type": "Polygon", "coordinates": [[[150.8, 46.48], [150.8, 46.44], [150.84, 46.44], [150.82000000000002, 46.48], [150.8, 46.48]]]}, "properties": {"areaKm2": 10, "country": "Russian Federation", "nearestPlace": "Severo Kurilsk (752 km)", "lon": 150.81, "lat": 46.47, "west": 150.8, "south": 46.44, "east": 150.84, "north": 46.48, "otherDirectionPct": 100}}, {"type": "Feature", "geometry": {"type": "Polygon", "coordinates": [[[169.51999999999998, -0.8599999999999994], [169.51999999999998, -0.8799999999999994], [169.55999999999997, -0.8799999999999994], [169.55999999999997, -0.8599999999999994], [169.51999999999998, -0.8599999999999994]]]}, "properties": {"areaKm2": 10, "country": "Kiribati", "nearestPlace": "Tarawa (459 km)", "lon": 169.54, "lat": -0.87, "west": 169.52, "south": -0.88, "east": 169.56, "north": -0.86, "otherDirectionPct": 0}}, {"type": "Feature", "geometry": {"type": "Polygon", "coordinates": [[[105.95999999999998, 3.0799999999999983], [105.95999999999998, 3.0399999999999983], [105.97999999999998, 3.0399999999999983], [105.97999999999998, 3.0799999999999983], [105.95999999999998, 3.0799999999999983]]]}, "properties": {"areaKm2": 10, "country": "Indonesia", "nearestPlace": "Telukbutun (280 km)", "lon": 105.97, "lat": 3.06, "west": 105.96, "south": 3.04, "east": 105.98, "north": 3.08, "otherDirectionPct": 0}}, {"type": "Feature", "geometry": {"type": "Polygon", "coordinates": [[[106.40000000000003, 3.1599999999999966], [106.40000000000003, 3.1399999999999966], [106.44000000000004, 3.1399999999999966], [106.44000000000004, 3.1599999999999966], [106.40000000000003, 3.1599999999999966]]]}, "properties": {"areaKm2": 10, "country": "Indonesia", "nearestPlace": "Telukbutun (231 km)", "lon": 106.42, "lat": 3.15, "west": 106.4, "south": 3.14, "east": 106.44, "north": 3.16, "otherDirectionPct": 0}}, {"type": "Feature", "geometry": {"type": "MultiPolygon", "coordinates": [[[[154.64000000000001, -3.239999999999999], [154.64000000000001, -3.259999999999999], [154.62000000000003, -3.259999999999999], [154.62000000000003, -3.239999999999999], [154.64000000000001, -3.239999999999999]]], [[[154.60000000000002, -3.239999999999999], [154.60000000000002, -3.219999999999999], [154.62000000000003, -3.219999999999999], [154.62000000000003, -3.239999999999999], [154.60000000000002, -3.239999999999999]]]]}, "properties": {"areaKm2": 10, "country": "Papua New Guinea", "nearestPlace": "Sohano (245 km)", "lon": 154.61, "lat": -3.23, "west": 154.6, "south": -3.26, "east": 154.64, "north": -3.22, "otherDirectionPct": 100}}, {"type": "Feature", "geometry": {"type": "MultiPolygon", "coordinates": [[[[154.70000000000002, -3.3400000000000074], [154.70000000000002, -3.3600000000000074], [154.68000000000004, -3.3600000000000074], [154.68000000000004, -3.3400000000000074], [154.70000000000002, -3.3400000000000074]]], [[[154.66000000000003, -3.3400000000000074], [154.66000000000003, -3.3200000000000074], [154.68000000000004, -3.3200000000000074], [154.68000000000004, -3.3400000000000074], [154.66000000000003, -3.3400000000000074]]]]}, "properties": {"areaKm2": 10, "country": "Papua New Guinea", "nearestPlace": "Sohano (234 km)", "lon": 154.67, "lat": -3.33, "west": 154.66, "south": -3.36, "east": 154.7, "north": -3.32, "otherDirectionPct": 100}}, {"type": "Feature", "geometry": {"type": "MultiPolygon", "coordinates": [[[[-81.60000000000001, 3.96], [-81.62, 3.96], [-81.62, 3.98], [-81.60000000000001, 3.98], [-81.60000000000001, 3.96]]], [[[-81.60000000000001, 4.0], [-81.58, 4.0], [-81.58, 3.98], [-81.60000000000001, 3.98], [-81.60000000000001, 4.0]]]]}, "properties": {"areaKm2": 10, "country": "Colombia", "nearestPlace": "Tumaco (393 km)", "lon": -81.59, "lat": 3.99, "west": -81.62, "south": 3.96, "east": -81.58, "north": 4.0, "otherDirectionPct": 0}}, {"type": "Feature", "geometry": {"type": "MultiPolygon", "coordinates": [[[[153.68000000000004, 5.279999999999993], [153.66000000000003, 5.279999999999993], [153.66000000000003, 5.299999999999994], [153.68000000000004, 5.299999999999994], [153.68000000000004, 5.279999999999993]]], [[[153.68000000000004, 5.319999999999993], [153.70000000000002, 5.319999999999993], [153.70000000000002, 5.299999999999994], [153.68000000000004, 5.299999999999994], [153.68000000000004, 5.319999999999993]]]]}, "properties": {"areaKm2": 10, "country": "Federated States of Micronesia", "nearestPlace": "Palikir (531 km)", "lon": 153.67, "lat": 5.29, "west": 153.66, "south": 5.28, "east": 153.7, "north": 5.32, "otherDirectionPct": 0}}, {"type": "Feature", "geometry": {"type": "MultiPolygon", "coordinates": [[[[72.50000000000001, -7.280000000000005], [72.50000000000001, -7.300000000000005], [72.48, -7.300000000000005], [72.48, -7.280000000000005], [72.50000000000001, -7.280000000000005]]], [[[72.46000000000001, -7.280000000000005], [72.46000000000001, -7.260000000000005], [72.48, -7.260000000000005], [72.48, -7.280000000000005], [72.46000000000001, -7.280000000000005]]]]}, "properties": {"areaKm2": 10, "country": "British Indian Ocean Territory", "nearestPlace": "Mal\u00e9 (1281 km)", "lon": 72.49, "lat": -7.29, "west": 72.46, "south": -7.3, "east": 72.5, "north": -7.26, "otherDirectionPct": 0}}, {"type": "Feature", "geometry": {"type": "Polygon", "coordinates": [[[134.7, 8.099999999999994], [134.7, 8.059999999999995], [134.72, 8.059999999999995], [134.72, 8.099999999999994], [134.7, 8.099999999999994]]]}, "properties": {"areaKm2": 10, "country": "Palau", "nearestPlace": "Melekeok (67 km)", "lon": 134.71, "lat": 8.08, "west": 134.7, "south": 8.06, "east": 134.72, "north": 8.1, "otherDirectionPct": 0}}, {"type": "Feature", "geometry": {"type": "Polygon", "coordinates": [[[46.48000000000002, -9.719999999999999], [46.48000000000002, -9.759999999999998], [46.50000000000002, -9.759999999999998], [46.50000000000002, -9.719999999999999], [46.48000000000002, -9.719999999999999]]]}, "properties": {"areaKm2": 10, "country": "Seychelles", "nearestPlace": "Dzaoudzi (365 km)", "lon": 46.49, "lat": -9.74, "west": 46.48, "south": -9.76, "east": 46.5, "north": -9.72, "otherDirectionPct": 0}}, {"type": "Feature", "geometry": {"type": "MultiPolygon", "coordinates": [[[[167.20000000000002, -9.879999999999999], [167.20000000000002, -9.899999999999999], [167.18000000000004, -9.899999999999999], [167.18000000000004, -9.879999999999999], [167.20000000000002, -9.879999999999999]]], [[[167.16000000000003, -9.879999999999999], [167.16000000000003, -9.86], [167.18000000000004, -9.86], [167.18000000000004, -9.879999999999999], [167.16000000000003, -9.879999999999999]]]]}, "properties": {"areaKm2": 10, "country": "Solomon Islands", "nearestPlace": "Lata (175 km)", "lon": 167.17, "lat": -9.87, "west": 167.16, "south": -9.9, "east": 167.2, "north": -9.86, "otherDirectionPct": 100}}, {"type": "Feature", "geometry": {"type": "Polygon", "coordinates": [[[166.84000000000003, 11.159999999999997], [166.84000000000003, 11.139999999999997], [166.88000000000002, 11.139999999999997], [166.88000000000002, 11.159999999999997], [166.84000000000003, 11.159999999999997]]]}, "properties": {"areaKm2": 10, "country": "Marshall Islands", "nearestPlace": "Majuro (675 km)", "lon": 166.86, "lat": 11.15, "west": 166.84, "south": 11.14, "east": 166.88, "north": 11.16, "otherDirectionPct": 100}}, {"type": "Feature", "geometry": {"type": "Polygon", "coordinates": [[[96.88, -12.180000000000007], [96.88, -12.200000000000006], [96.92, -12.200000000000006], [96.92, -12.180000000000007], [96.88, -12.180000000000007]]]}, "properties": {"areaKm2": 10, "country": "Indian Ocean Territories", "nearestPlace": "Bengkulu (1109 km)", "lon": 96.9, "lat": -12.19, "west": 96.88, "south": -12.2, "east": 96.92, "north": -12.18, "otherDirectionPct": 0}}, {"type": "Feature", "geometry": {"type": "Polygon", "coordinates": [[[-72.08, 12.260000000000005], [-72.08, 12.240000000000006], [-72.03999999999999, 12.240000000000006], [-72.03999999999999, 12.260000000000005], [-72.08, 12.260000000000005]]]}, "properties": {"areaKm2": 10, "country": "Colombia", "nearestPlace": "Riohacha (123 km)", "lon": -72.06, "lat": 12.25, "west": -72.08, "south": 12.24, "east": -72.04, "north": 12.26, "otherDirectionPct": 100}}, {"type": "Feature", "geometry": {"type": "Polygon", "coordinates": [[[-136.48, -18.460000000000008], [-136.48, -18.480000000000008], [-136.44, -18.480000000000008], [-136.44, -18.460000000000008], [-136.48, -18.460000000000008]]]}, "properties": {"areaKm2": 9, "country": "French Polynesia", "nearestPlace": "Papeete (1463 km)", "lon": -136.46, "lat": -18.47, "west": -136.48, "south": -18.48, "east": -136.44, "north": -18.46, "otherDirectionPct": 0}}, {"type": "Feature", "geometry": {"type": "MultiPolygon", "coordinates": [[[[-136.3, -18.539999999999996], [-136.3, -18.559999999999995], [-136.32, -18.559999999999995], [-136.32, -18.539999999999996], [-136.3, -18.539999999999996]]], [[[-136.34, -18.539999999999996], [-136.34, -18.519999999999996], [-136.32, -18.519999999999996], [-136.32, -18.539999999999996], [-136.34, -18.539999999999996]]]]}, "properties": {"areaKm2": 9, "country": "French Polynesia", "nearestPlace": "Papeete (1478 km)", "lon": -136.33, "lat": -18.53, "west": -136.34, "south": -18.56, "east": -136.3, "north": -18.52, "otherDirectionPct": 0}}, {"type": "Feature", "geometry": {"type": "Polygon", "coordinates": [[[-159.8, -18.840000000000003], [-159.8, -18.880000000000003], [-159.78, -18.880000000000003], [-159.78, -18.840000000000003], [-159.8, -18.840000000000003]]]}, "properties": {"areaKm2": 9, "country": "Cook Islands", "nearestPlace": "Avarua (260 km)", "lon": -159.79, "lat": -18.86, "west": -159.8, "south": -18.88, "east": -159.78, "north": -18.84, "otherDirectionPct": 0}}, {"type": "Feature", "geometry": {"type": "Polygon", "coordinates": [[[-157.34, -20.14], [-157.34, -20.18], [-157.32, -20.18], [-157.32, -20.14], [-157.34, -20.14]]]}, "properties": {"areaKm2": 9, "country": "Cook Islands", "nearestPlace": "Avarua (297 km)", "lon": -157.33, "lat": -20.16, "west": -157.34, "south": -20.18, "east": -157.32, "north": -20.14, "otherDirectionPct": 100}}, {"type": "Feature", "geometry": {"type": "Polygon", "coordinates": [[[-7.639999999999986, 62.120000000000005], [-7.639999999999986, 62.1], [-7.559999999999986, 62.1], [-7.559999999999986, 62.120000000000005], [-7.639999999999986, 62.120000000000005]]]}, "properties": {"areaKm2": 9, "country": "Faeroe Islands", "nearestPlace": "T\u00f3rshavn (87 km)", "lon": -7.6, "lat": 62.11, "west": -7.64, "south": 62.1, "east": -7.56, "north": 62.12, "otherDirectionPct": 0}}, {"type": "Feature", "geometry": {"type": "Polygon", "coordinates": [[[-42.120000000000005, -53.46000000000001], [-42.120000000000005, -53.48000000000001], [-42.080000000000005, -53.50000000000001], [-42.080000000000005, -53.46000000000001], [-42.120000000000005, -53.46000000000001]]]}, "properties": {"areaKm2": 9, "country": "South Georgia and the Islands", "nearestPlace": "Grytviken (629 km)", "lon": -42.1, "lat": -53.47, "west": -42.12, "south": -53.5, "east": -42.08, "north": -53.46, "otherDirectionPct": 0}}, {"type": "Feature", "geometry": {"type": "Polygon", "coordinates": [[[-41.75999999999999, -53.56], [-41.75999999999999, -53.6], [-41.73999999999999, -53.6], [-41.71999999999999, -53.56], [-41.75999999999999, -53.56]]]}, "properties": {"areaKm2": 9, "country": "South Georgia and the Islands", "nearestPlace": "Grytviken (588 km)", "lon": -41.74, "lat": -53.57, "west": -41.76, "south": -53.6, "east": -41.72, "north": -53.56, "otherDirectionPct": 0}}, {"type": "Feature", "geometry": {"type": "Polygon", "coordinates": [[[172.12, -34.14], [172.12, -34.160000000000004], [172.16, -34.160000000000004], [172.16, -34.14], [172.12, -34.14]]]}, "properties": {"areaKm2": 8, "country": "New Zealand", "nearestPlace": "Kaitaia (165 km)", "lon": 172.14, "lat": -34.15, "west": 172.12, "south": -34.16, "east": 172.16, "north": -34.14, "otherDirectionPct": 0}}, {"type": "Feature", "geometry": {"type": "Polygon", "coordinates": [[[-177.46, 51.92], [-177.46, 51.9], [-177.42000000000002, 51.9], [-177.42000000000002, 51.92], [-177.46, 51.92]]]}, "properties": {"areaKm2": 6, "country": "United States", "nearestPlace": "Atka (362 km)", "lon": -177.44, "lat": 51.91, "west": -177.46, "south": 51.9, "east": -177.42, "north": 51.92, "otherDirectionPct": 100}}, {"type": "Feature", "geometry": {"type": "Polygon", "coordinates": [[[-176.14, 51.96], [-176.14, 51.94], [-176.1, 51.94], [-176.1, 51.96], [-176.14, 51.96]]]}, "properties": {"areaKm2": 6, "country": "United States", "nearestPlace": "Atka (215 km)", "lon": -176.12, "lat": 51.95, "west": -176.14, "south": 51.94, "east": -176.1, "north": 51.96, "otherDirectionPct": 100}}, {"type": "Feature", "geometry": {"type": "MultiPolygon", "coordinates": [[[[-175.72, 51.94], [-175.74, 51.94], [-175.74, 51.959999999999994], [-175.72, 51.959999999999994], [-175.72, 51.94]]], [[[-175.72, 51.98], [-175.70000000000002, 51.98], [-175.70000000000002, 51.959999999999994], [-175.72, 51.959999999999994], [-175.72, 51.98]]]]}, "properties": {"areaKm2": 6, "country": "United States", "nearestPlace": "Atka (172 km)", "lon": -175.73, "lat": 51.95, "west": -175.74, "south": 51.94, "east": -175.7, "north": 51.98, "otherDirectionPct": 100}}, {"type": "Feature", "geometry": {"type": "Polygon", "coordinates": [[[-175.92, 51.98], [-175.92, 51.959999999999994], [-175.88, 51.959999999999994], [-175.88, 51.98], [-175.92, 51.98]]]}, "properties": {"areaKm2": 6, "country": "United States", "nearestPlace": "Atka (191 km)", "lon": -175.9, "lat": 51.97, "west": -175.92, "south": 51.96, "east": -175.88, "north": 51.98, "otherDirectionPct": 100}}, {"type": "Feature", "geometry": {"type": "Polygon", "coordinates": [[[-171.16, 52.58], [-171.16, 52.559999999999995], [-171.12, 52.559999999999995], [-171.12, 52.58], [-171.16, 52.58]]]}, "properties": {"areaKm2": 6, "country": "United States", "nearestPlace": "Nikolski (256 km)", "lon": -171.14, "lat": 52.57, "west": -171.16, "south": 52.56, "east": -171.12, "north": 52.58, "otherDirectionPct": 100}}, {"type": "Feature", "geometry": {"type": "MultiPolygon", "coordinates": [[[[139.26000000000002, 54.58], [139.24, 54.58], [139.24, 54.599999999999994], [139.26000000000002, 54.599999999999994], [139.26000000000002, 54.58]]], [[[139.26000000000002, 54.62], [139.28, 54.62], [139.28, 54.599999999999994], [139.26000000000002, 54.599999999999994], [139.26000000000002, 54.62]]]]}, "properties": {"areaKm2": 6, "country": "Russian Federation", "nearestPlace": "Nikolayevsk na Amure (230 km)", "lon": 139.25, "lat": 54.59, "west": 139.24, "south": 54.58, "east": 139.28, "north": 54.62, "otherDirectionPct": 100}}, {"type": "Feature", "geometry": {"type": "Polygon", "coordinates": [[[73.1, -0.6200000000000045], [73.1, -0.6400000000000046], [73.11999999999999, -0.6400000000000046], [73.11999999999999, -0.6200000000000045], [73.1, -0.6200000000000045]]]}, "properties": {"areaKm2": 5, "country": "Maldives", "nearestPlace": "Mal\u00e9 (536 km)", "lon": 73.11, "lat": -0.63, "west": 73.1, "south": -0.64, "east": 73.12, "north": -0.62, "otherDirectionPct": 0}}, {"type": "Feature", "geometry": {"type": "Polygon", "coordinates": [[[73.22, -0.6200000000000045], [73.22, -0.6400000000000046], [73.24, -0.6400000000000046], [73.24, -0.6200000000000045], [73.22, -0.6200000000000045]]]}, "properties": {"areaKm2": 5, "country": "Maldives", "nearestPlace": "Mal\u00e9 (535 km)", "lon": 73.23, "lat": -0.63, "west": 73.22, "south": -0.64, "east": 73.24, "north": -0.62, "otherDirectionPct": 0}}, {"type": "Feature", "geometry": {"type": "Polygon", "coordinates": [[[154.78000000000003, 0.980000000000004], [154.78000000000003, 0.960000000000004], [154.80000000000004, 0.960000000000004], [154.80000000000004, 0.980000000000004], [154.78000000000003, 0.980000000000004]]]}, "properties": {"areaKm2": 5, "country": "Federated States of Micronesia", "nearestPlace": "Kavieng (594 km)", "lon": 154.79, "lat": 0.97, "west": 154.78, "south": 0.96, "east": 154.8, "north": 0.98, "otherDirectionPct": 0}}, {"type": "Feature", "geometry": {"type": "Polygon", "coordinates": [[[131.78000000000003, 2.980000000000004], [131.78000000000003, 2.960000000000004], [131.80000000000004, 2.960000000000004], [131.80000000000004, 2.980000000000004], [131.78000000000003, 2.980000000000004]]]}, "properties": {"areaKm2": 5, "country": "Palau", "nearestPlace": "Sorong (430 km)", "lon": 131.79, "lat": 2.97, "west": 131.78, "south": 2.96, "east": 131.8, "north": 2.98, "otherDirectionPct": 0}}, {"type": "Feature", "geometry": {"type": "Polygon", "coordinates": [[[105.63999999999999, 3.1200000000000045], [105.63999999999999, 3.1000000000000045], [105.65999999999998, 3.1000000000000045], [105.65999999999998, 3.1200000000000045], [105.63999999999999, 3.1200000000000045]]]}, "properties": {"areaKm2": 5, "country": "Indonesia", "nearestPlace": "Kuantan (271 km)", "lon": 105.65, "lat": 3.11, "west": 105.64, "south": 3.1, "east": 105.66, "north": 3.12, "otherDirectionPct": 100}}, {"type": "Feature", "geometry": {"type": "Polygon", "coordinates": [[[154.64, -3.280000000000001], [154.64, -3.300000000000001], [154.66, -3.300000000000001], [154.66, -3.280000000000001], [154.64, -3.280000000000001]]]}, "properties": {"areaKm2": 5, "country": "Papua New Guinea", "nearestPlace": "Sohano (238 km)", "lon": 154.65, "lat": -3.29, "west": 154.64, "south": -3.3, "east": 154.66, "north": -3.28, "otherDirectionPct": 100}}, {"type": "Feature", "geometry": {"type": "Polygon", "coordinates": [[[154.88, 3.780000000000001], [154.88, 3.760000000000001], [154.9, 3.760000000000001], [154.9, 3.780000000000001], [154.88, 3.780000000000001]]]}, "properties": {"areaKm2": 5, "country": "Federated States of Micronesia", "nearestPlace": "Palikir (504 km)", "lon": 154.89, "lat": 3.77, "west": 154.88, "south": 3.76, "east": 154.9, "north": 3.78, "otherDirectionPct": 0}}, {"type": "Feature", "geometry": {"type": "Polygon", "coordinates": [[[-174.52, -4.680000000000007], [-174.52, -4.700000000000006], [-174.5, -4.700000000000006], [-174.5, -4.680000000000007], [-174.52, -4.680000000000007]]]}, "properties": {"areaKm2": 5, "country": "Kiribati", "nearestPlace": "Atafu (484 km)", "lon": -174.51, "lat": -4.69, "west": -174.52, "south": -4.7, "east": -174.5, "north": -4.68, "otherDirectionPct": 0}}, {"type": "Feature", "geometry": {"type": "Polygon", "coordinates": [[[71.34, -6.180000000000007], [71.34, -6.200000000000006], [71.36, -6.200000000000006], [71.36, -6.180000000000007], [71.34, -6.180000000000007]]]}, "properties": {"areaKm2": 5, "country": "British Indian Ocean Territory", "nearestPlace": "Mal\u00e9 (1178 km)", "lon": 71.35, "lat": -6.19, "west": 71.34, "south": -6.2, "east": 71.36, "north": -6.18, "otherDirectionPct": 100}}, {"type": "Feature", "geometry": {"type": "Polygon", "coordinates": [[[143.90000000000003, 7.3799999999999955], [143.90000000000003, 7.359999999999996], [143.92000000000004, 7.359999999999996], [143.92000000000004, 7.3799999999999955], [143.90000000000003, 7.3799999999999955]]]}, "properties": {"areaKm2": 5, "country": "Federated States of Micronesia", "nearestPlace": "Agana (685 km)", "lon": 143.91, "lat": 7.37, "west": 143.9, "south": 7.36, "east": 143.92, "north": 7.38, "otherDirectionPct": 0}}, {"type": "Feature", "geometry": {"type": "Polygon", "coordinates": [[[-157.98, -8.960000000000008], [-157.98, -8.980000000000008], [-157.95999999999998, -8.980000000000008], [-157.95999999999998, -8.960000000000008], [-157.98, -8.960000000000008]]]}, "properties": {"areaKm2": 5, "country": "Cook Islands", "nearestPlace": "Papeete (1336 km)", "lon": -157.97, "lat": -8.97, "west": -157.98, "south": -8.98, "east": -157.96, "north": -8.96, "otherDirectionPct": 0}}, {"type": "Feature", "geometry": {"type": "Polygon", "coordinates": [[[46.20000000000002, -9.379999999999995], [46.20000000000002, -9.399999999999995], [46.22000000000002, -9.399999999999995], [46.22000000000002, -9.379999999999995], [46.20000000000002, -9.379999999999995]]]}, "properties": {"areaKm2": 5, "country": "Seychelles", "nearestPlace": "Dzaoudzi (392 km)", "lon": 46.21, "lat": -9.39, "west": 46.2, "south": -9.4, "east": 46.22, "north": -9.38, "otherDirectionPct": 0}}, {"type": "Feature", "geometry": {"type": "Polygon", "coordinates": [[[140.51999999999998, 9.780000000000001], [140.51999999999998, 9.760000000000002], [140.54, 9.760000000000002], [140.54, 9.780000000000001], [140.51999999999998, 9.780000000000001]]]}, "properties": {"areaKm2": 5, "country": "Federated States of Micronesia", "nearestPlace": "Agana (625 km)", "lon": 140.53, "lat": 9.77, "west": 140.52, "south": 9.76, "east": 140.54, "north": 9.78, "otherDirectionPct": 0}}, {"type": "Feature", "geometry": {"type": "Polygon", "coordinates": [[[167.45999999999998, 11.299999999999997], [167.45999999999998, 11.279999999999998], [167.48, 11.279999999999998], [167.48, 11.299999999999997], [167.45999999999998, 11.299999999999997]]]}, "properties": {"areaKm2": 5, "country": "Marshall Islands", "nearestPlace": "Majuro (638 km)", "lon": 167.47, "lat": 11.29, "west": 167.46, "south": 11.28, "east": 167.48, "north": 11.3, "otherDirectionPct": 100}}, {"type": "Feature", "geometry": {"type": "Polygon", "coordinates": [[[162.34000000000003, 11.36], [162.34000000000003, 11.34], [162.36000000000004, 11.34], [162.36000000000004, 11.36], [162.34000000000003, 11.36]]]}, "properties": {"areaKm2": 5, "country": "Marshall Islands", "nearestPlace": "Palikir (680 km)", "lon": 162.35, "lat": 11.35, "west": 162.34, "south": 11.34, "east": 162.36, "north": 11.36, "otherDirectionPct": 0}}, {"type": "Feature", "geometry": {"type": "Polygon", "coordinates": [[[123.57999999999998, -12.420000000000002], [123.57999999999998, -12.440000000000001], [123.59999999999998, -12.440000000000001], [123.59999999999998, -12.420000000000002], [123.57999999999998, -12.420000000000002]]]}, "properties": {"areaKm2": 5, "country": "Ashmore and Cartier Islands", "nearestPlace": "Kupang (251 km)", "lon": 123.59, "lat": -12.43, "west": 123.58, "south": -12.44, "east": 123.6, "north": -12.42, "otherDirectionPct": 100}}, {"type": "Feature", "geometry": {"type": "Polygon", "coordinates": [[[-61.5, 12.459999999999994], [-61.5, 12.439999999999994], [-61.48, 12.439999999999994], [-61.48, 12.459999999999994], [-61.5, 12.459999999999994]]]}, "properties": {"areaKm2": 5, "country": "Grenada", "nearestPlace": "Saint George's (52 km)", "lon": -61.49, "lat": 12.45, "west": -61.5, "south": 12.44, "east": -61.48, "north": 12.46, "otherDirectionPct": 100}}, {"type": "Feature", "geometry": {"type": "Polygon", "coordinates": [[[-140.12, -15.960000000000008], [-140.12, -15.980000000000008], [-140.1, -15.980000000000008], [-140.1, -15.960000000000008], [-140.12, -15.960000000000008]]]}, "properties": {"areaKm2": 5, "country": "French Polynesia", "nearestPlace": "Papeete (1067 km)", "lon": -140.11, "lat": -15.97, "west": -140.12, "south": -15.98, "east": -140.1, "north": -15.96, "otherDirectionPct": 100}}, {"type": "Feature", "geometry": {"type": "Polygon", "coordinates": [[[-169.54, 16.739999999999995], [-169.54, 16.719999999999995], [-169.51999999999998, 16.719999999999995], [-169.51999999999998, 16.739999999999995], [-169.54, 16.739999999999995]]]}, "properties": {"areaKm2": 5, "country": "United States Minor Outlying Islands", "nearestPlace": "Lihue (1273 km)", "lon": -169.53, "lat": 16.73, "west": -169.54, "south": 16.72, "east": -169.52, "north": 16.74, "otherDirectionPct": 0}}, {"type": "Feature", "geometry": {"type": "Polygon", "coordinates": [[[-136.42000000000002, -18.480000000000004], [-136.42000000000002, -18.500000000000004], [-136.4, -18.500000000000004], [-136.4, -18.480000000000004], [-136.42000000000002, -18.480000000000004]]]}, "properties": {"areaKm2": 5, "country": "French Polynesia", "nearestPlace": "Papeete (1468 km)", "lon": -136.41, "lat": -18.49, "west": -136.42, "south": -18.5, "east": -136.4, "north": -18.48, "otherDirectionPct": 0}}, {"type": "Feature", "geometry": {"type": "Polygon", "coordinates": [[[-87.26, 18.679999999999993], [-87.26, 18.659999999999993], [-87.24000000000001, 18.659999999999993], [-87.24000000000001, 18.679999999999993], [-87.26, 18.679999999999993]]]}, "properties": {"areaKm2": 5, "country": "Mexico", "nearestPlace": "Chetumal (118 km)", "lon": -87.25, "lat": 18.67, "west": -87.26, "south": 18.66, "east": -87.24, "north": 18.68, "otherDirectionPct": 100}}, {"type": "Feature", "geometry": {"type": "Polygon", "coordinates": [[[-158.96, -19.24000000000001], [-158.96, -19.26000000000001], [-158.94, -19.26000000000001], [-158.94, -19.24000000000001], [-158.96, -19.24000000000001]]]}, "properties": {"areaKm2": 5, "country": "Cook Islands", "nearestPlace": "Avarua (236 km)", "lon": -158.95, "lat": -19.25, "west": -158.96, "south": -19.26, "east": -158.94, "north": -19.24, "otherDirectionPct": 100}}, {"type": "Feature", "geometry": {"type": "Polygon", "coordinates": [[[-158.92, -19.24000000000001], [-158.92, -19.26000000000001], [-158.89999999999998, -19.26000000000001], [-158.89999999999998, -19.24000000000001], [-158.92, -19.24000000000001]]]}, "properties": {"areaKm2": 5, "country": "Cook Islands", "nearestPlace": "Avarua (238 km)", "lon": -158.91, "lat": -19.25, "west": -158.92, "south": -19.26, "east": -158.9, "north": -19.24, "otherDirectionPct": 100}}, {"type": "Feature", "geometry": {"type": "Polygon", "coordinates": [[[166.64, 19.299999999999997], [166.64, 19.279999999999998], [166.66, 19.279999999999998], [166.66, 19.299999999999997], [166.64, 19.299999999999997]]]}, "properties": {"areaKm2": 5, "country": "United States Minor Outlying Islands", "nearestPlace": "Majuro (1455 km)", "lon": 166.65, "lat": 19.29, "west": 166.64, "south": 19.28, "east": 166.66, "north": 19.3, "otherDirectionPct": 0}}, {"type": "Feature", "geometry": {"type": "Polygon", "coordinates": [[[158.32, -19.86], [158.32, -19.88], [158.34, -19.88], [158.34, -19.86], [158.32, -19.86]]]}, "properties": {"areaKm2": 5, "country": "Coral Sea Islands", "nearestPlace": "Hervey Bay (859 km)", "lon": 158.33, "lat": -19.87, "west": 158.32, "south": -19.88, "east": 158.34, "north": -19.86, "otherDirectionPct": 0}}, {"type": "Feature", "geometry": {"type": "Polygon", "coordinates": [[[-29.340000000000003, -20.560000000000002], [-29.340000000000003, -20.580000000000002], [-29.320000000000004, -20.580000000000002], [-29.320000000000004, -20.560000000000002], [-29.340000000000003, -20.560000000000002]]]}, "properties": {"areaKm2": 5, "country": "Brazil", "nearestPlace": "Nova Vi\u00e7osa (1157 km)", "lon": -29.33, "lat": -20.57, "west": -29.34, "south": -20.58, "east": -29.32, "north": -20.56, "otherDirectionPct": 0}}, {"type": "Feature", "geometry": {"type": "Polygon", "coordinates": [[[-176.22, -22.320000000000007], [-176.22, -22.340000000000007], [-176.2, -22.340000000000007], [-176.2, -22.320000000000007], [-176.22, -22.320000000000007]]]}, "properties": {"areaKm2": 5, "country": "Tonga", "nearestPlace": "Nuku'alofa (172 km)", "lon": -176.21, "lat": -22.33, "west": -176.22, "south": -22.34, "east": -176.2, "north": -22.32, "otherDirectionPct": 100}}, {"type": "Feature", "geometry": {"type": "Polygon", "coordinates": [[[2.140000000000015, 23.620000000000005], [2.140000000000015, 23.600000000000005], [2.160000000000015, 23.600000000000005], [2.160000000000015, 23.620000000000005], [2.140000000000015, 23.620000000000005]]]}, "properties": {"areaKm2": 5, "country": "Algeria", "nearestPlace": "Arak (257 km)", "lon": 2.15, "lat": 23.61, "west": 2.14, "south": 23.6, "east": 2.16, "north": 23.62, "otherDirectionPct": 100}}, {"type": "Feature", "geometry": {"type": "Polygon", "coordinates": [[[2.219999999999999, 23.64], [2.219999999999999, 23.62], [2.239999999999999, 23.62], [2.239999999999999, 23.64], [2.219999999999999, 23.64]]]}, "properties": {"areaKm2": 5, "country": "Algeria", "nearestPlace": "Arak (250 km)", "lon": 2.23, "lat": 23.63, "west": 2.22, "south": 23.62, "east": 2.24, "north": 23.64, "otherDirectionPct": 100}}, {"type": "Feature", "geometry": {"type": "Polygon", "coordinates": [[[2.3000000000000114, 23.659999999999997], [2.3000000000000114, 23.639999999999997], [2.3200000000000114, 23.639999999999997], [2.3200000000000114, 23.659999999999997], [2.3000000000000114, 23.659999999999997]]]}, "properties": {"areaKm2": 5, "country": "Algeria", "nearestPlace": "Arak (242 km)", "lon": 2.31, "lat": 23.65, "west": 2.3, "south": 23.64, "east": 2.32, "north": 23.66, "otherDirectionPct": 100}}, {"type": "Feature", "geometry": {"type": "Polygon", "coordinates": [[[2.3799999999999955, 23.679999999999993], [2.3799999999999955, 23.659999999999993], [2.3999999999999955, 23.659999999999993], [2.3999999999999955, 23.679999999999993], [2.3799999999999955, 23.679999999999993]]]}, "properties": {"areaKm2": 5, "country": "Algeria", "nearestPlace": "Arak (235 km)", "lon": 2.39, "lat": 23.67, "west": 2.38, "south": 23.66, "east": 2.4, "north": 23.68, "otherDirectionPct": 100}}, {"type": "Feature", "geometry": {"type": "Polygon", "coordinates": [[[-130.76, -23.92], [-130.76, -23.94], [-130.73999999999998, -23.94], [-130.73999999999998, -23.92], [-130.76, -23.92]]]}, "properties": {"areaKm2": 5, "country": "Pitcairn Islands", "nearestPlace": "Papeete (2212 km)", "lon": -130.75, "lat": -23.93, "west": -130.76, "south": -23.94, "east": -130.74, "north": -23.92, "otherDirectionPct": 100}}, {"type": "Feature", "geometry": {"type": "Polygon", "coordinates": [[[-15.52000000000001, 24.159999999999997], [-15.52000000000001, 24.139999999999997], [-15.50000000000001, 24.139999999999997], [-15.50000000000001, 24.159999999999997], [-15.52000000000001, 24.159999999999997]]]}, "properties": {"areaKm2": 5, "country": "Morocco", "nearestPlace": "Ad Dakhla (68 km)", "lon": -15.51, "lat": 24.15, "west": -15.52, "south": 24.14, "east": -15.5, "north": 24.16, "otherDirectionPct": 100}}, {"type": "Feature", "geometry": {"type": "Polygon", "coordinates": [[[153.94, 24.319999999999993], [153.94, 24.299999999999994], [153.96, 24.299999999999994], [153.96, 24.319999999999993], [153.94, 24.319999999999993]]]}, "properties": {"areaKm2": 5, "country": "Japan", "nearestPlace": "Capitol Hill (1363 km)", "lon": 153.95, "lat": 24.31, "west": 153.94, "south": 24.3, "east": 153.96, "north": 24.32, "otherDirectionPct": 0}}, {"type": "Feature", "geometry": {"type": "Polygon", "coordinates": [[[-130.12, -25.060000000000002], [-130.12, -25.080000000000002], [-130.1, -25.080000000000002], [-130.1, -25.060000000000002], [-130.12, -25.060000000000002]]]}, "properties": {"areaKm2": 4, "country": "Pitcairn Islands", "nearestPlace": "Papeete (2323 km)", "lon": -130.11, "lat": -25.07, "west": -130.12, "south": -25.08, "east": -130.1, "north": -25.06, "otherDirectionPct": 100}}, {"type": "Feature", "geometry": {"type": "Polygon", "coordinates": [[[-171.74, 25.78], [-171.74, 25.76], [-171.72, 25.76], [-171.72, 25.78], [-171.74, 25.78]]]}, "properties": {"areaKm2": 4, "country": "United States", "nearestPlace": "Lihue (1439 km)", "lon": -171.73, "lat": 25.77, "west": -171.74, "south": 25.76, "east": -171.72, "north": 25.78, "otherDirectionPct": 0}}, {"type": "Feature", "geometry": {"type": "Polygon", "coordinates": [[[1.1800000000000068, 26.68], [1.1800000000000068, 26.66], [1.2000000000000068, 26.66], [1.2000000000000068, 26.68], [1.1800000000000068, 26.68]]]}, "properties": {"areaKm2": 4, "country": "Algeria", "nearestPlace": "Reggane (114 km)", "lon": 1.19, "lat": 26.67, "west": 1.18, "south": 26.66, "east": 1.2, "north": 26.68, "otherDirectionPct": 100}}, {"type": "Feature", "geometry": {"type": "Polygon", "coordinates": [[[1.259999999999991, 26.699999999999996], [1.259999999999991, 26.679999999999996], [1.279999999999991, 26.679999999999996], [1.279999999999991, 26.699999999999996], [1.259999999999991, 26.699999999999996]]]}, "properties": {"areaKm2": 4, "country": "Algeria", "nearestPlace": "Reggane (123 km)", "lon": 1.27, "lat": 26.69, "west": 1.26, "south": 26.68, "east": 1.28, "north": 26.7, "otherDirectionPct": 100}}, {"type": "Feature", "geometry": {"type": "Polygon", "coordinates": [[[1.3400000000000034, 26.72], [1.3400000000000034, 26.7], [1.3600000000000034, 26.7], [1.3600000000000034, 26.72], [1.3400000000000034, 26.72]]]}, "properties": {"areaKm2": 4, "country": "Algeria", "nearestPlace": "Reggane (132 km)", "lon": 1.35, "lat": 26.71, "west": 1.34, "south": 26.7, "east": 1.36, "north": 26.72, "otherDirectionPct": 100}}, {"type": "Feature", "geometry": {"type": "Polygon", "coordinates": [[[1.420000000000016, 26.740000000000002], [1.420000000000016, 26.720000000000002], [1.440000000000016, 26.720000000000002], [1.440000000000016, 26.740000000000002], [1.420000000000016, 26.740000000000002]]]}, "properties": {"areaKm2": 4, "country": "Algeria", "nearestPlace": "I-n-Salah (127 km)", "lon": 1.43, "lat": 26.73, "west": 1.42, "south": 26.72, "east": 1.44, "north": 26.74, "otherDirectionPct": 100}}, {"type": "Feature", "geometry": {"type": "Polygon", "coordinates": [[[-78.34, 27.240000000000002], [-78.34, 27.220000000000002], [-78.32000000000001, 27.220000000000002], [-78.32000000000001, 27.240000000000002], [-78.34, 27.240000000000002]]]}, "properties": {"areaKm2": 4, "country": "Bahamas", "nearestPlace": "Freeport (88 km)", "lon": -78.33, "lat": 27.23, "west": -78.34, "south": 27.22, "east": -78.32, "north": 27.24, "otherDirectionPct": 100}}, {"type": "Feature", "geometry": {"type": "Polygon", "coordinates": [[[125.28000000000003, 34.4], [125.28000000000003, 34.379999999999995], [125.30000000000003, 34.379999999999995], [125.30000000000003, 34.4], [125.28000000000003, 34.4]]]}, "properties": {"areaKm2": 4, "country": "Republic of Korea", "nearestPlace": "Mokpo (132 km)", "lon": 125.29, "lat": 34.39, "west": 125.28, "south": 34.38, "east": 125.3, "north": 34.4, "otherDirectionPct": 100}}, {"type": "Feature", "geometry": {"type": "Polygon", "coordinates": [[[125.18, 34.68], [125.18, 34.66], [125.2, 34.66], [125.2, 34.68], [125.18, 34.68]]]}, "properties": {"areaKm2": 4, "country": "Republic of Korea", "nearestPlace": "Mokpo (135 km)", "lon": 125.19, "lat": 34.67, "west": 125.18, "south": 34.66, "east": 125.2, "north": 34.68, "otherDirectionPct": 100}}]}