{"type": "FeatureCollection", "features": [{"type": "Feature", "geometry": {"type": "MultiPolygon", "coordinates": [[[[-170.25882352941179, 57.248677248677254], [-170.25882352941179, 57.24867724867725], [-170.25882352941179, 57.08707581105408], [-170.2629972969058, 57.086777909373126], [-170.26808521702347, 57.08693362865173], [-170.27313093772608, 57.08760585049668], [-170.36712507835108, 57.105037491121685], [-170.37202841432506, 57.10620523241356], [-170.37678926552138, 57.107860714000644], [-170.38135924964993, 57.10998711200273], [-170.38569192411288, 57.112562816837666], [-170.38974325797878, 57.11556165282946], [-170.39347207944826, 57.1189531442193], [-170.39684049426364, 57.12270282487637], [-170.42472135363863, 57.15707782487637], [-170.42781229337862, 57.161327017792445], [-170.43044023620715, 57.165877123879575], [-170.43257615959786, 57.17067789258712], [-170.43419647479817, 57.1756763050917], [-170.43528328733936, 57.18081715982749], [-170.43582459465986, 57.18604368212239], [-170.43655701653486, 57.20049680712239], [-170.4365635742034, 57.20542497720011], [-170.43608495259426, 57.210329854841106], [-170.4351258014021, 57.21516379032977], [-170.43369543855187, 57.219879823136544], [-170.43180775967727, 57.22443213812831], [-170.42948110312798, 57.22877651065143], [-170.42673807181714, 57.23287073616373], [-170.4236053136392, 57.23667504024154], [-170.42011326259217, 57.24015246497873], [-170.4162958431185, 57.243269228023934], [-170.41219014053726, 57.245995050768066], [-170.40783604076913, 57.248303452493744], [-170.40327584285416, 57.250172007629146], [-170.39855384802664, 57.251582563607116], [-170.39371592933938, 57.25252141721299], [-170.25882352941179, 57.27185786161496], [-170.25882352941179, 57.248677248677254]]], [[[-170.25882352941176, 57.24867724867725], [-170.25882352941176, 57.248677248677254], [-170.25882352941176, 57.27185786161496], [-170.1232569449644, 57.291290948462986], [-170.1183479376894, 57.29174907369615], [-170.11341767696646, 57.291721499092276], [-170.10851410116246, 57.29120849276729], [-170.10368488917905, 57.290215042831726], [-170.09897699685672, 57.288750808889866], [-170.0944362004094, 57.28683002811655], [-170.09010665132897, 57.284471376824996], [-170.08603044708735, 57.28169778887152], [-170.08224722181052, 57.27853623266297], [-170.0787937609043, 57.275017448935], [-170.07570364337906, 57.2711756518509], [-170.0730069153513, 57.2670481963273], [-170.07072979789626, 57.26267521482139], [-170.06889443209295, 57.258099227111266], [-170.0675186637399, 57.25336472686375], [-170.06661586983506, 57.24851774900941], [-170.0661948285077, 57.243605422131466], [-170.06625963366574, 57.23867551022084], [-170.06680965518967, 57.233775948252834], [-170.06783954505937, 57.22895437610141], [-170.06933928935442, 57.22425767532272], [-170.07129430562244, 57.21973151331204], [-170.07368558466845, 57.215419899266344], [-170.07648987538698, 57.21136475626996], [-170.12087464101197, 57.15350342814496], [-170.12403381653232, 57.149777142911454], [-170.12754155434942, 57.14637694188557], [-170.13136436876792, 57.143335284190925], [-170.13546576629682, 57.140681206211674], [-170.13980659402466, 57.13844004440427], [-170.24327339089967, 57.09127207565427], [-170.2480065847797, 57.08939909532554], [-170.25290568366324, 57.08801706430322], [-170.2579199109779, 57.08714030660894], [-170.25882352941176, 57.08707581105408], [-170.25882352941176, 57.24867724867725]]], [[[-169.4730552781174, 56.66610103857483], [-169.46845868965178, 56.664660375689515], [-169.4640220674278, 56.66278407125971], [-169.45978659063806, 56.66048954049396], [-169.4557915715127, 56.65779808043301], [-169.45207409043712, 56.654734672277975], [-169.44866865178454, 56.651327749523496], [-169.4456068636583, 56.64760893404789], [-169.44291714451654, 56.64361274260978], [-169.44062445940173, 56.639376266475544], [-169.42924750627674, 56.615694625850544], [-169.42732315867323, 56.61112028359126], [-169.42586174570212, 56.60637771119518], [-169.42487766387165, 56.60151362816185], [-169.4243806074589, 56.596575951002826], [-169.42437547301043, 56.591613321211916], [-169.42486231110615, 56.5866746260935], [-169.42583632586104, 56.58180851716937], [-169.42728792216965, 56.577062930908326], [-169.4292028002286, 56.57248461649977], [-169.43156209640495, 56.568118675323305], [-169.43434256906374, 56.56400811665106], [-169.43751682752318, 56.56019343395957], [-169.44105360188289, 56.55671220602494], [-169.44491805106622, 56.55359872673104], [-169.449072106043, 56.550883667237365], [-169.45347484485072, 56.548593773834796], [-169.56602367297572, 56.4969824457098], [-169.57067781795638, 56.495124478908295], [-169.5754945694597, 56.493741724016076], [-169.58042554204894, 56.49284807114129], [-169.58542120290895, 56.49245249724373], [-169.59043136941514, 56.49255897595911], [-169.63618332254012, 56.49583046033411], [-169.6407111227156, 56.496362591837844], [-169.64517163270332, 56.4973049235289], [-169.64952776936053, 56.49864962118638], [-169.65374331726846, 56.50038550545742], [-169.78728823914346, 56.56264136483242], [-169.79175898093487, 56.56500784741278], [-169.79596773596126, 56.567813939552494], [-169.79987142715703, 56.571030920593245], [-169.80343009981817, 56.5746258643841], [-169.80660733054282, 56.5785619762843], [-169.8093706000289, 56.582798969760326], [-169.8116916259126, 56.58729347872303], [-169.81354665224148, 56.59199950138423], [-169.8149166926193, 56.59686887109003], [-169.81578772453372, 56.60185174931176], [-169.81615083287835, 56.60689713574876], [-169.81600230119977, 56.611953390321965], [-169.81534364973587, 56.61696876171576], [-169.81418161985607, 56.62189191705832], [-169.81252810506254, 56.62667246731914], [-169.80159060506256, 56.65377207669414], [-169.7995936441559, 56.65811046466347], [-169.79719186970573, 56.66223853231381], [-169.7944071949863, 56.66611861604255], [-169.79126502677158, 56.66971531479916], [-169.78779403352954, 56.67299581307669], [-169.78402588385697, 56.67593018031346], [-169.77999495754213, 56.67849164397307], [-169.7757380318909, 56.68065683381125], [-169.77129394617867, 56.68240599510097], [-169.76670324728892, 56.683723168870316], [-169.76200781977226, 56.68459633750874], [-169.7572505037009, 56.685017534413106], [-169.7524747038048, 56.68498291667335], [-169.74772399345653, 56.68449280013427], [-169.62454573361433, 56.665803053010585], [-169.55919622257437, 56.677360878766315], [-169.55366860094858, 56.678023753156914], [-169.5481015509871, 56.6780680026996], [-169.5425640907559, 56.67749307880617], [-169.47776916888088, 56.66709268818117], [-169.4730552781174, 56.66610103857483]]]]}, "properties": {"tile": "N54W174_6x6", "epsg": 4326}}, {"type": "Feature", "geometry": {"type": "Polygon", "coordinates": [[[-162.63529411764705, 54.49735449735449], [-162.63529411764705, 54.4973544973545], [-162.63529411764705, 54.51098278864031], [-162.6312536069728, 54.51001460939907], [-162.62636357175774, 54.50829070606983], [-162.58891239988273, 54.492861018569826], [-162.5842336547239, 54.49064345680968], [-162.57980932326365, 54.48795393500251], [-162.57568684891152, 54.484821293682906], [-162.52212239578654, 54.43955762180791], [-162.51848134059207, 54.4361557306826], [-162.51519697730686, 54.43240831771255], [-162.51230192641898, 54.42835260242247], [-162.50982494174315, 54.424028866413735], [-162.50779062483596, 54.41948005328516], [-162.5062191806519, 54.41475134211468], [-162.50512621686644, 54.40988969873808], [-162.50452258885983, 54.40494340928161], [-162.5044142919007, 54.399961600581335], [-162.50480240160078, 54.3949937522525], [-162.50568306323183, 54.390089205255165], [-162.50704753001108, 54.38529667183683], [-162.50888224997468, 54.38066375171959], [-162.51116900057667, 54.3762364593369], [-162.5138850696764, 54.37205876681555], [-162.5170034811168, 54.368172167241894], [-162.5204932626531, 54.364615262550124], [-162.5243197535711, 54.361423380125586], [-162.52844494893927, 54.35862822193113], [-162.53282787707602, 54.35625754964134], [-162.5374250064829, 54.354334908912016], [-162.54219067820182, 54.352879395523274], [-162.6289094282018, 54.331053223648276], [-162.63370276201326, 54.330093222907415], [-162.63529411764705, 54.32993378990011], [-162.63529411764705, 54.49735449735449]]]}, "properties": {"tile": "N54W168_6x6", "epsg": 4326}}, {"type": "Feature", "geometry": {"type": "Polygon", "coordinates": [[[-2.964705882352956, 59.36507936507936], [-3.0816469594260347, 59.36507936507936], [-3.0778525814719058, 59.36893037554027], [-3.0741952550173517, 59.37229080978453], [-3.0702225763431374, 59.375271812846684], [-3.065973745546381, 59.377843969911424], [-3.0614906876337393, 59.37998190041942], [-3.056817638829676, 59.381664508508074], [-3.052000710078963, 59.38287519117323], [-2.9853014913289457, 59.396156441173225], [-2.9805492528512167, 59.39686729051797], [-2.9757507240661436, 59.397118684310556], [-2.97095022241462, 59.39690830077068], [-2.9661920835582074, 59.39623808292309], [-2.9615202519113266, 59.395114220652474], [-2.9569778747868636, 59.393547093535965], [-2.9526069039035123, 59.39155117498126], [-2.901312275580314, 59.36507936507936], [-2.9647058823529338, 59.36507936507936], [-2.964705882352956, 59.36507936507936]]]}, "properties": {"tile": "N54W006_6x6", "epsg": 4326}}, {"type": "Feature", "geometry": {"type": "MultiPolygon", "coordinates": [[[[146.1997079899143, 59.15343915343916], [146.06060012587523, 59.12180166931513], [146.056118679076, 59.12099508218248], [146.05158243692745, 59.12059953776434], [146.04702902111353, 59.12061831653972], [146.0424961957493, 59.12105126276535], [146.0380215541813, 59.121894785767374], [145.9201504604313, 59.149726817017374], [145.91549683421852, 59.151066604937846], [145.91099464495528, 59.1528502978593], [145.9098470874957, 59.15343915343916], [146.1176470588235, 59.15343915343916], [146.1997079899143, 59.15343915343916]]], [[[145.90588235294118, 59.576719576719576], [146.1176470588235, 59.576719576719576], [146.32941176470584, 59.576719576719576], [146.32941176470584, 59.36507936507936], [146.1176470588235, 59.36507936507936], [145.90588235294118, 59.36507936507936], [145.69411764705885, 59.36507936507936], [145.69411764705885, 59.576719576719576], [145.90588235294118, 59.576719576719576]]], [[[146.53649292609185, 59.40478086178551], [146.47312522453169, 59.38669008263349], [146.45545290877482, 59.36507936507936], [146.3294117647059, 59.36507936507936], [146.3294117647059, 59.576719576719576], [146.47601176224813, 59.576719576719576], [146.7147489165271, 59.36507936507936], [146.6624027279641, 59.36507936507936], [146.53649292609185, 59.40478086178551]]]]}, "properties": {"tile": "N54E144_6x6", "epsg": 4326}}, {"type": "Feature", "geometry": {"type": "MultiPolygon", "coordinates": [[[[162.13079818814504, 54.70899470899471], [162.13058989927603, 54.70886073951573], [162.1263770907009, 54.706685096084236], [162.00000000000003, 54.648836427805655], [162.00000000000003, 54.70899470899471], [162.13079818814504, 54.70899470899471]]], [[[167.71764705882353, 54.81987576603851], [167.72201237233574, 54.8188565916028], [167.7269242770259, 54.81744148365519], [167.73166603012282, 54.8155322650307], [167.90363868637286, 54.73584476503069], [167.90896335134116, 54.7329741583529], [167.91390238814452, 54.729481543977094], [167.92941176470586, 54.71704112644817], [167.92941176470586, 54.70899470899471], [167.92941176470586, 54.527296651144106], [167.65653485714466, 54.652192088530406], [167.65447971924513, 54.6531901269664], [167.54595058731252, 54.70899470899471], [167.71764705882353, 54.70899470899471], [167.71764705882353, 54.81987576603851]]]]}, "properties": {"tile": "N54E162_6x6", "epsg": 4326}}, {"type": "Feature", "geometry": {"type": "Polygon", "coordinates": [[[168.0, 54.660420725478765], [168.07034770064448, 54.603993262727094], [168.07434032689798, 54.60042291603128], [168.0779281268244, 54.59644596599178], [168.12021328307443, 54.54419987224178], [168.1231395837592, 54.54019290735629], [168.1256543342036, 54.53591563795941], [168.12773277014787, 54.531410184894874], [168.12935442398347, 54.526720916068214], [168.1305033263099, 54.5218940095293], [168.13116816319516, 54.51697699872931], [168.13134238759065, 54.51201830443029], [168.13102428380395, 54.507066757876736], [168.13021698439437, 54.502171119925], [168.12892843932462, 54.497379600865834], [168.12717133767282, 54.49273938566863], [168.12496298267553, 54.48829616932266], [168.1223251213323, 54.48409370685108], [168.11928373024998, 54.480173382428845], [168.1158687598354, 54.4765738018479], [168.1121138393557, 54.47333041234272], [168.10805594577076, 54.47047515352005], [168.10373503959877, 54.46803614283044], [168.09919367140103, 54.46603739867878], [168.094476562761, 54.46449860390059], [168.08963016588396, 54.463434911933355], [168.0847022061541, 54.462856797591506], [168.07974121215423, 54.46276995391459], [168.07479603777531, 54.463175236104505], [168.06991538112314, 54.46406865310383], [168.06514730495857, 54.46544140689816], [168.06053876339467, 54.4672799791554], [168.0, 54.49498849945702], [168.0, 54.660420725478765]]]}, "properties": {"tile": "N54E168_6x6", "epsg": 4326}}, {"type": "Feature", "geometry": {"type": "Polygon", "coordinates": [[[138.11363404934693, 56.402116402116405], [138.10885593876026, 56.397425610802145], [138.10429114457142, 56.39345695757248], [138.07058823529414, 56.367562104160974], [138.07058823529414, 56.402116402116405], [138.11363404934693, 56.402116402116405]]]}, "properties": {"tile": "N54E138_6x6", "epsg": 4326}}, {"type": "Feature", "geometry": {"type": "Polygon", "coordinates": [[[-110.6521789815688, 58.095238095238095], [-110.54117647058823, 58.12289617328891], [-110.54117647058823, 58.095238095238095], [-110.6521789815688, 58.095238095238095]]]}, "properties": {"tile": "N54W114_6x6", "epsg": 4326}}, {"type": "Feature", "geometry": {"type": "MultiPolygon", "coordinates": [[[[-177.8823529411765, 51.74603174603175], [-177.8823529411765, 51.57016665716292], [-177.883251487111, 51.56976560157606], [-177.88810871292216, 51.568169408675736], [-177.8931035507469, 51.567077589340876], [-177.8981837736132, 51.56650155984158], [-177.90329626174687, 51.56644734325162], [-177.92736852737187, 51.56742390575162], [-177.93174604544961, 51.567794652620904], [-177.93607412242667, 51.56854822242029], [-177.94031934534493, 51.56967879755544], [-177.9444489408835, 51.57117764993304], [-178.0779938627585, 51.626402259308044], [-178.08216925895982, 51.628358994542744], [-178.08614663486364, 51.63069206700979], [-178.08989216249617, 51.63338163369806], [-178.09337398577603, 51.636404819578], [-178.11295406390104, 51.655057163327996], [-178.11633041144572, 51.658604801352446], [-178.1193434885311, 51.66246573709037], [-178.12196438714332, 51.66660292801652], [-178.1241679619006, 51.67097668116273], [-178.1259330713028, 51.675545033939514], [-178.1272427805667, 51.68026415673289], [-178.12808452410155, 51.68508877341367], [-178.12845022606558, 51.68997259572497], [-178.1283363778471, 51.69486876738026], [-178.12774407172677, 51.69973031361111], [-178.1266789903981, 51.70451059185178], [-178.1251513524466, 51.709163739236516], [-178.12317581431086, 51.713645112616305], [-178.12077132966584, 51.717911716873424], [-178.11796096757809, 51.72192261742448], [-178.11477169117657, 51.72563933295432], [-178.11123409896382, 51.729026204612815], [-178.107382131248, 51.73205073813239], [-178.10325274451347, 51.734683915584014], [-178.09888555685362, 51.73690047378051], [-178.09432246786739, 51.738679146656196], [-178.05871252766758, 51.75058608182885], [-178.06850282831854, 51.75672231349204], [-178.17342425290104, 51.802397886338696], [-178.17762090248326, 51.804463434865134], [-178.18160617119347, 51.8069121062883], [-178.1853451825767, 51.809722471443756], [-178.2264096357017, 51.84370684644376], [-178.23005787923452, 51.84704334753557], [-178.23335878714965, 51.85072382676336], [-178.23628008723568, 51.85471230093498], [-178.23879321861895, 51.85896977566313], [-178.24087361099654, 51.86345462660442], [-178.24250092485448, 51.86812300641096], [-178.24365925032245, 51.87292927341567], [-178.24433726272093, 51.877826437860314], [-178.24452833327982, 51.88276662130345], [-178.2442305939466, 51.887701524716874], [-178.24344695564974, 51.892582900693995], [-178.24218507983915, 51.89736302515357], [-178.24045730358208, 51.90199516392695], [-178.23828051894642, 51.906434029667246], [-178.23567600785097, 51.910636224613214], [-178.2326692339968, 51.914560664879076], [-178.22928959391487, 51.918168982122175], [-178.2255701295627, 51.921425898661376], [-178.19930059831267, 51.94222667991137], [-178.1949569427911, 51.94530458364802], [-178.1903106612968, 51.94790321847761], [-178.185414425628, 51.9499931254081], [-178.18032374114713, 51.95155061255674], [-178.12866358489714, 51.96439240943174], [-178.12307184986904, 51.965448726962144], [-178.1173963031191, 51.965862824099496], [-177.95460333436912, 51.9684507147245], [-177.94961330626498, 51.968280716008536], [-177.94466511235944, 51.96761388985651], [-177.9398080946172, 51.96645688566678], [-177.9350906858204, 51.964821240751924], [-177.93055992661104, 51.962723265292], [-177.92626099641518, 51.96018387969411], [-177.8823529411765, 51.931196274097886], [-177.8823529411765, 51.74603174603175]]], [[[-177.88235294117646, 51.74603174603175], [-177.88235294117646, 51.93119627409787], [-177.84431603424127, 51.906084734760874], [-177.78994979843793, 51.88937823488616], [-177.67058823529413, 51.87878334637292], [-177.67058823529413, 51.74603174603175], [-177.67058823529413, 51.629140953081986], [-177.67185249255314, 51.629530277440416], [-177.67624097868986, 51.631353775875034], [-177.68043652406286, 51.63358567106436], [-177.68440122786546, 51.636205800998304], [-177.68809927461737, 51.639190496516036], [-177.69149725770694, 51.64251279512334], [-177.69456448117242, 51.646142684560495], [-177.6972732369965, 51.65004737392056], [-177.71260526824648, 51.67455909267056], [-177.7149990421145, 51.67883966058376], [-177.71696193081922, 51.68333415531883], [-177.71847504868998, 51.68799933369697], [-177.71952383746597, 51.69279031032957], [-177.7200982063665, 51.69766098947696], [-177.72019262917817, 51.70256450855241], [-177.71980619742456, 51.70745368900424], [-177.71721830679957, 51.72757087650424], [-177.71635182408588, 51.73241134162618], [-177.7150140569789, 51.73714328351693], [-177.71321794484095, 51.74172093314068], [-177.71098086031157, 51.74610001383167], [-177.70832444127308, 51.75023816955396], [-177.7052743815613, 51.754095374584104], [-177.70350012621682, 51.7559344571233], [-177.70594213193584, 51.75518763013156], [-177.73525635315127, 51.73993546588805], [-177.78430582882953, 51.659788707711236], [-177.78723511429027, 51.65551632219205], [-177.7905907168531, 51.65156994122015], [-177.794336618834, 51.64799192365666], [-177.79843261323242, 51.6448206744985], [-177.8427308709142, 51.61405684231274], [-177.85967640152808, 51.58865716785415], [-177.86272763985747, 51.58455467848638], [-177.8661818795163, 51.580785235193936], [-177.87000300231924, 51.57738825199111], [-177.87415105388126, 51.574399248378825], [-177.87858266138818, 51.57184947794599], [-177.88235294117646, 51.570166657162936], [-177.88235294117646, 51.74603174603175]]], [[[-177.6705882352941, 51.74603174603175], [-177.6705882352941, 51.87878334637292], [-177.6400616538313, 51.876073715912575], [-177.63518833565786, 51.87539813759486], [-177.63040500519188, 51.87424688361055], [-177.62575797585598, 51.87263110069367], [-177.62129224137055, 51.870566433265495], [-177.61705104011313, 51.86807287196141], [-177.6130754364734, 51.86517456007639], [-177.6094039232573, 51.86189955980355], [-177.60607204898994, 51.85827958052878], [-177.60311207372575, 51.85434967181247], [-177.6005526566983, 51.85014788403072], [-177.59841857883453, 51.84571489996189], [-177.59673050281924, 51.84109364088565], [-177.5955047730339, 51.83632885100817], [-177.5947532573062, 51.83146666423737], [-177.5944832320026, 51.826554157502656], [-177.59469731157682, 51.821638894944144], [-177.59539342325593, 51.81676846738454], [-177.59656482710955, 51.81199003154266], [-177.5982001813075, 51.807349853450134], [-177.60028365193438, 51.80289286049186], [-177.60279506629746, 51.79866220640767], [-177.60571010824387, 51.79469885346682], [-177.60900055359585, 51.7910411758609], [-177.61263454342426, 51.78772458815512], [-177.616576892515, 51.78478120239551], [-177.6207894300411, 51.78223951719187], [-177.62523136914243, 51.78012414178705], [-177.62985970183442, 51.77845555778393], [-177.63229929529774, 51.777709468520875], [-177.45882352941177, 51.80638462078745], [-177.45882352941177, 51.74603174603175], [-177.45882352941177, 51.651843852960695], [-177.47197712236496, 51.651335804132344], [-177.5702696393295, 51.64457469646638], [-177.64376582276418, 51.627814038083606], [-177.64844410647885, 51.62697880242939], [-177.65318055477778, 51.62659148521495], [-177.65793238056287, 51.62665558530243], [-177.66265665782223, 51.627170523638384], [-177.66731070940583, 51.62813164848468], [-177.6705882352941, 51.62914095308198], [-177.6705882352941, 51.74603174603175]]], [[[-177.45882352941175, 51.74603174603175], [-177.45882352941175, 51.806384620787455], [-177.3476019008664, 51.82476930476671], [-177.28168863682635, 51.84920625259494], [-177.24718886401567, 51.875586346090444], [-177.20859430118304, 51.93625978045347], [-177.2058507153609, 51.94015059418316], [-177.20274951505584, 51.94376283051412], [-177.19931881661157, 51.94706373990808], [-177.19558972369342, 51.9500233954033], [-177.19159604529392, 51.952614963940704], [-177.15668393591892, 51.9729762920657], [-177.1524295789207, 51.97519118474145], [-177.14798257148166, 51.976988245639205], [-177.14338383550322, 51.97835093798676], [-177.13867568911135, 51.97926672212395], [-177.1339014572398, 51.979727170894144], [-177.12910507294896, 51.97972804719195], [-177.10766952607398, 51.978702656566945], [-177.10298123618716, 51.978256341364414], [-177.09835573451986, 51.977370907206314], [-177.0938340571524, 51.97605420940218], [-177.08945631906678, 51.97431792930482], [-177.08526135825832, 51.97217747067685], [-177.0382398738833, 51.94532200192685], [-177.03529411764708, 51.9434399096083], [-177.03529411764708, 51.84340062784273], [-177.03657353186102, 51.840983312422374], [-177.0393415070526, 51.83682060511159], [-177.04251131361846, 51.83295509801013], [-177.04605126640192, 51.82942543044685], [-177.04992598029148, 51.826266884722884], [-177.08163385487862, 51.802957712039216], [-177.08670974981763, 51.79228207535255], [-177.0987115426156, 51.7095682272261], [-177.099677629596, 51.70465573675623], [-177.10113015249007, 51.69986448807636], [-177.10305454778822, 51.69524251994507], [-177.10543152082064, 51.6908361738541], [-177.10823723921266, 51.686689629392156], [-177.1114435718366, 51.68284446128465], [-177.11501837086436, 51.679339222550794], [-177.11892579409303, 51.67620905795734], [-177.1231266643115, 51.67348535164464], [-177.12757886210505, 51.67119541245824], [-177.15638745585505, 51.65815830308324], [-177.16187490867298, 51.65605411714712], [-177.167571355145, 51.654608352825264], [-177.22045221451998, 51.64445210282526], [-177.2247972188005, 51.64381399252372], [-177.22918145588739, 51.643559606752966], [-177.23357110358901, 51.64369090797174], [-177.3832550882401, 51.65476263402182], [-177.45882352941175, 51.651843852960695], [-177.45882352941175, 51.74603174603175]]], [[[-176.8235294117647, 51.74603174603175], [-176.8235294117647, 51.8566829238459], [-176.7930460730236, 51.865234209277645], [-176.79123237802565, 51.86626720616622], [-176.7944985308063, 51.88683662901504], [-176.79504867315836, 51.892061106784396], [-176.79504761535776, 51.89731446984544], [-176.79449536908166, 51.9025387256413], [-176.7933980306484, 51.90767620293399], [-176.79176771371942, 51.9126701884447], [-176.78962241557497, 51.917465552919005], [-176.74284507182497, 52.008822974794], [-176.7404841566316, 52.012939744924374], [-176.7377435765255, 52.016814140043444], [-176.73464802053434, 52.020411256939255], [-176.7312253755523, 52.02369869031253], [-176.72750647511592, 52.02664682470581], [-176.72352482163421, 52.029229101299876], [-176.71931628457614, 52.03142225717381], [-176.71491877733368, 52.03320653487336], [-176.71037191567203, 52.034565860399674], [-176.70571666084356, 52.03548798801491], [-176.70099495058076, 52.03596461056023], [-176.69624932129224, 52.035991434292434], [-176.61176470588236, 52.03245600305595], [-176.61176470588236, 51.95767195767196], [-176.61176470588236, 51.957671957671955], [-176.61176470588236, 51.74603174603175], [-176.61176470588236, 51.63761231766737], [-176.75299044258364, 51.58326738764414], [-176.7576151240763, 51.58174186990833], [-176.7623662736412, 51.58067347808747], [-176.7671988220954, 51.58007234689649], [-176.77206692810987, 51.57994417863782], [-176.7769244130583, 51.58029018910955], [-176.78172519906528, 51.581107096072515], [-176.78642374609888, 51.58238715038541], [-176.79097548396132, 51.58411820951279], [-176.79533723507978, 51.58628385270859], [-176.7994676240868, 51.58886353678258], [-176.8235294117647, 51.60557360483049], [-176.8235294117647, 51.74603174603175]]], [[[-177.03529411764706, 51.94343990960828], [-177.03406003645225, 51.94265143474785], [-177.03016536784358, 51.93957986732446], [-177.02659419622333, 51.936137527529155], [-177.02338166616278, 51.93235829207503], [-177.02055939277423, 51.928279353128694], [-177.0181551505807, 51.923940852295175], [-177.0161926001816, 51.919385485576825], [-177.01469105540437, 51.91465808319395], [-177.0136652932335, 51.90980516840215], [-177.01312540838728, 51.904874499648265], [-177.01307671397407, 51.89991460057049], [-177.0135196892047, 51.894974282468105], [-177.01444997467667, 51.89010216394037], [-177.01585841527572, 51.88534619242168], [-177.01773115027314, 51.88075317232189], [-177.03423505652316, 51.84540160982189], [-177.03529411764706, 51.84340062784279], [-177.03529411764706, 51.94343990960828]]], [[[-176.82352941176472, 51.74603174603175], [-176.82352941176472, 51.605573604830504], [-176.83952066842113, 51.61667897199927], [-176.9365351892614, 51.560410549911914], [-176.94086139410385, 51.55817546440528], [-176.94538449768532, 51.556371804361895], [-176.95006159989615, 51.55501667688805], [-176.95484834000166, 51.5541229349101], [-176.9596993173888, 51.553699055268815], [-176.9645685221756, 51.55374905831943], [-176.96940977159935, 51.55427246979989], [-176.97417714804453, 51.555264325329105], [-176.97882543455586, 51.5567152174924], [-176.98331054370584, 51.558611385067685], [-176.98758993574916, 51.560934843545986], [-176.99162302209777, 51.56366355570845], [-176.99537155028992, 51.566771640641896], [-176.99879996680187, 51.57022961921058], [-177.00187575426102, 51.57400469365579], [-177.0045697398623, 51.57806105867154], [-177.0068563720622, 51.5823602410058], [-177.0087139629267, 51.586861464366294], [-177.01012489383385, 51.59152203616984], [-177.01107578258063, 51.59629775246712], [-177.01155761030844, 51.60114331720217], [-177.01156580704404, 51.606012771830194], [-177.01110029504414, 51.610859931218826], [-177.01016548953285, 51.61563882169852], [-177.00877025682465, 51.62030411710727], [-177.00692783023055, 51.624811568693936], [-176.91972079898053, 51.81162797494393], [-176.91749465583501, 51.81585690166317], [-176.91487493641037, 51.81985397617301], [-176.9118855739755, 51.82358268194498], [-176.90855387878895, 51.82700895421743], [-176.90491028859762, 51.830101491204864], [-176.90098809056303, 51.83283204006517], [-176.89682311715615, 51.83517565501241], [-176.89245341879848, 51.837110925216784], [-176.88791891624058, 51.838620170410074], [-176.82352941176472, 51.856682923845895], [-176.82352941176472, 51.74603174603175]]], [[[-176.61176470588234, 51.74603174603175], [-176.61176470588234, 51.957671957671955], [-176.61176470588234, 51.95767195767196], [-176.61176470588234, 52.03245600305595], [-176.59473564941723, 52.031743387417436], [-176.58946541057114, 52.031242333497715], [-176.58427769019485, 52.03018685738594], [-176.57923064568936, 52.028588791591034], [-176.57438085739636, 52.02646605137182], [-176.5697826942992, 52.02384243389647], [-176.5654877045145, 52.02074735146223], [-176.51856387638952, 51.983003210837225], [-176.5149624888236, 51.97980896569854], [-176.51168496847802, 51.97628319559969], [-176.50876169559916, 51.97245858188305], [-176.50621976681532, 51.9683705759555], [-176.50408274397046, 51.96405707067946], [-176.50237043572292, 51.95955804913347], [-176.50109871393346, 51.95491521399791], [-176.5002793665446, 51.95017160100124], [-176.49991998831482, 51.945371180009936], [-176.5000239104208, 51.94055844745953], [-176.5017328947958, 51.916095556834534], [-176.50232710064952, 51.91115007681151], [-176.50341041999752, 51.90628825899869], [-176.50497210160884, 51.90155835373542], [-176.50699664682216, 51.897007302215826], [-176.50946396335982, 51.89268027062849], [-176.51234956473036, 51.8886202019117], [-176.51447098202723, 51.88592992681507], [-176.47522034864272, 51.88736878208834], [-176.47037302507835, 51.88731131964009], [-176.46555404841013, 51.88678471585953], [-176.46080871672507, 51.88579392079008], [-176.45618163585192, 51.88434824784504], [-176.45171630006894, 51.882461286262], [-176.44521750762917, 51.87933550837656], [-176.44300716144616, 51.88110151405741], [-176.43895896921205, 51.88373900223769], [-176.40380271921205, 51.904295642862685], [-176.4, 51.906278932817045], [-176.4, 51.74603174603175], [-176.4, 51.7044953042277], [-176.40908351177077, 51.709691340403616], [-176.41341021508242, 51.704321718378395], [-176.41695794052455, 51.700368517014894], [-176.42090501827798, 51.69681397990838], [-176.42520690295436, 51.6936982223658], [-176.42981504493417, 51.691056407775946], [-176.43467743828114, 51.68891835076728], [-176.43973920766393, 51.687308180730106], [-176.4571708482889, 51.682767165105105], [-176.4619996345768, 51.68176066815705], [-176.46690409518544, 51.68123485520641], [-176.47183649948607, 51.681194843509665], [-176.47674884489956, 51.68164102246405], [-176.48159332406158, 51.68256904981794], [-176.4863227900879, 51.683969893930026], [-176.5029126929643, 51.68978815370658], [-176.5282807550468, 51.67150078891048], [-176.53186208012968, 51.66914557044475], [-176.53563196637114, 51.6671057417517], [-176.53956270820862, 51.66539629389415], [-176.61176470588234, 51.63761231766738], [-176.61176470588234, 51.74603174603175]]], [[[-176.39999999999998, 51.74603174603175], [-176.39999999999998, 51.90627893281707], [-176.39951517373626, 51.90653179162804], [-176.3950316685654, 51.90834330726164], [-176.3903941395509, 51.90971324600017], [-176.38564596318503, 51.91062879430933], [-176.38083155088495, 51.91108138873343], [-176.37599593359656, 51.911066795992525], [-176.3711843406037, 51.91058515257782], [-176.36644177648225, 51.90964096347502], [-176.36181260015601, 51.90824306002754], [-176.35734010999158, 51.90640451733376], [-176.35306613881298, 51.9041425319509], [-176.254726295063, 51.845841750700906], [-176.25339701796418, 51.84496251045735], [-176.25337920686127, 51.84507519533988], [-176.24258819123625, 51.89654003908988], [-176.24131695829038, 51.90138176424677], [-176.23956796697968, 51.90607211232475], [-176.23735874802873, 51.91056407039716], [-176.23471144517757, 51.91481261406666], [-176.23165259322758, 51.91877515875987], [-176.2282128520744, 51.922411986566715], [-176.22442669939343, 51.925686644346385], [-176.22033208505863, 51.92856630910929], [-176.21597005075822, 51.93102211701292], [-176.2113843186201, 51.93302945267372], [-176.20662085297047, 51.93456819589535], [-176.2017273996178, 51.93562292334014], [-176.19675300728085, 51.93618306312233], [-176.19174753595684, 51.936243000773636], [-176.18676115715806, 51.935802135518955], [-176.1818438510261, 51.934864886298094], [-176.17704490536403, 51.933440647473304], [-176.05502342098904, 51.890471897473304], [-176.04948005432757, 51.88813622964448], [-175.98683356995258, 51.85717919839448], [-175.982589696652, 51.85481904228964], [-175.9785947863768, 51.85205833779197], [-175.97647058823532, 51.850262400349514], [-175.97647058823532, 51.77443569871267], [-175.9790321430171, 51.77231773413842], [-175.9830570955396, 51.7696010165193], [-175.9873266024321, 51.76728755410862], [-175.99180039234363, 51.76539916822174], [-175.99643626706083, 51.76395367071671], [-176.08081126706082, 51.74207867071671], [-176.08598123211655, 51.741025881644674], [-176.0912333510329, 51.740523735852776], [-176.09650914271887, 51.740577824614576], [-176.1017498624928, 51.74118754566464], [-176.10689715619043, 51.742346109904524], [-176.1118937099246, 51.74404061699787], [-176.2229776942996, 51.78837655449787], [-176.2275139656619, 51.79045515730603], [-176.2313245775612, 51.792685327630366], [-176.23171008677744, 51.79073487881108], [-176.23313426779777, 51.78602430296393], [-176.23501461891652, 51.78147654570782], [-176.23733292493444, 51.77713566174282], [-176.24382706555943, 51.76629581799282], [-176.24641404701234, 51.76240281580886], [-176.24935325834284, 51.75876840034051], [-176.25261901326695, 51.75542433338279], [-176.31555846639193, 51.69673292713279], [-176.31928803721567, 51.693581100704456], [-176.32330726299094, 51.6908081000678], [-176.3275778104189, 51.68844037267022], [-176.33205894922455, 51.686500500672345], [-176.33670794062115, 51.685006985571036], [-176.3414804449307, 51.6839740717417], [-176.34633094447284, 51.683411610582795], [-176.35121317768898, 51.68332496655824], [-176.3560805803611, 51.68371496603398], [-176.36088672971727, 51.684577889396515], [-176.3655857871881, 51.68590550652865], [-176.3701329355912, 51.68768515530409], [-176.37448480657437, 51.68989986235227], [-176.39999999999998, 51.704495304227684], [-176.39999999999998, 51.74603174603175]]], [[[-175.97647058823532, 51.970643576667264], [-175.98841378927324, 51.96379546878596], [-176.00601228412594, 51.94177909452004], [-176.00934210979585, 51.938017551009324], [-176.01303258407512, 51.93460912788872], [-176.0170464524399, 51.93158823243784], [-176.0213431957744, 51.92898535992993], [-176.02587943940236, 51.92682678578886], [-176.030609390945, 51.92513430034446], [-176.03548530258468, 51.92392498886397], [-176.04045795306894, 51.92321105908006], [-176.04547714458792, 51.92299971795643], [-176.05049220951037, 51.92329309893509], [-176.05545252186204, 51.92408824039978], [-176.06030800838383, 51.925377115572815], [-176.15811074275882, 51.95667594369782], [-176.16317271251464, 51.95860394036526], [-176.16799641671543, 51.96106820227133], [-176.17252524300076, 51.964039808139475], [-176.20719321175076, 51.98957691751447], [-176.21093487155764, 51.99262215913913], [-176.21436563622382, 51.99601382074789], [-176.21745356736855, 51.99972032798629], [-176.22016991818757, 52.00370717547409], [-176.2224894010686, 52.00793724802991], [-176.22439042300414, 52.01237116619149], [-176.2258552866094, 52.0169676528151], [-176.23283770848442, 52.0431883559401], [-176.23383341686977, 52.047788290846604], [-176.23439220503676, 52.052461468792835], [-176.23450912193528, 52.05716648385886], [-176.23418313164248, 52.061861648037215], [-176.23341712254145, 52.066505360602584], [-176.23221788172904, 52.07105647670817], [-176.23059603488005, 52.075474671942786], [-176.22856595210013, 52.079720799618606], [-176.22614562060184, 52.083757237623956], [-176.19728819872682, 52.12711661262395], [-176.19438837585832, 52.13104359861619], [-176.19111942986626, 52.13466908944542], [-176.18751252059445, 52.137958526655126], [-176.18360202937853, 52.140880555077665], [-176.17942523132058, 52.1434073217141], [-176.1750219399799, 52.14551474123115], [-176.17043412786708, 52.147182725544425], [-176.1657055263589, 52.14839537529958], [-176.16088120884743, 52.14914113142618], [-176.15600716109702, 52.14941288531966], [-176.07773567672203, 52.149949994694666], [-176.07309832238874, 52.149766424234805], [-176.06849796522144, 52.149153670401965], [-176.06397423960345, 52.1481170123776], [-176.05956611969887, 52.14666538149029], [-176.01337471344888, 52.129038428365284], [-176.00899857143833, 52.127124269350965], [-176.0048250470168, 52.124801271819436], [-176.00089222713984, 52.12209063509646], [-175.97647058823532, 52.10347708698465], [-175.97647058823532, 51.970643576667264]]], [[[-175.9764705882353, 51.850262400349486], [-175.9748865203949, 51.8489231247469], [-175.97149987625392, 51.845442975483884], [-175.9684667978616, 51.841650715880874], [-175.96581589418085, 51.83758211574005], [-175.9635721693807, 51.83327555139572], [-175.96175678698924, 51.82877164373646], [-175.96038687027215, 51.82411287505592], [-175.9594753407209, 51.819343188346316], [-175.959030796173, 51.814507572814094], [-175.9590574297144, 51.80965163952739], [-175.95955499012902, 51.80482119119785], [-175.96051878426834, 51.80006179015491], [-175.96193972131866, 51.79541832858733], [-175.9638043985484, 51.79093460510574], [-175.9660952277272, 51.7866529116202], [-175.96879060102353, 51.78261363442942], [-175.97186509481668, 51.77885487328427], [-175.97528970950057, 51.77541208201881], [-175.9764705882353, 51.7744356987127], [-175.9764705882353, 51.850262400349486]]], [[[-175.9764705882353, 52.103477086984626], [-175.95777699276482, 52.08922930697147], [-175.95430886268267, 52.086328989100224], [-175.951116890857, 52.08312725739922], [-175.94822717455585, 52.07965028893231], [-175.94566333983389, 52.07592651107382], [-175.9328703710839, 52.05541869857382], [-175.93042942725654, 52.05102910459649], [-175.92844118782475, 52.046416768310394], [-175.9269257155098, 52.04162823140264], [-175.92589830248343, 52.03671181354739], [-175.92536931605895, 52.03171712482667], [-175.925344094078, 52.02669456513008], [-175.92582289104797, 52.02169481558477], [-175.92680087557375, 52.01676832714761], [-175.92826817911003, 52.0119648115198], [-175.93020999554167, 52.007332739521225], [-175.9326067305878, 52.00291885198608], [-175.93543419952164, 51.99876768811528], [-175.93866387121147, 51.9949211360449], [-175.9422631560194, 51.9914180101657], [-175.94619573465368, 51.988293659458854], [-175.9504219246556, 51.98557961080011], [-175.9764705882353, 51.970643576667285], [-175.9764705882353, 52.103477086984626]]], [[[-175.1294117647059, 51.95767195767196], [-175.1294117647059, 51.957671957671955], [-175.1294117647059, 51.950222200161406], [-175.21004658919574, 51.94404266778492], [-175.21516358155193, 51.94391329357587], [-175.22026698751776, 51.94430775017324], [-175.22530332268738, 51.945221903616904], [-175.2302198055662, 51.94664617345136], [-175.3119092586912, 51.97491765782636], [-175.3163993169109, 51.97671928510304], [-175.3206942336258, 51.97894642992817], [-175.32475379727677, 51.9815782404502], [-175.3285399998197, 51.984590076097106], [-175.33201739257944, 51.987953738276154], [-175.3351534181412, 51.991637734385826], [-175.3379187151726, 51.995607572668206], [-175.34028739332174, 51.99982608514134], [-175.34223727561803, 52.004253775587934], [-175.34375010610623, 52.00884918934233], [-175.34481172076948, 52.01356930141377], [-175.34541218014132, 52.0183699193118], [-175.34554586236476, 52.02320609680268], [-175.34521151582743, 52.02803255472264], [-175.34441227088007, 52.0328041049083], [-175.3431556105282, 52.03747607327509], [-175.34145330037185, 52.042004718082495], [-175.33932127844892, 52.04634763947026], [-175.33677950601393, 52.05046417643097], [-175.3338517806489, 52.054315787502595], [-175.33056551345615, 52.05786641161648], [-175.32695147241947, 52.061082805722506], [-175.32304349433582, 52.06393485603024], [-175.31887816801526, 52.0663958599521], [-175.31449449171478, 52.068442776108874], [-175.30993350801347, 52.07005644005671], [-175.30523791954752, 52.071221743716094], [-175.22384143517252, 52.0872861968411], [-175.21874600872457, 52.088021677313115], [-175.1294117647059, 52.096249831367466], [-175.1294117647059, 51.95767195767196]]], [[[-174.91764705882352, 52.14457576632317], [-174.7058823529412, 52.179369849245596], [-174.7058823529412, 52.16931216931217], [-174.7058823529412, 51.98267981049233], [-174.91764705882352, 51.96645100532687], [-174.91764705882352, 52.14457576632317]]], [[[-175.12941176470588, 51.957671957671955], [-175.12941176470588, 51.95767195767196], [-175.12941176470588, 52.096249831367466], [-175.12568642657257, 52.09659295461659], [-174.92727795942307, 52.14288186127973], [-174.92402454342684, 52.143527911218136], [-174.91764705882355, 52.144575766323165], [-174.91764705882355, 51.96645100532687], [-175.12941176470588, 51.950222200161406], [-175.12941176470588, 51.957671957671955]]], [[[-174.70588235294116, 52.16931216931217], [-174.70588235294116, 52.179369849245596], [-174.67799075659914, 52.18395258890431], [-174.49411764705883, 52.23058203000651], [-174.49411764705883, 52.16931216931217], [-174.49411764705883, 52.008083378973886], [-174.6710382051026, 51.985415189878324], [-174.67357197982074, 51.98515594903492], [-174.70588235294116, 51.982679810492336], [-174.70588235294116, 52.16931216931217]]], [[[-174.4941176470588, 52.16931216931217], [-174.4941176470588, 52.23058203000652], [-174.48655831035728, 52.23249904574838], [-174.48365333293148, 52.23314437911084], [-174.41377512874894, 52.246498970557866], [-174.4154727633454, 52.246808856238175], [-174.41986441555503, 52.2478168892288], [-174.42414748648034, 52.249216190157625], [-174.42828719289176, 52.250995395167664], [-174.43224991583673, 52.25314005516448], [-174.43600347366234, 52.25563275315868], [-174.46505620803734, 52.27687298753368], [-174.4688901892176, 52.27997745808059], [-174.47239957791444, 52.28344463849724], [-174.47555021072156, 52.28724077626897], [-174.4783114166708, 52.291328916527455], [-174.4806563158099, 52.29566926180113], [-174.48256208087486, 52.30021955943804], [-174.4840101595103, 52.30493551292942], [-174.48498645487393, 52.30977121313002], [-174.4854814628675, 52.314679585177196], [-174.48549036465766, 52.31961284675807], [-174.48501307358674, 52.324522973263655], [-174.4840542360163, 52.32936216530166], [-174.48262318609548, 52.334083314016894], [-174.4807338548944, 52.33864045968934], [-174.47840463478707, 52.34298923914556], [-174.47565820040433, 52.34708731762802], [-174.4725212878993, 52.350894800917935], [-174.4690244346749, 52.35437462369996], [-174.46520168210643, 52.35749291038778], [-174.46109024415352, 52.36021930489822], [-174.45673014508748, 52.362527266163426], [-174.45216382986072, 52.36439432650445], [-174.38707279071022, 52.38733030548089], [-174.33306782962757, 52.420526015504166], [-174.3293701943747, 52.42258845476851], [-174.32551132814478, 52.424330669910894], [-174.32151890080266, 52.42574016843883], [-174.18353061955267, 52.46797649656383], [-174.17866660433407, 52.46920217326388], [-174.1737042590038, 52.46993433188262], [-174.16869352644616, 52.470165603704096], [-174.16368483653238, 52.469893661122896], [-174.15872859857586, 52.46912124107005], [-174.15387469399397, 52.467856117467505], [-174.1491719742831, 52.46611102298852], [-174.07058823529414, 52.43237447920079], [-174.07058823529414, 52.38095238095239], [-174.07058823529414, 52.38095238095238], [-174.07058823529414, 52.19164231519676], [-174.0988947808879, 52.18573608238472], [-174.08352282497358, 52.168690206084065], [-174.08043250928625, 52.16490706127708], [-174.07772610630886, 52.16084041418126], [-174.07542944837166, 52.15652908051318], [-174.07356445683186, 52.15201421149686], [-174.07214893283654, 52.14733890107972], [-174.07119638741253, 52.142547774605376], [-174.07071591250522, 52.137686562869455], [-174.07071209419678, 52.132801665624015], [-174.0711849689326, 52.127939708696786], [-174.0721300231733, 52.123147098952586], [-174.07353823647605, 52.11846958134472], [-174.07539616759377, 52.11395180228419], [-174.0776860827704, 52.10963688349448], [-174.08038612500772, 52.105566010419224], [-174.08347052268797, 52.101778039111515], [-174.08690983556144, 52.09830912535699], [-174.0906712357504, 52.095192379570676], [-174.09471882108772, 52.09245755076156], [-174.0990139577993, 52.090130742581486], [-174.10351564925935, 52.08823416416852], [-174.10818092729883, 52.086785918163095], [-174.33108131792383, 52.0293640431631], [-174.3372003144776, 52.02818862737833], [-174.4941176470588, 52.008083378973886], [-174.4941176470588, 52.16931216931217]]]]}, "properties": {"tile": "N48W180_6x6", "epsg": 4326}}, {"type": "Feature", "geometry": {"type": "MultiPolygon", "coordinates": [[[[-173.8852396800744, 52.00405864398862], [-173.89065614857708, 52.00505053719022], [-173.89593069721525, 52.00663203010117], [-173.94720022846525, 52.02513788947618], [-173.9536256732904, 52.02798210893459], [-174.0, 52.05254219643539], [-174.0, 52.17276284994723], [-173.99982914199268, 52.17279686551205], [-173.9462646888677, 52.18075584988705], [-173.94076035857378, 52.1812648005371], [-173.9352334854789, 52.181163033440264], [-173.92975162274618, 52.180451792462485], [-173.85882352941178, 52.16722750533709], [-173.85882352941178, 52.000711801370734], [-173.8852396800744, 52.00405864398862]]], [[[-173.97871599910894, 52.36225681150616], [-173.97579198023658, 52.35801718568173], [-173.97331958973362, 52.3534992659505], [-173.97132505898435, 52.34875098620019], [-173.9698295494123, 52.34382272437506], [-173.96884892796342, 52.33876676797978], [-173.96839359876196, 52.33363675932332], [-173.96846839272573, 52.32848712638882], [-173.9690725163113, 52.32337250536764], [-173.97019955993332, 52.3183471609843], [-173.98191830993332, 52.2763549734843], [-173.98390372322203, 52.27061356059777], [-173.9865707757344, 52.26515530824407], [-174.0, 52.241442681932604], [-174.0, 52.38994889868697], [-173.97871599910894, 52.36225681150616]]], [[[-173.6470588235294, 52.19317443045949], [-173.5497211827615, 52.186149591290864], [-173.5431771323681, 52.185239647127126], [-173.352582413714, 52.145753888680865], [-173.22352941176473, 52.148259521424876], [-173.22352941176473, 52.01681573226341], [-173.23069715162939, 52.01755021246912], [-173.36030589589893, 51.99626630968122], [-173.36622147884387, 51.995653309267965], [-173.45879960384386, 51.99160057489296], [-173.46594673450124, 51.991799399124154], [-173.6470588235294, 52.00985627022043], [-173.6470588235294, 52.16931216931217], [-173.6470588235294, 52.19317443045949]]], [[[-173.80943500563325, 52.15801919325026], [-173.80592079200636, 52.1604958349982], [-173.80198532248127, 52.16276494343466], [-173.7978601480438, 52.16466749680831], [-173.79357932081012, 52.166187790093964], [-173.78917817776497, 52.16731327371236], [-173.66701020901496, 52.19270389871236], [-173.66245385177626, 52.193433387960006], [-173.6578496466586, 52.193739722881226], [-173.6532368077615, 52.193620294415865], [-173.64705882352942, 52.19317443045949], [-173.64705882352942, 52.16931216931217], [-173.64705882352942, 52.00985627022043], [-173.67283628100674, 52.01242628213601], [-173.83138110726944, 51.998388211967374], [-173.836733771122, 51.99820224804436], [-173.8420756175744, 51.99858989398862], [-173.85882352941175, 52.00071180137073], [-173.85882352941175, 52.16722750533708], [-173.80943500563325, 52.15801919325026]]], [[[-173.00947580728922, 52.138274140736655], [-173.00499201095732, 52.13664206750036], [-173.00068420647398, 52.134590016543946], [-172.99659162603572, 52.132136676381876], [-172.99275154174268, 52.12930439016454], [-172.9891989261528, 52.126118952193885], [-172.9859661337783, 52.12260937300857], [-172.9830826064257, 52.11880761517815], [-172.98057460506206, 52.114748302212334], [-172.9784649706503, 52.110468403236524], [-172.97677291613104, 52.10600689630518], [-172.97551385144592, 52.10140441341949], [-172.97469924319543, 52.096702870482034], [-172.97328322757045, 52.08532591735703], [-172.97291547004906, 52.08037828109905], [-172.97303985106228, 52.07541855535065], [-172.97365514598704, 52.07049557228228], [-172.97475529678937, 52.06565780230554], [-172.97632947167054, 52.060952876846045], [-172.9783621717138, 52.056427119376856], [-172.98083338348295, 52.05212508932956], [-172.98371877606928, 52.04808914337371], [-172.98698994064745, 52.04435901838405], [-172.99061467018132, 52.040971440201616], [-172.99455727652614, 52.0379597620406], [-172.99877894180472, 52.0353536361013], [-173.00323810059808, 52.03317872162226], [-173.00789084918796, 52.03145643224608], [-173.01176470588234, 52.03044554198783], [-173.01176470588234, 52.13886742284215], [-173.00947580728922, 52.138274140736655]]], [[[-173.11425184369963, 52.15038120359107], [-173.10777164835903, 52.15008614079124], [-173.01880680460903, 52.14022285954124], [-173.01409476047363, 52.139471372574995], [-173.01176470588237, 52.138867422842154], [-173.01176470588237, 52.030445541987824], [-173.01269137782117, 52.03020372518627], [-173.01759242174063, 52.02943293427089], [-173.1735494529906, 52.0127825436459], [-173.17875127349623, 52.01250011267491], [-173.18395424629364, 52.01276045455731], [-173.2235294117647, 52.0168157322634], [-173.2235294117647, 52.148259521424876], [-173.11425184369963, 52.15038120359107]]], [[[-172.58823529411762, 52.38095238095239], [-172.58823529411762, 52.383148516434126], [-172.573167279021, 52.394167837994026], [-172.56911435138255, 52.39683981691783], [-172.56482141179384, 52.399106171589835], [-172.49157922429384, 52.43333468721484], [-172.4868859439829, 52.43524461321264], [-172.48202345932623, 52.436669723860135], [-172.47704170745266, 52.43759538344348], [-172.47199185035092, 52.438012085550795], [-172.46692574944223, 52.43791555070187], [-172.4618954329697, 52.43730677029792], [-172.37459074546967, 52.422218879672926], [-172.36987386328872, 52.42116669086248], [-172.36528059647569, 52.41966403362071], [-172.36085385731124, 52.417724946420016], [-172.3566350023029, 52.41536754504977], [-172.28715258042791, 52.37200817004977], [-172.28318571237693, 52.36925807623714], [-172.27950250881608, 52.366138289442944], [-172.27613729581483, 52.3626778849047], [-172.27312143589052, 52.358909112288984], [-172.27048303572138, 52.354867095136676], [-172.26824668420298, 52.35058950352478], [-172.26643322328889, 52.34611620299551], [-172.2650595537516, 52.34148888302446], [-172.2641384776737, 52.3367506684904], [-172.26367857913718, 52.331945717767645], [-172.26368414422313, 52.32711881118662], [-172.2641551210671, 52.322314933698124], [-172.26508712034226, 52.317578855630444], [-172.26647145616656, 52.312954715446836], [-172.26829522705162, 52.30848560839165], [-172.27054143613998, 52.30421318485887], [-172.27318914960918, 52.300177262226164], [-172.2762136917672, 52.296415453771914], [-172.27958687502064, 52.292962818133645], [-172.28327726257248, 52.289851532574694], [-172.28725046140107, 52.28711059310429], [-172.2914694427903, 52.28476554424562], [-172.2958948874231, 52.28283824097054], [-172.4470667624231, 52.22551402222054], [-172.45100218151978, 52.22420565919172], [-172.4550324910138, 52.223227935987566], [-172.5293488972638, 52.20843301411257], [-172.53410438523002, 52.20772202954623], [-172.53890617773433, 52.2074711239936], [-172.543709867483, 52.20768261784576], [-172.5484710296364, 52.20835455519362], [-172.58823529411762, 52.21593213735429], [-172.58823529411762, 52.38095238095238], [-172.58823529411762, 52.38095238095239]]], [[[-172.58823529411765, 52.38095238095238], [-172.58823529411765, 52.215932137354294], [-172.62918392026143, 52.22373541456862], [-172.63404548425487, 52.22491665238806], [-172.63876466421422, 52.22657781696739], [-172.64329421146954, 52.2287022766423], [-172.64758877596316, 52.231268761214395], [-172.65160536029674, 52.23425157490949], [-172.6553037502235, 52.23762085364506], [-172.6586469172753, 52.24134286403091], [-172.66160138949337, 52.24538034110961], [-172.66413758655156, 52.24969286145513], [-172.66623011591577, 52.25423724789428], [-172.66785802707554, 52.25896800179872], [-172.66900502130147, 52.263837758619566], [-172.66965961482896, 52.26879776210366], [-172.66981525383434, 52.273798352443656], [-172.66947038005193, 52.278789463474546], [-172.6686284463756, 52.28372112393864], [-172.6672978822882, 52.28854395780036], [-172.66549200946505, 52.2932096786016], [-172.66322890839683, 52.297671572908214], [-172.66053123736657, 52.30188496800729], [-172.62288475299155, 52.35466817113229], [-172.61956437731396, 52.35883474950682], [-172.61581950965484, 52.36262437167887], [-172.61169266964598, 52.36599400986903], [-172.58823529411765, 52.383148516434105], [-172.58823529411765, 52.38095238095239], [-172.58823529411765, 52.38095238095238]]], [[[-170.68235294117645, 52.592592592592595], [-170.68235294117645, 52.74750278360694], [-170.67881432368117, 52.74745182824038], [-170.6737546736829, 52.746860598180604], [-170.5997312361829, 52.73436059818061], [-170.59510621112858, 52.73335234464863], [-170.5905972604213, 52.73191123554214], [-170.58624479766343, 52.73005018748283], [-170.58208783386021, 52.727785880993785], [-170.578163627765, 52.725138610992424], [-170.554726127765, 52.70765814224242], [-170.55083943471897, 52.70444181267368], [-170.54729663473566, 52.70085019367842], [-170.54413379516097, 52.696919849602686], [-170.54138311516775, 52.692690793170854], [-170.53907259795318, 52.68820607813754], [-170.53722576565346, 52.6835113609804], [-170.53586141987736, 52.67865443609606], [-170.5349934502973, 52.673684749230986], [-170.53463069324582, 52.66865289410087], [-170.53477684175792, 52.663610097323165], [-170.53677879488293, 52.638463612948165], [-170.5374481723511, 52.63337494138642], [-170.53863568773346, 52.62838170078788], [-170.54032882811177, 52.623536505217245], [-170.542509752768, 52.61889040878024], [-170.54515548117308, 52.61449236766346], [-170.5482381351339, 52.610388724280305], [-170.57563071325887, 52.57757622428031], [-170.57935634629743, 52.57357930455697], [-170.58349586694425, 52.57001278277416], [-170.58799983987012, 52.56691925134619], [-170.5928144773534, 52.564335654102486], [-170.6280683836034, 52.547831747852484], [-170.63310180502563, 52.5458006723449], [-170.63832572779097, 52.544327162971555], [-170.64367859194198, 52.54342858391991], [-170.64909731804516, 52.543115524260784], [-170.68235294117645, 52.54300228150324], [-170.68235294117645, 52.59259259259259], [-170.68235294117645, 52.592592592592595]]], [[[-170.68235294117648, 52.59259259259259], [-170.68235294117648, 52.54300228150324], [-170.68535503667246, 52.5429920587036], [-170.71540672904095, 52.53460470988341], [-170.77513946796074, 52.504966327976646], [-170.77982605061374, 52.5029323018253], [-170.78469573120964, 52.50138713832539], [-170.7896976677131, 52.5003469697993], [-170.79477963726737, 52.49982265615539], [-170.7998885814283, 52.49981967150478], [-170.80497116012268, 52.50033804700882], [-170.80997430854663, 52.50137237055367], [-170.81484579119027, 52.50291184325567], [-170.81953474720396, 52.50494039220737], [-170.8239922214123, 52.50743683828718], [-170.8426933932873, 52.51920441641218], [-170.8469874523446, 52.52223262280667], [-170.85094001045024, 52.525694740883274], [-170.8545074171697, 52.529552536426436], [-170.85765027552276, 52.53376340552054], [-170.8603338770676, 52.538280845050146], [-170.86252858520672, 52.54305496626134], [-170.86421016248136, 52.54803304571273], [-170.87519649060636, 52.58724203008773], [-170.87625853847618, 52.59186694790185], [-170.87687736596575, 52.596571718141014], [-170.87704739921904, 52.601313964355406], [-170.8767671067254, 52.60605097254446], [-170.8760390131141, 52.61074007588715], [-170.8748696764148, 52.615339039047335], [-170.87326962898825, 52.61980643859271], [-170.8712532826604, 52.62410203610079], [-170.86883879891303, 52.62818714059134], [-170.86604792530107, 52.63202495702094], [-170.86290579956975, 52.635580917700366], [-170.8594407232357, 52.6388229936502], [-170.8235520513607, 52.6693405717752], [-170.8204348863037, 52.67178522580278], [-170.8171339695706, 52.67397543127905], [-170.7080519383206, 52.74028402502904], [-170.70356986595164, 52.742704900566466], [-170.69886473292806, 52.7446571644623], [-170.69398537779875, 52.74612055252102], [-170.68898244751085, 52.747079875002214], [-170.6839078717025, 52.74752517428777], [-170.68235294117648, 52.74750278360694], [-170.68235294117648, 52.592592592592595], [-170.68235294117648, 52.59259259259259]]], [[[-169.83529411764707, 52.757460515078485], [-169.8789201799369, 52.7635097384977], [-169.9768163549351, 52.756146686546565], [-169.98182835421161, 52.756021787038485], [-169.9868276654915, 52.756399442121676], [-169.99176402422606, 52.75727585474066], [-169.99658779881005, 52.75864221318473], [-170.0012504895925, 52.76048477968349], [-170.00570521650636, 52.76278502853043], [-170.00990719041465, 52.765519832345866], [-170.01381416343358, 52.76866169460643], [-170.0173868537052, 52.77217902610318], [-170.0205893403488, 52.776036462548866], [-170.0233894246201, 52.78019522014083], [-170.0257589536467, 52.78461348550487], [-170.03703825052168, 52.80844161050487], [-170.03886324285585, 52.81282366522288], [-170.04026445669018, 52.817359037353356], [-170.04122926260382, 52.82200684867918], [-170.04174896460788, 52.82672520754625], [-170.0418188785241, 52.83147158644134], [-170.04143837420443, 52.83620320530111], [-170.04061088121045, 52.840877417097374], [-170.0393438579022, 52.845452092223304], [-170.03764872421445, 52.849885998216], [-170.02837138046445, 52.871077404466], [-170.02623648007443, 52.87537893727801], [-170.02369876774765, 52.87945582338811], [-170.0207816523417, 52.883270455993824], [-170.0175120424775, 52.88678764742223], [-170.0139200983236, 52.88997495371494], [-170.010038953387, 52.89280297390391], [-170.00590440887655, 52.89524562121758], [-170.00155460345843, 52.89728036371551], [-169.99702966145034, 52.898888432131834], [-169.99237132269874, 52.90005499301043], [-169.83529411764707, 52.931460960124205], [-169.83529411764707, 52.804232804232804], [-169.83529411764707, 52.757460515078485]]], [[[-169.83529411764704, 52.931460960124205], [-169.83045726019876, 52.93242803988543], [-169.8256720734591, 52.933146019533226], [-169.82083989322072, 52.933398093038775], [-169.75506840884572, 52.933642233663775], [-169.75043542756308, 52.93344439302388], [-169.7458407002956, 52.932818183936035], [-169.741323748418, 52.93176899271429], [-169.73692342432292, 52.93030584393768], [-169.6930269399479, 52.91341131268768], [-169.68815849058805, 52.911232761478864], [-169.6835498027028, 52.90854801186013], [-169.6792533192605, 52.90538761401034], [-169.6753179306071, 52.90178753058275], [-169.6562749618571, 52.88240276495775], [-169.65306360284893, 52.878801546667724], [-169.6502143170143, 52.8749075551315], [-169.64775363872621, 52.8707570536902], [-169.64570448339563, 52.8663886944693], [-169.6440859340683, 52.86184315842537], [-169.64291306371132, 52.857162776498924], [-169.64219679484407, 52.852391135401625], [-169.64194379782055, 52.84757267170893], [-169.642156428711, 52.842752258038296], [-169.64283270736047, 52.83797478516658], [-169.6439663358294, 52.833284743978474], [-169.64554675704403, 52.828725811138874], [-169.66170886641905, 52.78849143613888], [-169.66379233769055, 52.78396975221305], [-169.66631515554243, 52.779677681832645], [-169.66925230726696, 52.775657779120976], [-169.6725746722054, 52.7719498997702], [-169.6872231097054, 52.7571549778952], [-169.69103341225926, 52.75368414270672], [-169.6951807780823, 52.75062400231979], [-169.69962113709522, 52.74800707391158], [-169.70430730586128, 52.74586116507061], [-169.70918948895905, 52.74420907831216], [-169.71421580811088, 52.74306836877785], [-169.71933285344343, 52.74245115769392], [-169.7244862510233, 52.74236400357066], [-169.72962124063665, 52.742807832511346], [-169.83529411764704, 52.757460515078485], [-169.83529411764704, 52.804232804232804], [-169.83529411764704, 52.931460960124205]]], [[[-169.0482217023408, 52.78717186272613], [-169.0526433522447, 52.785729898278205], [-169.05717985545456, 52.784705013909814], [-169.06179196169217, 52.78410607702272], [-169.08479000856715, 52.78220178014772], [-169.08958292923563, 52.782035697935484], [-169.09436971438646, 52.782329568239525], [-169.09910632622456, 52.78308068749165], [-169.10374918854276, 52.78428214549331], [-169.10825558761724, 52.78592288898861], [-169.112584065168, 52.787987823352765], [-169.11669479976973, 52.79045795146068], [-169.12054997320377, 52.79331054845802], [-169.12411411838053, 52.79651937082683], [-169.12735444563225, 52.80005489782255], [-169.13024114437354, 52.8038846030609], [-169.13274765735494, 52.807973253756394], [-169.134850924986, 52.81228323485934], [-169.13653159748063, 52.816774895109354], [-169.13777421287247, 52.82140691182172], [-169.13856733926303, 52.826136671050705], [-169.13890367999366, 52.83092065963228], [-169.13878014077375, 52.83571486549945], [-169.13819785814795, 52.840475182587554], [-169.1371621890399, 52.84515781660426], [-169.13568266146956, 52.84971968793126], [-169.13377288689628, 52.85411882795119], [-169.1179525743963, 52.88624773420119], [-169.11558672102785, 52.89051377834601], [-169.11281641444432, 52.89452897401244], [-169.10966802396936, 52.89825510232795], [-169.10617151774008, 52.90165669592435], [-169.10236017745353, 52.90470137653596], [-169.09827028157304, 52.907360163194035], [-169.0939407600094, 52.90960774808375], [-168.99791653824224, 52.95365035373679], [-168.98823529411766, 52.9598609631752], [-168.98823529411766, 52.80987185910514], [-169.0482217023408, 52.78717186272613]]], [[[-168.94003827506413, 52.99077980558691], [-168.87028833356246, 53.05619658439006], [-168.86659788083685, 53.05933593162797], [-168.86262090332647, 53.062103347802356], [-168.83676599469266, 53.07829404301481], [-168.83233442372284, 53.09017334922667], [-168.8276422518805, 53.15253099744941], [-168.8269657222763, 53.15778372966854], [-168.82573738668222, 53.16293543615664], [-168.8239710264773, 53.16792831705825], [-168.8216864594374, 53.172706354470336], [-168.81890931738855, 53.177215940938275], [-168.80074525488854, 53.20348547218828], [-168.79744520794802, 53.20774727810164], [-168.79370557218306, 53.211629084871475], [-168.78956980709677, 53.21508578077997], [-168.7764705882353, 53.22488498649229], [-168.7764705882353, 53.01587301587302], [-168.7764705882353, 53.01587301587301], [-168.7764705882353, 52.89000764651298], [-168.98823529411763, 52.80987185910515], [-168.98823529411763, 52.95986096317522], [-168.94003827506413, 52.99077980558691]]], [[[-168.77647058823527, 53.01587301587302], [-168.77647058823527, 53.22488498649231], [-168.71979441647176, 53.26728304640497], [-168.71430707584128, 53.27085280984721], [-168.6634769977163, 53.29936843484722], [-168.65940445085974, 53.301414934763734], [-168.65516246641894, 53.303082078372235], [-168.6507862932482, 53.3043560125097], [-168.64631229524556, 53.30522615139503], [-168.57946659212055, 53.31508943264503], [-168.5742199866532, 53.31558287447965], [-168.56895058708056, 53.31552137717503], [-168.44630144554702, 53.30761280500842], [-168.4452576815819, 53.30810612177386], [-168.44574202795118, 53.30967481359675], [-168.45379866857618, 53.341559579221745], [-168.45479348938383, 53.34655614452218], [-168.4552746933521, 53.351628005717224], [-168.4552372845572, 53.35672250606788], [-168.4546816513823, 53.36178675379245], [-168.4457949326323, 53.416767222542454], [-168.44470833135048, 53.42181742690173], [-168.44310646122292, 53.426728565111], [-168.44100642078206, 53.431448215157644], [-168.43843062608335, 53.43592599899412], [-168.4354065714339, 53.44011412027858], [-168.39619758705888, 53.48889341715358], [-168.39336048561518, 53.4921275781206], [-168.39025586390002, 53.49510587726078], [-168.38690670721846, 53.49780626450798], [-168.38333781130885, 53.50020874733807], [-168.3529411764706, 53.51882241698621], [-168.3529411764706, 53.43915343915344], [-168.3529411764706, 53.439153439153436], [-168.3529411764706, 53.22751322751323], [-168.3529411764706, 53.10635919596915], [-168.41076655286238, 53.04894313691348], [-168.4140302200152, 53.04597668367486], [-168.41754259915868, 53.0433093702599], [-168.47716173978367, 53.0020496046349], [-168.48091735174285, 52.999689764420694], [-168.48486732089384, 52.99767204027436], [-168.4889805634015, 52.996012310447675], [-168.4932247105695, 52.99472363599666], [-168.49756636356213, 52.99381615799902], [-168.53528096029, 52.98766473333587], [-168.57628154521146, 52.970743200305726], [-168.67543247049832, 52.91908513734843], [-168.68040092521474, 52.91683213732163], [-168.68558526107068, 52.91513384019731], [-168.690923760515, 52.91401046355835], [-168.7282226755423, 52.90826557319782], [-168.77647058823527, 52.890007646512984], [-168.77647058823527, 53.01587301587301], [-168.77647058823527, 53.01587301587302]]], [[[-168.14117647058822, 53.43915343915344], [-168.14117647058822, 53.58979681715615], [-168.0723254653663, 53.607000731753025], [-168.0, 53.60800861170517], [-168.0, 53.27969165742718], [-168.14117647058822, 53.2303451480233], [-168.14117647058822, 53.439153439153436], [-168.14117647058822, 53.43915343915344]]], [[[-168.35294117647058, 53.439153439153436], [-168.35294117647058, 53.43915343915344], [-168.35294117647058, 53.51882241698623], [-168.31380656130887, 53.54278687233808], [-168.30913816613935, 53.545315102106805], [-168.30422801686822, 53.547334085355274], [-168.20959911061823, 53.58048838223027], [-168.20276451801752, 53.582351231076125], [-168.1743926326276, 53.587960837441436], [-168.17001520103082, 53.582590835863385], [-168.14117647058825, 53.58979681715614], [-168.14117647058825, 53.43915343915344], [-168.14117647058825, 53.439153439153436], [-168.14117647058825, 53.23034514802329], [-168.24632857530455, 53.193590515310056], [-168.33692790338745, 53.12225911898544], [-168.35294117647058, 53.106359195969176], [-168.35294117647058, 53.22751322751323], [-168.35294117647058, 53.439153439153436]]]]}, "properties": {"tile": "N48W174_6x6", "epsg": 4326}}, {"type": "Feature", "geometry": {"type": "MultiPolygon", "coordinates": [[[[-167.92941176470586, 53.43915343915344], [-167.92941176470586, 53.59274101612994], [-167.81289040733787, 53.55559712618829], [-167.8085008911215, 53.55396777031227], [-167.8042830317415, 53.551934960573234], [-167.80027381586524, 53.54951652280434], [-167.79650840055237, 53.54673366443457], [-167.79301980496052, 53.54361078851948], [-167.7696311330855, 53.52061274164448], [-167.76636380920766, 53.517074715291685], [-167.76345202242277, 53.51323876253974], [-167.7609227860009, 53.50914047034445], [-167.75879956421034, 53.50481785944084], [-167.75710205463474, 53.50031103161669], [-167.75584600543425, 53.49566179767961], [-167.75504306924645, 53.49091328956925], [-167.75470069508248, 53.48610956021305], [-167.7548220592208, 53.48129517483777], [-167.75540603574032, 53.476514797528345], [-167.75644720696567, 53.4718127768696], [-167.75793591372832, 53.467232734514916], [-167.7598583449765, 53.4628171604988], [-167.76219666590356, 53.45860701904775], [-167.7649291834051, 53.454641368546305], [-167.80007713464516, 53.40855155192654], [-167.81518030324304, 53.37613499493597], [-167.73165175290498, 53.41601874113894], [-167.72634759360108, 53.41818751469872], [-167.7208301184419, 53.41973514273626], [-167.6494433996919, 53.43540897086126], [-167.64574032526735, 53.436077062412565], [-167.64199749421178, 53.43646477648759], [-167.54155962987556, 53.44306123541386], [-167.5058823529412, 53.45763272397863], [-167.5058823529412, 53.43915343915344], [-167.5058823529412, 53.439153439153436], [-167.5058823529412, 53.2290856835873], [-167.5099435675056, 53.22781289953485], [-167.51490458662997, 53.22679498551231], [-167.5199431274452, 53.226284137038334], [-167.5821415600595, 53.2231480816124], [-167.61148568712326, 53.21244888246852], [-167.6158107431231, 53.211090661277495], [-167.62024104046313, 53.21012975561921], [-167.62474016055006, 53.20957406447417], [-167.62927111904352, 53.20942815581792], [-167.6700914315435, 53.20996526519291], [-167.67563788107665, 53.21034736255555], [-167.6811076230328, 53.21134286431415], [-167.6864330314897, 53.21293946244302], [-167.79785881273972, 53.25322266556802], [-167.80194044386243, 53.25490554188599], [-167.80585771191772, 53.25694191029735], [-167.80958007508633, 53.25931589381974], [-167.81307851116676, 53.26200898318229], [-167.84100819866677, 53.28554413943229], [-167.84465724631895, 53.28894435192699], [-167.8479493769369, 53.29269119990517], [-167.8508518311954, 53.2967473992413], [-167.85333572735988, 53.301072587517105], [-167.85537634868254, 53.30562372565987], [-167.85695338935383, 53.310355526215496], [-167.85805115656134, 53.31522090399478], [-167.8586587266459, 53.32017144460863], [-167.8587700538006, 53.325157886229846], [-167.8583840302315, 53.33013060978753], [-167.85750449718094, 53.33504013271649], [-167.85712354693717, 53.336379727821644], [-167.92941176470586, 53.30564300530583], [-167.92941176470586, 53.439153439153436], [-167.92941176470586, 53.43915343915344]]], [[[-167.50588235294117, 53.43915343915344], [-167.50588235294117, 53.45763272397864], [-167.442440387099, 53.483544003068026], [-167.4362534654618, 53.48561125835788], [-167.29411764705884, 53.522995445574665], [-167.29411764705884, 53.43915343915344], [-167.29411764705884, 53.439153439153436], [-167.29411764705884, 53.30047817660936], [-167.3247367182766, 53.29255945129442], [-167.3292426659518, 53.29161308646573], [-167.33381656284953, 53.29108522473248], [-167.33841962384113, 53.29098034218708], [-167.3735229034659, 53.291797602577454], [-167.4065627286807, 53.28045607984185], [-167.45228353064016, 53.25026722495953], [-167.4572355354936, 53.247390504704896], [-167.462484012756, 53.245098920554526], [-167.505110965881, 53.229327436179524], [-167.50588235294117, 53.229085683587314], [-167.50588235294117, 53.439153439153436], [-167.50588235294117, 53.43915343915344]]], [[[-167.2941176470588, 53.43915343915344], [-167.2941176470588, 53.52299544557467], [-167.2210969825923, 53.54220114771073], [-167.17513499508752, 53.56348290071905], [-167.13876352954588, 53.65449275088008], [-167.136583777807, 53.659217443754734], [-167.13392481779005, 53.663690023774265], [-167.13081544501136, 53.66786205461382], [-167.12728933278467, 53.67168835478079], [-167.12338466755193, 53.67512748691305], [-167.11914373533884, 53.67814220652968], [-167.11461246381344, 53.68069986537439], [-167.10983992490705, 53.68277276498364], [-167.08235294117648, 53.69304676477335], [-167.08235294117648, 53.65079365079365], [-167.08235294117648, 53.43915343915344], [-167.08235294117648, 53.439153439153436], [-167.08235294117648, 53.37142508419702], [-167.1410345634662, 53.359409535618845], [-167.24872775650496, 53.32515780311006], [-167.27235938235816, 53.309117885727005], [-167.27726604063005, 53.306182604939416], [-167.2824757252768, 53.30382668588726], [-167.28792031202659, 53.30208093566942], [-167.2941176470588, 53.30047817660937], [-167.2941176470588, 53.439153439153436], [-167.2941176470588, 53.43915343915344]]], [[[-167.08235294117648, 53.73436861274048], [-167.08682223575076, 53.73580904763639], [-167.09159928951286, 53.737623005070134], [-167.0961662576026, 53.73991505364832], [-167.10047544135531, 53.74266125458829], [-167.10448183447656, 53.74583292581582], [-167.13861269385154, 53.77581339456582], [-167.14193135799178, 53.7790112009811], [-167.14494148764467, 53.78250098851306], [-167.14761750935364, 53.7862531086282], [-167.14993668817607, 53.79023568406816], [-167.16546403192606, 53.819972012193155], [-167.167496671649, 53.824372288673516], [-167.1690936930793, 53.82894870429035], [-167.1699528113806, 53.83247807988603], [-167.08235294117648, 53.85436680439821], [-167.08235294117648, 53.73436861274048]]], [[[-166.8705882352941, 53.43915343915344], [-166.8705882352941, 53.65079365079365], [-166.8705882352941, 53.86243386243387], [-166.65882352941176, 53.86243386243387], [-166.65882352941176, 53.96019479929504], [-166.57513663930175, 53.98110578099662], [-166.5677253317249, 53.92289551095968], [-166.55857870638008, 53.91283836182488], [-166.5222835975159, 53.927451294544056], [-166.4778809421042, 53.960951512243035], [-166.44705882352943, 53.99941751622437], [-166.44705882352943, 53.86243386243387], [-166.44705882352943, 53.86243386243386], [-166.44705882352943, 53.65079365079365], [-166.44705882352943, 53.59339543855295], [-166.49821621365925, 53.56569855794942], [-166.50324643224127, 53.56332687017243], [-166.67542465132655, 53.493569028022705], [-166.73718864394866, 53.438657876385875], [-166.7406574524148, 53.43584110744741], [-166.74436388762697, 53.433345279439365], [-166.7482783472961, 53.431190325860605], [-166.75236956769837, 53.42939345773871], [-166.75660487337026, 53.42796902617022], [-166.83717127962026, 53.40482449492022], [-166.84276482093108, 53.40355979591926], [-166.84846638661156, 53.402943908957404], [-166.8705882352941, 53.40183191211526], [-166.8705882352941, 53.439153439153436], [-166.8705882352941, 53.43915343915344]]], [[[-167.08235294117645, 53.43915343915344], [-167.08235294117645, 53.65079365079365], [-167.08235294117645, 53.69304676477336], [-167.0761237765023, 53.69537508268483], [-167.05841143311957, 53.7244207353618], [-167.05717240345982, 53.72625303104814], [-167.08235294117645, 53.734368612740475], [-167.08235294117645, 53.85436680439822], [-167.05006813461046, 53.86243386243387], [-166.87058823529412, 53.86243386243387], [-166.87058823529412, 53.65079365079365], [-166.87058823529412, 53.43915343915344], [-166.87058823529412, 53.439153439153436], [-166.87058823529412, 53.40183191211526], [-166.95443595875696, 53.3976171466565], [-167.08235294117645, 53.37142508419703], [-167.08235294117645, 53.439153439153436], [-167.08235294117645, 53.43915343915344]]], [[[-166.4470588235294, 53.86243386243387], [-166.3083618224757, 53.86243386243387], [-166.29048931615978, 53.841161040196745], [-166.2860529817582, 53.83565234307743], [-166.29123255340465, 53.83219451269848], [-166.2959269055075, 53.829418247923975], [-166.41559344207388, 53.76719302557367], [-166.39061187135485, 53.77015907730642], [-166.38613204996446, 53.77048777907354], [-166.38164080643742, 53.77041310563437], [-166.3356935408124, 53.767581074384374], [-166.33120991266856, 53.767100999174694], [-166.32678776960458, 53.766218931002285], [-166.32246307849053, 53.76494204404286], [-166.31827101358496, 53.763280723674434], [-166.31424567045005, 53.76124848200936], [-166.31041978864022, 53.75886184799543], [-166.29987438786333, 53.75160309712734], [-166.30064762114208, 53.76486261594445], [-166.30070123109687, 53.76953925316119], [-166.30031763776242, 53.77420044033164], [-166.29950019739778, 53.77880539428738], [-166.29825606221695, 53.78331382387384], [-166.2965961178104, 53.78768628247871], [-166.2945348879013, 53.79188451317105], [-166.29209040727, 53.79587178343118], [-166.2892840639581, 53.79961320654278], [-166.28614041213342, 53.80307604683501], [-166.27157955885335, 53.81768036534874], [-166.26502603621697, 53.809542707543805], [-166.2592656311324, 53.79127992922651], [-166.23971549386565, 53.77528977357718], [-166.23899272308438, 53.76272668940367], [-166.23529411764707, 53.76215031195963], [-166.23529411764707, 53.67180286247251], [-166.23781029893598, 53.672404960572614], [-166.2423983081745, 53.67398658145371], [-166.24681137623446, 53.67600553754096], [-166.2510079296257, 53.67844280917505], [-166.2549484345435, 53.68127543593777], [-166.25859576929832, 53.68447673295155], [-166.2607276524401, 53.686539451945606], [-166.26172081370171, 53.682685409543055], [-166.26339286299378, 53.67810222447559], [-166.2655036165095, 53.67370380955727], [-166.2680329787489, 53.669532040045446], [-166.2709568688336, 53.66562663341228], [-166.27424744976955, 53.66202477121313], [-166.27787339347017, 53.65876074509839], [-166.28180017901633, 53.6558656303386], [-166.28599042131395, 53.65336698997134], [-166.33105878068895, 53.629392380596336], [-166.3348314117507, 53.627583752407254], [-166.33874204063721, 53.62609685538102], [-166.34276328687528, 53.62494210010513], [-166.42609755577837, 53.60474397937426], [-166.4470588235294, 53.59339543855297], [-166.4470588235294, 53.65079365079365], [-166.4470588235294, 53.86243386243387]]]]}, "properties": {"tile": "N48W168_6x6", "epsg": 4326}}, {"type": "Feature", "geometry": {"type": "MultiPolygon", "coordinates": [[[[-9.741176470588233, 51.42392656353001], [-9.742186627680386, 51.42396937290118], [-9.84023350268038, 51.43358851352618], [-9.84512854970306, 51.43431482048761], [-9.849927825241906, 51.435521452767425], [-9.854584317499711, 51.437196590675015], [-9.859052413327586, 51.439323825224704], [-9.863288345033247, 51.44188231887164], [-9.867250619111955, 51.444847009628134], [-9.870900422700402, 51.44818885656093], [-9.874202003772108, 51.45187512426464], [-9.877123021350076, 51.4558697035248], [-9.879634862306158, 51.46013346502936], [-9.881712921643894, 51.464624642663935], [-9.883336843519286, 51.469299242636026], [-9.884490720638565, 51.474111474420766], [-9.885163250079716, 51.47901419930671], [-9.885347844011422, 51.48395939214792], [-9.885042694224834, 51.48889861179927], [-9.88425078984608, 51.49378347562658], [-9.882979888055955, 51.49856613344377], [-9.881242438103675, 51.50319973623423], [-9.879055459358963, 51.507638895065206], [-9.876440374597076, 51.51184012569975], [-9.873422800149788, 51.51576227455102], [-9.870032294977996, 51.51936692180651], [-9.854428640528635, 51.53439153439154], [-9.741176470588233, 51.53439153439154], [-9.741176470588233, 51.42392656353001]]], [[[-9.529411764705895, 51.53439153439154], [-9.529411764705873, 51.53439153439154], [-9.317647058823542, 51.53439153439154], [-9.317647058823542, 51.44741498271017], [-9.322006605316362, 51.44725179113023], [-9.32646711448346, 51.447283931303936], [-9.330907008893007, 51.44771348066387], [-9.335290952002545, 51.4485370204825], [-9.339584052578742, 51.44974799631347], [-9.401872158550132, 51.47035870194969], [-9.463868599614129, 51.4787309424715], [-9.526625226358766, 51.472727764472175], [-9.725669756216508, 51.425103024091364], [-9.731122076860766, 51.424114187897], [-9.736650333806358, 51.42373475072092], [-9.741176470588226, 51.42392656353001], [-9.741176470588226, 51.53439153439154], [-9.529411764705895, 51.53439153439154]]], [[[-8.894117647058824, 51.53439153439154], [-8.894117647058824, 51.51963633011721], [-9.105882352941176, 51.48164155068315], [-9.105882352941176, 51.53439153439154], [-8.894117647058824, 51.53439153439154]]], [[[-8.811879204306189, 51.53439153439154], [-8.894117647058817, 51.51963633011721], [-8.894117647058817, 51.53439153439154], [-8.811879204306189, 51.53439153439154]]], [[[-9.105882352941183, 51.53439153439154], [-9.105882352941183, 51.48164155068314], [-9.287654384800998, 51.44902805057689], [-9.294614027191345, 51.44827718175523], [-9.317647058823535, 51.44741498271017], [-9.317647058823535, 51.53439153439154], [-9.105882352941183, 51.53439153439154]]], [[[-8.682352941176465, 51.74603174603175], [-8.894117647058817, 51.74603174603175], [-8.894117647058817, 51.91672251091452], [-8.797647085255427, 51.94068627631681], [-8.682352941176465, 51.78174445804204], [-8.682352941176465, 51.74603174603175]]]]}, "properties": {"tile": "N48W012_6x6", "epsg": 4326}}, {"type": "Feature", "geometry": {"type": "MultiPolygon", "coordinates": [[[[144.63529411764702, 48.783068783068785], [144.63529411764702, 48.64534543424146], [144.6324789511847, 48.64880231845855], [144.62992127859872, 48.65260829356069], [144.62772304362701, 48.65663258213688], [144.6259027353035, 48.66084133648259], [144.57956929263483, 48.783068783068785], [144.63529411764702, 48.783068783068785]]], [[[144.63529411764708, 48.783068783068785], [144.75813030836125, 48.783068783068785], [144.76373003443132, 48.64227019126568], [144.76368372097207, 48.637355121091936], [144.7631550355904, 48.63246834797294], [144.76214908751447, 48.627657097800906], [144.76067559825054, 48.622967866612484], [144.7587488076341, 48.61844597124995], [144.75638733621568, 48.614135111418165], [144.75361400531153, 48.61007694736956], [144.75045561645774, 48.606310697298504], [144.74694269239976, 48.602872758335685], [144.74310918211958, 48.59979635480541], [144.73899213275217, 48.59711121714492], [144.73463133156105, 48.59484329458874], [144.73006892143312, 48.59301450439466], [144.72534899360892, 48.59164252003482], [144.72051716158373, 48.59074060039886], [144.71562012029773, 48.5903174616597], [144.71070519487495, 48.59037719304023], [144.70581988327214, 48.59091921729496], [144.70101139725736, 48.59193829628854], [144.69632620615442, 48.593424581617214], [144.6918095877621, 48.595363709784046], [144.68750519078847, 48.597736941008094], [144.68345461302877, 48.60052134032608], [144.6796969993633, 48.603689999236465], [144.63858371811332, 48.64197124923647], [144.63537454917378, 48.64524666833219], [144.63529411764708, 48.64534543424139], [144.63529411764708, 48.783068783068785]]]]}, "properties": {"tile": "N48E144_6x6", "epsg": 4326}}, {"type": "Feature", "geometry": {"type": "MultiPolygon", "coordinates": [[[[172.58823529411765, 53.01587301587301], [172.55916706066637, 53.01587301587301], [172.58823529411765, 53.02693444764234], [172.58823529411765, 53.01587301587301]]], [[[173.43529411764703, 52.38095238095239], [173.43529411764703, 52.38095238095238], [173.43529411764703, 52.352601419783525], [173.39918795413018, 52.354884846106394], [173.3942194000467, 52.35544962201922], [173.3893321073412, 52.35650786184238], [173.3845749596958, 52.358048980848864], [173.37999553905553, 52.360057564457215], [173.37563964970428, 52.362513522411255], [173.37155086012118, 52.36539228972685], [173.36777006719984, 52.368665072395814], [173.36433508718952, 52.37229913538935], [173.36128027744934, 52.37625813008039], [173.35863619279917, 52.38050245780984], [173.35642927990406, 52.38498966596032], [173.35468161274952, 52.38967487257575], [173.35341067185303, 52.394511215279685], [173.35262916942037, 52.39945032000221], [173.35234492219564, 52.40444278482708], [173.35256077327665, 52.409438674119606], [173.35327456367756, 52.41438801799288], [173.35447915392356, 52.41924131211662], [173.3561624954614, 52.4239500128694], [173.35830775117134, 52.42846702288171], [173.3608934637754, 52.43274716211327], [173.3830614325254, 52.465608490238274], [173.3861751555861, 52.46974489437892], [173.38969992497172, 52.473537137948576], [173.3935979479491, 52.47694456034406], [173.3978274297436, 52.47993062703181], [173.40234302166436, 52.48246332127281], [173.40709630733528, 52.48451548740745], [173.41203632181723, 52.48606512201971], [173.41711009805658, 52.487095609858784], [173.43529411764703, 52.48981742170831], [173.43529411764703, 52.38095238095239]]], [[[173.4352941176471, 52.38095238095238], [173.4352941176471, 52.38095238095239], [173.4352941176471, 52.48981742170832], [173.50392219709653, 52.50008977754947], [173.64012853086263, 52.5509432841701], [173.64529196805995, 52.55255864625206], [173.65059971128477, 52.553606663525734], [173.65598961646384, 52.554075065604366], [173.661398577556, 52.553958368346784], [173.779855608806, 52.54497399334679], [173.78474146925222, 52.54436024557656], [173.78954326319774, 52.543268873261404], [173.7942144164707, 52.54171046197877], [173.798709622026, 52.53970012726998], [173.8029852793929, 52.53725736802968], [173.80699991757064, 52.534405877379605], [173.81071459726888, 52.5311733128613], [173.81409328859286, 52.52759102817653], [173.8171032205091, 52.523693769077475], [173.81971519870228, 52.51951933635629], [173.8219038887407, 52.515108219202865], [173.8236480618029, 52.51050320248688], [173.82493080058333, 52.50574895177339], [173.8257396633784, 52.500891580096834], [173.82606680476312, 52.49597820069566], [173.82590905168598, 52.491056470045564], [173.82526793424577, 52.486174125623734], [173.8241496708505, 52.481378522887454], [173.82256510790293, 52.476716175957975], [173.82052961459806, 52.47223230646486], [173.81806293385193, 52.46797040492657], [173.7911896849917, 52.42640477234368], [173.77123371930494, 52.34733480163364], [173.76979809275193, 52.34263382772971], [173.7679078278076, 52.33809652922891], [173.76558119212788, 52.33376675490928], [173.76284067048678, 52.32968634802026], [173.75971274748198, 52.325894741906595], [173.75622765158565, 52.322428578921624], [173.75241906301437, 52.31932135631294], [173.74832378824118, 52.31660310250262], [173.74398140429514, 52.314300086890384], [173.739433876286, 52.312434565984226], [173.7347251518505, 52.311024568311936], [173.72990073643925, 52.31008372019211], [173.7250072535486, 52.30962111404845], [173.6600658472986, 52.30669142654845], [173.6554479467015, 52.306696567418555], [173.65085021577465, 52.30712773174617], [173.64631187322234, 52.307981241694], [173.64187163116526, 52.309249816811146], [173.63756736492564, 52.31092263613544], [173.63343578995023, 52.31298543049639], [173.629512148627, 52.31542060423142], [173.6258299096672, 52.318207385277034], [173.59677066097336, 52.342389318755814], [173.4352941176471, 52.352601419783525], [173.4352941176471, 52.38095238095238]]]]}, "properties": {"tile": "N48E168_6x6", "epsg": 4326}}, {"type": "Feature", "geometry": {"type": "MultiPolygon", "coordinates": [[[[178.9172034407347, 51.66472330222225], [178.9217049365888, 51.6636634757264], [178.92608925794514, 51.66219227778933], [178.93031889834253, 51.66032229403691], [178.9411764705882, 51.65490854610278], [178.9411764705882, 51.53439153439154], [178.9411764705882, 51.53439153439153], [178.9411764705882, 51.472902181842564], [178.90834849627294, 51.48807840783943], [178.73319225369727, 51.53868335176216], [178.72941176470587, 51.540028082773006], [178.72941176470587, 51.69985988956972], [178.9172034407347, 51.66472330222225]]], [[[178.94117647058826, 51.53439153439154], [178.94117647058826, 51.65490854610275], [179.10658842959253, 51.57243166903691], [179.1097704166915, 51.57069837324112], [179.20456060559144, 51.514517614990304], [179.30860666057396, 51.46917230481795], [179.42365702713465, 51.45021356189961], [179.4285603127539, 51.449150447751634], [179.43333236981715, 51.44760128896694], [179.43792514863162, 51.44558168397672], [179.44229240465157, 51.44311196812025], [179.4463901641131, 51.440217008888986], [179.48242532036312, 51.41194552451398], [179.48616099992321, 51.40870373474855], [179.48955810544595, 51.40510871364621], [179.4925833935325, 51.40119564136829], [179.49520725931552, 51.39700281046164], [179.49740402616638, 51.392571251135415], [179.49915219696175, 51.38794432974758], [179.50043466444995, 51.38316732443038], [179.5012388786593, 51.37828698200752], [179.50155696970955, 51.37335106053907], [179.50138582482495, 51.368407861970596], [179.50072711879525, 51.363505759459905], [179.4995872975867, 51.35869272400694], [179.49797751526282, 51.354015855019185], [179.4959135248332, 51.34952091940614], [179.49341552409766, 51.3452519037135], [179.49050795799434, 51.34125058367959], [179.48721927938678, 51.33755611542624], [179.48358167062955, 51.33420465228481], [179.47963072863834, 51.33122899100688], [179.47540511654546, 51.32865825082175], [179.47094618535024, 51.32651758848146], [179.4662975692663, 51.324827952081804], [179.46150475872585, 51.32360587606847], [179.4566146552194, 51.32286331943421], [179.45167511232702, 51.32260754869052], [179.27823761232705, 51.32221692369052], [179.27280664283165, 51.32250045069962], [179.26743859124008, 51.32337213833575], [179.26219696335744, 51.32482167424923], [179.25714376935497, 51.326831909956354], [178.94117647058826, 51.472902181842535], [178.94117647058826, 51.53439153439153], [178.94117647058826, 51.53439153439154]]], [[[179.78823529411764, 51.95767195767196], [179.78823529411764, 51.89937784559607], [179.76582088091118, 51.87302519904119], [179.76257840094226, 51.8695605596925], [179.7590220821953, 51.86641890421568], [179.755183956294, 51.863628529378644], [179.75109859308822, 51.861214567978365], [179.74680278928443, 51.859198762470704], [179.74233523701943, 51.85759926913698], [179.65981570576943, 51.83240395663698], [179.654479306174, 51.83109040808919], [179.64903098234706, 51.83037045121133], [179.64353655564219, 51.83025278382272], [179.63806240438325, 51.830738827466405], [179.5764705882353, 51.8396410153979], [179.5764705882353, 51.95417446849919], [179.59059205818377, 51.95767195767196], [179.78823529411764, 51.95767195767196]]]]}, "properties": {"tile": "N48E174_6x6", "epsg": 4326}}, {"type": "Feature", "geometry": {"type": "Polygon", "coordinates": [[[-60.0, 43.855732879826476], [-60.03892774120862, 43.85665463606651], [-60.043635003650735, 43.85698886035047], [-60.04828979022477, 43.85776538306178], [-60.0528506360443, 43.858977286928194], [-60.05727691304812, 43.860613776297676], [-60.133790584923126, 43.893084479422676], [-60.13805600171977, 43.89513808410252], [-60.14210808133758, 43.897585883808595], [-60.145910499196326, 43.9004059354141], [-60.14942916879087, 43.903572958766496], [-60.15263254725727, 43.90705856330963], [-60.155491918136555, 43.91083150258888], [-60.15798164880134, 43.91485795435774], [-60.16007942023771, 43.91910182377502], [-60.161766427122465, 43.92352506697441], [-60.16302754640208, 43.928088032106075], [-60.166250202652066, 43.94234584460608], [-60.16709697789178, 43.947188362309724], [-60.16746412014151, 43.952090628376055], [-60.16734808030968, 43.95700525356768], [-60.166749980130405, 43.96188472917395], [-60.16567560131994, 43.96668188626835], [-60.16413532968596, 43.97135035168112], [-60.16214405473001, 43.97584499627958], [-60.15972102571361, 43.98012237122251], [-60.15688966557949, 43.984141127971505], [-60.15367734452662, 43.98786241799916], [-60.15011511542788, 43.991250268330084], [-60.146237413648095, 43.994271929284544], [-60.14208172416415, 43.99689819106315], [-60.13768821920517, 43.99910366611222], [-60.13309936991545, 44.00086703454024], [-60.12835953579436, 44.00217125021305], [-60.12351453588178, 44.00300370553544], [-60.118611205834526, 44.0033563533263], [-60.113696945175306, 44.00322578460913], [-60.0, 43.99459754495911], [-60.0, 43.855732879826476]]]}, "properties": {"tile": "N42W066_6x6", "epsg": 4326}}, {"type": "Feature", "geometry": {"type": "MultiPolygon", "coordinates": [[[[-53.15294117647059, 46.87830687830688], [-53.364705882352936, 46.87830687830688], [-53.364705882352936, 46.666666666666664], [-53.576470588235296, 46.666666666666664], [-53.576470588235296, 46.87830687830688], [-53.646459434050975, 46.87830687830688], [-53.644909019462254, 46.89353952302189], [-53.6441870042059, 46.898322509816104], [-53.634098141986335, 46.94855292277496], [-53.65540043642558, 46.98524958530342], [-53.65763527470353, 46.98957089935753], [-53.65943956776924, 46.99408895024434], [-53.660796233833715, 46.99876096420754], [-53.661692428928376, 47.00354270987572], [-53.66211966850279, 47.00838891701417], [-53.66207390775049, 47.013253705111964], [-53.66155557990238, 47.01809101774654], [-53.6605695921252, 47.02285505861392], [-53.659908651624704, 47.024980989073285], [-53.39403955720653, 47.089947089947096], [-53.36470588235295, 47.089947089947096], [-53.364705882352936, 47.089947089947096], [-53.15294117647059, 47.089947089947096], [-53.15294117647059, 46.87830687830688]]], [[[-53.738489726219235, 46.97693877734588], [-53.74205736535868, 46.973614910457655], [-53.788235294117655, 46.934620215061194], [-53.788235294117655, 46.993623897271256], [-53.7016495012605, 47.014781457405526], [-53.738489726219235, 46.97693877734588]]]]}, "properties": {"tile": "N42W054_6x6", "epsg": 4326}}, {"type": "Feature", "geometry": {"type": "MultiPolygon", "coordinates": [[[[148.87058823529415, 45.3968253968254], [148.87058823529415, 45.4025462896478], [148.8786380942351, 45.39054069773155], [148.8811568308507, 45.386355862643256], [148.88325523353905, 45.3819452408036], [148.8849132777647, 45.37735092168095], [148.8861151412235, 45.37261674772118], [148.88684935483113, 45.36778789597016], [148.8871089121695, 45.36291044696038], [148.88689133634747, 45.358030944975894], [148.88619870363704, 45.353195953891785], [148.88503762366003, 45.348451612826686], [148.88341917631422, 45.34384319584861], [148.88135880604054, 45.33941467993578], [148.87887617444053, 45.33520832531524], [148.87599497265077, 45.33126427218406], [148.8727426952641, 45.32762015766131], [148.87058823529415, 45.32563537417991], [148.87058823529415, 45.3968253968254]]], [[[148.87058823529415, 45.50893092079868], [148.87149513989, 45.50719800009235], [148.87324943137995, 45.50292749010545], [148.87460234350004, 45.49851337377538], [148.8755423414329, 45.49399328549457], [148.87606141083347, 45.489405763163575], [148.87615512615886, 45.4847899196201], [148.87537387615887, 45.4546141383701], [148.8750440359916, 45.45003123308085], [148.87429488636508, 45.445497957194334], [148.87313275364275, 45.44105259298407], [148.87156745171725, 45.43673268033355], [148.87058823529415, 45.43465030850192], [148.87058823529415, 45.50893092079868]]], [[[149.50588235294114, 45.608465608465615], [149.50588235294114, 45.60846560846561], [149.50588235294114, 45.54206488312542], [149.44598014618492, 45.54337126103872], [149.44104869857185, 45.54372329774061], [149.43617612573638, 45.54456063838973], [149.431410068003, 45.54587509610379], [149.42679712427235, 45.54765381911141], [149.4223823964124, 45.549879416407], [149.4182090482864, 45.552530127786866], [149.4143178837297, 45.55558003660394], [149.41074694760042, 45.55899932316116], [149.4075311538058, 45.56275455626583], [149.40470194394055, 45.566809020094524], [149.40228697987462, 45.571123073172565], [149.4003098732965, 45.575654535958314], [149.398789954856, 45.58035910324277], [149.3977420851637, 45.58519077733235], [149.39717650949544, 45.59010231777943], [149.39709875762142, 45.595045703263686], [149.39750958974057, 45.59997260110814], [149.39840498904775, 45.604834839839484], [149.3997762010071, 45.60958488017219], [149.40160981894726, 45.614176279811666], [149.4038879151416, 45.61856414753177], [149.406588216092, 45.62270558208725], [149.40968432030206, 45.62656009166957], [149.50588235294114, 45.734884828557], [149.50588235294114, 45.608465608465615]]], [[[148.8705882352941, 45.4346503085018], [148.8696121991347, 45.43257469972217], [148.8611751999437, 45.416584928329534], [148.8705882352941, 45.40254628964789], [148.8705882352941, 45.3968253968254], [148.65882352941176, 45.3968253968254], [148.65882352941176, 45.55592797913447], [148.68881974457295, 45.56737063471096], [148.6931972156142, 45.568813145948496], [148.69768891848506, 45.56984644005325], [148.70225668612377, 45.57046173688077], [148.76827231112375, 45.57627228375578], [148.77308723471512, 45.576462986237246], [148.77789815534516, 45.57618930883865], [148.78266038945898, 45.575453793459964], [148.78732970569922, 45.574263271525844], [148.79186273572446, 45.57262880053575], [148.83141351697446, 45.556173722410755], [148.8355999256836, 45.55419995107403], [148.83958588731295, 45.551847526567535], [148.8433372472875, 45.54913660614988], [148.84682186126724, 45.54609041892949], [148.85000987058297, 45.54273506682095], [148.8528739580868, 45.53909930088515], [148.85538958222494, 45.535214274969526], [148.86935442597493, 45.511288493719526], [148.8705882352941, 45.50893092079879], [148.8705882352941, 45.4346503085018]]], [[[149.5058823529412, 45.60846560846561], [149.5058823529412, 45.608465608465615], [149.5058823529412, 45.734884828557064], [149.62853197655204, 45.872995638544566], [149.6318694712488, 45.87641048984694], [149.63551748933594, 45.87949140599379], [149.63944276077143, 45.88221028893093], [149.64360948695372, 45.884542342358685], [149.64797966720624, 45.886466297874904], [149.65251344534482, 45.88796460894352], [149.7718745090438, 45.92118006599534], [149.92930443564924, 46.05948688681017], [149.92941176470586, 46.05957009958575], [149.92941176470586, 46.03174603174603], [149.92941176470586, 45.82010582010582], [149.92941176470586, 45.820105820105816], [149.92941176470586, 45.75152764637126], [149.91025999577522, 45.74088042676547], [149.71693879772616, 45.60148465272313], [149.71279447871018, 45.598797150677996], [149.70840521143597, 45.59653167497868], [149.7038138317238, 45.594710334898515], [149.55498570672384, 45.544026741148514], [149.55078743465407, 45.54279913002091], [149.54649793684965, 45.541943135839844], [149.54215004086714, 45.541465309534765], [149.53777702118492, 45.54136930791372], [149.5058823529412, 45.54206488312542], [149.5058823529412, 45.60846560846561]]]]}, "properties": {"tile": "N42E144_6x6", "epsg": 4326}}, {"type": "Feature", "geometry": {"type": "MultiPolygon", "coordinates": [[[[150.14117647058825, 46.03174603174603], [150.14117647058825, 46.17027139614087], [150.2858987343257, 46.24479438820636], [150.2894827065427, 46.24646407586953], [150.29318740305416, 46.24784535697879], [150.33303115305415, 46.260931294478794], [150.33852313856943, 46.26239501419548], [150.3441457587853, 46.26322599086015], [150.34982635959702, 46.263413486798335], [150.55431854709704, 46.258530674298335], [150.55923716943911, 46.258169929529885], [150.56409632530497, 46.25732637348371], [150.5647058823529, 46.2571573027989], [150.5647058823529, 46.24338624338625], [150.5647058823529, 46.24338624338624], [150.5647058823529, 46.15695313818738], [150.2729219584526, 45.977204580530234], [150.2397408908, 45.910842445225], [150.23745155456297, 45.90675462036235], [150.23478964186586, 45.90289902789079], [150.2317785257635, 45.89930952202897], [150.22844464550843, 45.896017620609015], [150.22481727439958, 45.89305222833266], [150.22092826274678, 45.89043938297211], [150.14117647058825, 45.842121165916296], [150.14117647058825, 46.03174603174603]]], [[[150.1411764705882, 46.03174603174603], [150.1411764705882, 45.84212116591626], [150.08254935649677, 45.80660149234711], [150.0783292668962, 45.80431412104028], [150.0739092841555, 45.80244196284613], [150.0693301449991, 45.801002272491004], [150.0, 45.78281136301743], [150.0, 46.09757426768407], [150.1411764705882, 46.17027139614084], [150.1411764705882, 46.03174603174603]]], [[[150.56470588235297, 46.24338624338624], [150.56470588235297, 46.24338624338625], [150.56470588235297, 46.25715730279889], [150.56884873902933, 46.25600821327938], [150.57344817346183, 46.254228273551966], [150.57784987981705, 46.25200387167862], [150.58201103304432, 46.2493566492945], [150.58589114848073, 46.246312361737125], [150.5894524757343, 46.24290062746775], [150.59266036596478, 46.23915463990756], [150.59548360898896, 46.235110844492574], [150.59789473693053, 46.23080858408888], [150.59987029146038, 46.22628971621833], [150.60139105202717, 46.221598205818644], [150.60244222285783, 46.21677969750002], [150.60301357690844, 46.211881071459935], [150.6030995553652, 46.20694998737661], [150.60269932172707, 46.20203442071886], [150.60181676994438, 46.19718219598347], [150.60046048653376, 46.19244052140143], [150.59864366703835, 46.187855529639954], [150.5963839876456, 46.18347182896884], [150.5937034332125, 46.179332069258045], [150.59062808337055, 46.17547652702881], [150.5871878587919, 46.171942713595655], [150.5834162300855, 46.16876501011155], [150.57934989215502, 46.16597433306701], [150.56470588235297, 46.15695313818742], [150.56470588235297, 46.24338624338624]]], [[[152.25882352941173, 47.089947089947096], [152.25882352941173, 47.05076141452171], [152.0345274123946, 46.859151282551686], [152.03110806845774, 46.85647799381601], [152.02746976756828, 46.854111318455836], [151.84104398631825, 46.74405272470584], [151.8369722661284, 46.74189550291584], [151.8327192435121, 46.740122282743194], [151.82832103940933, 46.73874812415475], [151.82381500778723, 46.737784697885544], [151.81923941839244, 46.73724018631917], [151.8146331317261, 46.73711921399479], [151.7531096942261, 46.73833991711979], [151.7481093505794, 46.73869044278893], [151.74316923179, 46.73953987270171], [151.73833898863018, 46.740879669644166], [151.73366716756473, 46.74269636795774], [151.72920072283375, 46.74497170887619], [151.724984544538, 46.74768282403572], [151.7210610074698, 46.750802465313946], [151.71746954522462, 46.75429927868778], [151.7142462538725, 46.75813811935773], [151.68358219137252, 46.79861663498273], [151.68058534371676, 46.80304635972665], [151.678078785702, 46.80777084108416], [151.67609119591845, 46.81273602426617], [151.6679857271684, 46.83661297739117], [151.66662454071917, 46.84139039897026], [151.66574412809166, 46.84627931082253], [151.66535317951687, 46.85123145628746], [151.66545555390513, 46.85619795454866], [151.66605024075633, 46.86112978311857], [151.6671313701341, 46.86597826172144], [151.6686882706058, 46.870695532798564], [151.67070557457646, 46.875235033892736], [151.67316336997644, 46.87955195724921], [151.67603739680646, 46.883603692096685], [151.67929928659902, 46.8873502452426], [151.68291684243314, 46.89075463583137], [151.68685435673854, 46.89378326036881], [151.69107296375182, 46.89640622440999], [151.69553102314637, 46.898597637636364], [151.70018453104865, 46.90033586940958], [151.70498755438442, 46.90160376227966], [151.7098926842673, 46.90238880133988], [151.84395094123977, 46.91705965908196], [152.00786609944262, 47.053427584242364], [152.00964640495212, 47.05484146211088], [152.0559750595902, 47.089947089947096], [152.25882352941173, 47.089947089947096]]], [[[152.25882352941179, 47.089947089947096], [152.3046937281859, 47.089947089947096], [152.25882352941179, 47.05076141452176], [152.25882352941179, 47.089947089947096]]]]}, "properties": {"tile": "N42E150_6x6", "epsg": 4326}}, {"type": "Feature", "geometry": {"type": "MultiPolygon", "coordinates": [[[[-59.92941176470589, 43.99061312863475], [-59.87856367986262, 43.99613622124211], [-59.745712355961516, 44.0492581115428], [-59.741132109829685, 44.05083679047422], [-59.736420580049725, 44.05196478379386], [-59.73162200012505, 44.052631501502596], [-59.72678142081654, 44.05283068421939], [-59.72194428719011, 44.05256046194665], [-59.71715601196239, 44.051823371626384], [-59.71246154915013, 44.050626333322505], [-59.707904972026036, 44.048980585252835], [-59.703529059343346, 44.04690157828072], [-59.69937489371378, 44.04440883085693], [-59.69548147590953, 44.04152574577353], [-59.69188535871022, 44.03827939045017], [-59.688620303732534, 44.0347002428157], [-59.68571696446425, 44.03082190517055], [-59.68320259847847, 44.02668078871647], [-59.68110081152995, 44.0223157717154], [-59.67943133593589, 44.017767834486556], [-59.67820984532203, 44.013079674668795], [-59.67744780747309, 44.00829530636008], [-59.67715237666918, 44.00345964689764], [-59.67732632651889, 43.99861809515812], [-59.677968023919675, 43.99381610533697], [-59.67907144439001, 43.98909876020837], [-59.68062622862931, 43.984510347872295], [-59.68261777977474, 43.98009394596217], [-59.68502740044169, 43.97589101721687], [-59.68783246826141, 43.97194102021391], [-59.69100664826783, 43.9682810389184], [-59.75145586701784, 43.9050486170434], [-59.754762852357054, 43.90189184288967], [-59.75834435471716, 43.89905032640441], [-59.762170430768464, 43.89654782422837], [-59.7662090924107, 43.894405258656214], [-59.77042657421112, 43.89264054271462], [-59.77478761570211, 43.8912684303995], [-59.909455584452104, 43.855575071024504], [-59.91406114121467, 43.85458397870379], [-59.918739532189456, 43.8540307382784], [-59.92344922558362, 43.85392026106651], [-59.92941176470589, 43.854061445925225], [-59.92941176470589, 43.91534391534392], [-59.92941176470589, 43.99061312863475]]], [[[-59.84094173391345, 46.2033315146762], [-59.83694594380097, 46.200883020634706], [-59.83319694006856, 46.19807118267553], [-59.82972765615697, 46.19492070162733], [-59.826568568284486, 46.19145925315766], [-59.81152950578449, 46.17334401878266], [-59.80873375424123, 46.16963915564177], [-59.806293589606106, 46.16569101251647], [-59.80423003852165, 46.16153361014164], [-59.80256088239096, 46.157202772417165], [-59.80130050415719, 46.15273581771712], [-59.800459764367304, 46.148171237321286], [-59.8000459075878, 46.1435483637398], [-59.7988252044628, 46.115081566864795], [-59.798831076126945, 46.11428052989494], [-59.844603222532854, 46.20512736568741], [-59.84094173391345, 46.2033315146762]]], [[[-56.20862169452283, 46.87830687830688], [-56.20805463549711, 46.87685774097665], [-56.2067075722524, 46.87204741056152], [-56.20584722081157, 46.86712667347382], [-56.20548216880974, 46.862144646263545], [-56.20561606002923, 46.85715105725069], [-56.20617587491109, 46.85275824103536], [-56.202593989104514, 46.85409963551758], [-56.19682861003638, 46.855870315428085], [-56.19089197768727, 46.85693394106538], [-56.15847010268726, 46.86074253481538], [-56.15366837240223, 46.86107334014942], [-56.14885708238285, 46.860940923199315], [-56.14408081605529, 46.86034651099594], [-56.139383832301554, 46.85929561161143], [-56.134809655338124, 46.857797963119154], [-56.13040067140239, 46.85586744335658], [-56.12619773598404, 46.85352194132749], [-56.11764705882352, 46.84819484213803], [-56.11764705882352, 46.72497406336535], [-56.1208872857689, 46.72228666289065], [-56.1252792480927, 46.71936589472817], [-56.1299544555713, 46.71692403995266], [-56.1509017211963, 46.707353727452656], [-56.15575478150368, 46.70543585662578], [-56.16078129858075, 46.70403423294961], [-56.16592652275331, 46.703164123146294], [-56.171134411369394, 46.70283500459899], [-56.17634823922532, 46.703050462122576], [-56.1815112164262, 46.70380814891727], [-56.253093247676205, 46.71816361766727], [-56.257948601852874, 46.71939319631512], [-56.262656580043796, 46.721102368391264], [-56.267169939895254, 46.7232739831553], [-56.2714433919573, 46.72588624947127], [-56.27543405414217, 46.7289129544715], [-56.27910188202593, 46.732323726590415], [-56.28241007067548, 46.73608434032903], [-56.28532542396885, 46.74015705969169], [-56.28781868770263, 46.744501016849156], [-56.28986484314427, 46.7490726222281], [-56.29144335808329, 46.753826001912], [-56.2925383928624, 46.75871345796446], [-56.29313895932099, 46.76368594705554], [-56.29323903105625, 46.76869357258866], [-56.293153289843076, 46.769759928196656], [-56.33199940600561, 46.750511067945716], [-56.33670274015705, 46.74847369945123], [-56.34158994286007, 46.74692855471303], [-56.3466096550439, 46.74589187148567], [-56.35170912511035, 46.74537454415811], [-56.35683476329447, 46.74538200926583], [-56.3619327048335, 46.745914188358846], [-56.36694937602563, 46.74696548882612], [-56.371832057230094, 46.748524862667736], [-56.37652943689206, 46.75057592259707], [-56.380992150770034, 46.753097114252974], [-56.38517330069918, 46.756061942712165], [-56.41573970694918, 46.78018303646217], [-56.4193927383141, 46.783364728734135], [-56.42272072075753, 46.78688500382606], [-56.42569241410377, 46.79071081648777], [-56.42827992270618, 46.7948062533508], [-56.430458957307, 46.79913287005152], [-56.43220906304359, 46.80365005211309], [-56.43351381146067, 46.80831539619844], [-56.43436095472627, 46.81308510815558], [-56.43474254060358, 46.81791441411864], [-56.4346549870996, 46.82275798080555], [-56.434099116089705, 46.8275703410671], [-56.433080145602624, 46.83230632069259], [-56.42556061435261, 46.86052897694259], [-56.42392257217805, 46.865581270545455], [-56.42175785403952, 46.87043130644181], [-56.41909088562316, 46.87502435905215], [-56.41694399132861, 46.87830687830688], [-56.32941176470588, 46.87830687830688], [-56.20862169452283, 46.87830687830688]]]]}, "properties": {"tile": "N42W060_6x6", "epsg": 4326}}, {"type": "Feature", "geometry": {"type": "Polygon", "coordinates": [[[30.0, 45.820105820105816], [29.85882352941177, 45.820105820105816], [29.85882352941177, 46.03174603174603], [30.0, 46.03174603174603], [30.0, 45.820105820105816]]]}, "properties": {"tile": "N42E024_6x6", "epsg": 4326}}, {"type": "Feature", "geometry": {"type": "MultiPolygon", "coordinates": [[[[34.09411764705884, 44.761904761904766], [34.09411764705884, 44.55026455026455], [33.88235294117648, 44.55026455026455], [33.88235294117648, 44.73429656334533], [33.99630204906684, 44.761904761904766], [34.09411764705884, 44.761904761904766]]], [[[34.94117647058822, 44.973544973544975], [34.72941176470589, 44.973544973544975], [34.72941176470589, 44.76190476190476], [34.51764705882353, 44.76190476190476], [34.51764705882353, 44.973544973544975], [34.51764705882353, 45.1105691589488], [34.82515521049174, 45.18518518518519], [34.938122440130364, 45.18518518518519], [35.05693951319084, 44.973544973544975], [34.941176470588246, 44.973544973544975], [34.94117647058822, 44.973544973544975]]], [[[35.15294117647058, 44.973544973544975], [35.15073493738836, 44.973544973544975], [35.15294117647058, 44.9741116382719], [35.15294117647058, 44.973544973544975]]]]}, "properties": {"tile": "N42E030_6x6", "epsg": 4326}}, {"type": "Feature", "geometry": {"type": "MultiPolygon", "coordinates": [[[[132.4674589997588, 42.85714285714286], [132.35294117647058, 42.84007226852289], [132.35294117647058, 42.85714285714286], [132.4674589997588, 42.85714285714286]]], [[[132.5647058823529, 42.82305004408339], [132.56272889600967, 42.823505802823945], [132.5578378283155, 42.82518123065345], [132.47821986360785, 42.85714285714286], [132.5647058823529, 42.85714285714286], [132.5647058823529, 42.82305004408339]]], [[[132.7764705882353, 42.85714285714286], [132.7764705882353, 42.78338723404376], [132.697288143739, 42.8254294605751], [132.57806682117015, 42.82160770115598], [132.57289775434342, 42.821709434835086], [132.56776682626816, 42.82234439836737], [132.56470588235297, 42.823050044083374], [132.56470588235297, 42.85714285714286], [132.7764705882353, 42.85714285714286]]], [[[133.20000000000002, 42.857142857142854], [133.20000000000002, 43.06878306878307], [133.41176470588235, 43.06878306878307], [133.62352941176468, 43.06878306878307], [133.62352941176468, 42.857142857142854], [133.41176470588235, 42.857142857142854], [133.20000000000002, 42.857142857142854]]], [[[133.19999999999996, 43.06878306878307], [133.19999999999996, 42.857142857142854], [132.98823529411763, 42.857142857142854], [132.98823529411763, 43.024217782794345], [133.17289609072517, 43.06878306878307], [133.19999999999996, 43.06878306878307]]], [[[133.83529411764707, 43.06878306878307], [133.83529411764707, 43.102051705018184], [133.85264806571348, 43.06878306878307], [133.83529411764707, 43.06878306878307]]]]}, "properties": {"tile": "N42E132_6x6", "epsg": 4326}}, {"type": "Feature", "geometry": {"type": "MultiPolygon", "coordinates": [[[[3.176470588235293, 42.22222222222222], [3.176470588235293, 42.43386243386244], [3.176470588235293, 42.56570683642856], [3.236428780962534, 42.49299041639041], [3.2390843860662426, 42.489463335424915], [3.241418498207904, 42.48571574164835], [3.243412918279109, 42.481776855107256], [3.2569871370291033, 42.451747558232256], [3.257037647509868, 42.45163545035744], [3.278179677677224, 42.40455629039715], [3.3103601817325465, 42.388367927076644], [3.314565075881484, 42.38599152148542], [3.31852106071739, 42.38322048876894], [3.3221912214609395, 42.38008068647353], [3.3255413104646943, 42.376601413272894], [3.3285400667907545, 42.37281513557116], [3.331159507918303, 42.36875718454668], [3.3333751908590106, 42.36446542646357], [3.3351664402437344, 42.35997990932733], [3.354014096493723, 42.305243581202326], [3.355394694967794, 42.300478027676405], [3.3562961921756966, 42.29559910819161], [3.356709711416072, 42.290654863619096], [3.3566311809216747, 42.28569397806141], [3.3560613739525222, 42.280765299478574], [3.3550059011818947, 42.27591735870073], [3.3534751554501643, 42.27119789156346], [3.351484209430432, 42.26665336887109], [3.349052667213629, 42.262328538816284], [3.346204471274464, 42.25826598636159], [3.342967666718946, 42.25450571392142], [3.3393741251348557, 42.251084747473406], [3.3354592307642976, 42.24803677197771], [3.3312615320884804, 42.24539179969391], [3.3268223622554296, 42.243175874661716], [3.3221854320881437, 42.24141081625511], [3.2340994945881607, 42.212797535005116], [3.228286205083517, 42.21128845297964], [3.2223339118174747, 42.210487286143426], [3.2091250261210598, 42.20951205065743], [3.203848808810448, 42.17853035998601], [3.2055999434931155, 42.17666202337577], [3.247075924694381, 42.15580108026168], [3.25123302834751, 42.15345515981712], [3.2551474855840143, 42.15072351597895], [3.258783620270006, 42.147631044789044], [3.262108292887011, 42.144205930848635], [3.265091202563605, 42.140479390445485], [3.2677051632357754, 42.13648538705047], [3.2699263514191195, 42.132260321776506], [3.2834029139191365, 42.10335407177651], [3.2851361857692285, 42.09914620013812], [3.2864796855517264, 42.094798163412676], [3.2874222834913933, 42.09034598145822], [3.2879561709504146, 42.08582653688919], [3.29338783526982, 42.010582010582006], [3.176470588235293, 42.010582010582006], [3.176470588235293, 42.22222222222222]]], [[[2.5411764705882436, 43.28042328042328], [2.5411764705882436, 43.280423280423285], [2.5411764705882436, 43.49206349206349], [2.5411764705882436, 43.492063492063494], [2.5411764705882436, 43.558318626118236], [2.81941, 43.02696], [2.884590288941105, 43.043643615573735], [2.9647058823529275, 42.89012832260561], [2.9647058823529275, 42.85714285714286], [2.9647058823529275, 42.857142857142854], [2.9647058823529275, 42.645502645502646], [2.7529411764705967, 42.645502645502646], [2.7529411764705967, 42.43386243386244], [2.7529411764705967, 42.22222222222222], [2.7529411764705967, 42.010582010582006], [2.5411764705882436, 42.010582010582006], [2.5411764705882436, 42.22222222222222], [2.5411764705882436, 42.43386243386244], [2.5411764705882436, 42.645502645502646], [2.5411764705882436, 42.64550264550265], [2.5411764705882436, 42.857142857142854], [2.5411764705882436, 42.85714285714286], [2.5411764705882436, 43.06878306878307], [2.5411764705882436, 43.28042328042328]]], [[[2.3294117647058843, 42.857142857142854], [2.3294117647058843, 42.85714285714286], [2.3294117647058843, 43.06878306878307], [2.3294117647058843, 43.28042328042328], [2.3294117647058843, 43.280423280423285], [2.3294117647058843, 43.49206349206349], [2.3294117647058843, 43.492063492063494], [2.3294117647058843, 43.650769789466224], [2.4744389006185687, 43.68577121446921], [2.5411764705882374, 43.55831862611825], [2.5411764705882374, 43.492063492063494], [2.5411764705882374, 43.49206349206349], [2.5411764705882374, 43.280423280423285], [2.5411764705882374, 43.28042328042328], [2.5411764705882374, 43.06878306878307], [2.5411764705882374, 42.85714285714286], [2.5411764705882374, 42.857142857142854], [2.5411764705882374, 42.64550264550265], [2.5411764705882374, 42.645502645502646], [2.5411764705882374, 42.43386243386244], [2.5411764705882374, 42.22222222222222], [2.5411764705882374, 42.010582010582006], [2.422575540030675, 42.010582010582006], [2.3294117647058843, 42.22359720694153], [2.3294117647058843, 42.43386243386244], [2.3294117647058843, 42.645502645502646], [2.3294117647058843, 42.64550264550265], [2.3294117647058843, 42.857142857142854]]], [[[2.117647058823525, 43.28042328042328], [2.117647058823525, 43.280423280423285], [2.117647058823525, 43.49206349206349], [2.117647058823525, 43.492063492063494], [2.117647058823525, 43.599661654257076], [2.329411764705878, 43.650769789466224], [2.329411764705878, 43.492063492063494], [2.329411764705878, 43.49206349206349], [2.329411764705878, 43.280423280423285], [2.329411764705878, 43.28042328042328], [2.329411764705878, 43.06878306878307], [2.329411764705878, 42.85714285714286], [2.329411764705878, 42.857142857142854], [2.329411764705878, 42.645502645502646], [2.1448882933377855, 42.645502645502646], [2.117647058823525, 42.70778862413437], [2.117647058823525, 42.857142857142854], [2.117647058823525, 42.85714285714286], [2.117647058823525, 43.06878306878307], [2.117647058823525, 43.28042328042328]]], [[[2.117647058823519, 43.492063492063494], [2.117647058823519, 43.280423280423285], [2.117647058823519, 43.28042328042328], [2.117647058823519, 43.06878306878307], [1.9597634622091933, 43.06878306878307], [1.9058823529411657, 43.19198004132722], [1.9058823529411657, 43.28042328042328], [1.9058823529411657, 43.280423280423285], [1.9058823529411657, 43.492063492063494], [2.117647058823519, 43.492063492063494]]], [[[5.929411764705872, 43.04956431536986], [5.81016826030265, 43.04790522950913], [5.804782662383111, 43.04812083701583], [5.799451564352608, 43.04891490586488], [5.794236916025859, 43.05027820861051], [5.789199314018389, 43.05219490304682], [5.784397297585941, 43.05464271630162], [5.760003677911162, 43.06878306878307], [5.929411764705872, 43.06878306878307], [5.929411764705872, 43.04956431536986]]], [[[5.71764705882352, 43.400390205140994], [5.929411764705872, 43.451260082887536], [5.929411764705872, 43.28042328042328], [5.71764705882352, 43.28042328042328], [5.71764705882352, 43.400390205140994]]]]}, "properties": {"tile": "N42E000_6x6", "epsg": 4326}}, {"type": "Feature", "geometry": {"type": "MultiPolygon", "coordinates": [[[[6.132446324424553, 43.02517415688118], [6.127927673892399, 43.023827037242114], [6.123302218967752, 43.022911558846005], [6.11861109462415, 43.02243586320113], [6.113896019844672, 43.02240418075145], [6.109198926607783, 43.02281679325447], [6.104561586978965, 43.02367003127559], [6.100025241624494, 43.024956306820975], [6.022747450685903, 43.05086293467567], [6.0, 43.05054643966834], [6.0, 43.06878306878307], [6.141176470588231, 43.06878306878307], [6.141176470588231, 43.028231958076134], [6.132446324424553, 43.02517415688118]]], [[[6.256951532797872, 43.06878306878307], [6.141176470588238, 43.02823195807614], [6.141176470588238, 43.06878306878307], [6.256951532797872, 43.06878306878307]]], [[[6.141176470588238, 43.28042328042328], [6.141176470588238, 43.492063492063494], [6.3529411764705905, 43.492063492063494], [6.3529411764705905, 43.28042328042328], [6.141176470588238, 43.28042328042328]]], [[[6.0, 43.28042328042328], [6.0, 43.46821670880305], [6.099271067026148, 43.492063492063494], [6.141176470588231, 43.492063492063494], [6.141176470588231, 43.28042328042328], [6.0, 43.28042328042328]]], [[[6.56470588235295, 43.28042328042328], [6.352941176470598, 43.28042328042328], [6.352941176470598, 43.492063492063494], [6.56470588235295, 43.492063492063494], [6.56470588235295, 43.28042328042328]]]]}, "properties": {"tile": "N42E006_6x6", "epsg": 4326}}, {"type": "Feature", "geometry": {"type": "MultiPolygon", "coordinates": [[[[-28.799999999999994, 38.661993103259306], [-28.711123485288738, 38.68665596013349], [-28.70628498257006, 38.68774339451527], [-28.70136255582456, 38.688346168957715], [-28.696404629173497, 38.6884583536981], [-28.69145997596664, 38.68807884512477], [-28.68657723897693, 38.68721137663391], [-28.681804451879692, 38.68586448190241], [-28.677188566723807, 38.68405141093828], [-28.67277499204333, 38.68178999973437], [-28.630441007668324, 38.65737593723437], [-28.626170041226114, 38.65461425066537], [-28.622201729933504, 38.651432965934184], [-28.591000558058493, 38.62369859093418], [-28.587717342113223, 38.62049897840292], [-28.584740986602274, 38.617012097968214], [-28.58209651318365, 38.61326726317456], [-28.57980615344536, 38.60929595614001], [-28.561637744030367, 38.574163938995326], [-28.543571571964083, 38.590309150993804], [-28.539531968273007, 38.59355875236328], [-28.53517758668568, 38.59637258747454], [-28.53055524256421, 38.598720403877955], [-28.525714632222417, 38.60057695944146], [-28.520707798624716, 38.60192229373686], [-28.515588571855407, 38.60274194264085], [-28.510411990374052, 38.603027093843465], [-28.40230652162404, 38.603368890718464], [-28.39757085486295, 38.60315915706605], [-28.392876332381157, 38.60250190023267], [-28.388265149537986, 38.6014030277815], [-28.383778752618486, 38.59987241661018], [-28.37647058823531, 38.59698555167568], [-28.37647058823531, 38.41269841269841], [-28.37647058823531, 38.361327462940224], [-28.45275324014879, 38.35867282665363], [-28.457377329645595, 38.358725887982324], [-28.46197673961435, 38.35920593706143], [-28.4665121266669, 38.36010886754746], [-28.470944695067605, 38.361426955766106], [-28.475236528592358, 38.363148926780624], [-28.479350914864266, 38.36526005083775], [-28.483252659391596, 38.367742269366104], [-28.559912815641596, 38.4216485193661], [-28.56359343301692, 38.42450180817369], [-28.566992614842704, 38.427685165552035], [-28.570080872263087, 38.431170974982926], [-28.57283141377865, 38.43492899609172], [-28.57522037767019, 38.43892662699113], [-28.577227039005805, 38.44312918711172], [-28.578833989435513, 38.44750021806557], [-28.594509819184758, 38.497169214536235], [-28.61196295269565, 38.484517493270424], [-28.616162099012662, 38.48178363964393], [-28.62061378438888, 38.479483795572264], [-28.625273301820464, 38.47764105773209], [-28.63009385710564, 38.47627393221285], [-28.635027038785505, 38.47539614866537], [-28.64002330432647, 38.475016522418926], [-28.74256236682647, 38.47237980366892], [-28.74745092451935, 38.47249328568373], [-28.7523050192941, 38.47308374178035], [-28.75707822489036, 38.47414552463013], [-28.76172488870018, 38.47566847897049], [-28.766200568405498, 38.4776380387334], [-28.770462457040058, 38.480035366360354], [-28.774469792410166, 38.482837532971345], [-28.799999999999994, 38.50261677883159], [-28.799999999999994, 38.62433862433863], [-28.799999999999994, 38.661993103259306]]], [[[-28.8, 38.502616778831595], [-28.872663151785183, 38.55891175172135], [-28.876316752157276, 38.56203456213545], [-28.8796536345705, 38.56549374647887], [-28.88264296524288, 38.56925734086357], [-28.8852571218735, 38.57329056856258], [-28.88747194888071, 38.5775561613572], [-28.88926698060688, 38.582014703906445], [-28.890625630427124, 38.586624997956434], [-28.891535344014642, 38.59134444302446], [-28.891987715346403, 38.59612943004007], [-28.8919785643773, 38.60093574430583], [-28.891507975664997, 38.60571897405415], [-28.890580297588595, 38.61043492082526], [-28.88920410216832, 38.61504000787402], [-28.887392105857522, 38.619491682831956], [-28.88516105203887, 38.62374881090375], [-28.88253155631054, 38.627772054964964], [-28.87952791599198, 38.63152423904869], [-28.87617788560949, 38.63497069186249], [-28.872512420436163, 38.63807956716146], [-28.868565390456002, 38.64082213801691], [-28.86437326739523, 38.6431730622617], [-28.85997478771274, 38.64511061665943], [-28.855410594663738, 38.64661689763349], [-28.8, 38.6619931032593], [-28.8, 38.62433862433863], [-28.8, 38.502616778831595]]], [[[-28.245051015226185, 38.41269841269841], [-28.236627575511783, 38.39521907582569], [-28.222110615210614, 38.38545294994076], [-28.203671410804322, 38.342340054034956], [-28.209865061307607, 38.33942582461183], [-28.214566081010883, 38.33749916668391], [-28.219438347886125, 38.33605950960036], [-28.22443155753767, 38.33512171730058], [-28.229494156879365, 38.334695472151346], [-28.23457387640158, 38.33478517497986], [-28.239618269834992, 38.335389899636816], [-28.244575255639397, 38.33650340255856], [-28.33840330881758, 38.36265220426396], [-28.376470588235303, 38.361327462940224], [-28.376470588235303, 38.41269841269841], [-28.245051015226185, 38.41269841269841]]], [[[-25.83529411764705, 37.948813922208274], [-25.796995417812184, 37.95934380825871], [-25.79243248581442, 37.96037146362809], [-25.787793491665543, 37.96096825275426], [-25.783119029206677, 37.96112895339246], [-25.778450002646867, 37.96085215932056], [-25.773827268627944, 37.96014029264434], [-25.769291278705627, 37.9589995826027], [-25.764881725375396, 37.95744001105824], [-25.760637194740525, 37.95547522515029], [-25.63422209502785, 37.88961112609709], [-25.583936446866556, 37.884157067334975], [-25.411764705882366, 37.89203937487659], [-25.411764705882366, 37.77777777777778], [-25.411764705882366, 37.66791234799087], [-25.433805669008503, 37.665604003879686], [-25.43819533350038, 37.66533872847548], [-25.44259132850257, 37.66546019177064], [-25.446959647432283, 37.665967454148166], [-25.742418631807272, 37.71352604789816], [-25.747397169079182, 37.71458993175313], [-25.752241716984525, 37.716154552415624], [-25.756902051742046, 37.71820368934918], [-25.761329859321627, 37.720716099001855], [-25.83529411764705, 37.767817354057506], [-25.83529411764705, 37.77777777777778], [-25.83529411764705, 37.948813922208274]]], [[[-25.835294117647056, 37.76781735405751], [-25.860548609321633, 37.78389969275185], [-25.864665117091235, 37.786823368609866], [-25.868465773334503, 37.790147301349926], [-25.871911821214013, 37.79383759547805], [-25.87496811997805, 37.79785661956418], [-25.877603503305124, 37.80216338998519], [-25.879791097119657, 37.806713988851556], [-25.881508593637832, 37.81146201185592], [-25.895668749887832, 37.85779990248093], [-25.89685571451568, 37.86248270429602], [-25.897585225034234, 37.86725819717849], [-25.897850471457588, 37.87208180186814], [-25.89764897770849, 37.876908489980735], [-25.89569585270849, 37.89853934935574], [-25.894988369398938, 37.90353920938279], [-25.89378018580991, 37.90844221104898], [-25.892083624994978, 37.91319834543782], [-25.88991599128603, 37.917759101628114], [-25.887299393795104, 37.922077961488526], [-25.884260520909088, 37.92611087414641], [-25.880830368077444, 37.92981670529137], [-25.87704392166937, 37.93315765673105], [-25.87293980212498, 37.936099651919484], [-25.868559870040183, 37.93861268352613], [-25.863948799203158, 37.940671119500216], [-25.859153620937178, 37.94225396450871], [-25.835294117647056, 37.948813922208274], [-25.835294117647056, 37.77777777777778], [-25.835294117647056, 37.76781735405751]]], [[[-25.41176470588236, 37.89203937487659], [-25.26888825018702, 37.89858049572377], [-25.26459084735789, 37.89859236638729], [-25.260308297932447, 37.89823517959153], [-25.200000000000006, 37.890583607766196], [-25.200000000000006, 37.77777777777778], [-25.200000000000006, 37.70425908417912], [-25.22927280603562, 37.69003680735826], [-25.23326218653361, 37.68830869852942], [-25.23738660597291, 37.68693367810382], [-25.241614881240057, 37.68592214207018], [-25.24591504400851, 37.68528173825468], [-25.41176470588236, 37.66791234799087], [-25.41176470588236, 37.77777777777778], [-25.41176470588236, 37.89203937487659]]], [[[-25.200000000000006, 36.91352663899337], [-25.200419571198644, 36.91404819050319], [-25.23889613369864, 36.967222018628185], [-25.241521875481027, 36.97124433706342], [-25.24374952254393, 36.97550005722167], [-25.245558514983173, 36.979949901247814], [-25.246932156836543, 36.9845527996348], [-25.247857770177923, 36.98926627027165], [-25.248326812127296, 36.99404681052898], [-25.2483349536966, 36.99885029876328], [-25.24788211974382, 37.00363240153439], [-25.246972489666508, 37.00834898277769], [-25.24561445882833, 37.012956511154684], [-25.243820561074692, 37.01741246182224], [-25.241607353052515, 37.021675708912525], [-25.23899526140191, 37.02570690510113], [-25.236008394229998, 37.02946884476035], [-25.232674318606914, 37.03292680734571], [-25.229023806137565, 37.03604887784674], [-25.225090548957386, 37.03880624134413], [-25.200000000000006, 37.05465475336062], [-25.200000000000006, 36.93121693121693], [-25.200000000000006, 36.91352663899337]]], [[[-25.190227267707375, 37.060827725719136], [-25.185912645873614, 37.06326274944002], [-25.18137822326264, 37.065258824006435], [-25.17666851938357, 37.0667963517171], [-25.17182977467818, 37.067860236939154], [-25.166909496526692, 37.06844003431894], [-25.086294262151704, 37.07390878431894], [-25.081121548528202, 37.07399143608327], [-25.075967982878684, 37.07353915448847], [-25.070888736798214, 37.07255678144377], [-25.06593818625231, 37.071054833762474], [-25.06116932945399, 37.069049390574044], [-25.0566332194904, 37.06656192118868], [-25.0180590007404, 37.04273379618868], [-25.01382559210473, 37.0398074170119], [-25.00991541548392, 37.03646138016856], [-25.00636989598317, 37.03273113416694], [-25.003226595465417, 37.02865619789529], [-25.000518814614296, 37.024279741951815], [-24.998275240140792, 37.01964813128762], [-24.988235294117647, 36.99587538553166], [-24.988235294117647, 36.93121693121693], [-24.988235294117647, 36.916581882216434], [-24.990777301918577, 36.91260173425772], [-24.993815789938687, 36.908740237076856], [-24.9972186254707, 36.90519562422518], [-25.000952945875564, 36.90200212754599], [-25.004982687222956, 36.89919058800344], [-25.00926893257607, 36.89678815783815], [-25.013770287829143, 36.89481803834639], [-25.018443281468056, 36.89329925581525], [-25.023242784393325, 36.892246477777626], [-25.028122445751162, 36.891669871361586], [-25.033035140563484, 36.891575005102055], [-25.037933424833994, 36.89196279516311], [-25.08966500063874, 36.89862923534413], [-25.15606687576121, 36.89350745248486], [-25.16116987924072, 36.89337519735382], [-25.16625977266498, 36.89376394002099], [-25.1712835027801, 36.89466962852267], [-25.17618870596918, 36.896082822637226], [-25.180924254051643, 36.897988792282916], [-25.185440787205227, 36.9003676710533], [-25.189691228455988, 36.90319466328984], [-25.193631274373573, 36.90644030253333], [-25.197219856857146, 36.91007075866035], [-25.2, 36.91352663899336], [-25.2, 36.93121693121693], [-25.2, 37.05465475336063], [-25.190227267707375, 37.060827725719136]]], [[[-25.2, 37.89058360776619], [-25.175640329182436, 37.88749299209153], [-25.170830817152687, 37.88664232601474], [-25.166127247989273, 37.88532647045144], [-25.161574503222035, 37.8835579813158], [-25.157216025212083, 37.88135373355857], [-25.15309340262413, 37.87873476014599], [-25.14924597358679, 37.87572605136295], [-25.145710450327556, 37.87235631635529], [-25.14252056886415, 37.86865770918664], [-25.139706767094925, 37.86466552202395], [-25.137295894359962, 37.860417848378965], [-25.13531095524426, 37.855955219619425], [-25.133770890067616, 37.85132021821811], [-25.13269039415581, 37.84655707143021], [-25.132079777617573, 37.84171122927619], [-25.131944866965377, 37.83682893085696], [-25.132286949518754, 37.831956763139694], [-25.141076012018754, 37.75842160688969], [-25.141915972167112, 37.7534969426606], [-25.143243176291616, 37.748680680621206], [-25.14504437472725, 37.744020902191316], [-25.14730158585727, 37.739564126592896], [-25.149992275626214, 37.73535484644215], [-25.15308958250054, 37.7314350835735], [-25.156562585631086, 37.72784396952973], [-25.160376613540237, 37.72461735490626], [-25.16449359025216, 37.721787451449664], [-25.168872415410615, 37.719382510483264], [-25.2, 37.70425908417913], [-25.2, 37.77777777777778], [-25.2, 37.89058360776619]]], [[[-24.98823529411764, 36.99587538553164], [-24.981283052640798, 36.97941375628762], [-24.979512752983688, 36.97452787693235], [-24.978259138640404, 36.96948464096438], [-24.977535751543183, 36.96433852698801], [-24.977350405944545, 36.959145124927765], [-24.97770510400533, 36.95396053552879], [-24.978596014166712, 36.948840764339124], [-24.9827952329167, 36.93043256121412], [-24.984122105816112, 36.92570149598153], [-24.985906942283606, 36.92112351294197], [-24.988132505389554, 36.916742823636895], [-24.98823529411764, 36.91658188221645], [-24.98823529411764, 36.93121693121693], [-24.98823529411764, 36.99587538553164]]]]}, "properties": {"tile": "N36W030_6x6", "epsg": 4326}}, {"type": "Feature", "geometry": {"type": "MultiPolygon", "coordinates": [[[[2.3275662517506697, 39.545655940280504], [2.3251872354325327, 39.54993289504147], [2.3232377494621415, 39.554421944508846], [2.321736471521991, 39.55908007988855], [2.3206977850922024, 39.56386267240411], [2.3201316416449287, 39.56872390087708], [2.320043465301049, 39.57361719073174], [2.3213129965510375, 39.61463281573174], [2.321724301647049, 39.61966883060171], [2.322641774326412, 39.62463761934096], [2.3240560451314534, 39.629488439451265], [2.325952671179301, 39.63417175315924], [2.328312283656172, 39.6386397333082], [2.329411764705878, 39.640292595143656], [2.329411764705878, 39.54299018821172], [2.3275662517506697, 39.545655940280504]]], [[[2.331110785616484, 39.642846751781036], [2.3343195980668177, 39.64674984546569], [2.337905951821657, 39.65030915500516], [2.3418332221504103, 39.65348833185106], [2.346061302798203, 39.65625490946399], [2.5411764705882374, 39.77027936599473], [2.5411764705882374, 39.68253968253969], [2.5411764705882374, 39.68253968253968], [2.5411764705882374, 39.470899470899475], [2.5411764705882374, 39.445897700916326], [2.5279407559583325, 39.43674948639272], [2.5236438288359526, 39.434089978328835], [2.519100401226375, 39.4318777777517], [2.514356882544911, 39.4301354814636], [2.5094617260624035, 39.428880886370074], [2.5044649339731713, 39.428126807691214], [2.499417546641279, 39.427880948058935], [2.4943711212422883, 39.42814581883753], [2.4893772051259764, 39.42891871447095], [2.4844868092794186, 39.43019174011913], [2.479749887268816, 39.43195189230073], [2.4752148249824852, 39.43418119171894], [2.470927946387085, 39.43685686691321], [2.46693304034561, 39.439951586861234], [2.4632709133305166, 39.44343374015514], [2.4599789726008545, 39.447267757900185], [2.4314708997508894, 39.484082139746015], [2.3867358916085766, 39.490961841755784], [2.3820599894964865, 39.49191126993363], [2.377495874496531, 39.49330207139104], [2.373085108306036, 39.495121581226], [2.3688678561989662, 39.497353230636676], [2.364882521273319, 39.49997669780002], [2.3611653947452274, 39.502968092926196], [2.357750325474258, 39.5063001758035], [2.3546684117292718, 39.50994260385292], [2.3303520054792775, 39.54163205697792], [2.3294117647058843, 39.542990188211704], [2.3294117647058843, 39.64029259514367], [2.331110785616484, 39.642846751781036]]], [[[2.5411764705882436, 39.68253968253968], [2.5411764705882436, 39.68253968253969], [2.5411764705882436, 39.77027936599474], [2.759733177798209, 39.89800295633899], [2.764586707197153, 39.900494588177025], [2.8844109259471358, 39.953961385052025], [2.888583828124901, 39.9556031804173], [2.8928870447432153, 39.95686450168586], [2.9647058823529275, 39.97446011690023], [2.9647058823529275, 39.89417989417989], [2.9647058823529275, 39.68253968253969], [2.9647058823529275, 39.68253968253968], [2.9647058823529275, 39.470899470899475], [2.9647058823529275, 39.289630316883446], [2.8868014307963916, 39.319884900387876], [2.791592525967444, 39.3357376002182], [2.786382823107462, 39.336893735645475], [2.781326009526277, 39.33859851991941], [2.7764796876969, 39.340832533737995], [2.771899062367915, 39.34357032931308], [2.7676363117228084, 39.34678072024771], [2.7376558429728255, 39.37197603274771], [2.733775052308658, 39.3756062858572], [2.7303014625573123, 39.379627908422464], [2.727274310379635, 39.38399547336317], [2.7247277896073197, 39.3886596459344], [2.722690664999316, 39.39356774099762], [2.7211859473234665, 39.398664318136646], [2.7017513597994687, 39.480225865778365], [2.680229353624616, 39.495337553985], [2.6394578686368346, 39.50395883715423], [2.6003614079635793, 39.486804937043395], [2.5411764705882436, 39.44589770091633], [2.5411764705882436, 39.470899470899475], [2.5411764705882436, 39.68253968253968]]], [[[2.7529411764705967, 42.0], [2.7529411764705967, 41.7989417989418], [2.5411764705882436, 41.7989417989418], [2.5411764705882436, 42.0], [2.7529411764705967, 42.0]]], [[[3.176470588235293, 39.68253968253968], [3.176470588235293, 39.68253968253969], [3.176470588235293, 39.89417989417989], [3.176470588235293, 40.01764574259669], [3.2093403422011404, 40.0096760660698], [3.2140531438895055, 40.00828493580286], [3.2186066363092998, 40.00643792471564], [3.2229568404771176, 40.00415287179027], [3.2270617408279243, 40.00145184674717], [3.2308816910138702, 39.99836093688916], [3.2343797968205052, 39.99490999514248], [3.2375222725020696, 39.99113235172836], [3.240278767094268, 39.987064492249885], [3.242622657552909, 39.98274570530314], [3.2445313058871745, 39.97821770301631], [3.2459862778040707, 39.97352421818151], [3.246973520752305, 39.9687105818705], [3.2474834996460067, 39.963823285613735], [3.247511288957419, 39.958909532371294], [3.2470566202891114, 39.9540167806327], [3.2461238849662415, 39.949192286048714], [3.2447220916238315, 39.9444826450222], [3.242864779198692, 39.93993334466622], [3.240569886166348, 39.93558832347599], [3.2378595772859065, 39.931489546957806], [3.2347600295262287, 39.92767660231371], [3.23317197809495, 39.92590819695882], [3.2351581155166174, 39.92398906065235], [3.23843413416682, 39.92010684292812], [3.2412993408858877, 39.91591226272125], [3.2437241622562536, 39.911448614664266], [3.2456835703263804, 39.90676197059099], [3.2471573409383887, 39.901900704003154], [3.2481302624730213, 39.896914990780125], [3.2485922928573574, 39.891856291285315], [3.248538663214725, 39.88677681921469], [3.2479699270869693, 39.8817290026697], [3.246891954721036, 39.87676494301725], [3.2391771109710135, 39.84829814614225], [3.2377561057567235, 39.843878698305176], [3.2359313412815447, 39.839610090849135], [3.2337185475809322, 39.83552912049367], [3.2311367996225555, 39.83167096646835], [3.228208352874161, 39.82806888725691], [3.2249584514545426, 39.824753933898805], [3.2214151105214115, 39.82175468231962], [3.21672359681405, 39.81814363843577], [3.2423387046617456, 39.809213600837495], [3.3279476114112554, 39.834648131103656], [3.332435460866737, 39.83575850665461], [3.337006685289506, 39.83644961726506], [3.3416222030391487, 39.83671555429133], [3.346242553789867, 39.8365540441073], [3.3508282358961656, 39.835966467542775], [3.388235294117646, 39.82940322914573], [3.388235294117646, 39.68253968253969], [3.388235294117646, 39.68253968253968], [3.388235294117646, 39.52474816047188], [3.387659493792949, 39.52412373700865], [3.3355887088991216, 39.450713961457815], [3.288841571750928, 39.36308673676301], [3.2865197128948576, 39.35917418900514], [3.2838518224927307, 39.35548889128211], [3.2808599896723565, 39.35206135647118], [3.277568985682769, 39.34891996326981], [3.274006058797618, 39.34609072123063], [3.270200708709721, 39.34359705541227], [3.1800639899597325, 39.29022791478727], [3.1765079012465347, 39.28831200702379], [3.176470588235293, 39.28829563991342], [3.176470588235293, 39.470899470899475], [3.176470588235293, 39.68253968253968]]], [[[3.2941517171377344, 42.0], [3.2979171084503975, 41.94783825563919], [3.298033187510637, 41.94306842587904], [3.297694096202006, 41.938309248705046], [3.2969029222560913, 41.933604060709186], [3.295666870023818, 41.928995706863375], [3.2939971948733517, 41.92452615037744], [3.2919091006998373, 41.92023609058629], [3.2894216014802513, 41.91616459234589], [3.2865573481340244, 41.91234873031252], [3.283342422266034, 41.90882325134472], [3.279806098670113, 41.905620258101834], [3.178634223670136, 41.82241713310184], [3.176470588235293, 41.820821171318464], [3.176470588235293, 42.0], [3.2941517171377344, 42.0]]], [[[2.9647058823529338, 39.68253968253968], [2.9647058823529338, 39.68253968253969], [2.9647058823529338, 39.89417989417989], [2.9647058823529338, 39.97446011690024], [3.1467932947432153, 40.019071532935854], [3.1514846239673653, 40.01998570947562], [3.156241806717353, 40.02044777107156], [3.1610213732108465, 40.02045349553629], [3.1657796491292345, 40.02000283056126], [3.1704731547011233, 40.0190998941948], [3.176470588235287, 40.0176457425967], [3.176470588235287, 39.89417989417989], [3.176470588235287, 39.68253968253969], [3.176470588235287, 39.68253968253968], [3.176470588235287, 39.470899470899475], [3.176470588235287, 39.288295639913414], [3.1728087624067323, 39.286689403764164], [3.091070481156721, 39.254706981889164], [3.086671320666258, 39.25321732751046], [3.0821529139978323, 39.25214229989799], [3.077554249006311, 39.25149117511379], [3.0729150060694095, 39.251269571500885], [3.068275215698676, 39.251479401204435], [3.063674913129287, 39.252118853672506], [3.059153792869082, 39.25318241127866], [3.054750866187627, 39.25466089693181], [2.9647058823529338, 39.28963031688344], [2.9647058823529338, 39.470899470899475], [2.9647058823529338, 39.68253968253968]]], [[[3.3882352941176523, 39.68253968253969], [3.3882352941176523, 39.82940322914573], [3.4045391733961656, 39.826542639417774], [3.410395138399725, 39.82514725372021], [3.4634224821497135, 39.80908280059521], [3.4680277509513977, 39.80743777070031], [3.4724502931831602, 39.80535072870285], [3.476647803471001, 39.80284163893276], [3.480580129062661, 39.79993450296551], [3.4842096539228073, 39.796657130026645], [3.487501658562378, 39.79304087097288], [3.4904246521599878, 39.78912031839458], [3.4929506737983944, 39.784932975708195], [3.4950555599344266, 39.780518898404246], [3.496719175543805, 39.775920310882505], [3.4979256067297584, 39.77118120253974], [3.5108162317297698, 39.70770464003974], [3.5115581157143025, 39.70282956774099], [3.5118161775751817, 39.69790512606294], [3.5115879072250182, 39.69297921351685], [3.5108755249784505, 39.688099742920635], [3.5096859599558288, 39.683314175365844], [3.508030782685825, 39.67866905857835], [3.505926092562496, 39.674209574163164], [3.503392361251496, 39.66997909813697], [3.456224392501479, 39.59937362938697], [3.453934531764029, 39.59621944143679], [3.4514059315716983, 39.59325320731094], [3.3882352941176523, 39.52474816047189], [3.3882352941176523, 39.68253968253968], [3.3882352941176523, 39.68253968253969]]], [[[3.809604174644791, 39.938866936346855], [3.8060500772605117, 39.94232959347115], [3.802856693287331, 39.94612747464059], [3.800055473217675, 39.95022317588686], [3.797674005262457, 39.95457636011862], [3.795735743644696, 39.959144154387026], [3.7942597776072886, 39.96388157212602], [3.7932606434099116, 39.96874195620889], [3.792748181166617, 39.97367743845752], [3.79272743793408, 39.97863941107894], [3.7954618129340685, 40.03874683295394], [3.795818613876423, 40.04285261258985], [3.7965123344678555, 40.04691506075224], [3.7975382616446645, 40.05090657760163], [3.805546074144676, 40.07746907760163], [3.8072570988487326, 40.08225101293352], [3.8094444023804046, 40.0868347029663], [3.8117647058823363, 40.09064605213219], [3.8117647058823363, 39.93714436713247], [3.809604174644791, 39.938866936346855]]], [[[4.023529411764702, 40.10582010582011], [4.023529411764702, 40.12309386267796], [4.056254001793106, 40.12501198648836], [4.0614113397343905, 40.1250478287052], [4.066544933414264, 40.124552212689444], [4.0716001625883935, 40.12353041168037], [4.235294117647054, 40.08155145192764], [4.235294117647054, 39.89417989417989], [4.235294117647054, 39.7918890032723], [4.023529411764702, 39.87145202848238], [4.023529411764702, 39.89417989417989], [4.023529411764702, 40.10582010582011]]], [[[3.812085416569639, 40.09117285408268], [3.815152891948553, 40.09522070608788], [3.818615178906118, 40.098936494036586], [3.8224365542426493, 40.10228187915547], [3.8265775897548004, 40.10522234441515], [3.8309955590480507, 40.10772755067016], [3.835644878379287, 40.10977164969234], [3.8404775769809523, 40.11133355086775], [3.845443792014042, 40.112397138805534], [3.850492283043123, 40.11295143961336], [4.023529411764695, 40.12309386267796], [4.023529411764695, 40.10582010582011], [4.023529411764695, 39.89417989417989], [4.023529411764695, 39.87145202848238], [3.955539799272329, 39.89699669717594], [3.8608256367895897, 39.90914661889385], [3.855946631896683, 39.910020188354046], [3.851178092419047, 39.91137253579351], [3.8465668793899037, 39.91319037152499], [3.84215830777581, 39.91545583144964], [3.8379957011608195, 39.91814665260974], [3.813483982410842, 39.93577360573474], [3.8117647058823425, 39.93714436713246], [3.8117647058823425, 40.0906460521322], [3.812085416569639, 40.09117285408268]]], [[[4.2352941176470615, 40.08155145192764], [4.238201725088399, 40.08080580230537], [4.242704786844282, 40.07942189277668], [4.247057616530705, 40.07762032554733], [4.251221573607111, 40.07541709332472], [4.25515969417556, 40.07283175443992], [4.2588370191132485, 40.06988725922621], [4.262220904408435, 40.06660974628651], [4.265281310944864, 40.06302831045815], [4.354636779694864, 39.94789159170816], [4.357693382061792, 39.94348381196189], [4.360260219531489, 39.9387739620996], [4.3623077515622, 39.9338162455986], [4.369241345312206, 39.914089683098595], [4.370675657888466, 39.90923667483713], [4.3716120778811645, 39.90426354108168], [4.372041013000283, 39.899221224509326], [4.371958069416029, 39.89416137647662], [4.371364096767368, 39.889135827924974], [4.370265179458688, 39.88419605844645], [4.368672574333726, 39.87939266894858], [4.366602595365234, 39.87477486332012], [4.338184626615228, 39.81911080082012], [4.3354945714360715, 39.814473673929704], [4.332323509009184, 39.810151208689874], [4.328707893034445, 39.80619309502451], [4.324689287682432, 39.802644834367584], [4.320313889783644, 39.799547216590646], [4.301954514783655, 39.78797495096565], [4.297489999235209, 39.78547062690022], [4.292792827393091, 39.78343589969673], [4.287912232265844, 39.78189209617591], [4.28289936939763, 39.7808553975835], [4.277806780685726, 39.78033666998795], [4.2726878436670805, 39.78034135038858], [4.267596212046189, 39.78086938972816], [4.262585253328333, 39.781915253407114], [4.2577074894526, 39.78346797929393], [4.2352941176470615, 39.791889003272296], [4.2352941176470615, 39.89417989417989], [4.2352941176470615, 40.08155145192764]]]]}, "properties": {"tile": "N36E000_6x6", "epsg": 4326}}, {"type": "Feature", "geometry": {"type": "MultiPolygon", "coordinates": [[[[8.470588235294127, 38.95364372770399], [8.464722027661187, 38.94354247731564], [8.461995390550578, 38.939346071058615], [8.458862924207345, 38.935443247719626], [8.455356008896707, 38.93187310480779], [8.451509776020087, 38.928671407122856], [8.447362756177512, 38.92587022847233], [8.442956493177682, 38.92349763036408], [8.438335127862484, 38.92157738089321], [8.433544955915055, 38.920128716639155], [8.428633964081202, 38.91916614995849], [8.423651349450166, 38.91869932360374], [8.418647026610481, 38.91873291412468], [8.413671127618084, 38.919266585019884], [8.408773499785921, 38.920294990107635], [8.404003206326003, 38.921807827082716], [8.399408034846413, 38.92378994072226], [8.39503401862699, 38.926221474707035], [8.39092497546943, 38.929078070537074], [8.387122068741489, 38.93233111154904], [8.383663395012663, 38.93594800959079], [8.323116520012663, 39.00596754084079], [8.320147599103098, 39.00975502896139], [8.317556548617766, 39.013810397626926], [8.315367371589884, 39.018096078619664], [8.313600348168066, 39.022572370149234], [8.312271847744622, 39.02719780464297], [8.311394177312401, 39.03192953289418], [8.310975467454984, 39.03672372100962], [8.310550629374358, 39.04761904761905], [8.470588235294127, 39.04761904761905], [8.470588235294127, 38.95364372770399]]], [[[8.835672639787296, 39.25925925925926], [8.894117647058817, 39.12302624681288], [8.894117647058817, 39.047619047619044], [8.682352941176465, 39.047619047619044], [8.682352941176465, 39.232095917584026], [8.795784678754309, 39.25925925925926], [8.835672639787296, 39.25925925925926]]]]}, "properties": {"tile": "N36E006_6x6", "epsg": 4326}}, {"type": "Feature", "geometry": {"type": "MultiPolygon", "coordinates": [[[[29.64705882352941, 36.50793650793651], [29.85882352941176, 36.50793650793651], [29.85882352941176, 36.2962962962963], [29.655120322779666, 36.2962962962963], [29.64705882352941, 36.31802843175436], [29.64705882352941, 36.50793650793651]]], [[[30.0, 36.50793650793651], [30.0, 36.2962962962963], [29.85882352941177, 36.2962962962963], [29.85882352941177, 36.50793650793651], [30.0, 36.50793650793651]]]]}, "properties": {"tile": "N36E024_6x6", "epsg": 4326}}, {"type": "Feature", "geometry": {"type": "MultiPolygon", "coordinates": [[[[30.494117647058818, 36.2962962962963], [30.531510132908874, 36.2962962962963], [30.530486657062863, 36.293049446351134], [30.528562736647036, 36.28854197714323], [30.5262067767203, 36.28424451262911], [30.523441412166168, 36.28019834069636], [30.52029321122285, 36.2764423349393], [30.494117647058818, 36.24815363929327], [30.494117647058818, 36.2962962962963]]], [[[30.070588235294128, 36.50793650793651], [30.28235294117646, 36.50793650793651], [30.28235294117646, 36.71957671957672], [30.49411764705881, 36.71957671957672], [30.49411764705881, 36.507936507936506], [30.28235294117648, 36.507936507936506], [30.28235294117648, 36.2962962962963], [30.070588235294128, 36.2962962962963], [30.070588235294128, 36.50793650793651]]]]}, "properties": {"tile": "N36E030_6x6", "epsg": 4326}}, {"type": "Feature", "geometry": {"type": "Polygon", "coordinates": [[[129.81176470588238, 41.357802996831666], [129.8156689245617, 41.30774533590766], [129.81581537665076, 41.30315488321934], [129.815539996304, 41.29857035818804], [129.81484510703805, 41.29403044265951], [129.81373657196835, 41.289573442087686], [129.81176470588238, 41.28295872767204], [129.81176470588238, 41.357802996831666]]]}, "properties": {"tile": "N36E126_6x6", "epsg": 4326}}, {"type": "Feature", "geometry": {"type": "Polygon", "coordinates": [[[16.5929624292152, 38.39304088741613], [16.591126500567004, 38.38839784254663], [16.58883666350832, 38.38396104799358], [16.586115750920076, 38.37977474480956], [16.582990894109688, 38.375880676297584], [16.579493252273934, 38.37231767177188], [16.57565770179814, 38.369121259375305], [16.571522488489798, 38.366323311813986], [16.51764705882353, 38.33366820444484], [16.51764705882353, 38.41269841269841], [16.599620989802144, 38.41269841269841], [16.5929624292152, 38.39304088741613]]]}, "properties": {"tile": "N36E012_6x6", "epsg": 4326}}, {"type": "Feature", "geometry": {"type": "Polygon", "coordinates": [[[65.01176470588236, 37.98941798941799], [65.01176470588236, 38.12975676570001], [65.31149586787387, 38.2010582010582], [65.43529411764705, 38.2010582010582], [65.43529411764705, 38.033239237593534], [65.26028362406728, 37.98941798941799], [65.22352941176472, 37.98941798941799], [65.22352941176469, 37.98941798941799], [65.01176470588236, 37.98941798941799]]]}, "properties": {"tile": "N36E060_6x6", "epsg": 4326}}, {"type": "Feature", "geometry": {"type": "Polygon", "coordinates": [[[73.27058823529411, 38.01834973575877], [73.15490829875412, 37.98941798941799], [73.05882352941175, 37.98941798941799], [72.8470588235294, 37.98941798941799], [72.8470588235294, 38.11592962276056], [73.20343453315832, 38.2010582010582], [73.27058823529411, 38.2010582010582], [73.27058823529411, 38.01834973575877]]]}, "properties": {"tile": "N36E072_6x6", "epsg": 4326}}, {"type": "Feature", "geometry": {"type": "MultiPolygon", "coordinates": [[[[22.235294117647054, 36.797461250661414], [22.201794826985836, 36.83925065573441], [22.150153035369858, 36.855008996558404], [22.145419573940583, 36.85671819783685], [22.14088190582006, 36.858894569620496], [22.13658600126388, 36.86151606349935], [22.13257538126679, 36.86455612161585], [22.128890676659754, 36.867983945717455], [22.12556921648669, 36.87176480916796], [22.122644649831006, 36.875860408756445], [22.120146604923132, 36.8802292527398], [22.094306326622164, 36.93121693121693], [22.235294117647054, 36.93121693121693], [22.235294117647054, 36.797461250661414]]], [[[22.23529411764706, 36.7974612506614], [22.23529411764706, 36.93121693121693], [22.32239936420505, 36.93121693121693], [22.332894413302448, 36.91653214938081], [22.327013372335426, 36.89785375163099], [22.357304171133272, 36.86618031312125], [22.400773375180904, 36.74510613174866], [22.415999549086685, 36.719576719576715], [22.297728041754404, 36.719576719576715], [22.23529411764706, 36.7974612506614]]]]}, "properties": {"tile": "N36E018_6x6", "epsg": 4326}}, {"type": "Feature", "geometry": {"type": "MultiPolygon", "coordinates": [[[[80.04705882352938, 36.70347582128727], [80.11477161722976, 36.71957671957672], [80.25882352941174, 36.71957671957672], [80.25882352941174, 36.56349027253872], [80.04705882352938, 36.5112426614137], [80.04705882352938, 36.70347582128727]]], [[[80.25882352941177, 36.71957671957672], [80.47058823529413, 36.71957671957672], [80.47058823529413, 36.615737883663755], [80.25882352941177, 36.56349027253873], [80.25882352941177, 36.71957671957672]]]]}, "properties": {"tile": "N36E078_6x6", "epsg": 4326}}, {"type": "Feature", "geometry": {"type": "Polygon", "coordinates": [[[-9.105882352941183, 31.21693121693122], [-9.105882352941183, 31.096154691266264], [-9.317647058823535, 31.043521182064445], [-9.317647058823535, 31.2116107797272], [-9.294913641092132, 31.21693121693122], [-9.105882352941183, 31.21693121693122]]]}, "properties": {"tile": "N30W012_6x6", "epsg": 4326}}, {"type": "Feature", "geometry": {"type": "MultiPolygon", "coordinates": [[[[13.34117647058822, 31.21693121693122], [13.34117647058822, 31.102996284511732], [13.129411764705868, 31.052106731920468], [13.129411764705868, 31.21693121693122], [13.34117647058822, 31.21693121693122]]], [[[14.131445508210446, 31.428571428571427], [14.05464, 31.40929], [14.097715588400341, 31.284801543621516], [13.976470588235305, 31.25566494228553], [13.976470588235305, 31.428571428571427], [14.131445508210446, 31.428571428571427]]]]}, "properties": {"tile": "N30E012_6x6", "epsg": 4326}}, {"type": "Feature", "geometry": {"type": "MultiPolygon", "coordinates": [[[[20.110587810031706, 32.27513227513227], [20.11764705882352, 32.281139969811626], [20.11764705882352, 32.27513227513227], [20.110587810031706, 32.27513227513227]]], [[[21.388235294117646, 31.13791975213332], [21.176470588235293, 31.086745835643224], [21.176470588235293, 31.21693121693122], [21.388235294117646, 31.21693121693122], [21.388235294117646, 31.13791975213332]]], [[[23.929411764705872, 30.195599031408754], [23.780347626743744, 30.15873015873016], [23.71764705882352, 30.15873015873016], [23.71764705882352, 30.31334798385227], [23.929411764705872, 30.364573980381913], [23.929411764705872, 30.195599031408754]]], [[[23.505882352941182, 31.10620202049928], [23.29411764705883, 31.055900405625867], [23.29411764705883, 31.21693121693122], [23.505882352941182, 31.21693121693122], [23.505882352941182, 31.10620202049928]]]]}, "properties": {"tile": "N30E018_6x6", "epsg": 4326}}, {"type": "Feature", "geometry": {"type": "MultiPolygon", "coordinates": [[[[24.77647058823528, 30.405106860340208], [24.63602786360079, 30.370370370370374], [24.56470588235293, 30.370370370370374], [24.56470588235293, 30.518251969970834], [24.761356251044695, 30.565821800184906], [24.77647058823528, 30.52258168876393], [24.77647058823528, 30.405106860340208]]], [[[24.35294117647059, 31.307408479992922], [24.14117647058824, 31.257106865119514], [24.14117647058824, 31.428571428571427], [24.35294117647059, 31.428571428571427], [24.35294117647059, 31.307408479992922]]], [[[25.2, 35.026455026455025], [24.988235294117647, 35.026455026455025], [24.988235294117647, 35.23809523809524], [25.10401165838346, 35.23809523809524], [25.15999114424243, 35.08042868166812], [25.188170135820776, 35.07508299266423], [25.2, 35.077893888983354], [25.2, 35.026455026455025]]], [[[26.29084306510466, 35.02645502645503], [26.290261131509748, 35.024907136124874], [26.288206969939743, 35.02069164439201], [26.285766919640455, 35.01668713382985], [26.282962443245815, 35.01292882803369], [26.279818208874445, 35.00944978498661], [26.276361873149376, 35.0062806062821], [26.27262383793094, 35.00344916795304], [26.268636982902613, 35.0009803752747], [26.264436376361978, 34.99889594369839], [26.260058966760663, 34.997214207842845], [26.258823529411774, 34.99680495006102], [26.258823529411774, 35.02645502645503], [26.29084306510466, 35.02645502645503]]]]}, "properties": {"tile": "N30E024_6x6", "epsg": 4326}}, {"type": "Feature", "geometry": {"type": "MultiPolygon", "coordinates": [[[[6.0, 30.0], [6.0, 30.158730158730158], [6.141176470588231, 30.158730158730158], [6.141176470588231, 30.0], [6.0, 30.0]]], [[[6.141176470588238, 30.0], [6.141176470588238, 30.158730158730158], [6.1713643318019695, 30.158730158730158], [6.2263765084414695, 30.0], [6.141176470588238, 30.0]]], [[[6.098014762949302, 30.37037037037037], [6.141176470588231, 30.2458331292885], [6.141176470588231, 30.15873015873016], [6.0, 30.15873015873016], [6.0, 30.37037037037037], [6.098014762949302, 30.37037037037037]]], [[[6.0, 30.370370370370374], [6.0, 30.582010582010582], [6.0246651940966345, 30.582010582010582], [6.098014762949301, 30.370370370370374], [6.0, 30.370370370370374]]], [[[6.0, 30.582010582010586], [6.0, 30.65317864721413], [6.024665194096634, 30.582010582010586], [6.0, 30.582010582010586]]], [[[6.141176470588231, 33.12169312169312], [6.141176470588231, 33.0088286734013], [6.0, 32.97444855771022], [6.0, 33.12169312169312], [6.141176470588231, 33.12169312169312]]], [[[6.98823529411764, 33.215109367547775], [6.776470588235288, 33.16353919401116], [6.776470588235288, 33.333333333333336], [6.98823529411764, 33.333333333333336], [6.98823529411764, 33.215109367547775]]], [[[8.258823529411767, 34.002395824082136], [8.12160139011092, 33.96825396825397], [8.047058823529415, 33.96825396825397], [8.047058823529415, 34.12226851856618], [8.258823529411767, 34.17223060347427], [8.258823529411767, 34.002395824082136]]], [[[9.741176470588226, 34.81481481481482], [9.741176470588226, 34.69718858867551], [9.529411764705873, 34.64461261816833], [9.529411764705873, 34.81481481481482], [9.741176470588226, 34.81481481481482]]], [[[7.6235294117646895, 35.12027154604129], [7.411764705882337, 35.06783583426962], [7.411764705882337, 35.23809523809524], [7.6235294117646895, 35.23809523809524], [7.6235294117646895, 35.12027154604129]]], [[[8.258823529411767, 35.27757868135627], [8.099367321669112, 35.238095238095234], [8.047058823529415, 35.238095238095234], [8.047058823529415, 35.39529906035627], [8.258823529411767, 35.44559646223105], [8.258823529411767, 35.27757868135627]]], [[[8.368776684836341, 35.44973544973545], [8.383035113669578, 35.42332899078677], [8.39406457984039, 35.382181335232], [8.422483323958401, 35.318102987707036], [8.258823529411774, 35.277578681356275], [8.258823529411774, 35.44559646223105], [8.27624970728277, 35.44973544973545], [8.368776684836341, 35.44973544973545]]], [[[11.223529411764712, 31.13357940085307], [11.01176470588236, 31.08142650557678], [11.01176470588236, 31.21693121693122], [11.223529411764712, 31.21693121693122], [11.223529411764712, 31.13357940085307]]], [[[11.858823529411769, 31.428571428571427], [11.960481153235161, 31.428571428571427], [11.998269062573856, 31.32438039248521], [11.858823529411769, 31.29003808668195], [11.858823529411769, 31.428571428571427]]], [[[10.588235294117634, 35.02645502645503], [10.588235294117634, 34.90749247070423], [10.376470588235282, 34.85491650019705], [10.376470588235282, 35.02645502645503], [10.588235294117634, 35.02645502645503]]], [[[11.170010898568444, 35.23809523809524], [11.169906298296073, 35.235695780522235], [11.169231493881298, 35.23091384302497], [11.168098506282393, 35.22621931149066], [11.166517905044238, 35.22165598080443], [11.164504435461259, 35.21726642188987], [11.162076881019834, 35.21309158456851], [11.159257888168733, 35.20917041554239], [11.014018150718396, 35.026455026455025], [11.01176470588236, 35.026455026455025], [11.01176470588236, 35.20116513973306], [11.167484672626927, 35.23809523809524], [11.170010898568444, 35.23809523809524]]]]}, "properties": {"tile": "N30E006_6x6", "epsg": 4326}}, {"type": "Feature", "geometry": {"type": "MultiPolygon", "coordinates": [[[[2.3294117647058843, 31.82304650677306], [2.4521811042315265, 31.85185185185185], [2.5411764705882374, 31.85185185185185], [2.5411764705882374, 31.640211640211643], [2.3294117647058843, 31.640211640211643], [2.3294117647058843, 31.82304650677306]]], [[[4.2352941176470615, 31.85185185185185], [4.447058823529414, 31.85185185185185], [4.447058823529414, 31.640211640211643], [4.2352941176470615, 31.640211640211643], [4.2352941176470615, 31.85185185185185]]], [[[3.176470588235293, 32.02179174567453], [3.3541987307888643, 32.06349206349206], [3.388235294117646, 32.06349206349206], [3.388235294117646, 31.851851851851855], [3.176470588235293, 31.851851851851855], [3.176470588235293, 32.02179174567453]]], [[[4.2352941176470615, 32.6984126984127], [4.2352941176470615, 32.910052910052904], [4.2352941176470615, 32.91005291005292], [4.2352941176470615, 33.12169312169312], [4.2352941176470615, 33.333333333333336], [4.2352941176470615, 33.544973544973544], [4.2352941176470615, 33.54497354497355], [4.2352941176470615, 33.75661375661375], [4.2352941176470615, 33.75661375661376], [4.2352941176470615, 33.96825396825397], [4.2352941176470615, 34.179894179894184], [4.2352941176470615, 34.39153439153439], [4.2352941176470615, 34.3915343915344], [4.2352941176470615, 34.6031746031746], [4.2352941176470615, 34.60317460317461], [4.2352941176470615, 34.81481481481482], [4.2352941176470615, 35.02645502645503], [4.370095258474738, 35.02645502645503], [4.447058823529414, 34.825999362788295], [4.447058823529414, 34.81481481481482], [4.447058823529414, 34.60317460317461], [4.447058823529414, 34.6031746031746], [4.447058823529414, 34.3915343915344], [4.447058823529414, 34.39153439153439], [4.447058823529414, 34.179894179894184], [4.447058823529414, 33.96825396825397], [4.447058823529414, 33.75661375661376], [4.447058823529414, 33.75661375661375], [4.447058823529414, 33.54497354497355], [4.447058823529414, 33.544973544973544], [4.447058823529414, 33.333333333333336], [4.447058823529414, 33.12169312169312], [4.447058823529414, 32.91005291005292], [4.447058823529414, 32.910052910052904], [4.447058823529414, 32.6984126984127], [4.447058823529414, 32.48677248677249], [4.447058823529414, 32.27513227513228], [4.447058823529414, 32.27513227513227], [4.447058823529414, 32.06349206349206], [4.447058823529414, 31.851851851851855], [4.2352941176470615, 31.851851851851855], [4.2352941176470615, 32.06349206349206], [4.2352941176470615, 32.27513227513227], [4.2352941176470615, 32.27513227513228], [4.2352941176470615, 32.48677248677249], [4.2352941176470615, 32.6984126984127]]], [[[4.023529411764702, 33.333333333333336], [4.023529411764702, 33.544973544973544], [4.023529411764702, 33.54497354497355], [4.023529411764702, 33.75661375661375], [4.023529411764702, 33.75661375661376], [4.023529411764702, 33.96825396825397], [4.023529411764702, 34.179894179894184], [4.023529411764702, 34.39153439153439], [4.023529411764702, 34.3915343915344], [4.023529411764702, 34.6031746031746], [4.023529411764702, 34.60317460317461], [4.023529411764702, 34.81481481481482], [4.023529411764702, 34.99054989314034], [4.174877738587624, 35.02645502645503], [4.235294117647054, 35.02645502645503], [4.235294117647054, 34.81481481481482], [4.235294117647054, 34.60317460317461], [4.235294117647054, 34.6031746031746], [4.235294117647054, 34.3915343915344], [4.235294117647054, 34.39153439153439], [4.235294117647054, 34.179894179894184], [4.235294117647054, 33.96825396825397], [4.235294117647054, 33.75661375661376], [4.235294117647054, 33.75661375661375], [4.235294117647054, 33.54497354497355], [4.235294117647054, 33.544973544973544], [4.235294117647054, 33.333333333333336], [4.235294117647054, 33.12169312169312], [4.235294117647054, 32.91005291005292], [4.235294117647054, 32.910052910052904], [4.235294117647054, 32.6984126984127], [4.235294117647054, 32.48677248677249], [4.235294117647054, 32.27513227513228], [4.235294117647054, 32.27513227513227], [4.235294117647054, 32.06349206349206], [4.023529411764702, 32.06349206349206], [4.023529411764702, 32.2501929898522], [4.02893, 32.25155], [4.023529411764702, 32.267471130345285], [4.023529411764702, 32.27513227513227], [4.023529411764702, 32.27513227513228], [4.023529411764702, 32.48677248677249], [4.023529411764702, 32.6984126984127], [4.023529411764702, 32.910052910052904], [4.023529411764702, 32.91005291005292], [4.023529411764702, 33.12169312169312], [4.023529411764702, 33.333333333333336]]], [[[3.8117647058823425, 33.96825396825397], [3.8117647058823425, 34.179894179894184], [3.8117647058823425, 34.39153439153439], [3.8117647058823425, 34.3915343915344], [3.8117647058823425, 34.6031746031746], [3.8117647058823425, 34.60317460317461], [3.8117647058823425, 34.81481481481482], [4.023529411764695, 34.81481481481482], [4.023529411764695, 34.60317460317461], [4.023529411764695, 34.6031746031746], [4.023529411764695, 34.3915343915344], [4.023529411764695, 34.39153439153439], [4.023529411764695, 34.179894179894184], [4.023529411764695, 33.96825396825397], [4.023529411764695, 33.75661375661376], [4.023529411764695, 33.75661375661375], [4.023529411764695, 33.54497354497355], [4.023529411764695, 33.544973544973544], [4.023529411764695, 33.333333333333336], [4.023529411764695, 33.12169312169312], [4.023529411764695, 32.91005291005292], [4.023529411764695, 32.910052910052904], [4.023529411764695, 32.6984126984127], [3.8773502202040193, 32.6984126984127], [3.8117647058823425, 32.891761177649286], [3.8117647058823425, 32.910052910052904], [3.8117647058823425, 32.91005291005292], [3.8117647058823425, 33.12169312169312], [3.8117647058823425, 33.333333333333336], [3.8117647058823425, 33.544973544973544], [3.8117647058823425, 33.54497354497355], [3.8117647058823425, 33.75661375661375], [3.8117647058823425, 33.75661375661376], [3.8117647058823425, 33.96825396825397]]], [[[3.3882352941176523, 34.60317460317461], [3.3882352941176523, 34.81481481481482], [3.599999999999983, 34.81481481481482], [3.6000000000000054, 34.81481481481482], [3.8117647058823363, 34.81481481481482], [3.8117647058823363, 34.60317460317461], [3.8117647058823363, 34.6031746031746], [3.8117647058823363, 34.3915343915344], [3.8117647058823363, 34.39153439153439], [3.8117647058823363, 34.179894179894184], [3.8117647058823363, 33.96825396825397], [3.8117647058823363, 33.75661375661375], [3.599999999999983, 33.75661375661375], [3.599999999999983, 33.96825396825397], [3.599999999999983, 34.179894179894184], [3.599999999999983, 34.39153439153439], [3.3882352941176523, 34.39153439153439], [3.3882352941176523, 34.6031746031746], [3.3882352941176523, 34.60317460317461]]], [[[4.658823529411752, 30.582010582010582], [4.870588235294104, 30.582010582010582], [4.870588235294104, 30.370370370370374], [4.658823529411752, 30.370370370370374], [4.658823529411752, 30.582010582010582]]], [[[4.658823529411752, 30.793650793650794], [4.870588235294104, 30.793650793650794], [4.870588235294104, 30.582010582010586], [4.658823529411752, 30.582010582010586], [4.658823529411752, 30.793650793650794]]], [[[4.658823529411752, 31.005291005291006], [4.870588235294104, 31.005291005291006], [4.870588235294104, 30.793650793650798], [4.658823529411752, 30.793650793650798], [4.658823529411752, 31.005291005291006]]], [[[4.447058823529421, 31.428571428571427], [4.658823529411752, 31.428571428571427], [4.658823529411773, 31.428571428571427], [4.870588235294104, 31.428571428571427], [4.870588235294104, 31.21693121693122], [4.870588235294104, 31.00529100529101], [4.658823529411773, 31.00529100529101], [4.658823529411752, 31.00529100529101], [4.447058823529421, 31.00529100529101], [4.447058823529421, 31.21693121693122], [4.447058823529421, 31.428571428571427]]], [[[4.870588235294104, 31.64021164021164], [4.870588235294104, 31.42857142857143], [4.658823529411773, 31.42857142857143], [4.658823529411752, 31.42857142857143], [4.447058823529421, 31.42857142857143], [4.447058823529421, 31.64021164021164], [4.658823529411752, 31.64021164021164], [4.658823529411773, 31.64021164021164], [4.870588235294104, 31.64021164021164]]], [[[4.870588235294104, 31.640211640211643], [4.658823529411773, 31.640211640211643], [4.658823529411752, 31.640211640211643], [4.447058823529421, 31.640211640211643], [4.447058823529421, 31.85185185185185], [4.658823529411752, 31.85185185185185], [4.658823529411773, 31.85185185185185], [4.870588235294104, 31.85185185185185], [4.870588235294104, 31.640211640211643]]], [[[4.447058823529421, 32.6984126984127], [4.447058823529421, 32.910052910052904], [4.447058823529421, 32.91005291005292], [4.447058823529421, 33.12169312169312], [4.447058823529421, 33.333333333333336], [4.447058823529421, 33.544973544973544], [4.447058823529421, 33.54497354497355], [4.447058823529421, 33.75661375661375], [4.447058823529421, 33.75661375661376], [4.447058823529421, 33.96825396825397], [4.447058823529421, 34.179894179894184], [4.447058823529421, 34.39153439153439], [4.447058823529421, 34.3915343915344], [4.447058823529421, 34.60317460317461], [4.532610848194735, 34.60317460317461], [4.658823529411773, 34.274447019433566], [4.658823529411773, 34.179894179894184], [4.695126437914732, 34.179894179894184], [4.870588235294104, 33.722894676078916], [4.870588235294104, 33.54497354497355], [4.870588235294104, 33.544973544973544], [4.870588235294104, 33.333333333333336], [4.870588235294104, 33.12169312169312], [4.870588235294104, 32.91005291005292], [4.870588235294104, 32.910052910052904], [4.870588235294104, 32.6984126984127], [4.870588235294104, 32.48677248677249], [4.870588235294104, 32.27513227513228], [4.870588235294104, 32.27513227513227], [4.870588235294104, 32.06349206349206], [4.870588235294104, 31.851851851851855], [4.658823529411773, 31.851851851851855], [4.658823529411752, 31.851851851851855], [4.447058823529421, 31.851851851851855], [4.447058823529421, 32.06349206349206], [4.447058823529421, 32.27513227513227], [4.447058823529421, 32.27513227513228], [4.447058823529421, 32.48677248677249], [4.447058823529421, 32.6984126984127]]], [[[5.08235294117647, 30.158730158730158], [5.2941176470588225, 30.158730158730158], [5.2941176470588225, 30.0], [5.08235294117647, 30.0], [5.08235294117647, 30.158730158730158]]], [[[4.870588235294111, 30.158730158730158], [5.082352941176463, 30.158730158730158], [5.082352941176463, 30.0], [4.870588235294111, 30.0], [4.870588235294111, 30.158730158730158]]], [[[5.08235294117647, 30.37037037037037], [5.2941176470588225, 30.37037037037037], [5.2941176470588225, 30.15873015873016], [5.08235294117647, 30.15873015873016], [5.08235294117647, 30.37037037037037]]], [[[4.870588235294111, 30.37037037037037], [5.082352941176463, 30.37037037037037], [5.082352941176463, 30.15873015873016], [4.870588235294111, 30.15873015873016], [4.870588235294111, 30.37037037037037]]], [[[4.870588235294111, 30.582010582010582], [5.082352941176463, 30.582010582010582], [5.082352941176463, 30.370370370370374], [4.870588235294111, 30.370370370370374], [4.870588235294111, 30.582010582010582]]], [[[5.2941176470588225, 30.582010582010582], [5.2941176470588225, 30.370370370370374], [5.08235294117647, 30.370370370370374], [5.08235294117647, 30.582010582010582], [5.2941176470588225, 30.582010582010582]]], [[[5.082352941176463, 30.793650793650794], [5.082352941176463, 30.582010582010586], [4.870588235294111, 30.582010582010586], [4.870588235294111, 30.793650793650794], [5.082352941176463, 30.793650793650794]]], [[[5.08235294117647, 30.793650793650794], [5.2941176470588225, 30.793650793650794], [5.2941176470588225, 30.582010582010586], [5.08235294117647, 30.582010582010586], [5.08235294117647, 30.793650793650794]]], [[[5.08235294117647, 31.005291005291006], [5.2941176470588225, 31.005291005291006], [5.2941176470588225, 30.793650793650798], [5.08235294117647, 30.793650793650798], [5.08235294117647, 31.005291005291006]]], [[[4.870588235294111, 31.005291005291006], [5.082352941176463, 31.005291005291006], [5.082352941176463, 30.793650793650798], [4.870588235294111, 30.793650793650798], [4.870588235294111, 31.005291005291006]]], [[[5.08235294117647, 31.00529100529101], [5.08235294117647, 31.21693121693122], [5.08235294117647, 31.428571428571427], [5.2941176470588225, 31.428571428571427], [5.2941176470588225, 31.21693121693122], [5.2941176470588225, 31.00529100529101], [5.08235294117647, 31.00529100529101]]], [[[5.082352941176463, 31.428571428571427], [5.082352941176463, 31.21693121693122], [5.082352941176463, 31.00529100529101], [4.870588235294111, 31.00529100529101], [4.870588235294111, 31.21693121693122], [4.870588235294111, 31.428571428571427], [5.082352941176463, 31.428571428571427]]], [[[5.08235294117647, 31.64021164021164], [5.2941176470588225, 31.64021164021164], [5.2941176470588225, 31.42857142857143], [5.08235294117647, 31.42857142857143], [5.08235294117647, 31.64021164021164]]], [[[4.870588235294111, 31.64021164021164], [5.082352941176463, 31.64021164021164], [5.082352941176463, 31.42857142857143], [4.870588235294111, 31.42857142857143], [4.870588235294111, 31.64021164021164]]], [[[4.870588235294111, 31.85185185185185], [5.082352941176463, 31.85185185185185], [5.082352941176463, 31.640211640211643], [4.870588235294111, 31.640211640211643], [4.870588235294111, 31.85185185185185]]], [[[4.870588235294111, 32.910052910052904], [4.870588235294111, 32.91005291005292], [4.870588235294111, 33.12169312169312], [4.870588235294111, 33.333333333333336], [4.870588235294111, 33.54497354497355], [4.938899822494727, 33.54497354497355], [5.05643, 33.23886], [5.060782051996337, 33.23995607000934], [5.082352941176463, 33.18230401237769], [5.082352941176463, 33.12169312169312], [5.082352941176463, 32.91005291005292], [5.082352941176463, 32.910052910052904], [5.082352941176463, 32.6984126984127], [5.082352941176463, 32.48677248677249], [5.082352941176463, 32.27513227513228], [5.082352941176463, 32.27513227513227], [5.082352941176463, 32.06349206349206], [5.082352941176463, 31.851851851851855], [4.870588235294111, 31.851851851851855], [4.870588235294111, 32.06349206349206], [4.870588235294111, 32.27513227513227], [4.870588235294111, 32.27513227513228], [4.870588235294111, 32.48677248677249], [4.870588235294111, 32.6984126984127], [4.870588235294111, 32.910052910052904]]], [[[5.08235294117647, 31.851851851851855], [5.08235294117647, 32.06349206349206], [5.08235294117647, 32.27513227513227], [5.08235294117647, 32.27513227513228], [5.08235294117647, 32.48677248677249], [5.08235294117647, 32.6984126984127], [5.08235294117647, 32.910052910052904], [5.08235294117647, 32.91005291005292], [5.08235294117647, 33.12169312169312], [5.105030896825834, 33.12169312169312], [5.161626292429526, 32.97043180919997], [5.165416844103825, 32.96189676375796], [5.175782463139052, 32.95933110514028], [5.2941176470588225, 32.987335217446585], [5.2941176470588225, 32.91005291005292], [5.2941176470588225, 32.910052910052904], [5.2941176470588225, 32.80254797925482], [5.266870252549059, 32.795912535178175], [5.24152550106305, 32.749061839157726], [5.2941176470588225, 32.60950210659849], [5.2941176470588225, 32.48677248677249], [5.2941176470588225, 32.27513227513228], [5.2941176470588225, 32.27513227513227], [5.2941176470588225, 32.06349206349206], [5.2941176470588225, 31.851851851851855], [5.08235294117647, 31.851851851851855]]], [[[5.71764705882352, 30.158730158730158], [5.929411764705872, 30.158730158730158], [5.929411764705872, 30.0], [5.71764705882352, 30.0], [5.71764705882352, 30.158730158730158]]], [[[5.717647058823513, 30.0], [5.29411764705883, 30.0], [5.29411764705883, 30.158730158730158], [5.5058823529411605, 30.158730158730158], [5.505882352941182, 30.158730158730158], [5.717647058823513, 30.158730158730158], [5.717647058823513, 30.0]]], [[[5.717647058823513, 30.15873015873016], [5.505882352941182, 30.15873015873016], [5.5058823529411605, 30.15873015873016], [5.29411764705883, 30.15873015873016], [5.29411764705883, 30.37037037037037], [5.5058823529411605, 30.37037037037037], [5.505882352941182, 30.37037037037037], [5.717647058823513, 30.37037037037037], [5.717647058823513, 30.15873015873016]]], [[[5.929411764705872, 30.37037037037037], [5.929411764705872, 30.15873015873016], [5.71764705882352, 30.15873015873016], [5.71764705882352, 30.37037037037037], [5.929411764705872, 30.37037037037037]]], [[[5.29411764705883, 30.582010582010582], [5.5058823529411605, 30.582010582010582], [5.505882352941182, 30.582010582010582], [5.717647058823513, 30.582010582010582], [5.717647058823513, 30.370370370370374], [5.505882352941182, 30.370370370370374], [5.5058823529411605, 30.370370370370374], [5.29411764705883, 30.370370370370374], [5.29411764705883, 30.582010582010582]]], [[[5.71764705882352, 30.582010582010582], [5.929411764705872, 30.582010582010582], [5.929411764705872, 30.370370370370374], [5.71764705882352, 30.370370370370374], [5.71764705882352, 30.582010582010582]]], [[[5.71764705882352, 30.793650793650794], [5.929411764705872, 30.793650793650794], [5.929411764705872, 30.582010582010586], [5.71764705882352, 30.582010582010586], [5.71764705882352, 30.793650793650794]]], [[[5.717647058823513, 30.793650793650794], [5.717647058823513, 30.582010582010586], [5.505882352941182, 30.582010582010586], [5.5058823529411605, 30.582010582010586], [5.29411764705883, 30.582010582010586], [5.29411764705883, 30.793650793650794], [5.5058823529411605, 30.793650793650794], [5.505882352941182, 30.793650793650794], [5.717647058823513, 30.793650793650794]]], [[[5.71764705882352, 31.005291005291006], [5.8779660563913, 31.005291005291006], [5.929411764705872, 30.85685140617698], [5.929411764705872, 30.793650793650798], [5.71764705882352, 30.793650793650798], [5.71764705882352, 31.005291005291006]]], [[[5.717647058823513, 30.793650793650798], [5.505882352941182, 30.793650793650798], [5.5058823529411605, 30.793650793650798], [5.29411764705883, 30.793650793650798], [5.29411764705883, 31.005291005291006], [5.5058823529411605, 31.005291005291006], [5.505882352941182, 31.005291005291006], [5.717647058823513, 31.005291005291006], [5.717647058823513, 30.793650793650798]]], [[[5.717647058823513, 31.428571428571427], [5.717647058823513, 31.21693121693122], [5.717647058823513, 31.00529100529101], [5.505882352941182, 31.00529100529101], [5.5058823529411605, 31.00529100529101], [5.29411764705883, 31.00529100529101], [5.29411764705883, 31.21693121693122], [5.29411764705883, 31.428571428571427], [5.5058823529411605, 31.428571428571427], [5.505882352941182, 31.428571428571427], [5.717647058823513, 31.428571428571427]]], [[[5.71764705882352, 31.21693121693122], [5.804616487538633, 31.21693121693122], [5.8779660563912985, 31.00529100529101], [5.71764705882352, 31.00529100529101], [5.71764705882352, 31.21693121693122]]], [[[5.505882352941182, 31.64021164021164], [5.65938823611566, 31.64021164021164], [5.717647058823513, 31.4856146835296], [5.717647058823513, 31.42857142857143], [5.505882352941182, 31.42857142857143], [5.5058823529411605, 31.42857142857143], [5.29411764705883, 31.42857142857143], [5.29411764705883, 31.64021164021164], [5.5058823529411605, 31.64021164021164], [5.505882352941182, 31.64021164021164]]], [[[5.505882352941182, 31.640211640211643], [5.5058823529411605, 31.640211640211643], [5.29411764705883, 31.640211640211643], [5.29411764705883, 31.85185185185185], [5.5058823529411605, 31.85185185185185], [5.505882352941182, 31.85185185185185], [5.579633046670641, 31.85185185185185], [5.659388236115659, 31.640211640211643], [5.505882352941182, 31.640211640211643]]], [[[5.08235294117647, 31.85185185185185], [5.2941176470588225, 31.85185185185185], [5.2941176470588225, 31.640211640211643], [5.08235294117647, 31.640211640211643], [5.08235294117647, 31.85185185185185]]], [[[5.505882352941182, 32.85411815279144], [5.29411764705883, 32.80254797925482], [5.29411764705883, 32.91005291005292], [5.505882352941182, 32.91005291005292], [5.505882352941182, 32.85411815279144]]], [[[5.505882352941182, 31.851851851851855], [5.29411764705883, 31.851851851851855], [5.29411764705883, 32.06349206349206], [5.29411764705883, 32.27513227513227], [5.29411764705883, 32.27513227513228], [5.29411764705883, 32.48677248677249], [5.29411764705883, 32.60950210659847], [5.505882352941182, 32.04755839506401], [5.505882352941182, 31.851851851851855]]]]}, "properties": {"tile": "N30E000_6x6", "epsg": 4326}}, {"type": "Feature", "geometry": {"type": "Polygon", "coordinates": [[[60.56470588235295, 35.02645502645503], [60.56470588235295, 34.89917699411951], [60.352941176470594, 34.84662271084673], [60.352941176470594, 35.02645502645503], [60.56470588235295, 35.02645502645503]]]}, "properties": {"tile": "N30E060_6x6", "epsg": 4326}}, {"type": "Feature", "geometry": {"type": "Polygon", "coordinates": [[[59.929411764705875, 34.81481481481482], [59.929411764705875, 34.74151414430118], [59.50588235294116, 34.636405577755625], [59.50588235294116, 34.81481481481482], [59.717647058823516, 34.81481481481482], [59.929411764705875, 34.81481481481482]]]}, "properties": {"tile": "N30E054_6x6", "epsg": 4326}}, {"type": "Feature", "geometry": {"type": "Polygon", "coordinates": [[[135.52941176470588, 33.54497354497355], [135.52941176470588, 33.48055572510365], [135.43962522348446, 33.50514487050461], [135.43525869724974, 33.50655912105531], [135.43104025556772, 33.50836782383746], [135.4270054458223, 33.51055573752335], [135.42318826799297, 33.513104425303005], [135.41962088814864, 33.51599241024497], [135.41633336739488, 33.51919535627515], [135.41335340855915, 33.52268627324868], [135.39603169478335, 33.54497354497355], [135.52941176470588, 33.54497354497355]]]}, "properties": {"tile": "N30E132_6x6", "epsg": 4326}}, {"type": "Feature", "geometry": {"type": "Polygon", "coordinates": [[[126.93036606972747, 33.333333333333336], [126.91210284233277, 33.31018894306141], [126.90880575992283, 33.30641594861328], [126.90514760763594, 33.30299189233898], [126.9011651224511, 33.29995116030931], [126.89689829845912, 33.29732428906294], [126.89238998522202, 33.295137658943354], [126.8470588235294, 33.27589355300999], [126.8470588235294, 33.333333333333336], [126.93036606972747, 33.333333333333336]]]}, "properties": {"tile": "N30E126_6x6", "epsg": 4326}}, {"type": "Feature", "geometry": {"type": "MultiPolygon", "coordinates": [[[[-2.752941176470603, 30.006188167681817], [-2.7779423293179617, 30.0], [-2.964705882352956, 30.0], [-2.964705882352956, 30.125675083058276], [-2.8231813962585606, 30.158730158730158], [-2.752941176470603, 30.158730158730158], [-2.752941176470603, 30.006188167681817]]], [[[-1.0588235294117792, 30.15873015873016], [-1.0588235294117792, 30.297586433574978], [-0.8470588235294262, 30.34722070033094], [-0.8470588235294262, 30.18500428447907], [-0.9529984101154937, 30.15873015873016], [-1.0588235294117792, 30.15873015873016]]], [[[-0.8470588235294197, 30.34722070033094], [-0.7482907065090381, 30.37037037037037], [-0.6352941176470669, 30.37037037037037], [-0.6352941176470669, 30.23752414689154], [-0.8470588235294197, 30.185004284479074], [-0.8470588235294197, 30.34722070033094]]]]}, "properties": {"tile": "N30W006_6x6", "epsg": 4326}}, {"type": "Feature", "geometry": {"type": "MultiPolygon", "coordinates": [[[[-81.52941176470588, 24.656084656084655], [-81.52941176470588, 24.56121651611693], [-81.54758933658479, 24.553698313583446], [-81.55328467844971, 24.55173544527675], [-81.55917474455259, 24.550471763255207], [-81.6239696664276, 24.5406084820052], [-81.62884418569354, 24.540109334492914], [-81.63374415521814, 24.540089713812247], [-81.6386225155249, 24.540549808400886], [-81.64343241467301, 24.541485199494524], [-81.64812765822501, 24.5428869035648], [-81.65266315289968, 24.544741458597425], [-81.65699533964961, 24.547031053381847], [-81.66108261200367, 24.549733698570698], [-81.66488571565706, 24.552823437866277], [-81.66836812547099, 24.55627059730572], [-81.67149639626138, 24.56004207025075], [-81.67424048400754, 24.564101635344997], [-81.67657403439604, 24.568410304385132], [-81.67847463592837, 24.572926696764945], [-81.67992403516178, 24.577607436896084], [-81.68090831201602, 24.582407570788728], [-81.68141801346216, 24.587280997791247], [-81.68144824430996, 24.59218091334245], [-81.68099871422129, 24.597060258484216], [-81.68007374049864, 24.60187217181734], [-81.67868220662159, 24.60657043956004], [-81.67683747692952, 24.611109939386704], [-81.67455726827009, 24.615447073784274], [-81.671863479846, 24.61954018876425], [-81.66878198289427, 24.62334997390905], [-81.665342372218, 24.626839839910613], [-81.66157768195691, 24.62997626997537], [-81.62691766565798, 24.656084656084655], [-81.52941176470588, 24.656084656084655]]], [[[-81.52941176470588, 24.656084656084662], [-81.62691766565797, 24.656084656084662], [-81.62276514788937, 24.659212627413165], [-81.61040896171265, 24.702797560785783], [-81.60881983645639, 24.70749975596112], [-81.60677233308752, 24.712021225689156], [-81.60428662848929, 24.716317413673572], [-81.6013872177479, 24.720345983630732], [-81.59810267276846, 24.724067236487652], [-81.59446536071657, 24.727444501591876], [-81.59051112505979, 24.730444498078164], [-81.58627893235241, 24.73303766283088], [-81.5818104882441, 24.73519844181029], [-81.57714982649635, 24.73690554187184], [-81.57234287505703, 24.738142140597], [-81.56743700346868, 24.73889605206778], [-81.56248055607097, 24.739159846951498], [-81.5575223755969, 24.738930925712218], [-81.55261132185798, 24.73821154422761], [-81.54779579026071, 24.737008791558644], [-81.54312323489981, 24.73533452009128], [-81.53863970092736, 24.733205228738502], [-81.53438937080621, 24.73064190035371], [-81.530414128919, 24.72766979495764], [-81.52941176470588, 24.726752139593113], [-81.52941176470588, 24.656084656084662]]], [[[-81.73157659308858, 24.624933462606933], [-81.72673675431312, 24.6239940913606], [-81.72201295574018, 24.622582643609892], [-81.71745112489383, 24.620712842272837], [-81.7130956145535, 24.618402866648285], [-81.70898877153034, 24.615675175666166], [-81.70517052494687, 24.61255628952868], [-81.70167799802272, 24.609076531865437], [-81.6985451471411, 24.605269734909424], [-81.69580243170499, 24.601172910560337], [-81.69347651799309, 24.59682589053328], [-81.69159001989472, 24.59227093909165], [-81.69016127904437, 24.58755234212928], [-81.68920418649367, 24.582715976597168], [-81.68872804765446, 24.577808864461037], [-81.68873749182616, 24.57287871552633], [-81.68981171057617, 24.551931449901332], [-81.69031591181113, 24.54696509553229], [-81.69131281124369, 24.542073767887814], [-81.6927924722211, 24.537306221559128], [-81.69474014613698, 24.53270997734002], [-81.6971364194389, 24.528330848560604], [-81.69995740713414, 24.52421248444028], [-81.70317499086467, 24.520395935011635], [-81.70675709917855, 24.516919241951854], [-81.71066802720394, 24.513817059400104], [-81.71486879253956, 24.511120308540413], [-81.71931752381396, 24.50885586939295], [-81.7239698780408, 24.507046312885905], [-81.72877948261025, 24.50570967587842], [-81.77287127948524, 24.495797566503413], [-81.77943201905777, 24.494774573451988], [-81.80482264405777, 24.492528479701985], [-81.80987695259917, 24.4923381892569], [-81.81492462575109, 24.492659500689385], [-81.81991401118843, 24.4934891260523], [-81.82479405303839, 24.49481857587383], [-81.82951481432988, 24.496634246029398], [-81.83402798799364, 24.498917556951298], [-81.83828739118336, 24.5016451437515], [-81.84224943786018, 24.504789095312184], [-81.84587358480412, 24.50831723989735], [-81.84912274648877, 24.512193474362935], [-81.85196367457367, 24.516378133596575], [-81.85436729813115, 24.520828396406696], [-81.85630902112625, 24.52549872370738], [-81.8577689741054, 24.5303413245152], [-81.8587322175185, 24.535306644989483], [-81.8609294831435, 24.55078516061449], [-81.86138437711966, 24.55577812079972], [-81.86133695580031, 24.56079153591911], [-81.86078769598936, 24.56577499792869], [-81.85974212029204, 24.57067839995198], [-81.85821074158721, 24.575452440086213], [-81.85620895732416, 24.580049117114793], [-81.85375689470696, 24.584422213141885], [-81.8508792083228, 24.58852775829634], [-81.84760483224922, 24.592324472832566], [-81.84396668913257, 24.595774182183185], [-81.84000135916301, 24.598842200790248], [-81.83574871227401, 24.601497680855765], [-81.83125150726498, 24.60371392250496], [-81.78750150726498, 24.622610406879964], [-81.78328184271862, 24.624211098490456], [-81.77893503382589, 24.625424785009212], [-81.77449649453006, 24.626241578395014], [-81.77000238611235, 24.626654824139838], [-81.76548932258191, 24.6266611554839], [-81.73648541633192, 24.6253916242339], [-81.73157659308858, 24.624933462606933]]]]}, "properties": {"tile": "N24W084_6x6", "epsg": 4326}}, {"type": "Feature", "geometry": {"type": "MultiPolygon", "coordinates": [[[[-18.0, 27.598829121015996], [-18.002602171285318, 27.599676359977966], [-18.007176450831675, 27.601690467391048], [-18.041793631793414, 27.619047619047617], [-18.0, 27.619047619047617], [-18.0, 27.598829121015996]]], [[[-18.04179363179343, 27.619047619047624], [-18.129002622706675, 27.66277445176605], [-18.135186997379524, 27.666454675671016], [-18.164532700504513, 27.686913660046013], [-18.16885041501722, 27.690290080367774], [-18.172772610122163, 27.694118821461295], [-18.176252152215877, 27.698353872773914], [-18.20086152721589, 27.73189879464892], [-18.203551601490837, 27.735967874980968], [-18.20583237545422, 27.74027971733446], [-18.2076821416899, 27.744793283466326], [-18.20908329492612, 27.74946561521418], [-18.210022499594846, 27.754252243353452], [-18.210490816753897, 27.75910761083614], [-18.210483789163916, 27.76398550638303], [-18.210001483710464, 27.768839504302576], [-18.209048490767398, 27.773623406350474], [-18.2076338805077, 27.778291681424477], [-18.20577111657752, 27.782799898909673], [-18.203477927955024, 27.787105151549767], [-18.20077614021368, 27.791166463819728], [-18.19769146779594, 27.79494518191303], [-18.194253269274327, 27.798405341631796], [-18.190494267929306, 27.801514010678435], [-18.186450240303298, 27.804241602090922], [-18.18215967569509, 27.806562155838673], [-18.177663409835414, 27.808453585898842], [-18.173004236230177, 27.809897890461485], [-18.16822649887047, 27.810881323262972], [-18.163375670185705, 27.81139452441697], [-18.06020639204353, 27.81724078351169], [-18.014073947122597, 27.849082405314135], [-18.0, 27.80638515544549], [-18.0, 27.619047619047624], [-18.04179363179343, 27.619047619047624]]]]}, "properties": {"tile": "N24W024_6x6", "epsg": 4326}}, {"type": "Feature", "geometry": {"type": "Polygon", "coordinates": [[[-13.341176470588248, 24.23280423280423], [-13.341176470588227, 24.23280423280423], [-13.129411764705896, 24.23280423280423], [-13.129411764705896, 24.150726061305903], [-13.55294117647058, 24.04768721730309], [-13.55294117647058, 24.208084632904132], [-13.445893556268414, 24.23280423280423], [-13.341176470588248, 24.23280423280423]]]}, "properties": {"tile": "N24W018_6x6", "epsg": 4326}}, {"type": "Feature", "geometry": {"type": "MultiPolygon", "coordinates": [[[[-6.56470588235295, 26.543634056925953], [-6.492084617069712, 26.56084656084656], [-6.352941176470598, 26.56084656084656], [-6.352941176470598, 26.39632717172245], [-6.545959090800785, 26.34920634920635], [-6.56470588235295, 26.34920634920635], [-6.56470588235295, 26.543634056925953]]], [[[-6.564705882352957, 28.888888888888893], [-6.776470588235309, 28.888888888888893], [-6.776470588235309, 29.01681537442822], [-6.564705882352957, 29.066456575022062], [-6.564705882352957, 28.888888888888893]]], [[[-8.894117647058817, 29.29079198265982], [-8.802837352072157, 29.312169312169313], [-8.682352941176486, 29.312169312169313], [-8.682352941176465, 29.312169312169313], [-8.470588235294134, 29.312169312169313], [-8.470588235294134, 29.21784013520367], [-8.894117647058817, 29.11530407936083], [-8.894117647058817, 29.29079198265982]]]]}, "properties": {"tile": "N24W012_6x6", "epsg": 4326}}, {"type": "Feature", "geometry": {"type": "MultiPolygon", "coordinates": [[[[-5.929411764705872, 24.656084656084655], [-5.71764705882352, 24.656084656084655], [-5.71764705882352, 24.5374271044963], [-5.929411764705872, 24.485435036839828], [-5.929411764705872, 24.656084656084655]]], [[[-5.08235294117647, 24.69340330746571], [-5.234352536304139, 24.656084656084662], [-5.2941176470588225, 24.656084656084662], [-5.2941176470588225, 24.80866985830431], [-5.08235294117647, 24.85762085308999], [-5.08235294117647, 24.69340330746571]]], [[[-5.505882352941189, 26.772486772486776], [-5.505882352941189, 26.603116829681063], [-5.679031264461637, 26.560846560846567], [-5.717647058823541, 26.560846560846567], [-5.717647058823541, 26.744401742040225], [-5.599153523196524, 26.772486772486776], [-5.505882352941189, 26.772486772486776]]], [[[-4.870588235294132, 29.638440182383313], [-4.65882352941178, 29.69142945008332], [-4.65882352941178, 29.5644648105832], [-4.8211682246020535, 29.523809523809526], [-4.870588235294132, 29.523809523809526], [-4.870588235294132, 29.638440182383313]]], [[[-4.447058823529421, 29.735449735449734], [-4.447058823529421, 29.617496138992788], [-4.658823529411773, 29.5644648105832], [-4.658823529411773, 29.69142945008332], [-4.48290219310928, 29.735449735449734], [-4.447058823529421, 29.735449735449734]]], [[[-3.6000000000000116, 29.947089947089946], [-3.6000000000000116, 29.82962145263114], [-3.8117647058823647, 29.776590124221553], [-3.8117647058823647, 29.90338652088335], [-3.637109655937406, 29.947089947089946], [-3.6000000000000116, 29.947089947089946]]], [[[-1.27058823529411, 25.71428571428571], [-1.0588235294117792, 25.71428571428571], [-1.058823529411757, 25.71428571428571], [-0.8470588235294262, 25.71428571428571], [-0.8470588235294262, 25.639058760309446], [-1.27058823529411, 25.53396753843887], [-1.27058823529411, 25.71428571428571]]], [[[-2.117647058823525, 26.772486772486776], [-2.117647058823525, 26.595710380704016], [-2.261255045882595, 26.560846560846567], [-2.329411764705878, 26.560846560846567], [-2.329411764705878, 26.722911621487413], [-2.1213506902321795, 26.772486772486776], [-2.117647058823525, 26.772486772486776]]], [[[-2.117647058823519, 26.772486772486776], [-1.9058823529411657, 26.772486772486776], [-1.9058823529411657, 26.64712065884552], [-2.117647058823519, 26.595710380704016], [-2.117647058823519, 26.772486772486776]]], [[[-1.2705882352941162, 26.801351493270023], [-1.389485259936081, 26.772486772486776], [-1.4823529411764693, 26.772486772486776], [-1.4823529411764693, 26.924742113750497], [-1.2705882352941162, 26.97519973681627], [-1.2705882352941162, 26.801351493270023]]], [[[-3.6000000000000116, 27.40740740740741], [-3.6000000000000116, 27.282612080354056], [-3.8117647058823647, 27.23069541962933], [-3.8117647058823647, 27.39734440354042], [-3.7686912777351167, 27.40740740740741], [-3.6000000000000116, 27.40740740740741]]]]}, "properties": {"tile": "N24W006_6x6", "epsg": 4326}}, {"type": "Feature", "geometry": {"type": "MultiPolygon", "coordinates": [[[[0.0, 26.34920634920635], [0.0, 26.49912842956295], [0.21176470588234192, 26.548885084218078], [0.21176470588234192, 26.371776550016275], [0.11952219129920698, 26.34920634920635], [0.0, 26.34920634920635]]], [[[0.21176470588234825, 26.54888508421808], [0.26267284264727286, 26.56084656084656], [0.4235294117647012, 26.56084656084656], [0.4235294117647012, 26.42359183234915], [0.21176470588234825, 26.37177655001628], [0.21176470588234825, 26.54888508421808]]], [[[1.058823529411757, 26.7479117028386], [1.0741746602542246, 26.751518634941434], [1.0770972522742648, 26.741446833169313], [1.2123620547981449, 26.772486772486776], [1.27058823529411, 26.772486772486776], [1.27058823529411, 26.630852961680635], [1.058823529411757, 26.579037679347763], [1.058823529411757, 26.7479117028386]]], [[[2.117647058823519, 26.789606716304124], [2.0470036864003425, 26.772486772486776], [1.9058823529411657, 26.772486772486776], [1.9058823529411657, 26.93163259289329], [2.117647058823519, 26.980227375109514], [2.117647058823519, 26.789606716304124]]], [[[2.7529411764705745, 26.984126984126984], [2.7529411764705745, 27.12601172175819], [2.9647058823529275, 27.174606503974413], [2.9647058823529275, 26.994885696785744], [2.9203113590264818, 26.984126984126984], [2.7529411764705745, 26.984126984126984]]], [[[5.717647058823513, 28.88888888888889], [5.717647058823513, 28.67724867724868], [5.505882352941182, 28.67724867724868], [5.5058823529411605, 28.67724867724868], [5.29411764705883, 28.67724867724868], [5.29411764705883, 28.88888888888889], [5.5058823529411605, 28.88888888888889], [5.505882352941182, 28.88888888888889], [5.717647058823513, 28.88888888888889]]], [[[5.5058823529411605, 29.1005291005291], [5.505882352941182, 29.1005291005291], [5.717647058823513, 29.1005291005291], [5.717647058823513, 28.888888888888893], [5.505882352941182, 28.888888888888893], [5.5058823529411605, 28.888888888888893], [5.29411764705883, 28.888888888888893], [5.29411764705883, 29.1005291005291], [5.5058823529411605, 29.1005291005291]]], [[[5.08235294117647, 29.100529100529105], [5.08235294117647, 29.312169312169313], [5.2941176470588225, 29.312169312169313], [5.2941176470588225, 29.100529100529105], [5.08235294117647, 29.100529100529105]]], [[[5.717647058823513, 29.312169312169313], [5.717647058823513, 29.100529100529105], [5.505882352941182, 29.100529100529105], [5.5058823529411605, 29.100529100529105], [5.29411764705883, 29.100529100529105], [5.29411764705883, 29.312169312169313], [5.5058823529411605, 29.312169312169313], [5.505882352941182, 29.312169312169313], [5.717647058823513, 29.312169312169313]]], [[[1.27058823529411, 29.38804325203386], [1.058823529411757, 29.335588333559308], [1.058823529411757, 29.512677167987345], [1.106420968894304, 29.523809523809526], [1.27058823529411, 29.523809523809526], [1.27058823529411, 29.38804325203386]]], [[[1.2705882352941162, 29.523809523809526], [1.4823529411764693, 29.523809523809526], [1.4823529411764693, 29.440498170508413], [1.2705882352941162, 29.38804325203386], [1.2705882352941162, 29.523809523809526]]], [[[5.2941176470588225, 29.523809523809526], [5.2941176470588225, 29.312169312169317], [5.08235294117647, 29.312169312169317], [5.08235294117647, 29.523809523809526], [5.08235294117647, 29.735449735449734], [5.2941176470588225, 29.735449735449734], [5.2941176470588225, 29.523809523809526]]], [[[2.117647058823519, 29.597862925932066], [1.9058823529411657, 29.545408007457514], [1.9058823529411657, 29.710792031483397], [2.011308696750441, 29.735449735449734], [2.117647058823519, 29.735449735449734], [2.117647058823519, 29.597862925932066]]], [[[4.870588235294111, 29.735449735449738], [4.870588235294111, 29.947089947089946], [5.082352941176463, 29.947089947089946], [5.082352941176463, 29.735449735449738], [4.870588235294111, 29.735449735449738]]], [[[5.2941176470588225, 29.735449735449738], [5.08235294117647, 29.735449735449738], [5.08235294117647, 29.947089947089946], [5.2941176470588225, 29.947089947089946], [5.2941176470588225, 29.735449735449738]]], [[[5.5058823529411605, 24.217592154560794], [5.573048308633914, 24.23280423280423], [5.717647058823513, 24.23280423280423], [5.717647058823513, 24.08748903419778], [5.5058823529411605, 24.035182012515897], [5.5058823529411605, 24.217592154560794]]], [[[5.515798992461061, 27.40740740740741], [5.5058823529411605, 27.441191829377782], [5.5058823529411605, 27.619047619047617], [5.717647058823513, 27.619047619047617], [5.717647058823513, 27.40740740740741], [5.515798992461061, 27.40740740740741]]], [[[5.5058823529411605, 27.619047619047624], [5.5058823529411605, 27.830687830687832], [5.5058823529411605, 28.04232804232804], [5.717647058823513, 28.04232804232804], [5.717647058823513, 27.830687830687832], [5.717647058823513, 27.619047619047624], [5.5058823529411605, 27.619047619047624]]], [[[5.5058823529411605, 28.042328042328045], [5.5058823529411605, 28.253968253968253], [5.717647058823513, 28.253968253968253], [5.717647058823513, 28.042328042328045], [5.5058823529411605, 28.042328042328045]]], [[[5.717647058823513, 28.253968253968257], [5.5058823529411605, 28.253968253968257], [5.5058823529411605, 28.465608465608465], [5.717647058823513, 28.465608465608465], [5.717647058823513, 28.253968253968257]]], [[[5.505882352941182, 28.677248677248677], [5.717647058823513, 28.677248677248677], [5.717647058823513, 28.46560846560847], [5.505882352941182, 28.46560846560847], [5.5058823529411605, 28.46560846560847], [5.29411764705883, 28.46560846560847], [5.29411764705883, 28.677248677248677], [5.5058823529411605, 28.677248677248677], [5.505882352941182, 28.677248677248677]]], [[[5.717647058823513, 29.735449735449734], [5.717647058823513, 29.523809523809526], [5.717647058823513, 29.312169312169317], [5.505882352941182, 29.312169312169317], [5.5058823529411605, 29.312169312169317], [5.29411764705883, 29.312169312169317], [5.29411764705883, 29.523809523809526], [5.29411764705883, 29.735449735449734], [5.5058823529411605, 29.735449735449734], [5.505882352941182, 29.735449735449734], [5.717647058823513, 29.735449735449734]]], [[[5.5058823529411605, 29.947089947089946], [5.505882352941182, 29.947089947089946], [5.717647058823513, 29.947089947089946], [5.717647058823513, 29.735449735449738], [5.505882352941182, 29.735449735449738], [5.5058823529411605, 29.735449735449738], [5.29411764705883, 29.735449735449738], [5.29411764705883, 29.947089947089946], [5.5058823529411605, 29.947089947089946]]], [[[5.929411764705872, 26.772486772486776], [5.71764705882352, 26.772486772486776], [5.71764705882352, 26.984126984126984], [5.71764705882352, 27.195767195767193], [5.929411764705872, 27.195767195767193], [5.929411764705872, 26.984126984126984], [5.929411764705872, 26.772486772486776]]], [[[5.71764705882352, 27.40740740740741], [5.71764705882352, 27.619047619047617], [5.929411764705872, 27.619047619047617], [5.929411764705872, 27.40740740740741], [5.929411764705872, 27.1957671957672], [5.71764705882352, 27.1957671957672], [5.71764705882352, 27.40740740740741]]], [[[5.71764705882352, 27.619047619047624], [5.71764705882352, 27.830687830687832], [5.71764705882352, 28.04232804232804], [5.929411764705872, 28.04232804232804], [5.929411764705872, 27.830687830687832], [5.929411764705872, 27.619047619047624], [5.71764705882352, 27.619047619047624]]], [[[5.71764705882352, 28.042328042328045], [5.71764705882352, 28.253968253968253], [5.929411764705872, 28.253968253968253], [5.929411764705872, 28.042328042328045], [5.71764705882352, 28.042328042328045]]], [[[5.929411764705872, 28.253968253968257], [5.71764705882352, 28.253968253968257], [5.71764705882352, 28.465608465608465], [5.929411764705872, 28.465608465608465], [5.929411764705872, 28.253968253968257]]], [[[5.71764705882352, 28.46560846560847], [5.71764705882352, 28.677248677248677], [5.929411764705872, 28.677248677248677], [5.929411764705872, 28.46560846560847], [5.71764705882352, 28.46560846560847]]], [[[5.929411764705872, 28.67724867724868], [5.71764705882352, 28.67724867724868], [5.71764705882352, 28.88888888888889], [5.929411764705872, 28.88888888888889], [5.929411764705872, 28.67724867724868]]], [[[5.71764705882352, 28.888888888888893], [5.71764705882352, 29.1005291005291], [5.929411764705872, 29.1005291005291], [5.929411764705872, 28.888888888888893], [5.71764705882352, 28.888888888888893]]], [[[5.71764705882352, 29.100529100529105], [5.71764705882352, 29.312169312169313], [5.929411764705872, 29.312169312169313], [5.929411764705872, 29.100529100529105], [5.71764705882352, 29.100529100529105]]], [[[5.71764705882352, 29.312169312169317], [5.71764705882352, 29.523809523809526], [5.71764705882352, 29.735449735449734], [5.929411764705872, 29.735449735449734], [5.929411764705872, 29.523809523809526], [5.929411764705872, 29.312169312169317], [5.71764705882352, 29.312169312169317]]], [[[5.71764705882352, 29.735449735449738], [5.71764705882352, 29.947089947089946], [5.929411764705872, 29.947089947089946], [5.929411764705872, 29.735449735449738], [5.71764705882352, 29.735449735449738]]]]}, "properties": {"tile": "N24E000_6x6", "epsg": 4326}}, {"type": "Feature", "geometry": {"type": "MultiPolygon", "coordinates": [[[[6.141176470588238, 25.71428571428571], [6.3529411764705905, 25.71428571428571], [6.3529411764705905, 25.502645502645503], [6.141176470588238, 25.502645502645503], [6.141176470588238, 25.71428571428571]]], [[[6.3529411764705905, 26.137566137566136], [6.3529411764705905, 25.925925925925927], [6.3529411764705905, 25.71428571428572], [6.141176470588238, 25.71428571428572], [6.141176470588238, 25.925925925925927], [6.141176470588238, 26.137566137566136], [6.3529411764705905, 26.137566137566136]]], [[[6.0, 26.137566137566143], [6.0, 26.56084656084656], [6.141176470588231, 26.56084656084656], [6.141176470588231, 26.34920634920635], [6.141176470588231, 26.137566137566143], [6.0, 26.137566137566143]]], [[[6.3529411764705905, 26.56084656084656], [6.3529411764705905, 26.34920634920635], [6.3529411764705905, 26.137566137566143], [6.141176470588238, 26.137566137566143], [6.141176470588238, 26.34920634920635], [6.141176470588238, 26.56084656084656], [6.3529411764705905, 26.56084656084656]]], [[[6.3529411764705905, 26.772486772486776], [6.3529411764705905, 26.560846560846567], [6.141176470588238, 26.560846560846567], [6.141176470588238, 26.772486772486776], [6.141176470588238, 26.984126984126984], [6.141176470588238, 27.195767195767193], [6.3529411764705905, 27.195767195767193], [6.3529411764705905, 26.984126984126984], [6.3529411764705905, 26.772486772486776]]], [[[6.141176470588231, 26.772486772486776], [6.141176470588231, 26.560846560846567], [6.0, 26.560846560846567], [6.0, 27.195767195767193], [6.141176470588231, 27.195767195767193], [6.141176470588231, 26.984126984126984], [6.141176470588231, 26.772486772486776]]], [[[6.3529411764705905, 27.619047619047617], [6.3529411764705905, 27.40740740740741], [6.3529411764705905, 27.1957671957672], [6.141176470588238, 27.1957671957672], [6.141176470588238, 27.40740740740741], [6.141176470588238, 27.619047619047617], [6.3529411764705905, 27.619047619047617]]], [[[6.141176470588231, 27.1957671957672], [6.0, 27.1957671957672], [6.0, 27.619047619047617], [6.141176470588231, 27.619047619047617], [6.141176470588231, 27.40740740740741], [6.141176470588231, 27.1957671957672]]], [[[6.0, 27.619047619047624], [6.0, 28.04232804232804], [6.141176470588231, 28.04232804232804], [6.141176470588231, 27.830687830687832], [6.141176470588231, 27.619047619047624], [6.0, 27.619047619047624]]], [[[6.3529411764705905, 28.04232804232804], [6.3529411764705905, 27.830687830687832], [6.3529411764705905, 27.619047619047624], [6.141176470588238, 27.619047619047624], [6.141176470588238, 27.830687830687832], [6.141176470588238, 28.04232804232804], [6.3529411764705905, 28.04232804232804]]], [[[6.0, 28.253968253968253], [6.141176470588231, 28.253968253968253], [6.141176470588231, 28.042328042328045], [6.0, 28.042328042328045], [6.0, 28.253968253968253]]], [[[6.0, 28.465608465608465], [6.141176470588231, 28.465608465608465], [6.141176470588231, 28.253968253968257], [6.0, 28.253968253968257], [6.0, 28.465608465608465]]], [[[6.141176470588238, 28.465608465608465], [6.3529411764705905, 28.465608465608465], [6.3529411764705905, 28.253968253968257], [6.141176470588238, 28.253968253968257], [6.141176470588238, 28.465608465608465]]], [[[6.0, 28.677248677248677], [6.141176470588231, 28.677248677248677], [6.141176470588231, 28.46560846560847], [6.0, 28.46560846560847], [6.0, 28.677248677248677]]], [[[6.3529411764705905, 28.677248677248677], [6.3529411764705905, 28.46560846560847], [6.141176470588238, 28.46560846560847], [6.141176470588238, 28.677248677248677], [6.3529411764705905, 28.677248677248677]]], [[[6.141176470588231, 28.88888888888889], [6.141176470588231, 28.67724867724868], [6.0, 28.67724867724868], [6.0, 28.88888888888889], [6.141176470588231, 28.88888888888889]]], [[[6.141176470588238, 28.88888888888889], [6.3529411764705905, 28.88888888888889], [6.3529411764705905, 28.67724867724868], [6.141176470588238, 28.67724867724868], [6.141176470588238, 28.88888888888889]]], [[[6.0, 29.1005291005291], [6.141176470588231, 29.1005291005291], [6.141176470588231, 28.888888888888893], [6.0, 28.888888888888893], [6.0, 29.1005291005291]]], [[[6.141176470588238, 29.1005291005291], [6.3529411764705905, 29.1005291005291], [6.3529411764705905, 28.888888888888893], [6.141176470588238, 28.888888888888893], [6.141176470588238, 29.1005291005291]]], [[[6.0, 29.312169312169313], [6.141176470588231, 29.312169312169313], [6.141176470588231, 29.100529100529105], [6.0, 29.100529100529105], [6.0, 29.312169312169313]]], [[[6.141176470588231, 29.735449735449734], [6.141176470588231, 29.523809523809526], [6.141176470588231, 29.312169312169317], [6.0, 29.312169312169317], [6.0, 29.735449735449734], [6.141176470588231, 29.735449735449734]]], [[[6.141176470588238, 29.312169312169317], [6.141176470588238, 29.523809523809526], [6.141176470588238, 29.735449735449734], [6.318063469507305, 29.735449735449734], [6.3529411764705905, 29.63481485240002], [6.3529411764705905, 29.523809523809526], [6.3529411764705905, 29.312169312169317], [6.141176470588238, 29.312169312169317]]], [[[6.244713900654637, 29.947089947089946], [6.318063469507303, 29.735449735449738], [6.141176470588238, 29.735449735449738], [6.141176470588238, 29.947089947089946], [6.244713900654637, 29.947089947089946]]], [[[6.141176470588231, 29.947089947089946], [6.141176470588231, 29.735449735449738], [6.0, 29.735449735449738], [6.0, 29.947089947089946], [6.141176470588231, 29.947089947089946]]], [[[6.776470588235281, 24.444444444444446], [6.776470588235281, 24.29917649254791], [6.502772183906545, 24.232804232804238], [6.493560728757471, 24.232804232804238], [6.48144, 24.27615], [6.352941176470598, 24.244410099243435], [6.352941176470598, 24.40943823145228], [6.36924349556933, 24.413130461408983], [6.3606682188014405, 24.444444444444446], [6.5647058823529285, 24.444444444444446], [6.5647058823529285, 24.656084656084655], [6.776470588235281, 24.656084656084655], [6.776470588235281, 24.444444444444446]]], [[[6.776470588235281, 24.86772486772487], [6.776470588235281, 24.656084656084662], [6.56470588235295, 24.656084656084662], [6.5647058823529285, 24.656084656084662], [6.352941176470598, 24.656084656084662], [6.352941176470598, 24.86772486772487], [6.352941176470598, 25.07936507936508], [6.5647058823529285, 25.07936507936508], [6.56470588235295, 25.07936507936508], [6.776470588235281, 25.07936507936508], [6.776470588235281, 24.86772486772487]]], [[[6.776470588235281, 25.71428571428571], [6.776470588235281, 25.502645502645503], [6.776470588235281, 25.291005291005295], [6.776470588235281, 25.079365079365086], [6.56470588235295, 25.079365079365086], [6.5647058823529285, 25.079365079365086], [6.352941176470598, 25.079365079365086], [6.352941176470598, 25.291005291005295], [6.352941176470598, 25.502645502645503], [6.352941176470598, 25.71428571428571], [6.5647058823529285, 25.71428571428571], [6.56470588235295, 25.71428571428571], [6.776470588235281, 25.71428571428571]]], [[[6.776470588235281, 25.925925925925927], [6.776470588235281, 25.71428571428572], [6.56470588235295, 25.71428571428572], [6.5647058823529285, 25.71428571428572], [6.352941176470598, 25.71428571428572], [6.352941176470598, 25.925925925925927], [6.352941176470598, 26.137566137566136], [6.5647058823529285, 26.137566137566136], [6.56470588235295, 26.137566137566136], [6.776470588235281, 26.137566137566136], [6.776470588235281, 25.925925925925927]]], [[[6.352941176470598, 26.56084656084656], [6.5647058823529285, 26.56084656084656], [6.56470588235295, 26.56084656084656], [6.776470588235281, 26.56084656084656], [6.776470588235281, 26.34920634920635], [6.776470588235281, 26.137566137566143], [6.56470588235295, 26.137566137566143], [6.5647058823529285, 26.137566137566143], [6.352941176470598, 26.137566137566143], [6.352941176470598, 26.34920634920635], [6.352941176470598, 26.56084656084656]]], [[[6.352941176470598, 26.984126984126984], [6.352941176470598, 27.195767195767193], [6.5647058823529285, 27.195767195767193], [6.56470588235295, 27.195767195767193], [6.776470588235281, 27.195767195767193], [6.776470588235281, 26.984126984126984], [6.776470588235281, 26.772486772486776], [6.776470588235281, 26.560846560846567], [6.56470588235295, 26.560846560846567], [6.5647058823529285, 26.560846560846567], [6.352941176470598, 26.560846560846567], [6.352941176470598, 26.772486772486776], [6.352941176470598, 26.984126984126984]]], [[[6.352941176470598, 27.619047619047617], [6.5647058823529285, 27.619047619047617], [6.56470588235295, 27.619047619047617], [6.776470588235281, 27.619047619047617], [6.776470588235281, 27.40740740740741], [6.776470588235281, 27.1957671957672], [6.56470588235295, 27.1957671957672], [6.5647058823529285, 27.1957671957672], [6.352941176470598, 27.1957671957672], [6.352941176470598, 27.40740740740741], [6.352941176470598, 27.619047619047617]]], [[[6.352941176470598, 28.04232804232804], [6.5647058823529285, 28.04232804232804], [6.56470588235295, 28.04232804232804], [6.776470588235281, 28.04232804232804], [6.776470588235281, 27.830687830687832], [6.776470588235281, 27.619047619047624], [6.56470588235295, 27.619047619047624], [6.5647058823529285, 27.619047619047624], [6.352941176470598, 27.619047619047624], [6.352941176470598, 27.830687830687832], [6.352941176470598, 28.04232804232804]]], [[[6.5647058823529285, 28.253968253968253], [6.56470588235295, 28.253968253968253], [6.776470588235281, 28.253968253968253], [6.776470588235281, 28.042328042328045], [6.56470588235295, 28.042328042328045], [6.5647058823529285, 28.042328042328045], [6.352941176470598, 28.042328042328045], [6.352941176470598, 28.253968253968253], [6.5647058823529285, 28.253968253968253]]], [[[6.141176470588238, 28.253968253968253], [6.3529411764705905, 28.253968253968253], [6.3529411764705905, 28.042328042328045], [6.141176470588238, 28.042328042328045], [6.141176470588238, 28.253968253968253]]], [[[6.776470588235281, 28.253968253968257], [6.56470588235295, 28.253968253968257], [6.5647058823529285, 28.253968253968257], [6.352941176470598, 28.253968253968257], [6.352941176470598, 28.465608465608465], [6.5647058823529285, 28.465608465608465], [6.56470588235295, 28.465608465608465], [6.743177864284726, 28.465608465608465], [6.776470588235281, 28.364972320806405], [6.776470588235281, 28.253968253968257]]], [[[6.56470588235295, 28.46560846560847], [6.5647058823529285, 28.46560846560847], [6.352941176470598, 28.46560846560847], [6.352941176470598, 28.677248677248677], [6.5647058823529285, 28.677248677248677], [6.56470588235295, 28.677248677248677], [6.673162472132796, 28.677248677248677], [6.743177864284725, 28.46560846560847], [6.56470588235295, 28.46560846560847]]], [[[6.56470588235295, 28.67724867724868], [6.5647058823529285, 28.67724867724868], [6.352941176470598, 28.67724867724868], [6.352941176470598, 28.88888888888889], [6.5647058823529285, 28.88888888888889], [6.56470588235295, 28.88888888888889], [6.603147079980865, 28.88888888888889], [6.673162472132795, 28.67724867724868], [6.56470588235295, 28.67724867724868]]], [[[6.352941176470598, 29.1005291005291], [6.533131687828936, 29.1005291005291], [6.56470588235295, 29.005087669637287], [6.56470588235295, 28.888888888888893], [6.352941176470598, 28.888888888888893], [6.352941176470598, 29.1005291005291]]], [[[6.352941176470598, 29.312169312169313], [6.463116295677006, 29.312169312169313], [6.533131687828934, 29.100529100529105], [6.352941176470598, 29.100529100529105], [6.352941176470598, 29.312169312169313]]], [[[6.141176470588238, 29.312169312169313], [6.3529411764705905, 29.312169312169313], [6.3529411764705905, 29.100529100529105], [6.141176470588238, 29.100529100529105], [6.141176470588238, 29.312169312169313]]], [[[6.39141303835997, 29.523809523809526], [6.42854489826245, 29.416670588826275], [6.463116295677004, 29.312169312169317], [6.352941176470598, 29.312169312169317], [6.352941176470598, 29.523809523809526], [6.39141303835997, 29.523809523809526]]], [[[6.776470588235288, 24.656084656084655], [6.98823529411764, 24.656084656084655], [6.98823529411764, 24.444444444444446], [6.776470588235288, 24.444444444444446], [6.776470588235288, 24.656084656084655]]], [[[7.199999999999999, 25.07936507936508], [7.199999999999999, 24.86772486772487], [7.199999999999999, 24.656084656084662], [6.988235294117647, 24.656084656084662], [6.988235294117647, 24.86772486772487], [6.988235294117647, 25.07936507936508], [7.199999999999999, 25.07936507936508]]], [[[6.776470588235288, 24.656084656084662], [6.776470588235288, 24.86772486772487], [6.776470588235288, 25.07936507936508], [6.98823529411764, 25.07936507936508], [6.98823529411764, 24.86772486772487], [6.98823529411764, 24.656084656084662], [6.776470588235288, 24.656084656084662]]], [[[7.199999999999999, 25.502645502645503], [7.199999999999999, 25.291005291005295], [7.199999999999999, 25.079365079365086], [6.988235294117647, 25.079365079365086], [6.988235294117647, 25.291005291005295], [6.988235294117647, 25.502645502645503], [6.988235294117647, 25.71428571428571], [7.199999999999999, 25.71428571428571], [7.199999999999999, 25.502645502645503]]], [[[6.776470588235288, 25.079365079365086], [6.776470588235288, 25.291005291005295], [6.776470588235288, 25.502645502645503], [6.776470588235288, 25.71428571428571], [6.98823529411764, 25.71428571428571], [6.98823529411764, 25.502645502645503], [6.98823529411764, 25.291005291005295], [6.98823529411764, 25.079365079365086], [6.776470588235288, 25.079365079365086]]], [[[6.98823529411764, 26.137566137566136], [6.98823529411764, 25.925925925925927], [6.98823529411764, 25.71428571428572], [6.776470588235288, 25.71428571428572], [6.776470588235288, 25.925925925925927], [6.776470588235288, 26.137566137566136], [6.98823529411764, 26.137566137566136]]], [[[7.199999999999999, 26.56084656084656], [7.199999999999999, 26.34920634920635], [7.199999999999999, 26.137566137566143], [6.988235294117647, 26.137566137566143], [6.988235294117647, 26.34920634920635], [6.988235294117647, 26.56084656084656], [7.199999999999999, 26.56084656084656]]], [[[6.98823529411764, 26.56084656084656], [6.98823529411764, 26.34920634920635], [6.98823529411764, 26.137566137566143], [6.776470588235288, 26.137566137566143], [6.776470588235288, 26.34920634920635], [6.776470588235288, 26.56084656084656], [6.98823529411764, 26.56084656084656]]], [[[6.776470588235288, 26.772486772486776], [6.776470588235288, 26.984126984126984], [6.776470588235288, 27.195767195767193], [6.98823529411764, 27.195767195767193], [6.98823529411764, 26.984126984126984], [6.98823529411764, 26.772486772486776], [6.98823529411764, 26.560846560846567], [6.776470588235288, 26.560846560846567], [6.776470588235288, 26.772486772486776]]], [[[6.98823529411764, 27.619047619047617], [6.98823529411764, 27.40740740740741], [6.98823529411764, 27.1957671957672], [6.776470588235288, 27.1957671957672], [6.776470588235288, 27.40740740740741], [6.776470588235288, 27.619047619047617], [6.98823529411764, 27.619047619047617]]], [[[6.883208648588585, 28.04232804232804], [6.98823529411764, 27.724856971975438], [6.98823529411764, 27.619047619047624], [6.776470588235288, 27.619047619047624], [6.776470588235288, 27.830687830687832], [6.776470588235288, 28.04232804232804], [6.883208648588585, 28.04232804232804]]], [[[6.776470588235288, 28.253968253968253], [6.813193256436656, 28.253968253968253], [6.883208648588584, 28.042328042328045], [6.776470588235288, 28.042328042328045], [6.776470588235288, 28.253968253968253]]], [[[7.411764705882359, 24.656084656084655], [7.6235294117646895, 24.656084656084655], [7.6235294117646895, 24.504589484966885], [7.375510108476652, 24.444444444444446], [7.200000000000006, 24.444444444444446], [7.200000000000006, 24.656084656084655], [7.411764705882337, 24.656084656084655], [7.411764705882359, 24.656084656084655]]], [[[6.988235294117647, 24.656084656084655], [7.199999999999999, 24.656084656084655], [7.199999999999999, 24.444444444444446], [6.988235294117647, 24.444444444444446], [6.988235294117647, 24.656084656084655]]], [[[7.835294117647056, 24.86772486772487], [7.886047228966932, 24.86772486772487], [7.951056849237512, 24.656084656084662], [7.835294117647056, 24.656084656084662], [7.835294117647056, 24.86772486772487]]], [[[7.6235294117646895, 25.07936507936508], [7.6235294117646895, 24.86772486772487], [7.6235294117646895, 24.656084656084662], [7.411764705882359, 24.656084656084662], [7.411764705882337, 24.656084656084662], [7.200000000000006, 24.656084656084662], [7.200000000000006, 24.86772486772487], [7.200000000000006, 25.07936507936508], [7.411764705882337, 25.07936507936508], [7.411764705882359, 25.07936507936508], [7.6235294117646895, 25.07936507936508]]], [[[7.8210376086963525, 25.07936507936508], [7.835294117647049, 25.032952709026386], [7.835294117647049, 24.86772486772487], [7.835294117647049, 24.656084656084662], [7.623529411764697, 24.656084656084662], [7.623529411764697, 24.86772486772487], [7.623529411764697, 25.07936507936508], [7.8210376086963525, 25.07936507936508]]], [[[7.411764705882337, 25.71428571428571], [7.411764705882359, 25.71428571428571], [7.6235294117646895, 25.71428571428571], [7.6235294117646895, 25.502645502645503], [7.6235294117646895, 25.291005291005295], [7.6235294117646895, 25.079365079365086], [7.411764705882359, 25.079365079365086], [7.411764705882337, 25.079365079365086], [7.200000000000006, 25.079365079365086], [7.200000000000006, 25.291005291005295], [7.200000000000006, 25.502645502645503], [7.200000000000006, 25.71428571428571], [7.411764705882337, 25.71428571428571]]], [[[7.623529411764697, 25.079365079365086], [7.623529411764697, 25.291005291005295], [7.623529411764697, 25.502645502645503], [7.691462437055103, 25.502645502645503], [7.692390146882423, 25.499686859717333], [7.69196, 25.49958], [7.821037608696351, 25.079365079365086], [7.623529411764697, 25.079365079365086]]], [[[7.411764705882359, 26.137566137566136], [7.492377205452546, 26.137566137566136], [7.6235294117646895, 25.719296829327412], [7.6235294117646895, 25.71428571428572], [7.411764705882359, 25.71428571428572], [7.411764705882337, 25.71428571428572], [7.200000000000006, 25.71428571428572], [7.200000000000006, 25.925925925925927], [7.200000000000006, 26.137566137566136], [7.411764705882337, 26.137566137566136], [7.411764705882359, 26.137566137566136]]], [[[6.988235294117647, 25.71428571428572], [6.988235294117647, 25.925925925925927], [6.988235294117647, 26.137566137566136], [7.199999999999999, 26.137566137566136], [7.199999999999999, 25.925925925925927], [7.199999999999999, 25.71428571428572], [6.988235294117647, 25.71428571428572]]], [[[7.200000000000006, 26.137566137566143], [7.200000000000006, 26.34920634920635], [7.200000000000006, 26.56084656084656], [7.359653717717507, 26.56084656084656], [7.411764705882359, 26.394654717154104], [7.411764705882359, 26.34920634920635], [7.411764705882359, 26.137566137566143], [7.200000000000006, 26.137566137566143]]], [[[7.200000000000006, 26.772486772486776], [7.200000000000006, 26.984126984126984], [7.200000000000006, 27.07001260498086], [7.359653717717505, 26.560846560846567], [7.200000000000006, 26.560846560846567], [7.200000000000006, 26.772486772486776]]], [[[7.199999999999999, 26.772486772486776], [7.199999999999999, 26.560846560846567], [6.988235294117647, 26.560846560846567], [6.988235294117647, 26.772486772486776], [6.988235294117647, 26.984126984126984], [6.988235294117647, 27.195767195767193], [7.160568486114951, 27.195767195767193], [7.199999999999999, 27.070012604980885], [7.199999999999999, 26.984126984126984], [7.199999999999999, 26.772486772486776]]], [[[7.023239432892446, 27.619047619047617], [7.11149655251236, 27.35226691696168], [7.160568486114948, 27.1957671957672], [6.988235294117647, 27.1957671957672], [6.988235294117647, 27.40740740740741], [6.988235294117647, 27.619047619047617], [7.023239432892446, 27.619047619047617]]]]}, "properties": {"tile": "N24E006_6x6", "epsg": 4326}}, {"type": "Feature", "geometry": {"type": "MultiPolygon", "coordinates": [[[[26.894117647058817, 27.40740740740741], [26.894117647058817, 27.3192844163072], [26.682352941176465, 27.26912137293581], [26.682352941176465, 27.40740740740741], [26.894117647058817, 27.40740740740741]]], [[[27.529411764705866, 27.619047619047617], [27.529411764705866, 27.469773546421365], [27.317647058823514, 27.419610503049977], [27.317647058823514, 27.60072063415759], [27.39650567746792, 27.619047619047617], [27.529411764705866, 27.619047619047617]]], [[[27.741176470588226, 27.619047619047617], [27.741176470588226, 27.519936589792756], [27.529411764705873, 27.46977354642137], [27.529411764705873, 27.619047619047617], [27.741176470588226, 27.619047619047617]]], [[[24.98823529411764, 27.922284117738343], [24.776470588235288, 27.87062102165147], [24.776470588235288, 27.981189025508726], [24.98823529411764, 28.0340046425822], [24.98823529411764, 27.922284117738343]]], [[[27.952941176470592, 29.523809523809526], [27.952941176470592, 29.735449735449734], [28.164705882352944, 29.735449735449734], [28.164705882352944, 29.523809523809526], [28.164705882352944, 29.37225972971193], [27.952941176470592, 29.320151548972678], [27.952941176470592, 29.523809523809526]]], [[[28.588235294117634, 29.523809523809526], [28.376470588235303, 29.523809523809526], [28.376470588235303, 29.42436791045119], [28.16470588235295, 29.37225972971193], [28.16470588235295, 29.523809523809526], [28.16470588235295, 29.735449735449734], [28.376470588235282, 29.735449735449734], [28.376470588235303, 29.735449735449734], [28.588235294117634, 29.735449735449734], [28.588235294117634, 29.523809523809526]]], [[[29.435294117647043, 24.86772486772487], [29.22352941176469, 24.86772486772487], [29.22352941176469, 24.999359282343345], [29.36341497919782, 25.03206106714777], [29.435294117647043, 25.049924484741467], [29.435294117647043, 24.86772486772487]]], [[[29.647058823529402, 25.07936507936508], [29.647058823529402, 24.914574988328198], [29.447001727305803, 24.86772486772487], [29.43529411764705, 24.86772486772487], [29.43529411764705, 25.04992448474147], [29.553757707599967, 25.07936507936508], [29.647058823529402, 25.07936507936508]]], [[[28.799999999999994, 29.735449735449734], [28.799999999999994, 29.52858427192969], [28.78059569309492, 29.523809523809526], [28.58823529411764, 29.523809523809526], [28.58823529411764, 29.735449735449734], [28.799999999999994, 29.735449735449734]]], [[[29.011764705882353, 29.735449735449734], [29.011764705882353, 29.580800054025968], [28.98478386616334, 29.574053374326233], [28.8, 29.528584271929695], [28.8, 29.735449735449734], [29.011764705882353, 29.735449735449734]]], [[[29.207786101887436, 29.735449735449734], [29.223529411764712, 29.68978471617749], [29.223529411764712, 29.633752766290513], [29.01176470588236, 29.580800054025968], [29.01176470588236, 29.735449735449734], [29.207786101887436, 29.735449735449734]]], [[[28.799999999999994, 29.947089947089946], [28.799999999999994, 29.735449735449738], [28.58823529411764, 29.735449735449738], [28.58823529411764, 29.908546416054048], [28.753062046932367, 29.947089947089946], [28.799999999999994, 29.947089947089946]]], [[[29.011764705882353, 29.735449735449738], [28.8, 29.735449735449738], [28.8, 29.947089947089946], [29.011764705882353, 29.947089947089946], [29.011764705882353, 29.735449735449738]]], [[[29.01176470588236, 29.735449735449738], [29.01176470588236, 29.947089947089946], [29.134821774105596, 29.947089947089946], [29.207786101887436, 29.735449735449738], [29.01176470588236, 29.735449735449738]]]]}, "properties": {"tile": "N24E024_6x6", "epsg": 4326}}, {"type": "Feature", "geometry": {"type": "Polygon", "coordinates": [[[52.554260686045424, 24.26110191848608], [52.55251026094757, 24.265655149378304], [52.53473682344756, 24.319610227503304], [52.53341760333688, 24.324405611203684], [52.53258131950027, 24.329308332476497], [52.53223624648007, 24.334269881745126], [52.5323857985732, 24.33924116736413], [52.533752986073196, 24.35633101111413], [52.53440114490424, 24.361292917776478], [52.53554202921715, 24.366165187327788], [52.537164211628244, 24.370899017893116], [52.53925144395127, 24.375446994237137], [52.541782819943315, 24.379763562687078], [52.54473298470695, 24.38380548740972], [52.548072388651306, 24.38753228347236], [52.55176758346816, 24.390906622350066], [52.55578155715859, 24.393894705817548], [52.56007410475444, 24.39646660448068], [52.605874886004436, 24.42088066698068], [52.61037160521327, 24.422997711775423], [52.61505628890653, 24.42465786267221], [52.61988264798268, 24.425844715811465], [52.62480299345349, 24.426546543962687], [52.62976870765638, 24.426756412400568], [52.634730724642814, 24.426472247426638], [52.63964001499623, 24.425696856859346], [52.64444807028905, 24.424437902290183], [52.64910738239174, 24.42270782337991], [52.65357191289804, 24.42052371494295], [52.657797548027894, 24.417907158034467], [52.661742534513344, 24.414884006709165], [52.6653678921602, 24.411484132558783], [52.66863779900922, 24.40774112955254], [52.67151994529094, 24.40369198209699], [52.69974260154096, 24.35955135709698], [52.70224733080672, 24.3551593770215], [52.70429570511626, 24.350536897127963], [52.70586677930339, 24.34573118348932], [52.706944488721255, 24.340791375791767], [52.70751781350754, 24.33576798486854], [52.70758089126548, 24.330712376213334], [52.7071330770084, 24.325676244754636], [52.706178949754886, 24.320711086261472], [52.70472826570712, 24.31586767078562], [52.70279585849111, 24.311195523524496], [52.700401487479006, 24.30674241841294], [52.6975696357443, 24.30255388962221], [52.69432925971596, 24.298672765961072], [52.68856443257689, 24.292437904954554], [52.554773821352136, 24.260078133334723], [52.554260686045424, 24.26110191848608]]]}, "properties": {"tile": "N24E048_6x6", "epsg": 4326}}, {"type": "Feature", "geometry": {"type": "MultiPolygon", "coordinates": [[[[123.88235294117645, 24.23280423280423], [123.88235294117645, 24.22749123343309], [123.8364644536964, 24.217262220744036], [123.83210387639352, 24.21649110874941], [123.82769217433824, 24.21610883515883], [123.82326395159464, 24.216118398411385], [123.81885394181016, 24.216519723495786], [123.81449673577521, 24.217309662538778], [123.74637329936726, 24.23280423280423], [123.88235294117645, 24.23280423280423]]], [[[123.88235294117645, 24.232804232804238], [123.74637329936724, 24.232804232804238], [123.74250764031257, 24.2336834709784], [123.67724692955531, 24.238154014017567], [123.67237322710716, 24.238729279890332], [123.66757939494036, 24.23977955582269], [123.66291161473697, 24.24129472391575], [123.65841485384952, 24.24326018770292], [123.65413243210533, 24.245657012765854], [123.65010560448212, 24.24846210914039], [123.64637316367568, 24.25164845375514], [123.642971066388, 24.255185350759955], [123.6399320869361, 24.259038727236295], [123.63728550151862, 24.263171461440844], [123.63505680618174, 24.26754374042014], [123.63326747120136, 24.272113443551145], [123.63193473424796, 24.276836548312904], [123.63107143432636, 24.28166755438026], [123.63068588809033, 24.28655992195408], [123.62980698184036, 24.316296250079077], [123.62990917078598, 24.32129282295612], [123.63050964442961, 24.32625423550695], [123.6316024037554, 24.33113092087225], [123.63317653158053, 24.335874158657386], [123.63521630162312, 24.3404365616722], [123.63770133561512, 24.34477254935147], [123.64060680689096, 24.34883880312633], [123.64390368841758, 24.35259469919725], [123.64755904278836, 24.35600271438506], [123.65153635128324, 24.35902880100522], [123.65579587870818, 24.361642727020335], [123.66029507036839, 24.36381837807251], [123.70339017562551, 24.38205984591015], [123.7037364014059, 24.392904131960485], [123.7041708873276, 24.398074939064735], [123.70513893988377, 24.40317286985811], [123.70663013275177, 24.408143017537597], [123.70862840517358, 24.412931851576666], [123.71111223493662, 24.417487794270972], [123.71405487017682, 24.42176177625135], [123.73182830767684, 24.44490630750135], [123.73514243952638, 24.44879353452043], [123.73883589401707, 24.45232233002871], [123.74287012034267, 24.45545586186481], [123.74720301085634, 24.458161423472056], [123.75178934057344, 24.460410775276486], [123.75658123921191, 24.462180439440278], [123.76152869084322, 24.463451944914056], [123.76658005593868, 24.46421202023034], [123.77168261036226, 24.464452732025862], [123.77678309568411, 24.464171567846808], [123.78182827507086, 24.463371462372844], [123.78676548895046, 24.462060766786085], [123.88235294117645, 24.431379080088323], [123.88235294117645, 24.232804232804238]]], [[[123.88235294117648, 24.23280423280423], [123.90476840442587, 24.23280423280423], [123.90448587720539, 24.232693659604003], [123.89955039119637, 24.23132472074403], [123.88235294117648, 24.227491233433096], [123.88235294117648, 24.23280423280423]]], [[[123.88235294117648, 24.431379080088313], [123.95014439520045, 24.409619360536087], [123.95461899659226, 24.40794331692941], [123.95891317946855, 24.405847804292353], [123.9629877273248, 24.403351959835224], [123.96680542946716, 24.40047857678743], [123.97033142083802, 24.39725389623896], [123.97353350042023, 24.393707367494358], [123.97638242531191, 24.389871379127772], [123.97885217778654, 24.385780963195227], [123.98092020289897, 24.381473475305352], [123.98256761446795, 24.376988253470323], [123.98377936755362, 24.372366258852576], [123.98454439585493, 24.367649701688155], [123.98485571277241, 24.36288165580289], [123.98471047521306, 24.358105665241926], [123.98411000955481, 24.35336534660492], [123.97737172830485, 24.314986440354918], [123.97634543515088, 24.31041200942824], [123.97489521308398, 24.305953808905887], [123.97303381170012, 24.30165103296135], [123.97077759546927, 24.297541509356293], [123.96814639986766, 24.293661366878638], [123.96516335699454, 24.29004471771707], [123.92571023199451, 24.246538858342067], [123.9220797804037, 24.242925987323854], [123.91809877276947, 24.239703473714314], [123.9138089826262, 24.236905132013554], [123.90925542362685, 24.234560325798334], [123.9047684044259, 24.232804232804238], [123.88235294117648, 24.232804232804238], [123.88235294117648, 24.431379080088313]]], [[[124.30588235294117, 24.444444444444446], [124.30588235294117, 24.406952479339246], [124.28112410241442, 24.340581481036608], [124.27922233133695, 24.33614892301655], [124.27690231472069, 24.331920232115984], [124.27418564199422, 24.327934759354868], [124.27109759375746, 24.324229592432904], [124.26766690652734, 24.32083921060169], [124.26392550532391, 24.317795163810448], [124.25990820658492, 24.315125779110943], [124.25565239417374, 24.312855897053854], [124.20701958167375, 24.28985785017885], [124.20248040444783, 24.28797830728455], [124.19777868150358, 24.286553311587898], [124.19295980668097, 24.285596621029836], [124.18807030488905, 24.28511747219418], [124.18315738292083, 24.285120491130964], [124.17826847368464, 24.28560564869318], [124.17345077825252, 24.286568260818207], [124.12354843450248, 24.299117088943213], [124.11876524667115, 24.300577819706856], [124.11415191394902, 24.30250908390126], [124.10975459295176, 24.304891559135307], [124.10561727908738, 24.307701408629732], [124.10178136638, 24.310910519705256], [124.09828523332068, 24.314486785051287], [124.09516385888875, 24.31839442396109], [124.09244847258549, 24.322594340319515], [124.04147191008548, 24.41082676219452], [124.03928552543296, 24.415065808432498], [124.03751300588175, 24.41949389665396], [124.03617048121149, 24.42407073162654], [124.03527016828436, 24.428754664534868], [124.03482025987267, 24.433503071981328], [124.03482485010535, 24.43827274385539], [124.03528389721166, 24.443020276542025], [124.03619322390131, 24.447702467890952], [124.03754455537754, 24.45227671035259], [124.03932559463692, 24.45670137870321], [124.04152013437123, 24.46093620883098], [124.04410820445244, 24.464942664136007], [124.04706625365935, 24.46868428621019], [124.05036736399163, 24.472127026605662], [124.08601189524163, 24.505916089105654], [124.08981165455549, 24.50917295376731], [124.09391795379953, 24.512033660810346], [124.09828965551229, 24.514469551284535], [124.1028829633945, 24.51645622210951], [124.1076518610663, 24.51797377054814], [124.11254857306554, 24.51900699359483], [124.11752404346885, 24.519545540281293], [124.1225284273405, 24.519584015373958], [124.12751159008576, 24.51912203342414], [124.13242360970597, 24.518164222629522], [124.13721527692395, 24.516720178468248], [124.17475717217124, 24.503322874674122], [124.18181829995886, 24.5045111274132], [124.26121316094832, 24.61609653300257], [124.26432414003115, 24.620034433697178], [124.2678141973126, 24.62364064402195], [124.27164817360283, 24.626878834649514], [124.27578744503707, 24.629716383720123], [124.28019031217643, 24.63212470547758], [124.28481242009228, 24.63407953824504], [124.28960720520217, 24.635561188839578], [124.29452636435622, 24.63655473096332], [124.29952034144777, 24.63705015557247], [124.30453882664678, 24.63704247170943], [124.30588235294117, 24.63690503201986], [124.30588235294117, 24.444444444444446]]], [[[124.3058823529412, 24.444444444444446], [124.3058823529412, 24.636905032019857], [124.30953126322599, 24.63653175678222], [124.31444735687462, 24.63552315578464], [124.31923758236826, 24.634026829465103], [124.32385368249102, 24.632057851966223], [124.3282491541836, 24.629636058966373], [124.33237971701982, 24.626785847853064], [124.33620375929209, 24.623535931941188], [124.35827407179207, 24.602783978816188], [124.36165791714946, 24.59927619982185], [124.36468416084222, 24.595455627614992], [124.36732404759614, 24.591358565154863], [124.36955249328877, 24.587023942602563], [124.37134832329782, 24.582492947407868], [124.372694473702, 24.577808632947335], [124.37357815342166, 24.57301550943246], [124.37399096575938, 24.56815912097501], [124.37392898818506, 24.563285612828295], [124.37339280960771, 24.558441292916378], [124.37238752477961, 24.55367219181762], [124.37092268588621, 24.549023625383526], [124.36901221178147, 24.544539764148954], [124.36667425573138, 24.540263213625025], [124.33832787894312, 24.493931240172024], [124.3058823529412, 24.406952479339324], [124.3058823529412, 24.444444444444446]]], [[[125.3456396048352, 24.891859280592055], [125.34956636432686, 24.8884635121048], [125.35311985730088, 24.88467888908421], [125.35626177613116, 24.880546210801505], [125.35895825007343, 24.876110028658815], [125.36118021040112, 24.871418165912896], [125.37289682781956, 24.842942705172092], [125.42096713529756, 24.823058760859706], [125.42519817441314, 24.82107218608998], [125.42922521535583, 24.818699189554113], [125.43301306473346, 24.81596050950604], [125.47529822098345, 24.78226910325604], [125.47899836855832, 24.77901009036951], [125.48235952796428, 24.775402478345175], [125.48534901225271, 24.771481350859414], [125.4879377489794, 24.767284840495996], [125.49010056293125, 24.76285375791043], [125.49181642095272, 24.758231194950284], [125.49306863649129, 24.753462105591158], [125.49384503187254, 24.748592868763648], [125.49413805672683, 24.743670837322753], [125.4939448614159, 24.738743877545954], [125.4932673247454, 24.73385990363831], [125.49211203569362, 24.7290664117715], [125.49049022933431, 24.724410018188124], [125.48841767757672, 24.719936005863318], [125.48591453578531, 24.71568788413219], [125.48300514677076, 24.71170696556578], [125.47971780405854, 24.70803196421031], [125.47608447673706, 24.704698619096856], [125.47214049856147, 24.70173934668274], [125.46792422433631, 24.69918292560463], [125.4634766569187, 24.6970542168091], [125.4588410484696, 24.695373921782334], [125.3740754234696, 24.669299703032337], [125.36955015684792, 24.668136129048047], [125.36493603285088, 24.667400056935897], [125.36027334559427, 24.667097914649464], [125.35560281328593, 24.667232340729953], [125.35096522264284, 24.667802161264383], [125.26053553514286, 24.683231848764372], [125.2556361304688, 24.684323414459737], [125.25087085936109, 24.685900713764685], [125.24628774752156, 24.68794785022665], [125.24193298480131, 24.690444192246044], [125.2378504596867, 24.69336458100717], [125.23408131697929, 24.69667958403561], [125.2306635431272, 24.70035579182674], [125.2276315833875, 24.704356154555832], [125.22501599467732, 24.70864035547627], [125.22284313761305, 24.713165217242747], [125.22113491084077, 24.717885137064307], [125.21990853033581, 24.722752546301727], [125.21917635589534, 24.727718389877214], [125.21894576657307, 24.73273262066488], [125.21921908631109, 24.7377447038793], [125.23386752381109, 24.8771490007543], [125.2346008004884, 24.88190836107107], [125.2357885201917, 24.88657510803407], [125.2374196660106, 24.891105954381924], [125.23947910795493, 24.895458873424154], [125.24194774329591, 24.89959348886741], [125.24480267375681, 24.90347144933314], [125.24801741791019, 24.907056784092767], [125.25156215681118, 24.910316236720757], [125.25540401058852, 24.913219573570636], [125.2595073434278, 24.91573986421268], [125.26383409411795, 24.917853731232036], [125.26834412909497, 24.91954156707018], [125.272995614708, 24.920787715898395], [125.2777454052551, 24.92158061883628], [125.28254944318903, 24.921912921168218], [125.28736316778095, 24.92178154056342], [125.29214192845177, 24.9211876956666], [125.29684139893651, 24.92013689479426], [125.30141798844083, 24.918638884841272], [125.30582924597527, 24.916707560871767], [125.31003425411717, 24.914360837232977], [125.34138191036715, 24.894829587232977], [125.3456396048352, 24.891859280592055]]]]}, "properties": {"tile": "N24E120_6x6", "epsg": 4326}}, {"type": "Feature", "geometry": {"type": "MultiPolygon", "coordinates": [[[[127.6941176470588, 26.137566137566136], [127.6941176470588, 26.04601313727172], [127.65472469280662, 26.044752159222675], [127.64989699891606, 26.04483087121306], [127.6450994065538, 26.045374866988745], [127.64037665389014, 26.046379073718658], [127.63577278120553, 26.047834127044936], [127.63133072020918, 26.049726458406813], [127.62709189369536, 26.052038421569186], [127.62309582927045, 26.054748457176043], [127.61937979075293, 26.057831293794266], [127.61597843068337, 26.061258183573003], [127.61292346718507, 26.064997170321107], [127.61024338818844, 26.069013387502764], [127.60796318577732, 26.073269383372445], [127.6061041231346, 26.0777254702173], [127.60468353626028, 26.082340094450206], [127.60371467231099, 26.08707022410236], [127.60320656606856, 26.09187175010196], [127.60059332495541, 26.137566137566136], [127.6941176470588, 26.137566137566136]]], [[[127.6941176470588, 26.34920634920635], [127.6941176470588, 26.137566137566143], [127.60059332495541, 26.137566137566143], [127.59978859731856, 26.151637375101956], [127.5997282040578, 26.15594712134282], [127.60003920466151, 26.160246055935378], [127.6052149859115, 26.204923790310378], [127.60597555983894, 26.20956610565292], [127.60716905224609, 26.214116395787933], [127.60878489854612, 26.218534382339907], [127.61080879554906, 26.222780958061612], [127.61322282807129, 26.226818533004614], [127.67727233155703, 26.323326140760255], [127.67891166826942, 26.434671615881502], [127.67921143454134, 26.43945146171547], [127.67996713655253, 26.444180700606093], [127.68117184095287, 26.448815943137188], [127.68281449492355, 26.453314662282335], [127.68488002758352, 26.457635583578185], [127.68734948826051, 26.461739063805876], [127.6902002203581, 26.465587454706252], [127.69340606922343, 26.469145448391885], [127.6941176470588, 26.469797263854744], [127.6941176470588, 26.34920634920635]]], [[[127.85125824756453, 26.137566137566136], [127.8506640576847, 26.13562089366011], [127.84879493955599, 26.1311236999599], [127.84649716760526, 26.12682968111751], [127.84379254157976, 26.122779575956113], [127.84070672119017, 26.119011809206494], [127.83726898266838, 26.115562126958515], [127.83351194101371, 26.112463257525736], [127.75929319101371, 26.05709216377574], [127.75507880764722, 26.05426904165441], [127.7506000709651, 26.051887453234034], [127.74590307799865, 26.049971910818766], [127.74103617216404, 26.04854212997236], [127.7360494456918, 26.04761282659732], [127.7309942240566, 26.047193565472675], [127.69411764705883, 26.04601313727172], [127.69411764705883, 26.137566137566136], [127.85125824756453, 26.137566137566136]]], [[[127.90588235294116, 26.56084656084656], [127.90588235294119, 26.56084656084656], [128.1176470588235, 26.56084656084656], [128.1176470588235, 26.49921237157823], [128.06118095012255, 26.487386684339313], [127.98451254412429, 26.419145752506605], [127.98087131210497, 26.416198550665094], [127.97697024075293, 26.413605056570336], [127.97284357300046, 26.411388035466707], [127.96852753202617, 26.409566947983517], [127.9640600032942, 26.408157779312962], [127.95948020200208, 26.407172898894874], [127.9185813805696, 26.400364336394226], [127.91870864467265, 26.396696816334032], [127.94617300800324, 26.356179335266607], [127.9487719614795, 26.351898114345893], [127.950929579297, 26.347378369098948], [127.95262421328931, 26.34266544777818], [127.95383886057556, 26.33780663684199], [127.95456133415657, 26.332850686512494], [127.95478438519137, 26.32784732164677], [127.95450577572763, 26.32284674282924], [127.95372830115568, 26.317899122690864], [127.95245976216145, 26.313054102508886], [127.9507128864593, 26.308360294137753], [127.94850520109024, 26.303864792268673], [127.9458588565667, 26.2996127019114], [127.94280040462841, 26.29564668583921], [127.93936053183909, 26.292006536537755], [127.93557375169692, 26.28872877695253], [127.9314780583481, 26.285846294040844], [127.92711454537772, 26.28338800880498], [127.92252699350273, 26.281378586117246], [127.91776143130419, 26.279838187248295], [127.9128656734056, 26.27878226758176], [127.87388074608221, 26.272397976347612], [127.83825198520262, 26.233562626988846], [127.83684739230995, 26.219367273286462], [127.8501074509741, 26.195604504605658], [127.8522052275212, 26.191390424876754], [127.8538974040254, 26.18699774083602], [127.85516898162008, 26.182465387713872], [127.8560086894817, 26.17783353871911], [127.85640908473052, 26.1731432489575], [127.85636661840168, 26.16843609153353], [127.85588166690202, 26.163753789060802], [127.853049635652, 26.1450526171858], [127.85208678902941, 26.1402785958057], [127.85125824756454, 26.137566137566143], [127.69411764705883, 26.137566137566143], [127.69411764705883, 26.34920634920635], [127.69411764705883, 26.46979726385477], [127.69693762210872, 26.47238040128684], [127.70076247802487, 26.4752626336222], [127.7048455450112, 26.477765701739436], [127.70914936209418, 26.47986664070343], [127.71363444298126, 26.481546174999206], [127.71825963833619, 26.48278889537927], [127.77518998731372, 26.49519572799172], [127.78963193617072, 26.50552373524203], [127.85477787786841, 26.56084656084656], [127.90588235294116, 26.56084656084656]]], [[[128.1176470588235, 26.560846560846567], [127.90588235294119, 26.560846560846567], [127.90588235294116, 26.560846560846567], [127.85477787786843, 26.560846560846567], [127.87718990615201, 26.57987916210867], [127.86274524158314, 26.589680898780408], [127.85887529247621, 26.592590214337363], [127.855304867839, 26.59586018238158], [127.8520674448628, 26.59946014287766], [127.84919337843233, 26.603356341698753], [127.8467096165108, 26.60751224711361], [127.84463944746899, 26.611888892317257], [127.84300228172785, 26.616445240793418], [127.84181346976139, 26.621138571083158], [127.84108415816692, 26.625924877351917], [127.84082118515173, 26.63075928199918], [127.84102701641633, 26.63559645644204], [127.84503092266637, 26.67949294081704], [127.84572520939041, 26.684400366544516], [127.84690194025693, 26.689214945009315], [127.84854955277368, 26.693889368430504], [127.85065185759147, 26.698377706182832], [127.85318819757978, 26.702635856108515], [127.86559054132974, 26.72128819985852], [127.86841789820062, 26.725129498167938], [127.87159840645879, 26.728683916094536], [127.8751031240903, 26.731919109118227], [127.8789001588382, 26.734805637604207], [127.88295495841598, 26.73731723469795], [127.88723062492667, 26.739431045348557], [127.89168825062667, 26.741127834285315], [127.89628727197874, 26.74239216105497], [127.90098583877236, 26.743212520526885], [127.90574119495261, 26.74358144758751], [127.91051006769212, 26.74349558507149], [127.91524906116535, 26.742955714311222], [128.00235843616537, 26.728795558061222], [128.0071108323028, 26.72778383995575], [128.0117425882481, 26.726315616731924], [128.01620996384253, 26.724404753610127], [128.02047077125923, 26.722069295897004], [128.0244847734056, 26.71933129857395], [128.02821406390368, 26.716216618020066], [128.04700922294765, 26.698901188348334], [128.06152479518974, 26.705880364637476], [128.07773607583368, 26.735457680751104], [128.08070139735125, 26.74021421246873], [128.08418046948543, 26.744608957372407], [128.08812957042267, 26.748586686306197], [128.1176470588235, 26.775158499424233], [128.1176470588235, 26.772486772486776], [128.1176470588235, 26.560846560846567]]], [[[128.11764705882356, 26.56084656084656], [128.19217773082218, 26.56084656084656], [128.16887530581502, 26.524996676220216], [128.16599246833056, 26.521006220633748], [128.162731191451, 26.51731859797621], [128.15912308932621, 26.513969555306055], [128.15520313815887, 26.510991557556704], [128.1510093371524, 26.508413472828146], [128.14658234015445, 26.506260292545495], [128.14196506156682, 26.504552889197214], [128.13720226034206, 26.503307814001527], [128.11764705882356, 26.499212371578242], [128.11764705882356, 26.56084656084656]]], [[[128.11764705882356, 26.560846560846567], [128.11764705882356, 26.772486772486776], [128.11764705882356, 26.775158499424286], [128.1752513047055, 26.82701417344352], [128.20931174904658, 26.902458490997994], [128.2115729739244, 26.906869918867574], [128.21425991431218, 26.911035754335888], [128.21734615883935, 26.914915049183566], [128.22080137116183, 26.918469671751875], [128.2245915881543, 26.921664681759136], [128.22867955375182, 26.924468673747384], [128.2330250851595, 26.92685408578339], [128.2375854678307, 26.92879747037959], [128.24231587533112, 26.930279724971953], [128.24716980996166, 26.93128627968928], [128.2520995598092, 26.931807240568244], [128.25705666773234, 26.931837486806415], [128.2619924076726, 26.93137672109739], [128.26685826360884, 26.930429472553147], [128.27160640644698, 26.929005052184998], [128.27619016415787, 26.9271174613807], [128.28056448054144, 26.924785254277335], [128.2846863581082, 26.922031355382792], [128.2885152807244, 26.918882834238566], [128.36527309322443, 26.84910744361357], [128.36866383331576, 26.84571416700962], [128.3717137904061, 26.84201157248346], [128.37439489092807, 26.83803374085444], [128.37668245648342, 26.833817286383223], [128.37855543099704, 26.829401019752996], [128.3799965745293, 26.824825590833502], [128.38099262196243, 26.82013311451616], [128.38153440510038, 26.815366783064267], [128.3816169370581, 26.810570468546448], [128.3812394581638, 26.805788319012795], [128.38040544295126, 26.801064352130698], [128.35970231795125, 26.7096581021307], [128.35822743356286, 26.704465447098787], [128.35620135756608, 26.699462051622227], [128.353647705052, 26.69470623317774], [128.35059624032203, 26.69025342358813], [128.298447802822, 26.622333501713126], [128.2954037320962, 26.618733739540936], [128.29203416202103, 26.615436672391372], [128.2883690476085, 26.612471610735458], [128.28444097121894, 26.609864913561278], [128.2802848529082, 26.607639754046236], [128.1967334779511, 26.567855402583387], [128.19217773082218, 26.560846560846567], [128.11764705882356, 26.560846560846567]]]]}, "properties": {"tile": "N24E126_6x6", "epsg": 4326}}, {"type": "Feature", "geometry": {"type": "MultiPolygon", "coordinates": [[[[16.729411764705883, 27.40740740740741], [16.729411764705883, 27.30411440265397], [16.51764705882353, 27.25219443894096], [16.51764705882353, 27.40740740740741], [16.729411764705883, 27.40740740740741]]], [[[15.882352941176475, 29.1005291005291], [15.882352941176475, 28.888888888888893], [15.670588235294122, 28.888888888888893], [15.670588235294122, 29.1005291005291], [15.882352941176475, 29.1005291005291]]], [[[16.094117647058834, 29.1005291005291], [16.094117647058834, 28.927830686875243], [15.92981565343223, 28.888888888888893], [15.882352941176482, 28.888888888888893], [15.882352941176482, 29.1005291005291], [16.094117647058834, 29.1005291005291]]], [[[16.094117647058834, 29.100529100529105], [16.094117647058813, 29.100529100529105], [15.882352941176482, 29.100529100529105], [15.882352941176482, 29.310766410802394], [15.888343603193523, 29.312169312169313], [16.094117647058813, 29.312169312169313], [16.094117647058834, 29.312169312169313], [16.305882352941165, 29.312169312169313], [16.305882352941165, 29.100529100529105], [16.094117647058834, 29.100529100529105]]], [[[16.517647058823524, 29.312169312169313], [16.517647058823524, 29.100529100529105], [16.305882352941172, 29.100529100529105], [16.305882352941172, 29.312169312169313], [16.517647058823524, 29.312169312169313]]], [[[16.729411764705883, 29.312169312169313], [16.729411764705883, 29.100529100529105], [16.51764705882353, 29.100529100529105], [16.51764705882353, 29.312169312169313], [16.729411764705883, 29.312169312169313]]], [[[16.879333165256547, 29.312169312169313], [16.939611789491703, 29.1385908628139], [16.941176470588243, 29.133261440552506], [16.941176470588243, 29.128595101599277], [16.82276129287683, 29.100529100529105], [16.72941176470589, 29.100529100529105], [16.72941176470589, 29.312169312169313], [16.879333165256547, 29.312169312169313]]], [[[16.792585342438148, 29.523809523809526], [16.8607, 29.32718], [16.873047939521705, 29.33026826102134], [16.879333165256547, 29.312169312169317], [16.72941176470589, 29.312169312169317], [16.72941176470589, 29.509131796466203], [16.792088518585683, 29.523809523809526], [16.792585342438148, 29.523809523809526]]], [[[17.78823529411765, 24.656084656084655], [17.78823529411765, 24.525814753023553], [17.5764705882353, 24.47516115349675], [17.5764705882353, 24.646273447896505], [17.619026351207488, 24.656084656084655], [17.78823529411765, 24.656084656084655]]], [[[16.72941176470589, 25.19882591221332], [17.128902257845127, 25.291005291005295], [17.152941176470573, 25.291005291005295], [17.152941176470573, 25.12489508578805], [16.965825428160965, 25.079365079365086], [16.941176470588243, 25.079365079365086], [16.94117647058822, 25.079365079365086], [16.72941176470589, 25.079365079365086], [16.72941176470589, 25.19882591221332]]], [[[17.78823529411765, 25.291005291005295], [17.5764705882353, 25.291005291005295], [17.5764705882353, 25.394278263381004], [17.78823529411765, 25.443141351172926], [17.78823529411765, 25.291005291005295]]], [[[18.0, 25.331658748825927], [17.83429446848701, 25.291005291005295], [17.78823529411766, 25.291005291005295], [17.78823529411766, 25.443141351172926], [18.0, 25.492004438964845], [18.0, 25.331658748825927]]], [[[16.941176470588243, 26.772486772486776], [16.941176470588243, 26.596706245434454], [16.790093985207523, 26.560846560846567], [16.72941176470589, 26.560846560846567], [16.72941176470589, 26.73938580458478], [16.871855110791, 26.772486772486776], [16.941176470588243, 26.772486772486776]]], [[[17.5764705882353, 26.772486772486776], [17.5764705882353, 26.93622523372873], [17.64749322693371, 26.952729466102394], [17.70384973655101, 26.777728040860442], [17.681767449393686, 26.772486772486776], [17.5764705882353, 26.772486772486776]]], [[[17.36470588235294, 27.619047619047617], [17.432915743677665, 27.619047619047617], [17.475432559286126, 27.487021995410593], [17.36470588235294, 27.459874293792993], [17.36470588235294, 27.619047619047617]]]]}, "properties": {"tile": "N24E012_6x6", "epsg": 4326}}, {"type": "Feature", "geometry": {"type": "MultiPolygon", "coordinates": [[[[18.21176470588235, 24.656084656084662], [18.21176470588235, 24.7927401638855], [18.333066897940355, 24.820706318804117], [18.383141069735245, 24.656084656084662], [18.21176470588235, 24.656084656084662]]], [[[18.0, 28.023530365879555], [18.08034545108123, 28.04232804232804], [18.21176470588234, 28.04232804232804], [18.21176470588234, 27.895618044322685], [18.0, 27.844193288316905], [18.0, 28.023530365879555]]], [[[18.847058823529398, 28.2217088250613], [18.98494279946946, 28.253968253968253], [19.05882352941175, 28.253968253968253], [19.05882352941175, 28.1013170683458], [18.847058823529398, 28.04989231234002], [18.847058823529398, 28.2217088250613]]], [[[19.905882352941166, 28.253968253968257], [19.905882352941166, 28.44308426107321], [20.002294350889574, 28.465608465608465], [20.11764705882352, 28.465608465608465], [20.11764705882352, 28.253968253968257], [19.905882352941166, 28.253968253968257]]], [[[20.541176470588244, 28.46560846560847], [20.541176470588244, 28.591504529820096], [20.908193407991455, 28.677248677248677], [20.964705882352927, 28.677248677248677], [20.964705882352927, 28.46560846560847], [20.752941176470596, 28.46560846560847], [20.752941176470575, 28.46560846560847], [20.541176470588244, 28.46560846560847]]]]}, "properties": {"tile": "N24E018_6x6", "epsg": 4326}}, {"type": "Feature", "geometry": {"type": "Polygon", "coordinates": [[[30.49411764705881, 25.291005291005295], [30.49411764705881, 25.112942398380525], [30.350737419757422, 25.079365079365086], [30.28235294117646, 25.079365079365086], [30.28235294117646, 25.248910590303204], [30.4643252114478, 25.291005291005295], [30.49411764705881, 25.291005291005295]]]}, "properties": {"tile": "N24E030_6x6", "epsg": 4326}}, {"type": "Feature", "geometry": {"type": "MultiPolygon", "coordinates": [[[[-109.69411764705882, 23.17460317460318], [-109.90588235294118, 23.17460317460318], [-110.11764705882354, 23.17460317460318], [-110.11764705882354, 23.306222667865416], [-109.76975856135292, 23.38624338624339], [-109.69411764705882, 23.38624338624339], [-109.69411764705882, 23.17460317460318]]], [[[-110.89664241675503, 18.822554400646602], [-110.86900569800503, 18.762300494396605], [-110.86718552639762, 18.757757658361417], [-110.86581818564368, 18.753058641103983], [-110.8649167750776, 18.748248459931265], [-110.86448993035103, 18.743373197117588], [-110.86454174070201, 18.738479558429397], [-110.86507170977941, 18.733614425676837], [-110.8660747603981, 18.728824407578816], [-110.8675412831791, 18.724155393244306], [-110.86945722860895, 18.719652112547656], [-110.87180424163623, 18.7153577076095], [-110.87455983751568, 18.71131331948863], [-110.8776976172156, 18.70755769404435], [-110.88118752032462, 18.704126810745155], [-110.88499611303499, 18.70105353797993], [-110.88908690844369, 18.698367318173727], [-110.89342071610245, 18.69609388572481], [-110.8979560174684, 18.69425502046517], [-110.9583075799684, 18.673161270465165], [-110.96281033263176, 18.67182128845366], [-110.96741897305915, 18.670909824384477], [-110.97209281555841, 18.67043492478395], [-110.97679059882476, 18.670400782129075], [-110.98147085020113, 18.670807697835762], [-110.98609225180435, 18.671652079597894], [-110.99061400528487, 18.672926473100688], [-110.99499619200003, 18.67461962782838], [-110.99920012542123, 18.67671659638528], [-111.00318869266367, 18.679198866453365], [-111.09205588016367, 18.740478163328365], [-111.09608405294168, 18.74356897253945], [-111.09977800070776, 18.747052365628132], [-111.10309963254008, 18.750892422851578], [-111.10601469673114, 18.755049546649452], [-111.10849313398143, 18.75948086996255], [-111.11050938736228, 18.764140698265507], [-111.11204266585153, 18.76898098075553], [-111.11307715872452, 18.773951805838408], [-111.11360219858969, 18.77900191580244], [-111.11361237138767, 18.78407923537314], [-111.11310757221955, 18.78913140869842], [-111.11209300642844, 18.794106339227014], [-111.11057913592357, 18.798952726913047], [-111.10858157130009, 18.80362059720729], [-111.08485110255009, 18.852106925332297], [-111.08223588458571, 18.85679485709793], [-111.07913316237486, 18.86117540319661], [-111.07557869922074, 18.865198071580465], [-111.07161346538591, 18.868816495253217], [-111.06728316585146, 18.871988966716028], [-111.01674605647646, 18.904996779216017], [-111.01245086180717, 18.907506556718285], [-111.00792752752896, 18.909577094659397], [-111.00322083045417, 18.9111878966349], [-110.99837736251672, 18.912323017199828], [-110.99344506955514, 18.912971219713814], [-110.98847277669327, 18.913126087573417], [-110.9835097050169, 18.912786087730517], [-110.97860498433057, 18.911954585868084], [-110.97380716681823, 18.91063981308305], [-110.96916374642154, 18.908854784406063], [-110.96472068869402, 18.90661716996477], [-110.96052197578463, 18.90394912006596], [-110.95660917105538, 18.900877045928056], [-110.95302100764255, 18.897431358234584], [-110.94979300503465, 18.893646166096605], [-110.90247855190965, 18.83222038484661], [-110.8992867571193, 18.827552663967598], [-110.89664241675503, 18.822554400646602]]]]}, "properties": {"tile": "N18W114_6x6", "epsg": 4326}}, {"type": "Feature", "geometry": {"type": "MultiPolygon", "coordinates": [[[[-75.17647058823529, 23.174603174603174], [-75.00024133626488, 23.174603174603174], [-74.91517085124968, 23.133064724178926], [-74.91061139898265, 23.13053591262581], [-74.90634006973222, 23.127546056562228], [-74.90240330735764, 23.124127665880536], [-74.81089940110765, 23.03589524400553], [-74.80766177008084, 23.0324642191767], [-74.80476190150574, 23.02874333913442], [-74.80222560906827, 23.024765725941375], [-74.80007547001794, 23.020566787015163], [-74.79833062419252, 23.016183899943], [-74.79700660364144, 23.011656079758612], [-74.79611519436457, 23.007023631643094], [-74.79566433139709, 23.002327792141323], [-74.79053737827209, 22.89676138589133], [-74.79053891651898, 22.891879020502802], [-74.79101662872655, 22.887020081812096], [-74.79196595991003, 22.882230899788265], [-74.79836244428503, 22.856596134163265], [-74.79976624865004, 22.8519451118892], [-74.80161481003206, 22.84745228474964], [-74.80389067603377, 22.84316006983991], [-74.80657236004505, 22.839108990261238], [-74.80963454409954, 22.83533729253932], [-74.81304831790335, 22.831880585536204], [-74.81678145177922, 22.828771504264516], [-74.82079870094906, 22.826039401778047], [-74.8250621382824, 22.823710072047493], [-74.82953151236916, 22.82180550643779], [-74.83416462753591, 22.820343686086094], [-74.83891774221827, 22.819338412140613], [-74.843745981928, 22.818799175462985], [-74.84860376291623, 22.81873106702441], [-74.85344522253284, 22.819134729841416], [-74.8582246522189, 22.820006352905114], [-74.86289692904437, 22.821337707161184], [-74.86741794171691, 22.823116223200955], [-74.87174500703962, 22.825325109930084], [-74.87583727288606, 22.827943513094436], [-74.87965610388811, 22.83094671216656], [-74.88316544619514, 22.83430635373393], [-74.88633216786091, 22.83799071918548], [-74.88912637164466, 22.84196502416924], [-75.00568033927, 23.026156294242785], [-75.14674431565358, 23.069273635117717], [-75.15121102821946, 23.070874341792944], [-75.15550589648402, 23.072891242781207], [-75.24671683398402, 23.121133430281215], [-75.25098650295179, 23.123670751445133], [-75.25498337601006, 23.12661915398537], [-75.25866801509822, 23.12994954533973], [-75.26200406303967, 23.133629063775007], [-75.26495860228636, 23.137621402641255], [-75.26750247972382, 23.14188716861777], [-75.26961059433152, 23.14638427041603], [-75.27126214486053, 23.151068334104043], [-75.272440835084, 23.15589314095409], [-75.27313503459592, 23.16081108349349], [-75.27333789357097, 23.1657736352584], [-75.2730474103532, 23.17073182961556], [-75.27243101571294, 23.174603174603174], [-75.1764705882353, 23.174603174603174], [-75.17647058823529, 23.174603174603174]]], [[[-75.06645070006527, 23.359410677876433], [-75.0638487277317, 23.35472976057045], [-75.06176233333211, 23.349797397520184], [-75.06021545302367, 23.344670175254517], [-75.02119697653154, 23.184835452274676], [-75.0002413362649, 23.17460317460318], [-75.17647058823529, 23.17460317460318], [-75.1764705882353, 23.17460317460318], [-75.27243101571294, 23.17460317460318], [-75.27226645120697, 23.175636742927242], [-75.27100272203481, 23.18043997729198], [-75.26926869234147, 23.185094138097735], [-75.26708147219455, 23.189553301675367], [-75.26446264339548, 23.193773468437985], [-75.24551733089547, 23.221166046562974], [-75.24255490168366, 23.225032288467812], [-75.23923034867039, 23.22859194583385], [-75.23557522028563, 23.231811239202376], [-75.23162420196275, 23.234659619007452], [-75.22741478699017, 23.2371100554768], [-75.22298692071786, 23.239139295131498], [-75.21838262149491, 23.240728081450452], [-75.21364558193541, 23.241861337605673], [-75.18469062535635, 23.247312733751734], [-75.18216480078556, 23.262467681176503], [-75.20252962365414, 23.314097846930135], [-75.22157766187192, 23.34555933829217], [-75.07841274610684, 23.378451585231872], [-75.06645070006527, 23.359410677876433]]]]}, "properties": {"tile": "N18W078_6x6", "epsg": 4326}}, {"type": "Feature", "geometry": {"type": "MultiPolygon", "coordinates": [[[[-71.66165229577544, 21.882995374451426], [-71.65708758198066, 21.882160166196915], [-71.6526199597357, 21.880905360900073], [-71.64828791168188, 21.879241767044597], [-71.64412875266864, 21.877183714285525], [-71.64017830833558, 21.87474893001828], [-71.63647060652212, 21.871958386680667], [-71.63303758416276, 21.86883612110311], [-71.62990881219275, 21.865409027463265], [-71.62711124083367, 21.861706625628308], [-71.59566592833367, 21.815808188128308], [-71.5931584911996, 21.81174490177706], [-71.59105006176699, 21.807460971072526], [-71.589359866835, 21.802995461242123], [-71.58810331931619, 21.798389093336002], [-71.58729187768597, 21.793683872891187], [-71.58693294149256, 21.788922706882463], [-71.58702978388041, 21.784149012453042], [-71.58758152174235, 21.77940632099299], [-71.58858312377266, 21.77473788117583], [-71.59002545634763, 21.770186264573265], [-71.59189536681518, 21.765792977444374], [-71.59417580343413, 21.761598082239416], [-71.59684597086921, 21.75763983226978], [-71.59988151982415, 21.753954322875448], [-71.60325476908315, 21.750575162271062], [-71.61737830362847, 21.73771768161924], [-71.61739057290836, 21.737675723711455], [-71.61901712634614, 21.732989896266076], [-71.62109994815398, 21.728488284526865], [-71.62361854115339, 21.72421518913393], [-71.62654811971458, 21.720212661883846], [-71.62985985367337, 21.716520091895337], [-71.63352115205063, 21.7131738179785], [-71.63749598378212, 21.710206771022335], [-71.64174523230245, 21.70764814991981], [-71.64622708049359, 21.70552313421976], [-71.65089742220972, 21.70385263633339], [-71.65571029632858, 21.702653095733925], [-71.6606183390577, 21.701936317174745], [-71.66557325004443, 21.701709354518066], [-71.67052626770264, 21.701974441317464], [-71.67542864907863, 21.70272896883732], [-71.68023214953344, 21.703965511725542], [-71.68488949752143, 21.70567190108694], [-71.68935485979237, 21.70783134423806], [-71.69358429243948, 21.71042258996501], [-71.73730638059438, 21.74028988654874], [-71.78823529411765, 21.74047300174343], [-71.78823529411765, 21.90013028067635], [-71.66165229577544, 21.882995374451426]]], [[[-71.92292546194709, 22.001156084421257], [-71.91825070135975, 22.000105081387563], [-71.91369800629003, 21.998611441026647], [-71.90930918503621, 21.99668887973304], [-71.90512454101096, 21.99435505276695], [-71.90118250262715, 21.991631392122493], [-71.89751927040206, 21.988542909713487], [-71.89416848452097, 21.985117967684086], [-71.89116091591264, 21.98138801795361], [-71.88852418367381, 21.977387313387364], [-71.88628250143758, 21.973152593245796], [-71.88445645501479, 21.968722745800626], [-71.86161080234449, 21.90476190476191], [-71.89888977426776, 21.90476190476191], [-71.92476258567467, 22.001387455017316], [-71.92292546194709, 22.001156084421257]]]]}, "properties": {"tile": "N18W072_6x6", "epsg": 4326}}, {"type": "Feature", "geometry": {"type": "MultiPolygon", "coordinates": [[[[-14.399999999999988, 18.73015873015873], [-14.188235294117636, 18.73015873015873], [-14.188235294117636, 18.605872599878744], [-14.399999999999988, 18.554884161628618], [-14.399999999999988, 18.73015873015873]]], [[[-13.55294117647058, 18.92731416739023], [-13.487862720096116, 18.94179894179894], [-13.341176470588227, 18.94179894179894], [-13.341176470588227, 18.80982635287925], [-13.55294117647058, 18.758837914629122], [-13.55294117647058, 18.92731416739023]]], [[[-12.282352941176487, 19.153439153439155], [-12.282352941176487, 19.03362155428954], [-12.667097185563886, 18.941798941798947], [-12.70588235294117, 18.941798941798947], [-12.70588235294117, 19.114693978345255], [-12.533463971660673, 19.153439153439155], [-12.49411764705884, 19.153439153439155], [-12.494117647058818, 19.153439153439155], [-12.282352941176487, 19.153439153439155]]], [[[-14.399999999999988, 19.74359433706368], [-14.202745780466136, 19.788359788359788], [-14.188235294117636, 19.788359788359788], [-14.188235294117636, 19.613687728492998], [-14.348991670403592, 19.57671957671958], [-14.399999999999988, 19.57671957671958], [-14.399999999999988, 19.74359433706368]]], [[[-13.55294117647058, 19.788359788359795], [-13.55294117647058, 19.935828351622423], [-13.52259377531524, 19.94271547987546], [-13.479823651625523, 19.788359788359795], [-13.55294117647058, 19.788359788359795]]], [[[-14.611764705882347, 20.42328042328042], [-14.399999999999995, 20.42328042328042], [-14.399999999999995, 20.322313363004156], [-14.611764705882347, 20.27137360436409], [-14.611764705882347, 20.42328042328042]]], [[[-15.882352941176475, 20.41468484872838], [-15.844352721708079, 20.42328042328042], [-15.728596195005727, 20.42328042328042], [-15.690031920994011, 20.295412846997145], [-15.882352941176475, 20.24844390693937], [-15.882352941176475, 20.41468484872838]]], [[[-13.764705882352938, 20.634920634920636], [-13.714395579377241, 20.634920634920636], [-13.676030714646608, 20.49646334944812], [-13.764705882352938, 20.47513263892435], [-13.764705882352938, 20.634920634920636]]], [[[-14.188235294117657, 24.0], [-13.976470588235305, 24.0], [-13.976470588235305, 23.941803526176606], [-14.188235294117657, 23.890384921562603], [-14.188235294117657, 24.0]]]]}, "properties": {"tile": "N18W018_6x6", "epsg": 4326}}, {"type": "Feature", "geometry": {"type": "MultiPolygon", "coordinates": [[[[0.0, 19.958701556950242], [0.16898978146360805, 20.000000000000004], [0.21176470588234192, 20.000000000000004], [0.21176470588234192, 19.82064206131773], [0.07948816157399029, 19.788359788359795], [0.0, 19.788359788359795], [0.0, 19.958701556950242]]], [[[2.117647058823519, 20.634920634920636], [2.117647058823519, 20.503541739101845], [1.9058823529411657, 20.45292028377683], [1.9058823529411657, 20.627231691530945], [1.940725044389426, 20.634920634920636], [2.117647058823519, 20.634920634920636]]], [[[2.7529411764705745, 20.814157186409172], [2.879170935253108, 20.842013056005655], [2.921280001437608, 20.69564678764024], [2.7529411764705745, 20.655406105076885], [2.7529411764705745, 20.814157186409172]]], [[[0.8470588235294197, 23.38624338624339], [0.8470588235294197, 23.237153704835574], [0.6352941176470669, 23.18746267403847], [0.6352941176470669, 23.357964766187223], [0.758111888016913, 23.38624338624339], [0.8470588235294197, 23.38624338624339]]], [[[1.4823529411764693, 23.38624338624339], [1.2705882352941162, 23.38624338624339], [1.2705882352941162, 23.504240349295106], [1.4823529411764693, 23.552998876997737], [1.4823529411764693, 23.38624338624339]]], [[[1.6941176470588286, 23.597883597883598], [1.6941176470588286, 23.435917828023992], [1.4824236373996014, 23.38624338624339], [1.4823529411764755, 23.38624338624339], [1.4823529411764755, 23.552998876997737], [1.6772931939867162, 23.597883597883598], [1.6941176470588286, 23.597883597883598]]], [[[2.9647058823529275, 23.809523809523807], [2.9647058823529275, 23.694470139186787], [2.7529411764705745, 23.641889933765967], [2.7529411764705745, 23.809523809523807], [2.9647058823529275, 23.809523809523807]]], [[[3.176470588235293, 21.90476190476191], [3.388235294117646, 21.90476190476191], [3.388235294117646, 21.722949550171176], [3.265244443854173, 21.6931216931217], [3.176470588235293, 21.6931216931217], [3.176470588235293, 21.90476190476191]]], [[[4.235294117647054, 22.116402116402117], [4.235294117647054, 21.92837905526531], [4.137912216681261, 21.90476190476191], [4.023529411764702, 21.90476190476191], [4.023529411764702, 22.116402116402117], [4.235294117647054, 22.116402116402117]]], [[[4.447058823529414, 22.116402116402117], [4.447058823529414, 21.979736431538846], [4.2352941176470615, 21.928379055265314], [4.2352941176470615, 22.116402116402117], [4.447058823529414, 22.116402116402117]]], [[[4.58161968228098, 22.116402116402117], [4.610235211951245, 22.0193101232181], [4.447058823529421, 21.97973643153885], [4.447058823529421, 22.116402116402117], [4.58161968228098, 22.116402116402117]]], [[[3.8117647058823363, 24.0], [3.8117647058823363, 23.904790960870066], [3.599999999999983, 23.852210755449246], [3.599999999999983, 24.0], [3.8117647058823363, 24.0]]], [[[4.870588235294104, 24.0], [4.870588235294104, 23.878260947470245], [4.658823529411752, 23.82595392578836], [4.658823529411752, 24.0], [4.870588235294104, 24.0]]], [[[5.082352941176463, 24.0], [5.082352941176463, 23.93056796915213], [4.870588235294111, 23.878260947470245], [4.870588235294111, 24.0], [5.082352941176463, 24.0]]]]}, "properties": {"tile": "N18E000_6x6", "epsg": 4326}}, {"type": "Feature", "geometry": {"type": "Polygon", "coordinates": [[[30.494117647058818, 24.0], [30.70588235294117, 24.0], [30.70588235294117, 23.905064559269857], [30.494117647058818, 23.85278962666738], [30.494117647058818, 24.0]]]}, "properties": {"tile": "N18E030_6x6", "epsg": 4326}}, {"type": "Feature", "geometry": {"type": "MultiPolygon", "coordinates": [[[[115.83529411764705, 22.962962962962965], [115.62352941176472, 22.962962962962965], [115.62352941176472, 23.13922350129428], [115.77660843200026, 23.174603174603174], [115.83529411764705, 23.174603174603174], [115.83529411764708, 23.174603174603174], [116.04705882352941, 23.174603174603174], [116.04705882352941, 22.962962962962965], [115.83529411764708, 22.962962962962965], [115.83529411764705, 22.962962962962965]]], [[[116.50956900904718, 22.91444302370156], [116.50642243540818, 22.91091085593218], [116.50295614343935, 22.90769185689466], [116.49920115941376, 22.904814839379185], [116.49519109364495, 22.902305555149265], [116.49096183964583, 22.900186464441514], [116.48655125285117, 22.89847653492731], [116.4819988117791, 22.89719107193596], [116.47734526466469, 22.896341581458927], [116.47263226472836, 22.895935667161385], [116.4705882352941, 22.895856744028002], [116.4705882352941, 22.962962962962965], [116.54883776117667, 22.962962962962965], [116.50956900904718, 22.91444302370156]]]]}, "properties": {"tile": "N18E114_6x6", "epsg": 4326}}, {"type": "Feature", "geometry": {"type": "MultiPolygon", "coordinates": [[[[-1.6941176470588348, 18.381354777225624], [-1.905882352941188, 18.33060800063235], [-1.905882352941188, 18.518518518518523], [-1.6941176470588348, 18.518518518518523], [-1.6941176470588348, 18.381354777225624]]], [[[-1.0588235294117792, 18.706089558811065], [-0.9493862202789567, 18.73015873015873], [-0.8470588235294262, 18.73015873015873], [-0.8470588235294262, 18.58434188359872], [-1.0588235294117792, 18.533595107005446], [-1.0588235294117792, 18.706089558811065]]], [[[-2.964705882352956, 23.762491197827572], [-2.77424238536914, 23.809523809523807], [-2.752941176470603, 23.809523809523807], [-2.752941176470603, 23.688267355180336], [-2.964705882352956, 23.635965720489054], [-2.964705882352956, 23.762491197827572]]]]}, "properties": {"tile": "N18W006_6x6", "epsg": 4326}}, {"type": "Feature", "geometry": {"type": "MultiPolygon", "coordinates": [[[[24.0, 18.518518518518523], [24.14117647058823, 18.518518518518523], [24.14117647058823, 18.400290373159635], [24.0, 18.366602199293755], [24.0, 18.518518518518523]]], [[[26.682352941176465, 20.634920634920636], [26.894117647058817, 20.634920634920636], [26.894117647058817, 20.5244472980257], [26.682352941176465, 20.473588951820307], [26.682352941176465, 20.634920634920636]]], [[[27.317647058823514, 20.78695634714819], [27.529411764705866, 20.834583477867444], [27.529411764705866, 20.67702233664187], [27.35410809977469, 20.634920634920636], [27.317647058823514, 20.634920634920636], [27.317647058823514, 20.78695634714819]]], [[[27.529411764705873, 20.834583477867447], [27.582666788057022, 20.846560846560845], [27.741176470588226, 20.846560846560845], [27.741176470588226, 20.727880682847264], [27.529411764705873, 20.677022336641873], [27.529411764705873, 20.834583477867447]]], [[[28.8, 21.63596042393406], [29.011764705882353, 21.68298403780172], [29.011764705882353, 21.499366095253873], [28.937068108791703, 21.481481481481485], [28.8, 21.481481481481485], [28.8, 21.63596042393406]]], [[[29.64705882352941, 23.809523809523807], [29.85882352941176, 23.809523809523807], [29.85882352941176, 23.69596482885996], [29.64705882352941, 23.643689896257488], [29.64705882352941, 23.809523809523807]]]]}, "properties": {"tile": "N18E024_6x6", "epsg": 4326}}, {"type": "Feature", "geometry": {"type": "MultiPolygon", "coordinates": [[[[10.376470588235303, 18.94179894179894], [10.376470588235303, 18.82353616132938], [10.164705882352951, 18.77293989211438], [10.164705882352951, 18.94179894179894], [10.376470588235303, 18.94179894179894]]], [[[9.741176470588226, 20.69760421081107], [9.564100978668094, 20.655184007086813], [9.529411764705873, 20.78425441748921], [9.529411764705873, 20.830629821109486], [9.599093486246783, 20.846560846560845], [9.741176470588226, 20.846560846560845], [9.741176470588226, 20.69760421081107]]], [[[9.529411764705866, 21.90476190476191], [9.529411764705866, 21.715200690892363], [9.439331044663719, 21.6931216931217], [9.317647058823514, 21.6931216931217], [9.317647058823514, 21.90476190476191], [9.317647058823514, 22.116402116402117], [9.529411764705866, 22.116402116402117], [9.529411764705866, 21.90476190476191]]], [[[9.741176470588226, 22.328042328042326], [9.741176470588226, 22.116402116402117], [9.741176470588226, 21.90476190476191], [9.529411764705873, 21.90476190476191], [9.529411764705873, 22.116402116402117], [9.529411764705873, 22.328042328042326], [9.741176470588226, 22.328042328042326]]], [[[9.952941176470585, 22.328042328042326], [9.952941176470585, 22.116402116402117], [9.952941176470585, 21.90476190476191], [9.741176470588233, 21.90476190476191], [9.741176470588233, 22.116402116402117], [9.741176470588233, 22.328042328042326], [9.952941176470585, 22.328042328042326]]], [[[9.952941176470592, 21.90476190476191], [9.952941176470592, 22.116402116402117], [9.952941176470592, 22.328042328042326], [10.164705882352944, 22.328042328042326], [10.164705882352944, 22.116402116402117], [10.164705882352944, 21.90476190476191], [9.952941176470592, 21.90476190476191]]], [[[10.376470588235303, 22.328042328042326], [10.588235294117634, 22.328042328042326], [10.588235294117634, 22.116402116402117], [10.588235294117634, 21.97472084497717], [10.302807858803982, 21.90476190476191], [10.164705882352951, 21.90476190476191], [10.164705882352951, 22.116402116402117], [10.164705882352951, 22.328042328042326], [10.376470588235282, 22.328042328042326], [10.376470588235303, 22.328042328042326]]], [[[9.952941176470585, 23.01769963138848], [9.741176470588233, 22.966298856439273], [9.741176470588233, 23.150115617490915], [9.843361226363823, 23.174603174603174], [9.952941176470585, 23.174603174603174], [9.952941176470585, 23.01769963138848]]], [[[11.011764705882353, 19.153439153439155], [11.011764705882353, 18.975324968974373], [10.871445480881015, 18.941798941798947], [10.8, 18.941798941798947], [10.8, 19.120598885205407], [10.942676389236105, 19.153439153439155], [11.011764705882353, 19.153439153439155]]], [[[11.223529411764712, 19.025921238189373], [11.01176470588236, 18.975324968974373], [11.01176470588236, 19.153439153439155], [11.223529411764712, 19.153439153439155], [11.223529411764712, 19.025921238189373]]], [[[10.588235294117634, 20.900525617217514], [10.376470588235282, 20.849795265615903], [10.376470588235282, 21.02428915354321], [10.52480001652632, 21.05820105820106], [10.588235294117634, 21.05820105820106], [10.588235294117634, 20.900525617217514]]], [[[10.799999999999994, 21.05820105820106], [10.799999999999994, 20.951255968819126], [10.588235294117641, 20.900525617217514], [10.588235294117641, 21.05820105820106], [10.799999999999994, 21.05820105820106]]], [[[10.777342261832423, 22.328042328042326], [10.799999999999994, 22.245340493465463], [10.799999999999994, 22.116402116402117], [10.799999999999994, 22.026624875794134], [10.588235294117641, 21.974720844977174], [10.588235294117641, 22.116402116402117], [10.588235294117641, 22.328042328042326], [10.777342261832423, 22.328042328042326]]], [[[10.588235294117634, 22.328042328042333], [10.376470588235282, 22.328042328042333], [10.376470588235282, 22.532024619245416], [10.409895822836575, 22.53968253968254], [10.588235294117634, 22.53968253968254], [10.588235294117634, 22.328042328042333]]], [[[10.799999999999994, 22.43044123698831], [10.753599827573096, 22.414703355548475], [10.777342261832421, 22.328042328042333], [10.588235294117641, 22.328042328042333], [10.588235294117641, 22.53968253968254], [10.799999999999994, 22.53968253968254], [10.799999999999994, 22.43044123698831]]], [[[11.435294117647043, 22.58518799503197], [11.245121954298517, 22.53968253968254], [11.22352941176469, 22.53968253968254], [11.22352941176469, 22.712682629049244], [11.390881026867067, 22.75132275132275], [11.435294117647043, 22.75132275132275], [11.435294117647043, 22.58518799503197]]], [[[10.799999999999994, 23.22330273118531], [10.599363972889385, 23.17460317460318], [10.588235294117641, 23.17460317460318], [10.588235294117641, 23.254841747907093], [10.799999999999994, 23.30714944798283], [10.799999999999994, 23.22330273118531]]], [[[11.647058823529402, 23.39593506441397], [11.607117001987623, 23.38624338624339], [11.43529411764705, 23.38624338624339], [11.43529411764705, 23.464072548210048], [11.647058823529402, 23.516380248285785], [11.647058823529402, 23.39593506441397]]]]}, "properties": {"tile": "N18E006_6x6", "epsg": 4326}}, {"type": "Feature", "geometry": {"type": "MultiPolygon", "coordinates": [[[[16.72941176470589, 20.42328042328042], [16.941176470588243, 20.42328042328042], [16.941176470588243, 20.317812966737556], [16.72941176470589, 20.267278843175287], [16.72941176470589, 20.42328042328042]]], [[[16.305882352941172, 21.6931216931217], [16.305882352941172, 21.84996718013398], [16.517647058823524, 21.897616769909046], [16.517647058823524, 21.72475514196441], [16.387499952930437, 21.6931216931217], [16.305882352941172, 21.6931216931217]]], [[[12.070588235294128, 22.751322751322757], [12.070588235294128, 22.90826159907596], [12.307501605546843, 22.962962962962965], [12.494117647058811, 22.962962962962965], [12.494117647058811, 22.83854919149829], [12.129589027314307, 22.751322751322757], [12.070588235294128, 22.751322751322757]]]]}, "properties": {"tile": "N18E012_6x6", "epsg": 4326}}, {"type": "Feature", "geometry": {"type": "MultiPolygon", "coordinates": [[[[112.65882352941175, 21.693121693121693], [112.86854677294616, 21.693121693121693], [112.84966913526561, 21.677838918085378], [112.84897071583612, 21.676825637437663], [112.83992184566425, 21.596273779132073], [112.83918864549932, 21.591682986266328], [112.83803222662665, 21.587180136389975], [112.83646258650094, 21.582804157471635], [112.83449329495089, 21.578592880657066], [112.83214137686558, 21.57458271321193], [112.82942716501113, 21.570808323774266], [112.8263741242502, 21.567302342637678], [112.80723349925022, 21.547282811387678], [112.80359909362281, 21.54384379836616], [112.79963917019009, 21.540785249489048], [112.79539338475759, 21.538137793939327], [112.7909042558346, 21.53592794409386], [112.78621673884176, 21.534177830020866], [112.78137777591454, 21.532904977863083], [112.77643582581128, 21.532122134325967], [112.77144037863339, 21.531837139028536], [112.76644146021725, 21.532052845995185], [112.76148913116123, 21.53276709507468], [112.75663298550451, 21.533972733572504], [112.75192165407823, 21.535657687880022], [112.7474023175024, 21.537805084383006], [112.74312023370572, 21.540393418438878], [112.73911828469969, 21.543396769730315], [112.73543654714594, 21.546785061838733], [112.73211189101706, 21.550524363438146], [112.70301032851701, 21.586754832188138], [112.70000127139302, 21.590923028337546], [112.69743611341013, 21.595378165646107], [112.69534197165773, 21.60007314746036], [112.69374098396491, 21.60495834165535], [112.69265007487462, 21.60998210531142], [112.69063446581774, 21.62228427093448], [112.69061420440505, 21.622220117285973], [112.68863447855082, 21.617617014821896], [112.68620397129392, 21.613235177167812], [112.68334709257526, 21.609118611762096], [112.68009253444694, 21.60530866187502], [112.67647298291368, 21.60184359139223], [112.67252478966252, 21.598758200524912], [112.66828760697749, 21.596083476306177], [112.66380398950588, 21.593846281383737], [112.65911896687572, 21.592069084234396], [112.65882352941175, 21.591989760592472], [112.65882352941175, 21.693121693121693]]], [[[113.92941176470588, 22.160470329000137], [113.87736402574856, 22.16044922286106], [113.87273621794338, 22.16066196487567], [113.86814796462922, 22.16130211780382], [113.86363865479395, 22.162364186095413], [113.85924699971581, 22.16383905216426], [113.83346574971578, 22.17384881778926], [113.82914694247636, 22.175765105813117], [113.82502829949262, 22.178080496867377], [113.8211465990203, 22.1807743151992], [113.81753650348905, 22.183822505812827], [113.81423024997727, 22.187197849273502], [113.81125736234455, 22.190870204768952], [113.80864438759245, 22.194806779257842], [113.79594907509245, 22.216047013632842], [113.79364120388172, 22.22037762392788], [113.79176895757728, 22.22491360770523], [113.79035036999633, 22.229611273543497], [113.78939910523266, 22.234425372670255], [113.78892432604162, 22.23930953480645], [113.78893060558282, 22.24421671481336], [113.78941788337056, 22.249099645839948], [113.79038146585648, 22.25391129460577], [113.7918120716387, 22.2586053144341], [113.79369592086192, 22.263136491671528], [113.79601486794753, 22.267461181194143], [113.7987465763751, 22.27153772680527], [113.80186473383182, 22.275326862475573], [113.8053393056575, 22.27879209056057], [113.84801508690751, 22.31736630931057], [113.85207534369799, 22.320667237442482], [113.85645835127306, 22.323525743404254], [113.86111610375744, 22.32591051876705], [113.86599758607045, 22.327795443742854], [113.86675230774328, 22.328042328042326], [113.92941176470588, 22.328042328042326], [113.92941176470588, 22.160470329000137]]]]}, "properties": {"tile": "N18E108_6x6", "epsg": 4326}}, {"type": "Feature", "geometry": {"type": "MultiPolygon", "coordinates": [[[[21.811764705882343, 18.306878306878307], [22.023529411764695, 18.306878306878307], [22.023529411764695, 18.18207136730875], [21.811764705882343, 18.13071345580257], [21.811764705882343, 18.306878306878307]]], [[[23.08235294117647, 18.306878306878307], [23.294117647058822, 18.306878306878307], [23.294117647058822, 18.198161329964357], [23.08235294117647, 18.14762906916554], [23.08235294117647, 18.306878306878307]]], [[[18.21176470588235, 19.501833050919004], [18.261371914913884, 19.513213572700433], [18.4235294117647, 19.55258646335298], [18.4235294117647, 19.36507936507937], [18.21176470588235, 19.36507936507937], [18.21176470588235, 19.501833050919004]]], [[[18.423529411764708, 19.55258646335298], [18.52292179037563, 19.57671957671958], [18.63529411764706, 19.57671957671958], [18.63529411764706, 19.416214235457904], [18.425685295383516, 19.36507936507937], [18.423529411764708, 19.36507936507937], [18.423529411764708, 19.55258646335298]]], [[[19.058823529411757, 19.70683999039981], [19.27058823529411, 19.758257832748754], [19.27058823529411, 19.57671957671958], [19.058823529411757, 19.57671957671958], [19.058823529411757, 19.70683999039981]]], [[[19.270588235294117, 19.758257832748757], [19.39456332808765, 19.788359788359788], [19.48235294117647, 19.788359788359788], [19.48235294117647, 19.622857461045566], [19.293227447678362, 19.57671957671958], [19.270588235294117, 19.57671957671958], [19.270588235294117, 19.758257832748757]]], [[[18.21176470588235, 20.211640211640212], [18.4235294117647, 20.211640211640212], [18.4235294117647, 20.122127775127243], [18.21176470588235, 20.071182569318932], [18.21176470588235, 20.211640211640212]]], [[[19.05882352941175, 20.42328042328042], [19.05882352941175, 20.27496339255218], [18.847058823529398, 20.224018186743866], [18.847058823529398, 20.412117165653477], [18.89639183002666, 20.42328042328042], [19.05882352941175, 20.42328042328042]]], [[[19.27058823529411, 20.42328042328042], [19.27058823529411, 20.325908598360492], [19.058823529411757, 20.27496339255218], [19.058823529411757, 20.42328042328042], [19.27058823529411, 20.42328042328042]]]]}, "properties": {"tile": "N18E018_6x6", "epsg": 4326}}, {"type": "Feature", "geometry": {"type": "MultiPolygon", "coordinates": [[[[100.16470588235295, 18.306878306878307], [100.37647058823528, 18.306878306878307], [100.37647058823528, 18.0952380952381], [100.16470588235295, 18.0952380952381], [100.16470588235292, 18.0952380952381], [99.95294117647059, 18.0952380952381], [99.95294117647059, 18.306878306878307], [100.16470588235292, 18.306878306878307], [100.16470588235295, 18.306878306878307]]], [[[99.95294117647059, 18.73015873015873], [99.95294117647059, 18.94179894179894], [100.16470588235292, 18.94179894179894], [100.16470588235295, 18.94179894179894], [100.37647058823528, 18.94179894179894], [100.37647058823528, 18.73015873015873], [100.37647058823528, 18.518518518518523], [100.37647058823528, 18.306878306878314], [100.16470588235295, 18.306878306878314], [100.16470588235292, 18.306878306878314], [99.95294117647059, 18.306878306878314], [99.95294117647059, 18.518518518518523], [99.95294117647059, 18.73015873015873]]], [[[99.95294117647056, 18.73015873015873], [99.95294117647056, 18.518518518518523], [99.95294117647056, 18.306878306878314], [99.7411764705882, 18.306878306878314], [99.7411764705882, 18.518518518518523], [99.7411764705882, 18.73015873015873], [99.7411764705882, 18.94179894179894], [99.95294117647056, 18.94179894179894], [99.95294117647056, 18.73015873015873]]], [[[99.74117647058823, 19.365079365079364], [99.95294117647056, 19.365079365079364], [99.95294117647056, 19.153439153439155], [99.95294117647056, 18.941798941798947], [99.7411764705882, 18.941798941798947], [99.7411764705882, 19.153439153439155], [99.52941176470587, 19.153439153439155], [99.52941176470587, 19.365079365079364], [99.7411764705882, 19.365079365079364], [99.74117647058823, 19.365079365079364]]], [[[100.16470588235292, 19.365079365079364], [100.16470588235295, 19.365079365079364], [100.37647058823528, 19.365079365079364], [100.37647058823528, 19.153439153439155], [100.37647058823528, 18.941798941798947], [100.16470588235295, 18.941798941798947], [100.16470588235292, 18.941798941798947], [99.95294117647059, 18.941798941798947], [99.95294117647059, 19.153439153439155], [99.95294117647059, 19.365079365079364], [100.16470588235292, 19.365079365079364]]], [[[99.95294117647056, 19.788359788359788], [99.95294117647056, 19.57671957671958], [99.95294117647056, 19.36507936507937], [99.74117647058823, 19.36507936507937], [99.7411764705882, 19.36507936507937], [99.52941176470587, 19.36507936507937], [99.52941176470587, 19.57671957671958], [99.52941176470587, 19.7073151056146], [99.8619037022917, 19.788359788359788], [99.95294117647056, 19.788359788359788]]], [[[100.37647058823528, 19.788359788359788], [100.37647058823528, 19.57671957671958], [100.37647058823528, 19.36507936507937], [100.16470588235295, 19.36507936507937], [100.16470588235292, 19.36507936507937], [99.95294117647059, 19.36507936507937], [99.95294117647059, 19.57671957671958], [99.95294117647059, 19.788359788359788], [100.16470588235292, 19.788359788359788], [100.16470588235295, 19.788359788359788], [100.37647058823528, 19.788359788359788]]], [[[100.58823529411764, 18.306878306878307], [100.58823529411767, 18.306878306878307], [100.79999999999997, 18.306878306878307], [100.8, 18.306878306878307], [101.01176470588233, 18.306878306878307], [101.01176470588233, 18.0952380952381], [100.8, 18.0952380952381], [100.79999999999997, 18.0952380952381], [100.58823529411767, 18.0952380952381], [100.58823529411764, 18.0952380952381], [100.3764705882353, 18.0952380952381], [100.3764705882353, 18.306878306878307], [100.58823529411764, 18.306878306878307]]], [[[100.3764705882353, 18.94179894179894], [100.58823529411764, 18.94179894179894], [100.58823529411767, 18.94179894179894], [100.79999999999997, 18.94179894179894], [100.8, 18.94179894179894], [101.01176470588233, 18.94179894179894], [101.01176470588233, 18.73015873015873], [101.01176470588233, 18.518518518518523], [101.01176470588233, 18.306878306878314], [100.8, 18.306878306878314], [100.79999999999997, 18.306878306878314], [100.58823529411767, 18.306878306878314], [100.58823529411764, 18.306878306878314], [100.3764705882353, 18.306878306878314], [100.3764705882353, 18.518518518518523], [100.3764705882353, 18.73015873015873], [100.3764705882353, 18.94179894179894]]], [[[100.58823529411767, 19.365079365079364], [100.79999999999997, 19.365079365079364], [100.8, 19.365079365079364], [101.01176470588233, 19.365079365079364], [101.01176470588233, 19.153439153439155], [101.01176470588233, 18.941798941798947], [100.8, 18.941798941798947], [100.79999999999997, 18.941798941798947], [100.58823529411767, 18.941798941798947], [100.58823529411764, 18.941798941798947], [100.3764705882353, 18.941798941798947], [100.3764705882353, 19.153439153439155], [100.3764705882353, 19.365079365079364], [100.58823529411764, 19.365079365079364], [100.58823529411767, 19.365079365079364]]], [[[100.58823529411764, 19.788359788359788], [100.58823529411767, 19.788359788359788], [100.79999999999997, 19.788359788359788], [100.8, 19.788359788359788], [100.97112783116194, 19.788359788359788], [101.01176470588233, 19.644575309832426], [101.01176470588233, 19.57671957671958], [101.01176470588233, 19.36507936507937], [100.8, 19.36507936507937], [100.79999999999997, 19.36507936507937], [100.58823529411767, 19.36507936507937], [100.58823529411764, 19.36507936507937], [100.3764705882353, 19.36507936507937], [100.3764705882353, 19.57671957671958], [100.3764705882353, 19.788359788359788], [100.58823529411764, 19.788359788359788]]], [[[100.79999999999997, 20.000000000000004], [100.8, 20.000000000000004], [100.91131333063791, 20.000000000000004], [100.97112783116194, 19.788359788359795], [100.8, 19.788359788359795], [100.79999999999997, 19.788359788359795], [100.58823529411767, 19.788359788359795], [100.58823529411764, 19.788359788359795], [100.3764705882353, 19.788359788359795], [100.3764705882353, 19.913785115437726], [100.73017366962038, 20.000000000000004], [100.79999999999997, 20.000000000000004]]], [[[101.22352941176472, 18.306878306878307], [101.38341250609895, 18.306878306878307], [101.43529411764705, 18.11788994272005], [101.43529411764705, 18.0952380952381], [101.22352941176472, 18.0952380952381], [101.22352941176469, 18.0952380952381], [101.01176470588236, 18.0952380952381], [101.01176470588236, 18.306878306878307], [101.22352941176469, 18.306878306878307], [101.22352941176472, 18.306878306878307]]], [[[101.01176470588236, 18.73015873015873], [101.01176470588236, 18.94179894179894], [101.20911232687078, 18.94179894179894], [101.38341250609895, 18.306878306878314], [101.22352941176472, 18.306878306878314], [101.22352941176469, 18.306878306878314], [101.01176470588236, 18.306878306878314], [101.01176470588236, 18.518518518518523], [101.01176470588236, 18.73015873015873]]], [[[101.01176470588236, 19.365079365079364], [101.09291220738534, 19.365079365079364], [101.20911232687078, 18.941798941798947], [101.01176470588236, 18.941798941798947], [101.01176470588236, 19.153439153439155], [101.01176470588236, 19.365079365079364]]], [[[101.01176470588236, 19.644575309832327], [101.07582, 19.41793], [101.07824140480888, 19.41852047643043], [101.09291220738534, 19.36507936507937], [101.01176470588236, 19.36507936507937], [101.01176470588236, 19.57671957671958], [101.01176470588236, 19.644575309832327]]]]}, "properties": {"tile": "N18E096_6x6", "epsg": 4326}}, {"type": "Feature", "geometry": {"type": "MultiPolygon", "coordinates": [[[[-8.470588235294127, 18.306878306878307], [-8.258823529411774, 18.306878306878307], [-8.258823529411774, 18.18382954145099], [-8.470588235294127, 18.133062687296135], [-8.470588235294127, 18.306878306878307]]], [[[-8.258823529411767, 18.306878306878307], [-8.047058823529415, 18.306878306878307], [-8.047058823529415, 18.234596395605845], [-8.258823529411767, 18.18382954145099], [-8.258823529411767, 18.306878306878307]]], [[[-7.411764705882359, 18.518518518518523], [-7.200000000000006, 18.518518518518523], [-7.200000000000006, 18.437663812225257], [-7.411764705882359, 18.386896958070402], [-7.411764705882359, 18.518518518518523]]], [[[-8.258823529411767, 19.11310737607691], [-8.088355170991784, 19.153439153439155], [-8.047058823529415, 19.153439153439155], [-8.047058823529415, 18.9830432495957], [-8.21942564985962, 18.941798941798947], [-8.258823529411767, 18.941798941798947], [-8.258823529411767, 19.11310737607691]]], [[[-8.047058823529408, 19.153439153439155], [-7.835294117647056, 19.153439153439155], [-7.835294117647056, 19.033714767403712], [-8.047058823529408, 18.983043249595703], [-8.047058823529408, 19.153439153439155]]], [[[-11.647058823529402, 19.352628604200834], [-11.591652181768609, 19.365079365079364], [-11.43529411764705, 19.365079365079364], [-11.43529411764705, 19.23577962486321], [-11.647058823529402, 19.185240107219794], [-11.647058823529402, 19.352628604200834]]], [[[-10.799999999999994, 19.153439153439155], [-10.799999999999994, 19.280236533935675], [-10.639767272890333, 19.318353553228047], [-10.43390720472089, 19.365079365079364], [-10.37647058823531, 19.365079365079364], [-10.37647058823531, 19.208181598715566], [-10.608396662048024, 19.153439153439155], [-10.799999999999994, 19.153439153439155]]], [[[-9.529411764705873, 19.408116304333905], [-9.711745387177823, 19.36507936507937], [-9.741176470588226, 19.36507936507937], [-9.741176470588226, 19.52231435598622], [-9.529411764705873, 19.57038039371659], [-9.529411764705873, 19.408116304333905]]]]}, "properties": {"tile": "N18W012_6x6", "epsg": 4326}}, {"type": "Feature", "geometry": {"type": "Polygon", "coordinates": [[[-86.61176470588235, 16.25117193153764], [-86.63192848502291, 16.25178057530917], [-86.63675929514115, 16.25216131719446], [-86.64153056157826, 16.2530079029064], [-86.64619746937302, 16.254312380739428], [-86.65071618377112, 16.256062498155494], [-86.65504426195089, 16.258241816868203], [-86.6591410516749, 16.260829867242308], [-86.66296807312337, 16.263802340558357], [-86.66648938032257, 16.26713131733665], [-86.66967189877383, 16.270785529575853], [-86.67248573611143, 16.27473065444323], [-86.67490446287208, 16.278929636657878], [-86.67690536073822, 16.283343036539026], [-86.67846963592388, 16.287929400450142], [-86.67958259569855, 16.292645650159564], [-86.68023378639133, 16.297447487460357], [-86.68041709157883, 16.30228981024905], [-86.68013078953476, 16.307127136155085], [-86.67937756940152, 16.311914029742013], [-86.67816450593206, 16.31660552926782], [-86.67650299303885, 16.32115756899605], [-86.67440863677471, 16.32552739309097], [-86.67190110875012, 16.329673957209305], [-86.66900396136413, 16.333558314016493], [-86.6657444065844, 16.337143979006353], [-86.66215306035386, 16.340397273188273], [-86.61176470588235, 16.381779337059893], [-86.61176470588235, 16.25117193153764]]]}, "properties": {"tile": "N12W090_6x6", "epsg": 4326}}, {"type": "Feature", "geometry": {"type": "MultiPolygon", "coordinates": [[[[-24.564705882352957, 14.916007530070889], [-24.565942650526384, 14.920634920634923], [-24.564705882352957, 14.920634920634923], [-24.564705882352957, 14.916007530070889]]], [[[-24.565942650526384, 14.920634920634926], [-24.56598102868999, 14.920778513230488], [-24.566784115689085, 14.925729190598789], [-24.567087195717946, 14.930735416485543], [-24.56688721928775, 14.93574681993772], [-24.566186198493753, 14.940712977907369], [-24.56499118677028, 14.945583922591295], [-24.564705882352957, 14.946388079753179], [-24.564705882352957, 14.920634920634926], [-24.565942650526384, 14.920634920634926]]], [[[-25.200000000000006, 16.889015263558544], [-25.256912323428256, 16.87700519430376], [-25.261299806430216, 16.87628140812453], [-25.26573424464384, 16.875950302015823], [-25.270180563660983, 16.876014494877758], [-25.274603595101677, 16.876473478973722], [-25.2789683547802, 16.87732362394633], [-25.32003280790519, 16.88723573332134], [-25.324686136875318, 16.888600875503105], [-25.329185331533697, 16.89041038679257], [-25.33348806870541, 16.89264724541837], [-25.337553873258415, 16.89529040962391], [-25.341344498846347, 16.89831501560367], [-25.344824287685547, 16.90169261139288], [-25.34796050598188, 16.90539142451041], [-25.350723651852107, 16.90937666083722], [-25.353087732843164, 16.913610831918838], [-25.35503051043885, 16.918054107613003], [-25.356533709253856, 16.922664690765192], [-25.35758318894725, 16.92739921038748], [-25.3704055924541, 17.002265501830664], [-25.3834449181565, 17.037037037037035], [-25.210329895976297, 17.037037037037035], [-25.20971595472719, 17.018155289223316], [-25.200000000000006, 16.990276604526777], [-25.200000000000006, 16.889015263558544]]], [[[-25.3834449181565, 17.03703703703704], [-25.38836919325345, 17.050168437295564], [-25.389773714718224, 17.054505794952412], [-25.39077732016313, 17.058953055693518], [-25.3913716654712, 17.06347324436693], [-25.391551809171865, 17.068028779487584], [-25.39131625352503, 17.0725817856951], [-25.390666956973508, 17.077094408654823], [-25.38622359759849, 17.10038542427983], [-25.385110528028278, 17.105011671154326], [-25.383562739202713, 17.1095111637661], [-25.38159424856853, 17.113843152759053], [-25.379222883630455, 17.117968405762493], [-25.376470120497604, 17.121849562696497], [-25.373360889386518, 17.125451474120975], [-25.369923348842317, 17.12874151956427], [-25.366188630722707, 17.13168990294826], [-25.362190558254365, 17.134269922434587], [-25.357965339715154, 17.13645821224808], [-25.243695833707278, 17.18890242657746], [-25.230712567844378, 17.1457906934381], [-25.22353507736286, 17.098672366013208], [-25.228745844114258, 17.063937236867048], [-25.210518768326803, 17.042845801469117], [-25.2103298959763, 17.03703703703704], [-25.3834449181565, 17.03703703703704]]], [[[-24.352941176470598, 14.920634920634923], [-24.352941176470598, 14.778786011383758], [-24.364167255246674, 14.773296142139031], [-24.368474679886024, 14.771434793692908], [-24.372937626939574, 14.769985439126637], [-24.37751678940271, 14.768960843500155], [-24.38217183671404, 14.768370030847255], [-24.386861769963218, 14.768218204697217], [-24.391545282985128, 14.768506702245197], [-24.396181126160226, 14.769232982575], [-24.400728469716864, 14.770390649037967], [-24.455123000966847, 14.786992211537967], [-24.459308741913286, 14.78847592614116], [-24.463346321395743, 14.790325193081673], [-24.467203888021587, 14.792525423983559], [-24.47085101047182, 14.795059261809357], [-24.52251116672184, 14.834463558684362], [-24.526383233052773, 14.837740649158759], [-24.529903326538122, 14.84139320463444], [-24.53303521525039, 14.845383629767491], [-24.535746663010272, 14.849670851559509], [-24.53800976119004, 14.854210742117358], [-24.56291210494004, 14.911241992117352], [-24.564686015110645, 14.915933196423257], [-24.56470588235295, 14.916007530070862], [-24.56470588235295, 14.920634920634923], [-24.352941176470598, 14.920634920634923]]], [[[-24.246597463366374, 14.920634920634923], [-24.258959160791502, 14.847919053428297], [-24.259973152880512, 14.843292773882697], [-24.261420314770856, 14.838783187997743], [-24.263287662154195, 14.834430756936767], [-24.265558440709977, 14.830274531829627], [-24.268212276429516, 14.826351803395955], [-24.27122535841681, 14.822697767363227], [-24.274570652526037, 14.819345208681657], [-24.278218143918863, 14.816324207369195], [-24.28213510636526, 14.813661868625884], [-24.286286395871674, 14.811382079639031], [-24.35294117647059, 14.778786011383762], [-24.35294117647059, 14.920634920634923], [-24.246597463366374, 14.920634920634923]]], [[[-24.35294117647059, 15.078748208565761], [-24.315090478528585, 15.067363428325393], [-24.310278600823384, 15.065643423673272], [-24.30566740966932, 15.063441265823842], [-24.301305069111184, 15.060779956388998], [-24.297237143941032, 15.057687292834201], [-24.293506123772406, 15.05419557813302], [-24.290150979234916, 15.05034128336151], [-24.28720675492472, 15.046164666756603], [-24.284704203362548, 15.041709353217488], [-24.282669463782604, 15.037021878642097], [-24.248978057532604, 14.947080472392091], [-24.24739315075072, 14.942059054986084], [-24.246345114841443, 14.936898804700927], [-24.245845573177927, 14.931656951936969], [-24.24590006598939, 14.926391632117042], [-24.246507988916502, 14.921161240928297], [-24.246597463366374, 14.920634920634926], [-24.35294117647059, 14.920634920634926], [-24.35294117647059, 15.078748208565761]]]]}, "properties": {"tile": "N12W030_6x6", "epsg": 4326}}, {"type": "Feature", "geometry": {"type": "MultiPolygon", "coordinates": [[[[-23.505882352941182, 14.920634920634923], [-23.441853885155734, 14.920634920634923], [-23.46292174419369, 14.888624708316343], [-23.46571552493744, 14.884789406015209], [-23.468860283462888, 14.881236203459503], [-23.472327698383456, 14.87799710044264], [-23.476086542500756, 14.875101268008418], [-23.48010296403365, 14.872574785739467], [-23.4843407914841, 14.87044040688709], [-23.48876185939409, 14.868717353457704], [-23.49332635206002, 14.867421143101353], [-23.49799316210902, 14.86656344936126], [-23.50272026070791, 14.866151996543053], [-23.505882352941182, 14.866177649877816], [-23.505882352941182, 14.920634920634923]]], [[[-23.71764705882352, 14.920634920634923], [-23.50588235294119, 14.920634920634923], [-23.50588235294119, 14.866177649877816], [-23.507465076070748, 14.866190490150423], [-23.63998460732076, 14.873563537025426], [-23.644472367277356, 14.874016995277163], [-23.648901000145536, 14.874873047105604], [-23.653234464623676, 14.876124725750788], [-23.657437493913875, 14.877761844744583], [-23.661475882731818, 14.87977108081066], [-23.729639945231806, 14.91761287768566], [-23.733558874661995, 14.920031042690747], [-23.73436154998911, 14.920634920634923], [-23.71764705882354, 14.920634920634923], [-23.71764705882352, 14.920634920634923]]], [[[-23.50588235294119, 15.132275132275138], [-23.50588235294119, 14.920634920634926], [-23.71764705882352, 14.920634920634926], [-23.71764705882354, 14.920634920634926], [-23.734361549989114, 14.920634920634926], [-23.73723870936014, 14.922799498300828], [-23.74064823618839, 14.925894761888644], [-23.74375853481755, 14.929290578772411], [-23.746543223035424, 14.932958144913584], [-23.826181894910412, 15.04853431678859], [-23.828933504429063, 15.053014860517678], [-23.831199376657544, 15.05775958918174], [-23.832954454106076, 15.062716032483246], [-23.834179327986, 15.067829378846408], [-23.83486045284477, 15.073043081559275], [-23.834990296360413, 15.078299484104061], [-23.833483586969766, 15.132275132275138], [-23.71764705882354, 15.132275132275138], [-23.71764705882352, 15.132275132275138], [-23.50588235294119, 15.132275132275138]]], [[[-23.082352941176463, 15.312308829960724], [-23.072492848719833, 15.285893197649866], [-23.070884373702427, 15.280755104176318], [-23.06983768868377, 15.275473849884367], [-23.069364929849556, 15.270110670276225], [-23.065898132974567, 15.168352857776227], [-23.065972708424255, 15.16343386242877], [-23.066530322786136, 15.158546005746189], [-23.067565577889976, 15.153736606241472], [-23.069068451606398, 15.149052222896943], [-23.071024394869404, 15.14453820443465], [-23.073414472523424, 15.14023825030306], [-23.076215546631353, 15.1361939876301], [-23.079400500469, 15.132444568237972], [-23.082352941176463, 15.129592034796332], [-23.082352941176463, 15.132275132275135], [-23.082352941176463, 15.132275132275138], [-23.082352941176463, 15.312308829960724]]], [[[-23.08235294117647, 15.132275132275135], [-23.08235294117647, 15.129592034796325], [-23.082938501037507, 15.129026289620997], [-23.086795297552385, 15.125972243555722], [-23.09093355301957, 15.123311995745023], [-23.09531320568853, 15.121071299597553], [-23.161572971313536, 15.091188487097561], [-23.166113104335203, 15.089402041191216], [-23.170805734677344, 15.088066594710536], [-23.17560618062143, 15.087194863347875], [-23.20343821187143, 15.083532753972875], [-23.208183675630977, 15.083137065330954], [-23.21294525986359, 15.083194610011345], [-23.21767977510366, 15.083704866060883], [-23.222344277412112, 15.08466320525395], [-23.22689645789506, 15.086060935072343], [-23.231295026462302, 15.087885377549867], [-23.235500086344906, 15.090119984266545], [-23.239473495974792, 15.092744486449371], [-23.243179214943936, 15.095735078818164], [-23.246583630905228, 15.09906463550893], [-23.288429334030205, 15.14408416675892], [-23.291635488740848, 15.147898143435626], [-23.294117647058822, 15.15153145934144], [-23.294117647058822, 15.233288493836243], [-23.29352917921341, 15.237225990728579], [-23.294117647058822, 15.239291758060913], [-23.294117647058822, 15.274013492280519], [-23.29305540436692, 15.27684049963949], [-23.290892467364007, 15.28123460159047], [-23.2561260394861, 15.343915343915347], [-23.09516637424846, 15.343915343915347], [-23.095018419639814, 15.343695992978818], [-23.092759169572492, 15.339550107752027], [-23.09090105184484, 15.335209603899866], [-23.08235294117647, 15.312308829960743], [-23.08235294117647, 15.132275132275138], [-23.08235294117647, 15.132275132275135]]], [[[-23.505882352941182, 15.132275132275135], [-23.505882352941182, 15.132275132275138], [-23.505882352941182, 15.179657496361749], [-23.50475084298976, 15.178875524848678], [-23.50084496061876, 15.175534863931276], [-23.497302656001303, 15.171810886157674], [-23.494161358449198, 15.167742940466015], [-23.403145733449215, 15.036444112341018], [-23.400531045089647, 15.032242260661844], [-23.398344550451828, 15.027802509097823], [-23.39660767032003, 15.023168353278347], [-23.395337420667644, 15.018385193384297], [-23.394546245954086, 15.013499889368777], [-23.394241897208126, 15.008560301876662], [-23.39442735609215, 15.003614823360506], [-23.395100805691243, 14.998711903986406], [-23.396255648313215, 14.99389957697446], [-23.397880570125306, 14.989224988023974], [-23.39995965199423, 14.984733933433596], [-23.402472525443695, 14.980470411441345], [-23.44185388515573, 14.920634920634926], [-23.505882352941182, 14.920634920634926], [-23.505882352941182, 15.132275132275135]]], [[[-23.29411764705883, 15.239291758060938], [-23.29525492050769, 15.24328406173039], [-23.29636440363996, 15.248054331703191], [-23.297001868066342, 15.252910262874375], [-23.29716119758891, 15.257805264665734], [-23.29684086350918, 15.262692371633209], [-23.296043939295345, 15.267524694080189], [-23.294778071093656, 15.272255867944056], [-23.29411764705883, 15.2740134922805], [-23.29411764705883, 15.239291758060938]]], [[[-23.29411764705883, 15.15153145934145], [-23.29444612950972, 15.152012283028222], [-23.296833345722735, 15.156385730738135], [-23.298773431514945, 15.160975056749422], [-23.300247121177826, 15.165734687501544], [-23.301239780474248, 15.170617358250247], [-23.301741551961438, 15.17557458242247], [-23.301747452878708, 15.18055713310442], [-23.30125742462795, 15.185515531881492], [-23.29411764705883, 15.233288493836195], [-23.29411764705883, 15.15153145934145]]]]}, "properties": {"tile": "N12W024_6x6", "epsg": 4326}}, {"type": "Feature", "geometry": {"type": "MultiPolygon", "coordinates": [[[[-5.717647058823541, 17.24867724867725], [-5.717647058823541, 17.40133223469129], [-5.505882352941189, 17.449001440624663], [-5.505882352941189, 17.276668306370098], [-5.624452253099444, 17.24867724867725], [-5.717647058823541, 17.24867724867725]]], [[[-5.505882352941182, 17.449001440624663], [-5.455612298404238, 17.46031746031746], [-5.29411764705883, 17.46031746031746], [-5.29411764705883, 17.326660067278645], [-5.505882352941182, 17.276668306370098], [-5.505882352941182, 17.449001440624663]]], [[[-4.870588235294132, 17.592009058424786], [-4.65882352941178, 17.63967826435816], [-4.65882352941178, 17.476635350004283], [-4.727945981738898, 17.460317460317466], [-4.870588235294132, 17.460317460317466], [-4.870588235294132, 17.592009058424786]]], [[[-4.658823529411773, 17.639678264358164], [-4.515426149016536, 17.671957671957674], [-4.447058823529421, 17.671957671957674], [-4.447058823529421, 17.52662711091283], [-4.658823529411773, 17.476635350004287], [-4.658823529411773, 17.639678264358164]]], [[[-3.8117647058823647, 17.846024145153812], [-3.656922953174713, 17.883597883597883], [-3.6000000000000116, 17.883597883597883], [-3.6000000000000116, 17.70794283370241], [-3.7484940342973196, 17.671957671957674], [-3.8117647058823647, 17.671957671957674], [-3.8117647058823647, 17.846024145153812]]], [[[-2.964705882352956, 18.0], [-2.752941176470603, 18.0], [-2.752941176470603, 17.913214034772903], [-2.8751532648734, 17.88359788359789], [-2.964705882352956, 17.88359788359789], [-2.964705882352956, 18.0]]]]}, "properties": {"tile": "N12W006_6x6", "epsg": 4326}}, {"type": "Feature", "geometry": {"type": "MultiPolygon", "coordinates": [[[[23.71764705882352, 14.205163240339038], [23.929411764705872, 14.252450675440956], [23.929411764705872, 14.074074074074078], [23.71764705882352, 14.074074074074078], [23.71764705882352, 14.205163240339038]]], [[[23.71764705882352, 14.920634920634923], [23.929411764705872, 14.920634920634923], [23.929411764705872, 14.821783478708253], [23.71764705882352, 14.772173018350747], [23.71764705882352, 14.920634920634923]]], [[[23.29411764705883, 16.613756613756617], [23.50588235294116, 16.613756613756617], [23.505882352941182, 16.613756613756617], [23.717647058823513, 16.613756613756617], [23.717647058823513, 16.541846032285864], [23.29411764705883, 16.442100378265756], [23.29411764705883, 16.613756613756617]]], [[[19.482352941176476, 17.025144321301962], [19.534871304181653, 17.037037037037035], [19.694117647058828, 17.037037037037035], [19.694117647058828, 16.892402353239085], [19.482352941176476, 16.84224724090901], [19.482352941176476, 17.025144321301962]]], [[[19.694117647058835, 17.037037037037035], [19.905882352941187, 17.037037037037035], [19.905882352941187, 16.94255746556916], [19.694117647058835, 16.892402353239085], [19.694117647058835, 17.037037037037035]]], [[[20.329411764705885, 17.21695970210746], [20.469476797915554, 17.24867724867725], [20.521977589929705, 17.24867724867725], [20.541176470588237, 17.176936096389234], [20.541176470588237, 17.093022802559375], [20.329411764705885, 17.042867690229304], [20.329411764705885, 17.21695970210746]]], [[[20.752941176470575, 18.0], [20.964705882352927, 18.0], [20.964705882352927, 17.925281809777854], [20.792830038716648, 17.88359788359789], [20.752941176470575, 17.88359788359789], [20.752941176470575, 18.0]]]]}, "properties": {"tile": "N12E018_6x6", "epsg": 4326}}, {"type": "Feature", "geometry": {"type": "MultiPolygon", "coordinates": [[[[100.16470588235295, 17.71953933914005], [99.96941248824656, 17.671957671957674], [99.95294117647059, 17.671957671957674], [99.95294117647059, 17.883597883597883], [100.16470588235295, 17.883597883597883], [100.16470588235295, 17.71953933914005]]], [[[100.37647058823528, 17.88359788359789], [100.16470588235295, 17.88359788359789], [100.16470588235292, 17.88359788359789], [99.95294117647059, 17.88359788359789], [99.95294117647059, 18.0], [100.37647058823528, 18.0], [100.37647058823528, 17.88359788359789]]], [[[100.58823529411767, 17.88359788359789], [100.58823529411764, 17.88359788359789], [100.3764705882353, 17.88359788359789], [100.3764705882353, 18.0], [101.01176470588233, 18.0], [101.01176470588233, 17.92591841923895], [100.83806501154281, 17.88359788359789], [100.8, 17.88359788359789], [100.79999999999997, 17.88359788359789], [100.58823529411767, 17.88359788359789]]]]}, "properties": {"tile": "N12E096_6x6", "epsg": 4326}}, {"type": "Feature", "geometry": {"type": "Polygon", "coordinates": [[[109.48235294117644, 12.592592592592597], [109.48235294117644, 12.665048105610014], [109.49386923051068, 12.609815078724624], [109.4946274670473, 12.6050273191886], [109.4949185194514, 12.600188636256407], [109.49473965211399, 12.59534450883283], [109.49436896815736, 12.592592592592597], [109.48235294117644, 12.592592592592597]]]}, "properties": {"tile": "N12E108_6x6", "epsg": 4326}}, {"type": "Feature", "geometry": {"type": "MultiPolygon", "coordinates": [[[[144.63529411764702, 13.439153439153438], [144.63529411764702, 13.248462726306311], [144.6290690262742, 13.254149744621628], [144.62542056728674, 13.257848438781506], [144.6221756045363, 13.261905754177171], [144.61936917270646, 13.26627788544877], [144.60657620395648, 13.288689994823768], [144.60426694934344, 13.293265474512417], [144.60243821502635, 13.298053313487], [144.60110921564194, 13.303003205595447], [144.60029391507777, 13.308063141982313], [144.60000087975274, 13.313179957549375], [144.59931728600273, 13.428414332549375], [144.59952300770274, 13.433251582951115], [144.6001956184564, 13.4380462578766], [144.60132881151202, 13.442753399935821], [144.60291196145644, 13.44732887249289], [144.60493022384438, 13.451729773514314], [144.60736467438784, 13.455914837841002], [144.61019248640005, 13.459844824112052], [144.61338714483057, 13.463482882712364], [144.61691869488428, 13.466794901293992], [144.62075402289332, 13.469749824631418], [144.63529411764702, 13.479869488916366], [144.63529411764702, 13.439153439153442], [144.63529411764702, 13.439153439153438]]], [[[144.93040693295737, 13.644519540229854], [144.93508884404042, 13.642078972561913], [144.93948729546491, 13.639158307055895], [144.94355324157345, 13.635790111073769], [144.97470558532348, 13.607079173573775], [144.9782421959636, 13.603472756905518], [144.98139689598523, 13.599527921829358], [144.98413748996362, 13.595284927526928], [144.98643600865066, 13.590787076056493], [144.98826899441644, 13.586080270431953], [144.98961774064702, 13.581212546157685], [144.99046848265553, 13.576233581000174], [144.99081253815834, 13.571194187999449], [144.99064639588244, 13.566145796894462], [144.98997175139985, 13.561139929254693], [144.98879548982345, 13.5562276726746], [144.98712961554062, 13.551459159397002], [144.98499112970205, 13.546883054686344], [144.98240185671557, 13.542546060173287], [144.97938822151647, 13.538492437239231], [144.97598097988654, 13.534763555304915], [144.8249806398718, 13.38541249084857], [144.79029481307546, 13.247113873750374], [144.78885965399053, 13.242392592235937], [144.7869661000358, 13.237835769421931], [144.78463259456376, 13.233487789092], [144.78188186608634, 13.229391000888898], [144.77874070689776, 13.225585307825895], [144.77523971211568, 13.22210777762856], [144.77141298168235, 13.218992281692424], [144.7672977882288, 13.21626916517314], [144.76293421403682, 13.213964951422472], [144.7583647606345, 13.212102083648936], [144.75363393482834, 13.210698706319322], [144.74878781520368, 13.209768488430278], [144.74387360331602, 13.209320490371294], [144.70158844706603, 13.207562677871291], [144.69670424003124, 13.207598412840616], [144.6918468239296, 13.208110530173354], [144.6870625516362, 13.209094142886336], [144.68239707803642, 13.210539864656424], [144.67789492435517, 13.212433899391389], [144.67359905330403, 13.214758172881917], [144.6695504591009, 13.217490505278397], [144.66578777627424, 13.220604822746623], [144.63529411764708, 13.24846272630626], [144.63529411764708, 13.439153439153438], [144.63529411764708, 13.439153439153442], [144.63529411764708, 13.479869488916405], [144.75105779863935, 13.560439086836917], [144.79174282570992, 13.644207416257995], [144.7926096044625, 13.645783802845077], [144.81361076743363, 13.65079365079365], [144.8470588235294, 13.65079365079365], [144.91664310290804, 13.65079365079365], [144.93040693295737, 13.644519540229854]]], [[[144.8470588235294, 13.658772717259897], [144.87562436769537, 13.665587055734218], [144.88517261854219, 13.66368222791376], [144.890753275293, 13.662229830669759], [144.8961295892074, 13.660144540229854], [144.91664310290804, 13.650793650793654], [144.8470588235294, 13.650793650793654], [144.8470588235294, 13.658772717259897]]]]}, "properties": {"tile": "N12E144_6x6", "epsg": 4326}}, {"type": "Feature", "geometry": {"type": "MultiPolygon", "coordinates": [[[[10.8, 16.190476190476193], [10.8, 16.34730923161646], [11.011764705882353, 16.393494335862776], [11.011764705882353, 16.190476190476193], [10.8, 16.190476190476193]]], [[[10.8, 17.664301198456407], [10.831707842990491, 17.671957671957674], [11.011764705882353, 17.671957671957674], [11.011764705882353, 17.460794086540563], [11.009671736415187, 17.460317460317466], [10.8, 17.460317460317466], [10.8, 17.664301198456407]]], [[[11.01176470588236, 17.671957671957674], [11.223529411764712, 17.671957671957674], [11.223529411764712, 17.50901868490825], [11.01176470588236, 17.460794086540563], [11.01176470588236, 17.671957671957674]]], [[[11.43529411764705, 17.671957671957674], [11.43529411764705, 17.81770528143784], [11.647058823529402, 17.868839975764985], [11.647058823529402, 17.671957671957674], [11.43529411764705, 17.671957671957674]]], [[[11.64705882352941, 17.868839975764985], [11.708175919325036, 17.883597883597883], [11.858823529411762, 17.883597883597883], [11.858823529411762, 17.671957671957674], [11.64705882352941, 17.671957671957674], [11.64705882352941, 17.868839975764985]]], [[[12.0, 17.883597883597883], [12.0, 17.685842212256432], [11.939029962048407, 17.671957671957674], [11.858823529411769, 17.671957671957674], [11.858823529411769, 17.883597883597883], [12.0, 17.883597883597883]]]]}, "properties": {"tile": "N12E006_6x6", "epsg": 4326}}, {"type": "Feature", "geometry": {"type": "MultiPolygon", "coordinates": [[[[-7.623529411764697, 17.316486221040815], [-7.835294117647049, 17.266469822985485], [-7.835294117647049, 17.44321019568462], [-7.758720228091353, 17.46031746031746], [-7.623529411764697, 17.46031746031746], [-7.623529411764697, 17.316486221040815]]], [[[-6.776470588235288, 17.516551813262126], [-6.98823529411764, 17.466535415206796], [-6.98823529411764, 17.632450412392657], [-6.811396705628564, 17.671957671957674], [-6.776470588235288, 17.671957671957674], [-6.776470588235288, 17.516551813262126]]]]}, "properties": {"tile": "N12W012_6x6", "epsg": 4326}}, {"type": "Feature", "geometry": {"type": "MultiPolygon", "coordinates": [[[[24.14117647058823, 14.28571428571429], [24.14117647058823, 14.116365311325168], [24.0, 14.083186448445092], [24.0, 14.268213153808265], [24.078374351298603, 14.28571428571429], [24.14117647058823, 14.28571428571429]]], [[[24.98823529411764, 14.31543848860563], [24.861758444370984, 14.285714285714286], [24.776470588235288, 14.285714285714286], [24.776470588235288, 14.44218864087018], [24.98823529411764, 14.489823595879132], [24.98823529411764, 14.31543848860563]]], [[[24.352941176470598, 15.090559378605413], [24.539792414417192, 15.132275132275138], [24.56470588235293, 15.132275132275138], [24.56470588235295, 15.132275132275138], [24.77647058823528, 15.132275132275138], [24.77647058823528, 15.02022532013828], [24.352941176470598, 14.921004399423271], [24.352941176470598, 15.090559378605413]]], [[[25.83529411764705, 16.190476190476193], [25.83529411764705, 16.006628836899637], [25.71805684021216, 15.978835978835983], [25.623529411764697, 15.978835978835983], [25.623529411764697, 16.145724414430816], [25.82261339669676, 16.190476190476193], [25.83529411764705, 16.190476190476193]]], [[[26.682352941176458, 16.207436857769892], [26.610808573467377, 16.190476190476193], [26.470588235294105, 16.190476190476193], [26.470588235294105, 16.336133435933895], [26.682352941176458, 16.383735691309663], [26.682352941176458, 16.207436857769892]]], [[[24.35294117647059, 16.825396825396826], [24.35294117647059, 16.69146451331603], [24.14117647058824, 16.641591686305976], [24.14117647058824, 16.80966354541404], [24.21175620245178, 16.825396825396826], [24.35294117647059, 16.825396825396826]]], [[[27.529411764705866, 16.89242656178524], [27.317647058823514, 16.842198667327484], [27.317647058823514, 17.037037037037035], [27.529411764705866, 17.037037037037035], [27.529411764705866, 16.89242656178524]]], [[[27.529411764705866, 17.03703703703704], [27.317647058823514, 17.03703703703704], [27.317647058823514, 17.24867724867725], [27.529411764705866, 17.24867724867725], [27.529411764705866, 17.03703703703704]]], [[[27.741176470588226, 17.24867724867725], [27.741176470588226, 17.03703703703704], [27.529411764705873, 17.03703703703704], [27.529411764705873, 17.24867724867725], [27.741176470588226, 17.24867724867725]]], [[[27.952941176470585, 17.24867724867725], [27.952941176470585, 17.03703703703704], [27.741176470588233, 17.03703703703704], [27.741176470588233, 17.24867724867725], [27.952941176470585, 17.24867724867725]]], [[[28.164705882352944, 17.46031746031746], [28.164705882352944, 17.24867724867725], [28.164705882352944, 17.04311024515852], [28.13910076500747, 17.03703703703704], [27.952941176470592, 17.03703703703704], [27.952941176470592, 17.24867724867725], [27.952941176470592, 17.414880504434564], [28.155435601687397, 17.46031746031746], [28.164705882352944, 17.46031746031746]]], [[[28.376470588235282, 17.46031746031746], [28.376470588235303, 17.46031746031746], [28.588235294117634, 17.46031746031746], [28.588235294117634, 17.24867724867725], [28.376470588235303, 17.24867724867725], [28.376470588235303, 17.09333813961628], [28.16470588235295, 17.04311024515852], [28.16470588235295, 17.24867724867725], [28.16470588235295, 17.46031746031746], [28.376470588235282, 17.46031746031746]]], [[[28.799999999999994, 17.24867724867725], [28.58823529411764, 17.24867724867725], [28.58823529411764, 17.46031746031746], [28.787206669349352, 17.46031746031746], [28.799999999999994, 17.41200474013693], [28.799999999999994, 17.24867724867725]]], [[[28.8, 17.24867724867725], [28.8, 17.4120047401369], [28.843249533348054, 17.24867724867725], [28.8, 17.24867724867725]]]]}, "properties": {"tile": "N12E024_6x6", "epsg": 4326}}, {"type": "Feature", "geometry": {"type": "Polygon", "coordinates": [[[-96.35294117647058, 15.767195767195767], [-96.43502425438265, 15.767195767195767], [-96.35294117647058, 15.786921624169862], [-96.35294117647058, 15.767195767195767]]]}, "properties": {"tile": "N12W102_6x6", "epsg": 4326}}, {"type": "Feature", "geometry": {"type": "MultiPolygon", "coordinates": [[[[13.129411764705868, 15.978835978835983], [13.129411764705868, 16.044371386372994], [13.34117647058822, 16.09541880171571], [13.34117647058822, 15.978835978835983], [13.129411764705868, 15.978835978835983]]], [[[13.341176470588227, 16.095418801715713], [13.55294117647058, 16.146466217058432], [13.55294117647058, 16.02627915226492], [13.351251330755725, 15.978835978835983], [13.341176470588227, 15.978835978835983], [13.341176470588227, 16.095418801715713]]], [[[14.188235294117636, 16.299608463086585], [14.399999999999988, 16.350655878429304], [14.399999999999988, 16.225531417676592], [14.250973641631736, 16.190476190476193], [14.188235294117636, 16.190476190476193], [14.188235294117636, 16.299608463086585]]], [[[15.247058823529404, 16.337813039294357], [15.458823529411756, 16.383752002376472], [15.458823529411756, 16.190476190476193], [15.247058823529404, 16.190476190476193], [15.247058823529404, 16.337813039294357]]], [[[17.36470588235294, 16.298943051610436], [17.576470588235292, 16.3507111888401], [17.576470588235292, 16.190476190476193], [17.36470588235294, 16.190476190476193], [17.36470588235294, 16.298943051610436]]], [[[17.5764705882353, 16.350711188840105], [17.786750703627142, 16.402116402116402], [17.78823529411765, 16.402116402116402], [17.78823529411765, 16.223676929933813], [17.64838681117231, 16.190476190476193], [17.5764705882353, 16.190476190476193], [17.5764705882353, 16.350711188840105]]], [[[12.070588235294128, 16.613756613756617], [12.28235294117648, 16.613756613756617], [12.28235294117648, 16.501569201012384], [12.070588235294128, 16.4516165060955], [12.070588235294128, 16.613756613756617]]]]}, "properties": {"tile": "N12E012_6x6", "epsg": 4326}}, {"type": "Feature", "geometry": {"type": "Polygon", "coordinates": [[[50.82352941176471, 15.343915343915347], [50.82352941176471, 15.132275132275135], [50.61176470588235, 15.132275132275135], [50.61176470588235, 15.33649610702459], [50.645021239703084, 15.343915343915347], [50.82352941176471, 15.343915343915347]]]}, "properties": {"tile": "N12E048_6x6", "epsg": 4326}}, {"type": "Feature", "geometry": {"type": "MultiPolygon", "coordinates": [[[[-81.56424022806667, 7.301587301587302], [-81.56443802991845, 7.301317058822398], [-81.56774766388375, 7.297626449103283], [-81.57140648673217, 7.294281708089847], [-81.57537853329312, 7.291315713619063], [-81.57962475949749, 7.288757620558912], [-81.58410342616958, 7.286632574224461], [-81.58877050931103, 7.284961463206683], [-81.59358013284418, 7.2837607140436536], [-81.59848501956046, 7.283042129752429], [-81.65331900393545, 7.277768692252435], [-81.65792199163062, 7.277539399139661], [-81.66252653815262, 7.277734904587856], [-81.66709352314331, 7.278353547577176], [-81.67158414536843, 7.279390072099201], [-81.67596025237391, 7.280835671812131], [-81.730241026267, 7.301587301587302], [-81.56424022806667, 7.301587301587302]]], [[[-81.73024102626701, 7.301587301587306], [-81.78797197112391, 7.323657937437137], [-81.79284044506447, 7.325823102232425], [-81.79745087390029, 7.328494042712991], [-81.80175090164369, 7.331640427703205], [-81.80569169721905, 7.335226526883933], [-81.88762529096905, 7.4181855112589306], [-81.89064023227691, 7.421526378024357], [-81.89334257955406, 7.4251247917065015], [-81.89571044242359, 7.4289516033383025], [-81.89772464000112, 7.432975813814021], [-81.8993688562696, 7.43716482499765], [-81.90062977224743, 7.4414847037842655], [-81.90717274099742, 7.4683401725342655], [-81.90811001534676, 7.473237520220873], [-81.90855485048537, 7.478203868906669], [-81.90850282252823, 7.483189828258802], [-81.90684266627824, 7.510680062633797], [-81.90655214295559, 7.513227513227518], [-81.74117647058824, 7.513227513227518], [-81.74117647058823, 7.513227513227518], [-81.62253264147199, 7.513227513227518], [-81.62275042416839, 7.512046326792503], [-81.62405090667966, 7.507478305986567], [-81.62577895158121, 7.5030542886195395], [-81.62791896633074, 7.4988141936067585], [-81.63045164108819, 7.494796280290307], [-81.63335412295297, 7.491036803216269], [-81.63660022217077, 7.487569685001707], [-81.65474103264377, 7.46995107558112], [-81.65174034870832, 7.458395646761334], [-81.58928638183124, 7.423961567726402], [-81.58523871233821, 7.421472016388436], [-81.58144566294011, 7.418609452772943], [-81.57794149472612, 7.415399733265384], [-81.5747578594379, 7.411871849970724], [-81.57192351357216, 7.408057668839408], [-81.56946405863476, 7.403991641835059], [-81.56740170989268, 7.399710495743745], [-81.56575509571235, 7.395252900435701], [-81.56453908929718, 7.390659119575945], [-81.55438283929719, 7.343295838325945], [-81.55358502828173, 7.338403213808705], [-81.55327562076198, 7.333455634191375], [-81.5534576581244, 7.328501732750917], [-81.55412935099437, 7.323590204905987], [-81.5552840968252, 7.318769329555049], [-81.5569105447993, 7.314086494508767], [-81.55899270740336, 7.309587730681526], [-81.56151011758111, 7.305317259620852], [-81.56424022806667, 7.301587301587306], [-81.73024102626701, 7.301587301587306]]], [[[-80.68235294117648, 7.513227513227518], [-80.68235294117648, 7.301587301587306], [-80.89411764705883, 7.301587301587306], [-80.89411764705883, 7.513227513227518], [-80.68235294117648, 7.513227513227518]]]]}, "properties": {"tile": "N06W084_6x6", "epsg": 4326}}, {"type": "Feature", "geometry": {"type": "MultiPolygon", "coordinates": [[[[-15.882352941176482, 11.111111111111112], [-15.882352941176482, 11.010317610305922], [-15.884077783693982, 11.009405604557783], [-15.888781806880086, 11.007500350265323], [-15.893654739335371, 11.00608177445114], [-15.898646374597313, 11.005164492887992], [-15.903705283192798, 11.004757956448195], [-15.908779342522726, 11.004866353730032], [-15.967568405022709, 11.009114400605037], [-15.972384377246867, 11.009698358162613], [-15.97712108934701, 11.010746286296248], [-15.98173395068298, 11.012248319980303], [-15.986179536525636, 11.014190319313073], [-15.990415996850237, 11.016554002627522], [-15.99440345030577, 11.019317118591948], [-15.998104359651546, 11.022453655680405], [-16.00148388512669, 11.025934087040996], [-16.004510212426002, 11.02972564845687], [-16.007154852194684, 11.033792646783253], [-16.0093929082225, 11.03809679595693], [-16.011203311812665, 11.042597577415037], [-16.012569020119145, 11.047252621530244], [-16.01347717658524, 11.05201810647157], [-16.013919231973144, 11.056849170735987], [-16.01389102484507, 11.061700335467352], [-16.01339282073834, 11.06652593258698], [-16.012429309665695, 11.071280534705538], [-16.011009561964237, 11.075919382769133], [-16.010236119404222, 11.077779439797107], [-16.011216956991166, 11.080451317885986], [-16.012462902575205, 11.085295589995704], [-16.012717350297724, 11.086960426014704], [-16.028984423840093, 11.058963075822426], [-16.031805160777363, 11.054638871298762], [-16.03505677145448, 11.050628593298896], [-16.03870458680609, 11.046974999890711], [-16.042709713384795, 11.043717046127943], [-16.04702944804778, 11.040889468706693], [-16.089314604297797, 11.016231265581693], [-16.093123729653918, 11.014224585197477], [-16.097091363438725, 11.012553033734708], [-16.101188087707474, 11.01122900487971], [-16.105383527376496, 11.010262315619078], [-16.18541282425148, 10.995418565619081], [-16.190460000163064, 10.994746104524996], [-16.195549396871105, 10.994590445430315], [-16.200628234912017, 10.994953202593862], [-16.20564384432063, 10.995830614051378], [-16.21054421084274, 10.997213580628893], [-16.215278515347677, 10.999087760305473], [-16.21979766084683, 11.00143371694681], [-16.224054781652782, 11.004227121867167], [-16.228005729398763, 11.007439006129417], [-16.231609530878195, 11.011036060966694], [-16.23482881295634, 11.014980983210146], [-16.271303422331346, 11.064639186335151], [-16.27378929087747, 11.068362076179076], [-16.275932216828167, 11.072292384002697], [-16.27771502295942, 11.076398605321252], [-16.27912341868863, 11.08064782556602], [-16.28454334056362, 11.099837278691014], [-16.28563982525397, 11.104597226305057], [-16.286266623314123, 11.109441450098027], [-16.28631830726787, 11.111111111111112], [-16.094117647058834, 11.111111111111112], [-16.094117647058813, 11.111111111111112], [-15.882352941176482, 11.111111111111112]]], [[[-16.094117647058813, 11.111111111111116], [-16.094117647058834, 11.111111111111116], [-16.28631830726787, 11.111111111111116], [-16.286417752738853, 11.114323717999481], [-16.28609177118641, 11.11919743485544], [-16.285291789743884, 11.12401608712098], [-16.284025443235752, 11.128733686773975], [-16.28230481735902, 11.133305210213367], [-16.280146333340316, 11.137687027953254], [-16.277570591215774, 11.141837321011877], [-16.274602173229415, 11.145716480021617], [-16.271269409226292, 11.149287483250973], [-16.267604106279475, 11.152516249930782], [-16.26364124513124, 11.155371965512632], [-16.259418646345548, 11.157827375755268], [-16.254976609357936, 11.159859046832311], [-16.213179734357947, 11.176558265582317], [-16.209127055234255, 11.177978846254009], [-16.204967424671686, 11.179046428151254], [-16.200731527861453, 11.179753135825942], [-16.199253787036454, 11.179870715421343], [-16.18151410994496, 11.199950288570928], [-16.17807906346219, 11.203472800426619], [-16.174314443648456, 11.20664065013428], [-16.17025670351937, 11.209423163235256], [-16.13099889101936, 11.233593085110256], [-16.125223187250512, 11.236647706793633], [-16.107889202875512, 11.24441137866863], [-16.103244680974456, 11.246219417767806], [-16.098443231045568, 11.2475560806475], [-16.093532561426713, 11.248408085910388], [-16.088561465688315, 11.248766967831417], [-16.08357933780897, 11.248629160475256], [-16.063462150308965, 11.247066660475264], [-16.058456836169327, 11.246422449393126], [-16.053541955944365, 11.245276966992975], [-16.048767578850967, 11.243641882614474], [-16.044182342762543, 11.241533853305327], [-16.039832958721828, 11.238974354131432], [-16.03576373508282, 11.235989459404554], [-16.032016126129584, 11.232609577056243], [-16.02862830977021, 11.228869138864008], [-16.025634798608117, 11.224806249685452], [-16.023066088352824, 11.22046229927377], [-16.02094834715188, 11.21588154062911], [-16.019303149008852, 11.211110639181275], [-16.018147254003107, 11.206198197396327], [-16.00578623085953, 11.138502929710667], [-15.99550137791231, 11.189602098520295], [-15.994291555007878, 11.194381243273007], [-15.992616971810536, 11.199018016627685], [-15.990493907878648, 11.203467341921321], [-15.98794300270224, 11.207685964778184], [-15.97915394020224, 11.22072307415319], [-15.976136991753286, 11.224745883389952], [-15.972731244589387, 11.228445323665806], [-15.968971144399351, 11.231783978883092], [-15.964894720794536, 11.234728081920203], [-15.960543202677787, 11.237247856151878], [-15.95596060125477, 11.23931781660966], [-15.951193264905134, 11.24091702773658], [-15.946289410415515, 11.242029315129148], [-15.941298635315492, 11.24264342912509], [-15.936271416248728, 11.242753158582305], [-15.931258598452757, 11.242357393698287], [-15.926310881510824, 11.241460137234656], [-15.92147830657686, 11.24007046403327], [-15.916809750259816, 11.23820242923338], [-15.912352430286177, 11.235874926118106], [-15.908151427940412, 11.233111495027975], [-15.904249232113362, 11.229940085274196], [-15.900685309570068, 11.226392772459624], [-15.882352941176482, 11.206211498535746], [-15.882352941176482, 11.111111111111116], [-16.094117647058813, 11.111111111111116]]], [[[-15.882352941176475, 11.111111111111112], [-15.849470869518038, 11.111111111111112], [-15.846397300012724, 11.089516083701396], [-15.845957332104337, 11.08489680944167], [-15.845947482294722, 11.080256640325329], [-15.84636783541543, 11.075635539839418], [-15.847214771172442, 11.071073307242271], [-15.84848099532598, 11.066609234792145], [-15.85775833907598, 11.038874859792136], [-15.859610546177015, 11.03414969768812], [-15.861932217874157, 11.02963664233891], [-15.864699433679254, 11.025382192345976], [-15.86788368260475, 11.021430181865876], [-15.871452156916122, 11.017821328981173], [-15.875368090154279, 11.0145928161767], [-15.879591135945212, 11.01177790724353], [-15.882352941176475, 11.010317610305927], [-15.882352941176475, 11.111111111111112]]], [[[-15.670588235294122, 11.322751322751328], [-15.670588235294122, 11.186710917235457], [-15.675146484374988, 11.184452272633129], [-15.675146484374988, 11.174511718749997], [-15.67538318829852, 11.169652257503554], [-15.676091058919216, 11.16483880639884], [-15.677263394006948, 11.160116939946347], [-15.678889093709115, 11.155531365518701], [-15.680952765645799, 11.15112550005425], [-15.683434870647229, 11.146941058978673], [-15.686311907753705, 11.143017661236783], [-15.689556636726378, 11.139392454174146], [-15.693138335962104, 11.136099761820173], [-15.6970230933704, 11.133170759902832], [-15.701174127458447, 11.130633180671957], [-15.705552135584034, 11.128511050325958], [-15.710115666079133, 11.126824461527999], [-15.714821510720814, 11.125589383165517], [-15.719625113833466, 11.124817509154278], [-15.724480994148935, 11.124516147718564], [-15.729343175430309, 11.124688152195743], [-15.734165621782136, 11.12533189402043], [-15.776499606157142, 11.133095565895427], [-15.781380624811925, 11.13424638208376], [-15.786121815008002, 11.135880345526525], [-15.790675482797578, 11.137981019387416], [-15.794995820612336, 11.140527271962094], [-15.799039368064125, 11.143493489252311], [-15.802765449134252, 11.146849832629636], [-15.815070136634258, 11.159105692004639], [-15.818469916824771, 11.162853350775576], [-15.82147351165716, 11.166925434970437], [-15.82405016017345, 11.171280240824974], [-15.826173473935398, 11.175873169114801], [-15.82782170727855, 11.180657181913041], [-15.828977980017847, 11.185583284323624], [-15.82963045032404, 11.190601026256678], [-15.829772436000363, 11.195659019107099], [-15.829402482917462, 11.200705462044816], [-15.828524379905677, 11.205688672526813], [-15.827147119952196, 11.21055761559772], [-15.802049463702184, 11.284727537472717], [-15.800137692907704, 11.28954055681437], [-15.797738332030045, 11.294130011044722], [-15.79487712143454, 11.298446664457021], [-15.791584756214501, 11.302444207954172], [-15.78789655689397, 11.306079755853153], [-15.76913180951375, 11.322751322751328], [-15.670588235294122, 11.322751322751328]]], [[[-15.882352941176475, 11.111111111111116], [-15.882352941176475, 11.206211498535739], [-15.872120856445068, 11.194947459959627], [-15.86925663083305, 11.191495092003422], [-15.866713355005665, 11.187799908526593], [-15.864511499925213, 11.183891652257325], [-15.862668788440251, 11.179801780958034], [-15.861200052633452, 11.17556321422016], [-15.857342630758469, 11.162574932970157], [-15.856425009514581, 11.15900900882292], [-15.85577230001273, 11.155385224326393], [-15.849470869518038, 11.111111111111116], [-15.882352941176475, 11.111111111111116]]], [[[-12.917647058823537, 7.513227513227518], [-12.917647058823537, 7.50943085129984], [-12.931221135477283, 7.513227513227518], [-12.917647058823537, 7.513227513227518]]]]}, "properties": {"tile": "N06W018_6x6", "epsg": 4326}}, {"type": "Feature", "geometry": {"type": "MultiPolygon", "coordinates": [[[[108.00000000000001, 10.687830687830688], [108.03927099919625, 10.687830687830688], [108.03715579023927, 10.685444628481813], [108.03366181005289, 10.682189907478548], [108.02987328861714, 10.679283326723988], [108.02582477892408, 10.676751395520897], [108.02155320517376, 10.674617206202328], [108.01709752600911, 10.672900223519333], [108.01249837919595, 10.671616107113817], [108.00779771098851, 10.67077656869567], [108.00000000000001, 10.669765303051848], [108.00000000000001, 10.687830687830688]]], [[[108.63529411764704, 11.534391534391537], [108.63529411764704, 11.322751322751325], [108.4235294117647, 11.322751322751325], [108.4235294117647, 11.111111111111116], [108.21176470588237, 11.111111111111116], [108.21176470588235, 11.111111111111116], [108.00000000000001, 11.111111111111116], [108.00000000000001, 11.322751322751328], [108.21176470588235, 11.322751322751328], [108.21176470588235, 11.534391534391537], [108.42352941176468, 11.534391534391537], [108.4235294117647, 11.534391534391537], [108.63529411764704, 11.534391534391537]]]]}, "properties": {"tile": "N06E108_6x6", "epsg": 4326}}, {"type": "Feature", "geometry": {"type": "MultiPolygon", "coordinates": [[[[168.87967288088615, 7.301587301587302], [168.8794892822873, 7.300163908919686], [168.87838850893365, 7.295385113956252], [168.87682489585907, 7.290737136177514], [168.87481348413525, 7.2862646864957465], [168.87237362240316, 7.2820107873424025], [168.86952878074996, 7.278016358816702], [168.86630632494027, 7.274319825057459], [168.85146257494026, 7.258890137557456], [168.84782232903802, 7.255466411427297], [168.84385850279244, 7.252423161135563], [168.83961069211784, 7.249790786672117], [168.83512132973874, 7.247595583658193], [168.83043526131613, 7.245859480671123], [168.82559929746984, 7.244599820192836], [168.82066174617253, 7.24382918537033], [168.81567193018606, 7.2435552743186244], [168.81067969436077, 7.243780823221867], [168.71448828811077, 7.252960510721875], [168.7092987126694, 7.253732283448397], [168.7042185811275, 7.255043614802347], [168.69930383046068, 7.256880065805248], [168.65516320546072, 7.2760695189302425], [168.65084164478458, 7.278201455044539], [168.64674538401664, 7.280739502718315], [168.6429124709282, 7.2836600875107], [168.63937850720782, 7.286936081817196], [168.63617631777822, 7.290537056842135], [168.63333564590476, 7.2944295652339655], [168.63088287692753, 7.298577451758149], [168.62947469015802, 7.301587301587302], [168.7764705882353, 7.301587301587302], [168.87967288088615, 7.301587301587302]]], [[[168.629474690158, 7.301587301587306], [168.62884079318346, 7.302942189121995], [168.62722836239448, 7.3074832358321515], [168.62606056148735, 7.3121584127608354], [168.62534823748194, 7.316924294923089], [168.62509800673948, 7.321736614826074], [168.62531219350694, 7.326550673643932], [168.62598880832877, 7.331321756399037], [168.62712156652543, 7.336005547293283], [168.63132078527542, 7.350312187918277], [168.63292147413523, 7.3549206317944655], [168.6349636560653, 7.359351145619111], [168.63742788952652, 7.363561550971872], [168.64029071505595, 7.367511764861519], [168.64352487860063, 7.371164181315364], [168.64709959097559, 7.374484029387516], [168.65098082097654, 7.377439704177733], [168.65513161935635, 7.380003067709554], [168.65951247058115, 7.382149716803389], [168.66408166901778, 7.383859215394397], [168.6687957159706, 7.385115289083489], [168.67360973378848, 7.385905980069348], [168.6784778930992, 7.386223760986509], [168.68335384910444, 7.386065606565752], [168.68819118278148, 7.3854330224346185], [168.76434846301063, 7.371666129470124], [168.83913855418433, 7.358192196595485], [168.84391634843348, 7.35708708782642], [168.84856290561072, 7.355519258219222], [168.85303352846918, 7.353503789406242], [168.8572852121504, 7.351060069055315], [168.86127705786674, 7.34821160437139], [168.86497066632455, 7.344985795970534], [168.8683305071036, 7.341413674301534], [168.87132426043954, 7.337529601150566], [168.87392312812185, 7.3333709391002815], [168.87610211051617, 7.328977692122939], [168.87784024704663, 7.324392120764857], [168.87912081782486, 7.319658335623911], [168.87993150448557, 7.314821873030574], [168.88026450868256, 7.309929257014226], [168.88011662710414, 7.3050275517683545], [168.87967288088615, 7.301587301587306], [168.7764705882353, 7.301587301587306], [168.629474690158, 7.301587301587306]]], [[[169.69779305724205, 6.04803394398759], [169.7012304256081, 6.051422093156638], [169.70497845578802, 6.054463034761798], [169.70900222355255, 6.057128433240982], [169.71326423534336, 6.059393452351376], [169.71772477763903, 6.061236986594103], [169.7223422870064, 6.0626418578757395], [169.72707373738956, 6.063594975574172], [169.7318750410278, 6.064087458517307], [169.73670145926602, 6.0641147177380335], [169.7415080194309, 6.0636764992343215], [169.746249933887, 6.062776886336019], [169.750883017369, 6.06142426165629], [169.75536409870116, 6.059631228982241], [169.75965142306708, 6.057414495832545], [169.76370504108218, 6.0547947177764145], [169.76748718104284, 6.051796305964538], [169.77096260088408, 6.048447199665433], [169.77409891656586, 6.044778605926717], [169.77686690382833, 6.040824708787134], [169.7792407705041, 6.036622350748917], [169.7811983968502, 6.032210689478529], [169.78135293029615, 6.031746031746033], [169.68279103280904, 6.031746031746033], [169.69779305724205, 6.04803394398759]]]]}, "properties": {"tile": "N06E168_6x6", "epsg": 4326}}, {"type": "Feature", "geometry": {"type": "MultiPolygon", "coordinates": [[[[103.12941176470586, 10.869601827326395], [103.1280504605727, 10.870294055145148], [103.12399102225507, 10.872877145491579], [103.12019866777624, 10.875838469975545], [103.1167085164551, 10.879150605079676], [103.11355288904068, 10.882782878584482], [103.11076100840388, 10.886701653610222], [103.10835872891752, 10.890870640113178], [103.10636829703029, 10.895251230951716], [103.10492193043792, 10.899470899470904], [103.12941176470586, 10.899470899470904], [103.12941176470586, 10.869601827326395]]], [[[102.61941720840066, 11.531780135339707], [102.6153269544174, 11.529091595362226], [102.61099342133484, 11.526815872206733], [102.60645813900366, 11.524974774970117], [102.60176457071226, 11.523585947568295], [102.59695769666192, 11.522662699648048], [102.59208358290493, 11.522213879035746], [102.58718893987657, 11.522243786945353], [102.58232067475173, 11.522752136758307], [102.57752544191607, 11.52373405677029], [102.57284919585982, 11.525180136878575], [102.5683367507789, 11.527076518762513], [102.56403135110385, 11.52940502869296], [102.55997425707251, 11.532143351697831], [102.55697154731037, 11.534391534391537], [102.62265028528043, 11.534391534391537], [102.61941720840066, 11.531780135339707]]], [[[103.34117647058825, 10.670413374322122], [103.31766537818142, 10.645424980654445], [103.31415465696826, 10.642040673443157], [103.31033096378508, 10.639014443250707], [103.30623066761116, 10.636375074003515], [103.3018927683295, 10.634147670008058], [103.29735852578014, 10.632353417171762], [103.29267106731815, 10.63100938149369], [103.28787497760855, 10.630128346741634], [103.28301587456028, 10.629718692859571], [103.27813997543232, 10.629784316262], [103.27329365723928, 10.630324592773277], [103.26852301563726, 10.631334383564443], [103.26387342648603, 10.63280408403109], [103.25938911425747, 10.634719715147371], [103.2551127313954, 10.6370630564272], [103.25108495262769, 10.639811819228049], [103.24734408808953, 10.642939858748896], [103.24392571893726, 10.646417422705985], [103.24086235891897, 10.650211434321047], [103.21340674235998, 10.687830687830688], [103.34117647058825, 10.687830687830688], [103.34117647058825, 10.670413374322122]]], [[[103.12941176470589, 11.322751322751325], [103.12941176470589, 11.534391534391537], [103.14856342877448, 11.534391534391537], [103.2005068483685, 11.322751322751325], [103.12941176470589, 11.322751322751325]]], [[[104.82352941176468, 8.571428571428575], [104.82352941176468, 8.571428571428571], [104.82352941176468, 8.541007706690104], [104.76452293835983, 8.548004053014234], [104.7596967316584, 8.548817509910606], [104.75497317663422, 8.550098919751747], [104.7503975324705, 8.55183600458971], [104.74601364112867, 8.554012120384051], [104.74186350727265, 8.556606416478258], [104.73798689579718, 8.55959403538226], [104.73442095081678, 8.562946350946783], [104.731199839766, 8.566631242647482], [104.72835442602091, 8.570613403350729], [104.72591197317875, 8.574854677612215], [104.72389588382931, 8.579314427266896], [104.72232547532082, 8.583949920807367], [104.7212157946689, 8.588716742819782], [104.72057747438224, 8.593569219554292], [104.72041663058623, 8.598460856552332], [104.72073480442072, 8.603344784137622], [104.72152894727341, 8.608174206502339], [104.72279144999048, 8.612902850085515], [104.72451021578435, 8.617485406947479], [104.7266687761402, 8.621877968892113], [104.72924644861061, 8.62603844817732], [104.73221853498629, 8.629926980782662], [104.82299975090201, 8.737364331348575], [104.78959701738718, 8.761094539643352], [104.78588789794273, 8.76400205595774], [104.78246900617422, 8.767245880436153], [104.77937071718202, 8.770797193361314], [104.77662055767524, 8.774624443138752], [104.77424296141102, 8.778693626616544], [104.77225905211309, 8.78296859118589], [104.7722235873984, 8.783068783068783], [104.82352941176468, 8.783068783068783], [104.82352941176468, 8.571428571428575]]], [[[104.82352941176471, 8.783068783068783], [105.03529411764707, 8.783068783068783], [105.03529411764707, 8.571428571428575], [105.03529411764707, 8.571428571428571], [105.03529411764707, 8.561814481665445], [104.90200810721235, 8.534285479071281], [104.8967093177249, 8.533484314732155], [104.89135521783022, 8.533254861799252], [104.8860073133598, 8.533599756139234], [104.82352941176471, 8.5410077066901], [104.82352941176471, 8.571428571428571], [104.82352941176471, 8.571428571428575], [104.82352941176471, 8.783068783068783]]], [[[104.82352941176468, 8.783068783068787], [104.7722235873984, 8.783068783068787], [104.77068645579834, 8.787411355978499], [104.76953914417872, 8.791982449307131], [104.7688273105297, 8.796641259351308], [104.76855727912829, 8.801346394972501], [104.7665884604979, 8.994708994708999], [104.82352941176468, 8.994708994708999], [104.82352941176468, 8.783068783068787]]], [[[105.2470588235294, 9.206349206349207], [105.2470588235294, 8.994708994708995], [105.03529411764704, 8.994708994708995], [105.03529411764704, 9.206349206349207], [105.2470588235294, 9.206349206349207]]], [[[105.2470588235294, 9.206349206349211], [105.03529411764704, 9.206349206349211], [105.03529411764704, 9.417989417989423], [105.2470588235294, 9.417989417989423], [105.2470588235294, 9.206349206349211]]], [[[105.45882352941176, 9.629629629629632], [105.45882352941179, 9.629629629629632], [105.67058823529409, 9.629629629629632], [105.67058823529412, 9.629629629629632], [105.698548047341, 9.629629629629632], [105.7844885923374, 9.264189108570184], [105.79022725686526, 9.2583849193907], [105.88235294117645, 9.278297213945628], [105.88235294117645, 9.21172921702874], [105.87052314935409, 9.206349206349211], [105.67058823529412, 9.206349206349211], [105.67058823529409, 9.206349206349211], [105.45882352941179, 9.206349206349211], [105.45882352941176, 9.206349206349211], [105.24705882352943, 9.206349206349211], [105.24705882352943, 9.41798941798942], [105.24705882352943, 9.417989417989423], [105.24705882352943, 9.629629629629632], [105.45882352941176, 9.629629629629632]]], [[[105.53313185406085, 9.05290874018425], [105.48881401876055, 8.994708994708995], [105.45882352941179, 8.994708994708995], [105.45882352941176, 8.994708994708995], [105.24705882352943, 8.994708994708995], [105.24705882352943, 9.206349206349207], [105.45882352941176, 9.206349206349207], [105.45882352941179, 9.206349206349207], [105.67058823529412, 9.206349206349207], [105.67058823529412, 9.115421826645031], [105.53313185406085, 9.05290874018425]]], [[[106.70644740067834, 8.780849768708995], [106.70765619592856, 8.775994662118372], [106.70837371426819, 8.77104305496558], [106.70859277097199, 8.766044529170527], [106.70831117255983, 8.761049136463487], [106.70753173876062, 8.756106897202187], [106.70023035954443, 8.721248699653884], [106.702067017863, 8.707977362126076], [106.70250796756925, 8.702886148171464], [106.70242694416834, 8.697776516933928], [106.70182479402737, 8.692701843409177], [106.7007078071817, 8.687715137426096], [106.69908765162954, 8.682868489908289], [106.69698125144848, 8.678212528734447], [106.69441061000735, 8.673795889881626], [106.69140258011988, 8.669664709375862], [106.68798858354137, 8.66586214135715], [106.68420428273826, 8.662427907293095], [106.6800892083596, 8.659397881050102], [106.67568634630146, 8.65680371415647], [106.64062775255144, 8.63849316728147], [106.6360854830005, 8.636402873361352], [106.63135715183634, 8.634776704320933], [106.62649004528582, 8.633630922853214], [106.62153283741519, 8.632976987479292], [106.59331018116522, 8.630682065604287], [106.58861764623819, 8.63052167642138], [106.58393075645314, 8.630802163273323], [106.57929084194541, 8.631521052758762], [106.57473881861091, 8.632672005535168], [106.5703148272998, 8.63424487222071], [106.56605787984465, 8.636225782893977], [106.56200551504467, 8.63859726940231], [106.55819346763938, 8.641338419400242], [106.55465535319101, 8.644425060759643], [106.53336629069102, 8.664835217009651], [106.5300227152986, 8.668368581277322], [106.5270383243125, 8.672210139541214], [106.52444136697437, 8.676323528902406], [106.52225642520924, 8.680669813400204], [106.52050418094123, 8.685207852566853], [106.51920122032544, 8.689894690849377], [106.518359876749, 8.694685964212397], [106.5179881140873, 8.699536320073175], [106.51808945132073, 8.704399846593914], [106.51866292922509, 8.70923050726778], [106.51970311945136, 8.713982576684991], [106.52120017590859, 8.718611073354179], [106.52313992796368, 8.723072185482064], [106.52550401457589, 8.727323685681151], [106.52827005809615, 8.731325330679992], [106.53141187608655, 8.735039242252455], [106.53489972915429, 8.738430265760282], [106.53870060245494, 8.741466302915073], [106.59632314213052, 8.783068783068783], [106.705652149476, 8.783068783068783], [106.70644740067834, 8.780849768708995]]], [[[106.62932560245493, 8.806895990415073], [106.63352360863408, 8.809618120111296], [106.6379726496193, 8.811907067527716], [106.64262817583565, 8.813739912750874], [106.64744357011003, 8.81509830295465], [106.65237061446267, 8.815968636172613], [106.65735997292835, 8.816342197498559], [106.662361685572, 8.81621524635146], [106.66732566875245, 8.815589053931037], [106.67220221662497, 8.81446989048884], [106.6769424988606, 8.81286896254236], [106.6814990495989, 8.810802300660818], [106.6858262427377, 8.808290598946293], [106.68988074880095, 8.80535900781751], [106.69362196880962, 8.802036882171183], [106.69701244081145, 8.798357487442685], [106.70001821499861, 8.794357666509308], [106.70260919365728, 8.790077470771545], [106.70475943254506, 8.785559759106468], [106.705652149476, 8.783068783068787], [106.59632314213052, 8.783068783068787], [106.62932560245493, 8.806895990415073]]], [[[107.99999999999999, 10.8994708994709], [107.78823529411763, 10.8994708994709], [107.78823529411763, 11.111111111111112], [107.99999999999999, 11.111111111111112], [107.99999999999999, 10.8994708994709]]], [[[107.99999999999999, 11.111111111111116], [107.78823529411763, 11.111111111111116], [107.78823529411763, 11.322751322751328], [107.99999999999999, 11.322751322751328], [107.99999999999999, 11.111111111111116]]]]}, "properties": {"tile": "N06E102_6x6", "epsg": 4326}}, {"type": "Feature", "geometry": {"type": "Polygon", "coordinates": [[[121.12941176470586, 6.031746031746033], [120.91764705882353, 6.031746031746033], [120.9176470588235, 6.031746031746033], [120.85490067781542, 6.031746031746033], [120.85668038741674, 6.034729578601043], [120.85976631493153, 6.038864882951899], [120.86326199033861, 6.042660135795801], [120.86713018652564, 6.046074919677608], [120.87132970922907, 6.049072868937366], [121.01078283422912, 6.1381353689373634], [121.01534217184569, 6.140721222066037], [121.02014716328843, 6.142815560419818], [121.02514500324685, 6.144395367893818], [121.03028076706731, 6.145443282912024], [121.03549801435727, 6.145947789225437], [121.0407394092471, 6.145903342471938], [121.04594735049277, 6.145310431107054], [121.12941176470586, 6.131343873833036], [121.12941176470586, 6.031746031746033]]]}, "properties": {"tile": "N06E120_6x6", "epsg": 4326}}, {"type": "Feature", "geometry": {"type": "MultiPolygon", "coordinates": [[[[-3.6000000000000116, 5.185185185185185], [-3.8117647058823647, 5.185185185185185], [-3.8117647058823647, 5.396825396825397], [-3.6000000000000116, 5.396825396825397], [-3.6000000000000116, 5.185185185185185]]], [[[-2.3294117647058843, 4.973544973544977], [-2.5411764705882374, 4.973544973544977], [-2.5411764705882374, 5.185185185185189], [-2.3294117647058843, 5.185185185185189], [-2.3294117647058843, 4.973544973544977]]], [[[-2.117647058823525, 4.973544973544977], [-2.329411764705878, 4.973544973544977], [-2.329411764705878, 5.185185185185189], [-2.117647058823525, 5.185185185185189], [-2.117647058823525, 4.973544973544977]]], [[[-1.905882352941188, 5.334135605670537], [-1.6941176470588348, 5.378805569471122], [-1.6941176470588348, 5.185185185185189], [-1.6941176470588348, 5.185185185185185], [-1.6941176470588348, 4.973544973544977], [-1.9058823529411657, 4.973544973544977], [-1.905882352941188, 4.973544973544977], [-2.117647058823519, 4.973544973544977], [-2.117647058823519, 5.185185185185189], [-1.905882352941188, 5.185185185185189], [-1.905882352941188, 5.334135605670537]]], [[[-1.2705882352941162, 5.061762750147552], [-1.4823529411764693, 4.991710408567852], [-1.4823529411764693, 5.185185185185185], [-1.4823529411764693, 5.185185185185189], [-1.4823529411764693, 5.396825396825397], [-1.2705882352941162, 5.396825396825397], [-1.2705882352941162, 5.185185185185189], [-1.2705882352941162, 5.185185185185185], [-1.2705882352941162, 5.061762750147552]]], [[[-1.4823529411764755, 4.991710408567849], [-1.4841502950122325, 4.991115839022762], [-1.526230265156469, 4.973544973544977], [-1.6941176470588286, 4.973544973544977], [-1.6941176470588286, 5.185185185185185], [-1.6941176470588286, 5.185185185185189], [-1.6941176470588286, 5.3788055694711225], [-1.6086919355726057, 5.396825396825397], [-1.4823529411764755, 5.396825396825397], [-1.4823529411764755, 5.185185185185189], [-1.4823529411764755, 5.185185185185185], [-1.4823529411764755, 4.991710408567849]]], [[[-0.8470588235294262, 5.608465608465613], [-0.8470588235294262, 5.608465608465609], [-0.8470588235294262, 5.396825396825401], [-1.058823529411757, 5.396825396825401], [-1.0588235294117792, 5.396825396825401], [-1.27058823529411, 5.396825396825401], [-1.27058823529411, 5.608465608465609], [-1.27058823529411, 5.608465608465613], [-1.27058823529411, 5.62749199834841], [-0.8470588235294262, 5.72450356904942], [-0.8470588235294262, 5.608465608465613]]], [[[-1.0588235294117792, 5.185185185185185], [-1.27058823529411, 5.185185185185185], [-1.27058823529411, 5.396825396825397], [-1.0588235294117792, 5.396825396825397], [-1.058823529411757, 5.396825396825397], [-0.8470588235294262, 5.396825396825397], [-0.8470588235294262, 5.185185185185185], [-1.058823529411757, 5.185185185185185], [-1.0588235294117792, 5.185185185185185]]], [[[-0.6352941176470669, 5.396825396825401], [-0.8470588235294197, 5.396825396825401], [-0.8470588235294197, 5.608465608465609], [-0.8470588235294197, 5.608465608465613], [-0.8470588235294197, 5.724503569049422], [-0.6352941176470669, 5.77300935439993], [-0.6352941176470669, 5.608465608465613], [-0.6352941176470669, 5.608465608465609], [-0.6352941176470669, 5.396825396825401]]], [[[-0.42352941176470754, 5.820105820105825], [-0.4296821656656972, 5.820105820105825], [-0.42352941176470754, 5.8215151397504385], [-0.42352941176470754, 5.820105820105825]]], [[[-0.21176470588234192, 5.608465608465609], [-0.21176470588234192, 5.820105820105821], [0.0, 5.820105820105821], [0.0, 5.608465608465609], [-0.21176470588234192, 5.608465608465609]]], [[[-0.6352941176470605, 5.608465608465609], [-0.6352941176470605, 5.773009354399931], [-0.42968216566571277, 5.820105820105821], [-0.42352941176470754, 5.820105820105821], [-0.42352941176470754, 5.608465608465609], [-0.6352941176470605, 5.608465608465609]]], [[[-0.21176470588234825, 5.608465608465609], [-0.4235294117647012, 5.608465608465609], [-0.4235294117647012, 5.820105820105821], [-0.21176470588234825, 5.820105820105821], [-0.21176470588234825, 5.608465608465609]]], [[[-0.4235294117647012, 5.82151513975044], [-0.21176470588234825, 5.870020925100948], [-0.21176470588234825, 5.820105820105825], [-0.4235294117647012, 5.820105820105825], [-0.4235294117647012, 5.82151513975044]]], [[[0.0, 5.820105820105825], [-0.21176470588234192, 5.820105820105825], [-0.21176470588234192, 5.87002092510095], [0.0, 5.918526710451455], [0.0, 5.820105820105825]]]]}, "properties": {"tile": "N00W006_6x6", "epsg": 4326}}, {"type": "Feature", "geometry": {"type": "MultiPolygon", "coordinates": [[[[0.0, 5.918526710451455], [0.21176470588234192, 5.96703249580196], [0.21176470588234192, 5.820105820105825], [0.0, 5.820105820105825], [0.0, 5.918526710451455]]], [[[0.21176470588234825, 5.967032495801961], [0.3556929771127788, 6.0], [0.4235294117647012, 6.0], [0.4235294117647012, 5.820105820105825], [0.21176470588234825, 5.820105820105825], [0.21176470588234825, 5.967032495801961]]]]}, "properties": {"tile": "N00E000_6x6", "epsg": 4326}}, {"type": "Feature", "geometry": {"type": "MultiPolygon", "coordinates": [[[[73.56791382878222, 4.176299296664062], [73.56684997779527, 4.172219761144487], [73.56001404029527, 4.149905308019496], [73.55836391847535, 4.145327312216921], [73.55627658112454, 4.140931408399405], [73.55377180029339, 4.136759236234113], [73.55087330221532, 4.132850316117196], [73.54760854256278, 4.129241674821621], [73.54400844637667, 4.125967494765544], [73.54010711513259, 4.123058790223486], [73.53594150371886, 4.120543113547373], [73.51855869121887, 4.111168113547367], [73.51389815646142, 4.10895690090677], [73.50903459836331, 4.107237642870976], [73.50401978472559, 4.106028639253853], [73.498907093316, 4.105342758711939], [73.49375094371513, 4.105187301770223], [73.48860621807329, 4.105563923115228], [73.48352767694398, 4.10646861398249], [73.46731673944397, 4.110228379607496], [73.46250500311365, 4.111601379770449], [73.45785459399787, 4.113448439871278], [73.45341208675491, 4.115751061280974], [73.44922197386951, 4.118486182844579], [73.4453262200529, 4.121626411842673], [73.44176384195892, 4.125140298334233], [73.43857051742538, 4.128992650133281], [73.43577822815436, 4.133144885264761], [73.43341493940986, 4.137555418369747], [73.42784853315987, 4.149322996494735], [73.42598271310125, 4.153822228555597], [73.42456352014719, 4.158481656094231], [73.42360442208324, 4.163257062310708], [73.42311452050976, 4.168103129796508], [73.42309846446989, 4.172973870585364], [73.42355640633146, 4.177823062567546], [73.42448400034093, 4.182604688126101], [73.42587244386355, 4.187273370832511], [73.42770856091818, 4.191784806057618], [73.43581402966817, 4.209216446682624], [73.43843519763543, 4.214120250569956], [73.44971025772618, 4.232655151510519], [73.4574854408111, 4.252700545401314], [73.45974720196665, 4.257699233815385], [73.4625430330794, 4.262420015294625], [73.46583926960352, 4.266806047004816], [73.46959622162176, 4.270804516826936], [73.48326809662176, 4.283841626201927], [73.48689699962344, 4.286983665171268], [73.49081047649898, 4.289763241510391], [73.49497245853868, 4.292154737147364], [73.49934458667545, 4.294136110770929], [73.50388656502261, 4.295689100975096], [73.50855653226257, 4.296799394566086], [73.51331144746314, 4.297456758480436], [73.518107486766, 4.297655134098418], [73.522900447291, 4.297392693083541], [73.52764615453361, 4.296671854233484], [73.53230086950106, 4.295499261187153], [73.5368216918343, 4.293885721193331], [73.5473685668343, 4.289540018068334], [73.55177244781592, 4.287469321191361], [73.55595417184861, 4.284980317902694], [73.55987412637515, 4.28209658598615], [73.5634951785236, 4.278845442403511], [73.56678302685883, 4.275257684526917], [73.56970652631264, 4.271367298402101], [73.57223798321407, 4.267211136806005], [73.5743534176255, 4.262828570148489], [73.5760327904994, 4.258261113525043], [73.57726019350379, 4.253552033453371], [73.57802399971845, 4.248745938019127], [73.57831697377418, 4.243888354313281], [73.57813634039178, 4.239025297163936], [73.5769644653918, 4.225402250288939], [73.5763988953326, 4.221062396911867], [73.57545598408817, 4.216788626303674], [73.57133033746638, 4.201337675229912], [73.56863021989881, 4.180453953418354], [73.56791382878222, 4.176299296664062]]], [[[73.33605205744693, 3.2817752437633936], [73.33721605746162, 3.2862334837215155], [73.33878552226751, 3.290565640203157], [73.34074712346754, 3.2947349231499516], [73.34308420251695, 3.2987059256776807], [73.34577691219297, 3.30244492476286], [73.34880238514388, 3.3059201676294374], [73.36540394764388, 3.3233029801294403], [73.36887753659853, 3.326607252738534], [73.37265161852562, 3.3295636599007414], [73.37669149596861, 3.332145021546592], [73.38096002784933, 3.334327605630731], [73.38541797092871, 3.3360913463152078], [73.39002434059402, 3.3374200284470676], [73.39473678765566, 3.338301436634226], [73.39951198768924, 3.3387274675490817], [73.42568386268923, 3.339801686299073], [73.43036203753257, 3.339774656156546], [73.43501720871397, 3.3393105098806863], [73.43960862290882, 3.338413310803027], [73.44409608494793, 3.3370909133812936], [73.44844030970302, 3.3353548944381846], [73.45260326600513, 3.3332204518129984], [73.45654850958555, 3.3307062713133635], [73.46024150212418, 3.3278343631318252], [73.46364991361254, 3.3246298691593728], [73.47868897611257, 3.3091025254093784], [73.48193170369542, 3.3054070831253863], [73.48479582447767, 3.301411036579653], [73.48725364633421, 3.297153022069053], [73.48928140549407, 3.2926742087618734], [73.4908594963035, 3.2880179006483443], [73.49197266078585, 3.283229117850367], [73.49261013616521, 3.278354161338595], [73.49276575892779, 3.2734401652654666], [73.49243802441462, 3.2685346412425065], [73.49163010136958, 3.263685018968119], [73.49034980130192, 3.2589381876473635], [73.48253730130192, 3.2347682657723635], [73.48092979171116, 3.230477614490978], [73.47893625819826, 3.2263521327450864], [73.47657344148118, 3.222426464309736], [73.47386118333742, 3.218733575025659], [73.47082225998243, 3.2153044759682916], [73.45246288498241, 3.196407991593286], [73.44873491282087, 3.192942718744899], [73.44467396341362, 3.1898743996182954], [73.44032211776792, 3.18723482923147], [73.43572447126171, 3.1850513597549397], [73.43092866634917, 3.183346617078789], [73.42598439887264, 3.1821382663551208], [73.42094290309649, 3.181438828945442], [73.3996538405965, 3.1795833601954477], [73.39467390554597, 3.1793986094450783], [73.38970031400818, 3.179710495902681], [73.38478247142513, 3.1805159214271685], [73.37996922945354, 3.181806885280295], [73.37530840069427, 3.183570563602425], [73.37084628374325, 3.1857894367990385], [73.36662720328185, 3.188441463572577], [73.36269306977529, 3.191500299870871], [73.35908296315267, 3.194935560577216], [73.35583274460446, 3.1987131213425766], [73.34255149460445, 3.2158029650925766], [73.33975978633643, 3.2197800053249974], [73.33736729795609, 3.224009246795277], [73.33539662458693, 3.2284507477280813], [73.33386637764984, 3.2330625617286137], [73.33279100909317, 3.237801133932488], [73.3321806749058, 3.2426217123463013], [73.33204113920196, 3.247478770494127], [73.33237371978387, 3.2523264373783642], [73.33530340728387, 3.2772287811283642], [73.33605205744693, 3.2817752437633936]]]]}, "properties": {"tile": "N00E072_6x6", "epsg": 4326}}, {"type": "Feature", "geometry": {"type": "MultiPolygon", "coordinates": [[[[105.67058823529409, 2.8571428571428594], [105.83131889590972, 2.8571428571428594], [105.79239085768732, 2.8246511280289197], [105.78837449227521, 2.8216279871092995], [105.78407486467567, 2.8190234190743264], [105.77953543650848, 2.8168637514937718], [105.77480209335245, 2.8151708147817955], [105.76992268092344, 2.813961721530124], [105.764946521439, 2.813248693530055], [105.72314964643896, 2.8093912716550435], [105.7182826775088, 2.8091804273998164], [105.71341829069787, 2.809444212958257], [105.70860266234963, 2.8101801242835007], [105.70388150595623, 2.811381175563069], [105.69929963821247, 2.813035965533345], [105.69490055358263, 2.8151287857087692], [105.69072601141904, 2.817639769498358], [105.68681563955153, 2.8205450807940218], [105.68320655811075, 2.823817140240463], [105.67993302715678, 2.827424887038736], [105.67702612145717, 2.831334073798236], [105.67451343550248, 2.835507591638161], [105.67241882155899, 2.839905822452347], [105.67058823529409, 2.8442876982360654], [105.67058823529409, 2.8571428571428594]]], [[[105.88235294117645, 2.9558200816118676], [105.85616293070194, 2.8863230181027237], [105.85410259513601, 2.8816068738716685], [105.85156837966208, 2.877127504386566], [105.8485871337853, 2.8729323676695384], [105.84519044320835, 2.8690659103534855], [105.84141429518728, 2.865569096778914], [105.83131889590973, 2.857142857142863], [105.67058823529409, 2.857142857142863], [105.67058823529409, 3.0687830687830715], [105.64263334529998, 3.0687830687830715], [105.64314548998807, 3.072240700898345], [105.64433435429387, 3.076994014144774], [105.64598275015963, 3.081608142039189], [105.64807484811557, 3.0860387753233818], [105.65059055784114, 3.090243366829456], [105.6535057210914, 3.0941815400583286], [105.65679234368758, 3.0978154769133908], [105.66041886434387, 3.1011102808659583], [105.66435045774898, 3.1040343120650293], [105.66854936899206, 3.106559491173322], [105.67297527612133, 3.1086615690118595], [105.67758567735396, 3.110320359423723], [105.68233629921869, 3.1115199331207877], [105.68718152171198, 3.112248770651946], [105.6920748163848, 3.1124998730238675], [105.69696919315321, 3.1122708289120093], [105.70181765154192, 3.111563837816456], [105.70657363202776, 3.1103856889402213], [105.7111914631486, 3.1087476959928413], [105.71562680008432, 3.1066655885453454], [105.71983705049807, 3.104159360979907], [105.7583136129981, 3.0786222516048984], [105.76203916795339, 3.0758936337181972], [105.78753145612814, 3.055348861998429], [105.8153909326012, 3.0414191237618984], [105.84147971035078, 3.030495024244852], [105.84593455727276, 3.028365331551275], [105.86048533852272, 3.020504003426272], [105.86458100165052, 3.0180310770559875], [105.86842155999392, 3.0151780202917084], [105.87197184967526, 3.01197095551722], [105.87519936449603, 3.008439246388342], [105.87807455356123, 3.004615228981397], [105.88057109184531, 3.0005339157264066], [105.88235294117645, 2.9968756552320595], [105.88235294117645, 2.9558200816118676]]], [[[106.30588235294117, 3.068783068783075], [106.30588235294117, 3.0687830687830715], [106.30588235294117, 3.0434285621793937], [106.30138575260553, 3.0414680111864048], [106.29668344212618, 3.0399498473393263], [106.29185424339377, 3.0389032409597947], [106.28694532134818, 3.0383384138526464], [106.2820046195564, 3.038260882468542], [106.27708039196614, 3.0386714040269034], [106.27222073162778, 3.039565969120438], [106.26747310098808, 3.0409358408734906], [106.26288386834251, 3.042767640271769], [106.2584978549738, 3.0450434768300725], [106.18935722997381, 3.0853755080800753], [106.18532129026413, 3.087998003234645], [106.1815562061024, 3.090996408049043], [106.17809686670151, 3.09434293775687], [106.17497532808562, 3.098006581686808], [106.17222051604246, 3.1019533906235033], [106.1698579580821, 3.1061467913985186], [106.16790954688588, 3.1105479257961823], [106.16639333743743, 3.1151160106338702], [106.16532337971596, 3.119808715680023], [106.15174916096593, 3.1961270750550175], [106.15111254271108, 3.2011977710496295], [106.1509968486985, 3.20630696429002], [106.15140328757155, 3.2114012795643885], [106.15232761330549, 3.216427497089503], [106.15376016956526, 3.221333108492254], [106.1556859905842, 3.2260668653591815], [106.15808495750991, 3.2305793146233346], [106.16093200858376, 3.234823315195332], [106.1641974009585, 3.23875453044143], [106.18695130720855, 3.263461561691433], [106.19051448377728, 3.2669622713175115], [106.19440917175523, 3.2700899862502584], [106.19859650029447, 3.272813490399418], [106.2030346778544, 3.2751056018915885], [106.20767940930128, 3.2769434443583134], [106.2124843379948, 3.2783086752531796], [106.21740150844956, 3.279187668919196], [106.22238184495373, 3.279571652579365], [106.22737564136811, 3.279456793893192], [106.23233305721716, 3.278844239205274], [106.23720461512076, 3.277740102104232], [106.28466555262074, 3.2644588521042404], [106.28925547922142, 3.262931434372203], [106.29367632298394, 3.2609676188117778], [106.29788670404827, 3.2585857870752744], [106.30184721252157, 3.255808233518496], [106.30552077736154, 3.2526609565217264], [106.30588235294117, 3.2522847867669418], [106.30588235294117, 3.068783068783075]]], [[[105.88235294117648, 2.9968756552320013], [105.88266612122221, 2.996232674835783], [105.88434045975272, 2.9917508881636494], [105.88557877731293, 2.9871295906283986], [105.8863697359558, 2.9824110944999136], [105.8867060937205, 2.9776386019914476], [105.88658477093942, 2.9728558097032503], [105.88600687843527, 2.9681065085396177], [105.88497770735047, 2.9634341827625037], [105.88350668070194, 2.9588816118527266], [105.88235294117648, 2.955820081611943], [105.88235294117648, 2.9968756552320013]]], [[[106.3058823529412, 3.252284786766912], [106.30887301336776, 3.2491734151404064], [106.31187254303313, 3.245378253363296], [106.3144912902427, 3.241310994559109], [106.31670474307099, 3.237009708971656], [106.3184921832178, 3.2325146573757975], [106.31983687993512, 3.227867914229648], [106.33389937993515, 3.168688226729642], [106.33470750452211, 3.164500582988979], [106.33515581609353, 3.1602593046225325], [106.33524105283746, 3.155995250196959], [106.33367855283743, 3.087098765821956], [106.33332255208873, 3.0821702966095486], [106.33248182289157, 3.07730103385963], [106.33116457632693, 3.072538533802026], [106.32938367743901, 3.067929309956116], [106.32715651958715, 3.063518378851052], [106.32450485457159, 3.0593488203665107], [106.32145458019194, 3.0554613569879563], [106.31803548731325, 3.05189395608568], [106.31428096890998, 3.0486814591019904], [106.31022769392962, 3.045855241268153], [106.30591524916105, 3.0434429051744862], [106.3058823529412, 3.043428562179406], [106.3058823529412, 3.0687830687830715], [106.3058823529412, 3.068783068783075], [106.3058823529412, 3.252284786766912]]]]}, "properties": {"tile": "N00E102_6x6", "epsg": 4326}}, {"type": "Feature", "geometry": {"type": "Polygon", "coordinates": [[[120.0, 5.051991760079903], [119.99770652283495, 5.049016328642763], [119.99456622602004, 5.045326790815744], [119.9910835750405, 5.04195851297424], [119.98729127080979, 5.038943122106631], [119.98322492178049, 5.036308931712109], [119.97892270959304, 5.034080675946501], [119.97442503056311, 5.032279277376926], [119.9697741163738, 5.030921650525972], [119.8892077101238, 5.011585713025969], [119.88429048610277, 5.010662992184488], [119.87930566546261, 5.010236296731282], [119.87430315723616, 5.010309898827559], [119.86933304754793, 5.010883061554239], [119.8132783600479, 5.020209233429242], [119.80840255671323, 5.021272923979383], [119.8036570739068, 5.02281736196087], [119.79908918593043, 5.024827161746935], [119.79474439789364, 5.027282301795925], [119.79066599239367, 5.030158324105053], [119.78689459833602, 5.033426577860015], [119.78346778619105, 5.037054504853195], [119.78041969371841, 5.04100596382718], [119.77778068588823, 5.045241590512456], [119.77557705238644, 5.049719189772616], [119.7738307457181, 5.054394155950558], [119.7725591625174, 5.059219917228171], [119.77177497024317, 5.064148399572854], [119.77148598098616, 5.0691305056490155], [119.77169507364526, 5.07411660392369], [119.77755444864526, 5.137739650798684], [119.77829186453579, 5.142845144743193], [119.77955138576411, 5.147847489882067], [119.78131960606154, 5.152693441552563], [119.7835777045969, 5.157331419734668], [119.78630164630428, 5.161712058065754], [119.78946243771094, 5.165788729293188], [119.79302643554202, 5.169518041572026], [119.79695570481756, 5.172860300325217], [119.8012084226302, 5.175779930750307], [119.95657951638017, 5.27104360262531], [119.96100556485194, 5.273459141134012], [119.96565239435732, 5.275416615759486], [120.0, 5.287886214786858], [120.0, 5.051991760079903]]]}, "properties": {"tile": "N00E114_6x6", "epsg": 4326}}, {"type": "Feature", "geometry": {"type": "MultiPolygon", "coordinates": [[[[120.07058823529412, 5.320468584045741], [120.13389937829152, 5.371384908522538], [120.13794548541541, 5.374318372529498], [120.14226422157876, 5.376833270517408], [120.14681244054476, 5.3789044774543155], [120.15154470343383, 5.380511300993763], [120.1564137326797, 5.38163768820121], [120.19918717017968, 5.389303703826216], [120.20408537464499, 5.389933797992342], [120.20902184551286, 5.390077606937946], [120.21394842370763, 5.389733727695994], [120.21881704666427, 5.388905515073367], [120.22358021721575, 5.387601048922136], [120.22819146696449, 5.385833055314379], [120.23260580961731, 5.383618782389549], [120.23678017986148, 5.380979832085587], [120.24067385349993, 5.377941949395378], [120.24424884474718, 5.374534771204515], [120.24747027680995, 5.3707915371606525], [120.25030672213714, 5.36674876539514], [120.2527305090198, 5.362445896260521], [120.25471799154994, 5.35792490755952], [120.27352304281777, 5.308679716225776], [120.29012653962894, 5.2869407192381255], [120.29289807174366, 5.2829189116302615], [120.29526397524374, 5.2786458767221545], [120.29720167342245, 5.274162390080508], [120.29869267573547, 5.269511235514149], [120.29972275424748, 5.26473679680822], [120.30028207940269, 5.259884634190548], [120.30036531382363, 5.255001049571771], [120.29997166324331, 5.2501326447079375], [120.29910488408446, 5.245325876501818], [120.29777324761378, 5.240626613686488], [120.29598946101315, 5.2360796991215315], [120.26884102351316, 5.175728136621529], [120.26640924120673, 5.17100919249633], [120.26349084535727, 5.1665746728483395], [120.26011873445613, 5.162474567128594], [120.25633092163355, 5.158755095006948], [120.22469029663353, 5.130825407506943], [120.2208360283909, 5.127747682034421], [120.21669727631252, 5.125064678306524], [120.21231431505467, 5.122802504930633], [120.20772979570037, 5.120983175367217], [120.2029883307168, 5.119624393714397], [120.19813605982658, 5.118739382427411], [120.19322020101683, 5.118336753649423], [120.18828859105582, 5.118420425405807], [120.18338921998803, 5.118989583477406], [120.17856976413769, 5.120038689323787], [120.17387712216515, 5.121557533979391], [120.13750258278495, 5.135347412171665], [120.13658235809018, 5.134291724214966], [120.13292668773994, 5.13086179380608], [120.12894594953492, 5.127815144554434], [120.1246801552256, 5.12518239936547], [120.1201721817581, 5.122990020854447], [120.11546734030338, 5.121260045361713], [120.11061292081942, 5.120009861457974], [120.07058823529412, 5.111816888917563], [120.07058823529412, 5.185185185185185], [120.07058823529412, 5.185185185185189], [120.07058823529412, 5.320468584045741]]], [[[121.12941176470586, 6.0], [121.12941176470586, 5.856809525131361], [121.10026636570977, 5.846090588650864], [121.09557283120523, 5.844622120642529], [121.09075773937026, 5.843621843152171], [121.08586767268301, 5.84309943313008], [121.08094993894828, 5.843059944509651], [121.07605211362922, 5.843503759314295], [121.07122157958968, 5.844426583961637], [121.0665050686998, 5.845819490800775], [121.06194820973946, 5.847669004480746], [121.01483127234714, 5.869549824648541], [120.94522637293367, 5.848358999716004], [120.94037689880084, 5.84714387001225], [120.93543031985061, 5.846419096771053], [120.93043608988111, 5.846191925967847], [120.92544413908516, 5.846464628759964], [120.92050437486935, 5.84723447878056], [120.91566618290099, 5.848493779395682], [120.91097793337113, 5.850229940651943], [120.90648649740992, 5.852425605145539], [120.90223677848897, 5.85505882155421], [120.8982712634954, 5.858103264097249], [120.89462959796607, 5.861528495729486], [120.8403327229661, 5.917973808229489], [120.83718391433813, 5.921577563830396], [120.83439405662584, 5.925465846761443], [120.8319887072138, 5.929603037162266], [120.8299899010752, 5.9339512349759564], [120.82841594891346, 5.938470607144658], [120.82728126942116, 5.943119752513047], [120.82659625719297, 5.947856081096866], [120.82636718750267, 5.952636204242105], [120.82659615881647, 5.957416332100659], [120.82728107356938, 5.962152674781243], [120.82841565738057, 5.9668018435007095], [120.82998951653187, 5.971321248060886], [120.84154354609005, 6.0], [121.12941176470586, 6.0]]], [[[121.29747389864706, 5.820105820105821], [121.29639410388853, 5.820009153909653], [121.29139004110465, 5.8200634212184905], [121.29100954652905, 5.820105820105821], [121.29747389864706, 5.820105820105821]]], [[[121.12941176470589, 6.0], [121.34117647058825, 6.0], [121.34117647058825, 5.839691058539928], [121.3201346067454, 5.8270818009356065], [121.31571862854851, 5.824727501496172], [121.31108942888386, 5.822826422920563], [121.30629338046148, 5.821397609141201], [121.30137852738814, 5.820455373208269], [121.2974738986471, 5.820105820105825], [121.29100954652903, 5.820105820105825], [121.28641646691374, 5.820617631515504], [121.2815232037755, 5.821666233034673], [121.2767592696389, 5.823198721477686], [121.27217238690787, 5.825199745240084], [121.26780850438531, 5.827649259194964], [121.26371133698385, 5.830522725493752], [121.25992192781455, 5.833791359372525], [121.20618993951558, 5.885046585086661], [121.12941176470589, 5.856809525131371], [121.12941176470589, 6.0]]]]}, "properties": {"tile": "N00E120_6x6", "epsg": 4326}}, {"type": "Feature", "geometry": {"type": "MultiPolygon", "coordinates": [[[[128.7529411764706, 1.42130219612099], [128.76480250392964, 1.3815969050504866], [128.76585700333752, 1.3774180890476524], [128.76614223267578, 1.3756613756613822], [128.7529411764706, 1.3756613756613822], [128.7529411764706, 1.42130219612099]]], [[[128.75355521859623, 1.540360935975399], [128.7545988468128, 1.5353080524672966], [128.7551162025779, 1.5301745220433909], [128.7551017769236, 1.5250150081611178], [128.75455572345874, 1.5198844509580063], [128.75348385673357, 1.5148374822316977], [128.7529411764706, 1.5128047570181777], [128.7529411764706, 1.5422984186796305], [128.75355521859623, 1.540360935975399]]], [[[131.08916671026955, 3.054906393828104], [131.09085817042433, 3.0593731461089897], [131.09296811595112, 3.0636581249033292], [131.0954772932481, 3.0677222290710704], [131.09836280565753, 3.0715283729896523], [131.10159832240154, 3.0750418249664477], [131.11644207240155, 3.0896902624664477], [131.11998525677214, 3.0928685292387965], [131.1238146008804, 3.0956954814599493], [131.1278954023903, 3.0981455006837244], [131.132190680205, 3.1001963843114546], [131.13666150959753, 3.1018295467966848], [131.15746229084752, 3.108323687421679], [131.16240776246227, 3.1095945566387915], [131.1674570613694, 3.1103544109707824], [131.1725575278286, 3.110595325806232], [131.17765596846704, 3.1103147886155984], [131.1826992110395, 3.1095157251546888], [131.1876346589679, 3.1082064689516016], [131.20316200271793, 3.10322600020161], [131.20775833596588, 3.1014984999625446], [131.21216306074643, 3.0993284916653976], [131.21633369694874, 3.096736903335788], [131.2202300220624, 3.093748728807621], [131.223814459092, 3.090392786677191], [131.2270524389578, 3.0867014423704577], [131.22991273388718, 3.082710296003933], [131.23236775858217, 3.07845783904952], [131.23439383625782, 3.073985083114497], [131.23597142698634, 3.0693351644167803], [131.23708531614426, 3.0645529277699812], [131.23772476114553, 3.0596844940904013], [131.23788359504536, 3.0547768155970227], [131.2375602860155, 3.0498772229942315], [131.23599778601553, 3.036351832369226], [131.23516496126297, 3.031367743963675], [131.23383332225515, 3.0264931699458106], [131.23201647021136, 3.021777898696585], [131.22973296226527, 3.0172700914954036], [131.22700612192438, 3.013015790605936], [131.22386380084612, 3.00905844900533], [131.20989895709607, 2.99318930838033], [131.20662024064808, 2.9898000944974665], [131.2030368187919, 2.986734831035533], [131.19918056499327, 2.9840207825962466], [131.1950857794764, 2.981682089828746], [131.19078888413367, 2.9797395547057333], [131.18632809856413, 2.9782104554961464], [131.18174310012122, 2.9771083930801265], [131.15898919387124, 2.9727626899551294], [131.15385519482433, 2.972055596008985], [131.14867558220809, 2.9718837204502395], [131.14350600148765, 2.972248909767449], [131.13840199035394, 2.973147240669247], [131.12375355285394, 2.9765163812942443], [131.11904655513806, 2.977844431406083], [131.1144918233336, 2.9796259933013385], [131.11013293628483, 2.981844021320331], [131.106011599029, 2.984477293775013], [131.10216724377017, 2.9875006159942177], [131.09863665259925, 2.990885061381684], [131.09545360556936, 2.99459824818046], [131.0926485574947, 2.9986046492956526], [131.09024834656424, 3.0028659322112032], [131.08827593755896, 3.0073413257484156], [131.08675020212894, 3.0119880101571685], [131.0856857382328, 3.016761526807486], [131.08509273046724, 3.021616203561605], [131.0849768526225, 3.026505591756678], [131.0853392133967, 3.0313829106171113], [131.0870970258967, 3.045591894992114], [131.08790917034042, 3.0502986279138464], [131.08916671026955, 3.054906393828104]]]]}, "properties": {"tile": "N00E126_6x6", "epsg": 4326}}, {"type": "Feature", "geometry": {"type": "MultiPolygon", "coordinates": [[[[169.62352941176468, 5.75052604178579], [169.62102737570078, 5.750119016660139], [169.61613151880994, 5.749809613414522], [169.61122890605017, 5.749981465653046], [169.58632656230017, 5.75208107502804], [169.58147335652478, 5.7527308760531195], [169.57670698155678, 5.753852266857023], [169.57207314854827, 5.755434492921716], [169.56761629752899, 5.757462380162755], [169.56337917121135, 5.7599164804539065], [169.55940240507346, 5.762773258141269], [169.55572413765094, 5.766005315758181], [169.55237964477558, 5.769581656776207], [169.54940100126805, 5.7734679828723605], [169.54681677332957, 5.77762702286165], [169.54465174458227, 5.782018890140379], [169.54292667838595, 5.786601465212203], [169.54165811871036, 5.791330799628377], [169.5408582314729, 5.796161537468283], [169.54053468786338, 5.801047350318087], [169.54069059077474, 5.805941381575934], [169.5413244450452, 5.810796695822653], [169.54243017179738, 5.815566728948333], [169.54396341689915, 5.820105820105821], [169.62352941176468, 5.820105820105821], [169.62352941176468, 5.75052604178579]]], [[[169.5439971667368, 5.820205734717934], [169.54601040185068, 5.824669223493185], [169.54845056953167, 5.828914388903304], [169.55129426774428, 5.8329005183726075], [169.5545142244585, 5.836589383567916], [169.5705530581641, 5.853242316762242], [169.58003506565998, 5.873166927284614], [169.60277740547215, 5.958056191603957], [169.60439797135814, 5.963042809648536], [169.60653183767892, 5.967832298957266], [169.60915553822687, 5.972371989337449], [169.6122402200692, 5.976611957644533], [169.61575196084448, 5.980505576788783], [169.6196521418084, 5.98401002849514], [169.62352941176468, 5.986819762411972], [169.62352941176468, 5.820105820105825], [169.54396341689915, 5.820105820105825], [169.5439971667368, 5.820205734717934]]], [[[169.68458721085761, 5.820105820105821], [169.6821521192502, 5.8132793198053525], [169.67988470145247, 5.807928179892798], [169.677011667128, 5.802876293551664], [169.65738276087797, 5.772602856051664], [169.65451521370684, 5.768622615068323], [169.6512714269925, 5.764942534523569], [169.64768262561407, 5.761598039086265], [169.64378335558186, 5.758621323063555], [169.63961115149544, 5.7560410404966005], [169.63520617523346, 5.753882029335113], [169.630610829353, 5.752165072345812], [169.6258693489202, 5.750906697056302], [169.62352941176474, 5.750526041785799], [169.62352941176474, 5.820105820105821], [169.68458721085761, 5.820105820105821]]], [[[169.62352941176474, 5.986819762412014], [169.62389787252525, 5.9870867741773806], [169.64384031607395, 6.0], [169.78267510311633, 6.0], [169.7752681795845, 5.9652580015289915], [169.77394851883724, 5.960320751949718], [169.77213176758727, 5.955544000669659], [169.76983690575304, 5.950977651246128], [169.76708790815817, 5.9466694091313865], [169.76391349406202, 5.942664283285433], [169.76034682712464, 5.93900411595951], [169.7564251689403, 5.935727145562787], [169.71460982326883, 5.904270773909775], [169.68458721085761, 5.820105820105825], [169.62352941176474, 5.820105820105825], [169.62352941176474, 5.986819762412014]]], [[[173.0117647058823, 0.7899679890834178], [173.0085518760113, 0.7885888366265934], [173.00386230784613, 0.7871019094055084], [172.99904931379376, 0.7860830421969713], [172.99415948941635, 0.7855420988590723], [172.98924017408584, 0.7854843163729167], [172.98433899268198, 0.7859102541423588], [172.97950339452643, 0.786815788578301], [172.97478019401615, 0.7881921530199858], [172.95358878776614, 0.7955163717699858], [172.9489529630447, 0.7973828577349238], [172.94452661474006, 0.7997027890682753], [172.94035396143568, 0.802452989989438], [172.93647668733837, 0.8056059863864626], [172.9329335258591, 0.8091302802784848], [172.92975987267192, 0.8129906644760272], [172.92698743211596, 0.8171485742957624], [172.92464390047397, 0.8215624728161574], [172.92275268929023, 0.8261882658253493], [172.9213326914927, 0.8309797423159855], [172.92039809265526, 0.8358890361265454], [172.919958229286, 0.8408671041174145], [172.92001749555675, 0.8458642161048016], [172.920575299406, 0.8508304516581268], [172.92162606845343, 0.8557161987979491], [172.9231593056673, 0.860472649612511], [172.9251596942282, 0.8650522878417619], [172.92760725054185, 0.8694093635579675], [172.9304775238725, 0.8735003502009123], [172.93374184060204, 0.8772843794019866], [172.99522594314072, 0.9417421085214774], [172.99386081763708, 0.9419466465418436], [172.98905681954025, 0.943162436960649], [172.98439676324077, 0.9448477913275899], [172.97992642268972, 0.9469861550511611], [172.97568970833296, 0.9495565238021677], [172.97193142059533, 0.9523809523809541], [173.0117647058823, 0.9523809523809541], [173.0117647058823, 0.7899679890834178]]], [[[173.0117647058823, 1.2884316573134817], [173.00850230105252, 1.288458822926576], [173.0037086048373, 1.2889628874657049], [172.99898572018918, 1.2899261968986666], [172.99437753896163, 1.2913397987653248], [172.98992688701867, 1.293190555839024], [172.98567512623504, 1.295461268216641], [172.98166177010202, 1.2981308331648835], [172.97792411651125, 1.3011744412373127], [172.97449690112873, 1.3045638068394905], [172.97141197458117, 1.3082674310995037], [172.96869800645382, 1.3122508946008975], [172.96638021885147, 1.3164771772575177], [172.9644801519983, 1.3209070023575267], [172.96301546405496, 1.3254992015792388], [172.96199976701362, 1.3302110975865205], [172.96144250019557, 1.3349989006481293], [172.96134884252757, 1.3398181155950335], [172.96171966441173, 1.3446239553336725], [172.96255151963638, 1.3493717570722061], [172.9638366774035, 1.3540173973915692], [172.96556319417414, 1.3585177023038983], [172.9677150246652, 1.3628308484874745], [172.97027217096533, 1.3669167519693293], [172.9732108683842, 1.3707374406433208], [172.9773908995506, 1.3756613756613782], [173.0117647058823, 1.3756613756613782], [173.0117647058823, 1.2884316573134817]]], [[[172.9719314205953, 0.9523809523809581], [172.97172823579567, 0.9525336498312195], [172.96808091710776, 0.9558882899677182], [172.96478357848602, 0.9595874928643418], [172.96186860842695, 0.9635949226655277], [172.95936463956681, 0.9678712159206893], [172.95729626743426, 0.9723743682363406], [172.94362439243426, 1.0065052276113378], [172.94203368570493, 1.0111161041630485], [172.94089980832746, 1.0158600321311597], [172.9402335505195, 1.0206918672905128], [172.94004125253176, 1.0255656288724664], [172.9403247443127, 1.030434937127646], [172.94108132809436, 1.0352534546854786], [172.94230380406495, 1.039975327510445], [172.94398053888372, 1.0445556212588112], [172.94609557638637, 1.0489507488833771], [172.9486287894272, 1.0531188854170672], [172.95155607141345, 1.0570203659881923], [172.95484956570854, 1.060618063279784], [172.95847793072198, 1.0638777408410218], [172.96240663816232, 1.0667683788885638], [172.966598301616, 1.0692624694973862], [172.97101303232412, 1.0713362783720357], [172.9756088187725, 1.0729700707072205], [172.98034192648217, 1.0741482989884055], [172.98516731419582, 1.074859750945259], [172.99003906250005, 1.0750976562499972], [173.00371093750005, 1.0750976562499972], [173.00857841859292, 1.0748601685239025], [173.0117647058823, 1.0743908031906542], [173.0117647058823, 0.9523809523809581], [172.9719314205953, 0.9523809523809581]]], [[[173.1327236261147, 0.9523809523809541], [173.12790062259208, 0.9337253068107776], [173.12655406044044, 0.9293529576454705], [173.12481348373524, 0.9251219932654672], [173.1226934650489, 0.9210678364331254], [173.1046270587989, 0.8900619770581254], [173.10197457310008, 0.8859803927155083], [173.09893776577158, 0.882176077747208], [173.02862526577158, 0.8023909214972108], [173.0251949157594, 0.7988644925767949], [173.0214346145981, 0.79569224773868], [173.01738076651847, 0.7929048981222998], [173.013072617638, 0.7905294286191429], [173.01176470588237, 0.7899679890834422], [173.01176470588237, 0.9523809523809541], [173.1327236261147, 0.9523809523809541]]], [[[173.22184747501038, 1.3734876470303963], [173.2214568500104, 1.3617200689053934], [173.22102035268605, 1.3565828107024467], [173.220057150174, 1.3515178138930954], [173.2185774839954, 1.346578933477675], [173.2165970871162, 1.341818683488562], [173.21413701666216, 1.3372876786199828], [173.21122343002293, 1.33303409605307], [173.20788730672626, 1.3291031631984604], [173.20416411903963, 1.325536676803156], [173.20009345480116, 1.3223725585348778], [173.19169501730113, 1.3165131835348778], [173.18744796626245, 1.3138561420712114], [173.18295634665037, 1.3116374340856611], [173.17826524949615, 1.3098793330207283], [173.1734217683711, 1.3085994883207], [173.16847452661779, 1.3078107482502055], [173.1634731892238, 1.307521030911457], [173.11247125518926, 1.307126007325994], [173.0734195799935, 1.2977262605611541], [173.0706720779983, 1.2971460425426613], [173.04733223424833, 1.2928979956676556], [173.04517446562633, 1.2925537925068455], [173.01812368437632, 1.288842855006857], [173.01332225889806, 1.2884186877757304], [173.01176470588237, 1.288431657313481], [173.01176470588237, 1.3756613756613782], [173.22180931060487, 1.3756613756613782], [173.22184747501038, 1.3734876470303963]]], [[[173.01176470588237, 1.074390803190646], [173.0133996610051, 1.0741499613624201], [173.01812886530075, 1.0729737813849034], [173.02272110636088, 1.0713428017236848], [173.05182266886086, 1.0593799110986848], [173.05555357036894, 1.0576638989926799], [173.05913106676903, 1.055647505400584], [173.06253102523831, 1.053344332368031], [173.11624196273831, 1.0136470667430224], [173.12006853802427, 1.010514800748821], [173.12356699165883, 1.0070198628603473], [173.12670310349162, 1.0031964388386618], [173.12944619762135, 0.9990819275343971], [173.13176944245228, 0.9947165750706155], [173.13365011314772, 0.990143081175055], [173.13506981391325, 0.9854061815124234], [173.1360146579352, 0.9805522101021601], [173.13647540321472, 0.9756286461018786], [173.1364475429684, 0.9706836493896314], [173.13593134971146, 0.9657655894877033], [173.1349318725921, 0.9609225724357691], [173.1327236261147, 0.9523809523809581], [173.01176470588237, 0.9523809523809581], [173.01176470588237, 1.074390803190646]]], [[[173.0117647058823, 1.664933991158564], [172.9991660625047, 1.6634357741082568], [172.99422954695382, 1.663095305291873], [172.98928355245295, 1.6632444468229242], [172.98437652027954, 1.6638817380030027], [172.97955651011242, 1.6650009371755754], [172.97487072933322, 1.6665910828570303], [172.9703650706753, 1.6686366010939047], [172.96608366274845, 1.6711174579948391], [172.96206843784137, 1.6740093559433493], [172.95835872123513, 1.6772839715697005], [172.95499084604967, 1.6809092331511777], [172.9519977973957, 1.6848496347238822], [172.94940888931728, 1.6890665838296306], [172.94724947768862, 1.6935187794921087], [172.94554071187773, 1.6981626167203636], [172.94429932760858, 1.702952613577914], [172.94353748305073, 1.7078418566347426], [172.9432626397418, 1.712782460439395], [172.94347748950855, 1.717726036511101], [172.94417992810347, 1.7226241672585807], [172.94536307581348, 1.7274288801839661], [172.94701534484028, 1.7320931177274541], [172.94912055279178, 1.7365711981510206], [172.95165808117306, 1.7408192629472783], [172.9546030773248, 1.744795706391535], [172.9579266978312, 1.7484615830300065], [172.9615963910137, 1.751780989113224], [172.96557621574345, 1.75472141423886], [172.96982719345021, 1.7572540597599735], [172.97679413500168, 1.7609505485327832], [172.97514955611075, 1.7852367716896442], [173.0117647058823, 1.7934134949223022], [173.0117647058823, 1.664933991158564]]], [[[172.9773908995506, 1.3756613756613822], [172.9904960246342, 1.3910987687683123], [172.99377523004563, 1.3946054011566753], [172.99737563753496, 1.3977813616016603], [173.0012640518365, 1.4005973681813655], [173.005404622301, 1.4030274576994124], [173.00975917343385, 1.405049225062067], [173.0117647058823, 1.40575553290858], [173.0117647058823, 1.3756613756613822], [172.9773908995506, 1.3756613756613822]]], [[[173.01176470588237, 1.4057555329086], [173.01428755686786, 1.406644029850146], [173.0189480215257, 1.4077971681811376], [173.12470882301773, 1.4286342963048944], [173.12689521901194, 1.4299954349875774], [173.13106331176297, 1.432321877141022], [173.13543425775907, 1.434240251810772], [173.13996821962104, 1.435733074676655], [173.14462387422142, 1.4367867399538548], [173.14935878930916, 1.4373916443978358], [173.15412981024264, 1.4375422748295814], [173.15889345330672, 1.4372372583834372], [173.16360630202925, 1.4364793750195888], [173.1682254028843, 1.4352755321871382], [173.1727086567765, 1.4336367018686997], [173.17701520273758, 1.4315778205803014], [173.18110579033868, 1.4291176532379988], [173.19966047783868, 1.4167153094880016], [173.20372855556107, 1.4136867360363232], [173.2074689046196, 1.4102616371431633], [173.21084304203873, 1.406475252299505], [173.21381625265002, 1.4023665381249086], [173.21635794626266, 1.3979777675582303], [173.21844197239406, 1.393354094928035], [173.22004688932168, 1.3885430913775276], [173.22115618468854, 1.383594255423832], [173.22175844539237, 1.3785585036872796], [173.22180931060487, 1.3756613756613822], [173.01176470588237, 1.3756613756613822], [173.01176470588237, 1.4057555329086]]], [[[173.09175800985386, 1.7882957414679899], [173.09255976384898, 1.7821639219178849], [173.09509882634902, 1.7449568906678792], [173.09519996937772, 1.7403332197229526], [173.09487346840461, 1.735719982244373], [173.09412211678435, 1.7311566464401686], [173.09295234264948, 1.726682253588327], [173.0913741539151, 1.7223350840220635], [173.0894010526568, 1.718152329625293], [173.08704991959473, 1.7141697756402583], [173.07122960709472, 1.6899998537652583], [173.06838141925058, 1.6860775004262696], [173.06516680098014, 1.6824493798264555], [173.06161596587583, 1.6791495919888222], [173.0577622875688, 1.6762091509985144], [173.0536419860566, 1.673655693507258], [173.04929378727792, 1.6715132189816682], [173.04475855913523, 1.6698018641367787], [173.04007892738466, 1.6685377136748443], [173.0352988750047, 1.6677326491082511], [173.01176470588237, 1.6649339911585708], [173.01176470588237, 1.7934134949223148], [173.08747870234959, 1.8103215889165574], [173.09175800985386, 1.7882957414679899]]]]}, "properties": {"tile": "N00E168_6x6", "epsg": 4326}}, {"type": "Feature", "geometry": {"type": "MultiPolygon", "coordinates": [[[[-6.564705882352957, 4.761904761904768], [-6.776470588235288, 4.761904761904768], [-6.776470588235309, 4.761904761904768], [-6.98823529411764, 4.761904761904768], [-6.98823529411764, 4.973340957690394], [-6.987259060114639, 4.97354497354498], [-6.776470588235309, 4.97354497354498], [-6.776470588235288, 4.97354497354498], [-6.564705882352957, 4.97354497354498], [-6.564705882352957, 4.761904761904768]]], [[[-6.988235294117647, 4.761904761904768], [-7.199999999999999, 4.761904761904768], [-7.199999999999999, 4.929085833090078], [-6.988235294117647, 4.973340957690392], [-6.988235294117647, 4.761904761904768]]], [[[-6.3529411764705905, 4.973544973544977], [-6.3529411764705905, 5.1061063314913335], [-6.141176470588238, 5.150361456091647], [-6.141176470588238, 4.973544973544977], [-6.3529411764705905, 4.973544973544977]]]]}, "properties": {"tile": "N00W012_6x6", "epsg": 4326}}, {"type": "Feature", "geometry": {"type": "MultiPolygon", "coordinates": [[[[7.199999999999999, 4.337864307396688], [7.1980619713670855, 4.337989214944826], [7.192665495658788, 4.33862433862434], [7.199999999999999, 4.33862433862434], [7.199999999999999, 4.337864307396688]]], [[[8.470588235294127, 3.492063492063492], [8.682352941176458, 3.492063492063492], [8.682352941176458, 3.2804232804232836], [8.682352941176458, 3.28042328042328], [8.682352941176458, 3.170491193967761], [8.65862626399228, 3.1674861138707064], [8.653794551994746, 3.1671108964464283], [8.648949210450093, 3.1672052058216233], [8.64413575887865, 3.1677681560076594], [8.639399417210658, 3.1687944583737564], [8.461958010960675, 3.2163530521237678], [8.457159630834454, 3.2179023559701445], [8.452541692638317, 3.2199270636183672], [8.44815116042365, 3.2224065839582914], [8.44403268554173, 3.225315700472131], [8.44022815254314, 3.228624827684367], [8.410247683793129, 3.257482249559356], [8.406582836629077, 3.2614104058528386], [8.403360598582003, 3.2657090915321914], [8.400618169122662, 3.2703286799621734], [8.398387208520402, 3.2752158398115188], [8.396693472337809, 3.280314150742176], [8.386048941087815, 3.3192301663671815], [8.385044732290954, 3.3236954800443765], [8.38445304278818, 3.32823391205067], [8.384278830336738, 3.332807434934094], [8.384523554660078, 3.3373777272167606], [8.385185165216859, 3.3419064944899373], [8.402665633966853, 3.4323850101149316], [8.40419177937201, 3.4383105331443264], [8.406430291630619, 3.444005268066834], [8.41932091663063, 3.4716908149418395], [8.421495731676938, 3.475841510749215], [8.424049567229046, 3.4797703808340863], [8.426959992340292, 3.483442916993587], [8.430201444052878, 3.4868268624668435], [8.433745451923432, 3.489892495253801], [8.436790341740522, 3.492063492063492], [8.470588235294105, 3.492063492063492], [8.470588235294127, 3.492063492063492]]], [[[8.894117647058817, 3.492063492063492], [8.894117647058817, 3.4616899548737043], [8.837879655489411, 3.3786889597021132], [8.811369892860053, 3.2902779996405784], [8.809425571181256, 3.284923484804835], [8.806884809021705, 3.279824882686073], [8.803780586709976, 3.2750483756195856], [8.744307930459982, 3.1940425162445885], [8.741104266233485, 3.1901132169013424], [8.73751916789612, 3.186528537317838], [8.733589494357002, 3.183325332097918], [8.729355647152206, 3.1805365338528993], [8.724861155070805, 3.178190814616676], [8.720152226629146, 3.176312291064441], [8.715277274994488, 3.1749202765656914], [8.710286420242303, 3.174029082620718], [8.682352941176465, 3.170491193967762], [8.682352941176465, 3.28042328042328], [8.682352941176465, 3.2804232804232836], [8.682352941176465, 3.492063492063492], [8.894117647058817, 3.492063492063492]]], [[[8.914697481371418, 3.492063492063492], [8.894117647058824, 3.461689954873715], [8.894117647058824, 3.492063492063492], [8.914697481371418, 3.492063492063492]]], [[[8.996006927592912, 3.6245937776954], [8.995404339981297, 3.6192646612710195], [8.994234432183902, 3.6140307421428837], [8.992510664033777, 3.6089522367467177], [8.990252867548094, 3.6040875734774347], [8.987487018760039, 3.599492720468264], [8.91469748137142, 3.4920634920634956], [8.894117647058824, 3.4920634920634956], [8.894117647058824, 3.62210340178097], [8.9971252328202, 3.643545482238749], [8.996006927592912, 3.6245937776954]]]]}, "properties": {"tile": "N00E006_6x6", "epsg": 4326}}, {"type": "Feature", "geometry": {"type": "MultiPolygon", "coordinates": [[[[-172.16470588235296, -4.5502645502645525], [-172.16470588235296, -4.565459608214098], [-172.16891338600948, -4.5675468002859425], [-172.17369193626504, -4.569336705072433], [-172.17862803306798, -4.570630246738451], [-172.18367026538718, -4.571413952632738], [-172.21008628101217, -4.574148327632726], [-172.21522036419225, -4.574414060536973], [-172.2203545954914, -4.57415120498044], [-172.225434696999, -4.573362539811521], [-172.2304069630523, -4.572056402616696], [-172.235218828, -4.570246601577495], [-172.2398194219144, -4.567952269493582], [-172.24416010837646, -4.565197661515205], [-172.24819499864887, -4.562011898723331], [-172.2518814368012, -4.558428660268296], [-172.25518045065851, -4.5544858273215825], [-172.2583582659711, -4.5502645502645525], [-172.16470588235296, -4.5502645502645525]]], [[[-172.16470588235296, -4.550264550264549], [-172.2583582659711, -4.550264550264549], [-172.2682663881585, -4.537103014821594], [-172.27096165899846, -4.533140933429692], [-172.27326526781107, -4.528939033824143], [-172.27515605588135, -4.5245359105769545], [-172.27661665626505, -4.519972006505233], [-172.27763365330443, -4.515289241202706], [-172.2781977058517, -4.510530626007019], [-172.2783036330675, -4.505739868939326], [-172.27795046200728, -4.500960973244827], [-172.2771414365576, -4.496237833221657], [-172.27588398764115, -4.491613831050462], [-172.27418966496336, -4.487131438327791], [-172.2720740309281, -4.482831825963222], [-172.2695565176965, -4.478754486023348], [-172.2666602487019, -4.47493686899597], [-172.26341182626066, -4.471414039806269], [-172.2598410872288, -4.468218355744418], [-172.2437278059788, -4.45513241824441], [-172.23947054604704, -4.4520322982811384], [-172.23491082461763, -4.4493971613967425], [-172.23009922725092, -4.4472562418060555], [-172.22508913381944, -4.445633290876081], [-172.21993612631158, -4.444546313628274], [-172.2055806575616, -4.4423002198782715], [-172.2007885135891, -4.441785550098014], [-172.1959690800206, -4.441734668719856], [-172.1911671381245, -4.442148048523976], [-172.18642730663996, -4.443021848463141], [-172.18179362718774, -4.444347949352999], [-172.1773091550441, -4.446114029314006], [-172.173015559079, -4.448303678264009], [-172.16895273457695, -4.450896550397637], [-172.1651584325375, -4.453868553235693], [-172.16470588235296, -4.45429945099049], [-172.16470588235296, -4.550264550264549]]], [[[-172.16470588235293, -4.5502645502645525], [-172.14573823985285, -4.5502645502645525], [-172.14814809550379, -4.552574026108222], [-172.1560094236288, -4.559409963608222], [-172.16002584640384, -4.5625574466950285], [-172.16434215243456, -4.565279174811311], [-172.16470588235293, -4.565459608214084], [-172.16470588235293, -4.5502645502645525]]], [[[-172.16470588235293, -4.550264550264549], [-172.16470588235293, -4.454299450990518], [-172.16166790890017, -4.457192071487927], [-172.15851359695267, -4.460836223649107], [-172.15572480596722, -4.46476714894415], [-172.15332744886402, -4.4689483219560575], [-172.15134380143343, -4.473340892013209], [-172.15062638050816, -4.475158358357238], [-172.1493665308531, -4.476087585526819], [-172.14576954253386, -4.479321353714684], [-172.1425018469209, -4.482887548751792], [-172.13959402387007, -4.486752797355258], [-172.13707328546602, -4.490880927629345], [-172.1349632213652, -4.495233307570477], [-172.13328357803843, -4.499769206594521], [-172.13205007397872, -4.504446176703065], [-172.13127425260407, -4.509220449721671], [-172.1309633742314, -4.514047346892624], [-172.1311203481329, -4.51888169698915], [-172.13174370531024, -4.523678259038266], [-172.1328276122419, -4.528392145696323], [-172.13436192547465, -4.532979243315221], [-172.1363322865483, -4.537396624768189], [-172.13872025636545, -4.541602951171821], [-172.141503487749, -4.5455588587449665], [-172.14465593457203, -4.549227327184159], [-172.14573823985285, -4.550264550264549], [-172.16470588235293, -4.550264550264549]]], [[[-171.29935391162405, -4.492739365068393], [-171.30246467257308, -4.488812939910059], [-171.30516693809366, -4.484594953511054], [-171.30743358430567, -4.480127743738109], [-171.30924185984009, -4.475456150027427], [-171.3105736142048, -4.470627063310663], [-171.31141547996964, -4.465688955349108], [-171.31175900694123, -4.460691392200357], [-171.31195431944124, -4.450144517200354], [-171.31178918664477, -4.445054590427059], [-171.31110716335928, -4.440007862017881], [-171.30991532479155, -4.435056685973094], [-171.3082260348954, -4.4302524250471365], [-171.30605681810968, -4.425644917919138], [-171.30343017756257, -4.421281962173966], [-171.30037336162746, -4.41720881845728], [-171.29691808125233, -4.413467740948416], [-171.29310018099534, -4.410097539021887], [-171.28352986849535, -4.402480351521898], [-171.27963056579884, -4.399671954494676], [-171.27547967501243, -4.397250847090785], [-171.27111553651204, -4.395239392261358], [-171.2665784603705, -4.393656169135088], [-171.26191035402732, -4.392515801409107], [-171.2571543352037, -4.391828822274828], [-171.2523543336387, -4.391601577126421], [-171.24755468532507, -4.391836164950547], [-171.24279972299277, -4.39253041893873], [-171.22981144174275, -4.395069481438721], [-171.2248799387089, -4.396296680557018], [-171.22009847659325, -4.398018121780323], [-171.21551644931446, -4.400216022111358], [-171.21118119057033, -4.402867676589257], [-171.20713748486668, -4.405945692838535], [-171.20342710488006, -4.40941827404043], [-171.20008837993385, -4.413249547403456], [-171.19256884868386, -4.422819859903459], [-171.18968077327966, -4.426900062279059], [-171.1872145526241, -4.4312482557711155], [-171.18519483810292, -4.435820977522895], [-171.18364181799961, -4.440572520380216], [-171.18257101570114, -4.445455389762438], [-171.18199313453226, -4.4504207783998835], [-171.1819139507691, -4.455419054192383], [-171.18233425590185, -4.460400256312516], [-171.18365261527683, -4.470165881312516], [-171.18456700878554, -4.475075191710999], [-171.18596654646552, -4.479868806042554], [-171.18783726795976, -4.48449890811145], [-171.1901605128632, -4.488919312753122], [-171.1929131068599, -4.493085926530148], [-171.19606759288624, -4.496957187563307], [-171.19959250501478, -4.5004944801103886], [-171.2034526823258, -4.503662519757362], [-171.20760961963703, -4.506429705379613], [-171.21202185159174, -4.508768434362455], [-171.22183630471676, -4.513358278112452], [-171.22624546149382, -4.515169443346455], [-171.23080704986154, -4.516552517658602], [-171.23547961231125, -4.517494931125734], [-171.24022068275818, -4.517988118723705], [-171.2449871724899, -4.5180275981697084], [-171.24973576177365, -4.517613010659014], [-171.26125919927364, -4.5160505106590225], [-171.2662990537095, -4.51510173069106], [-171.27121521209776, -4.513641695464056], [-171.2759559558304, -4.511685764733241], [-171.28047141168386, -4.50925451513726], [-171.28471407649147, -4.506373523729331], [-171.28863931688295, -4.503073098903406], [-171.29586587938294, -4.4963348176533975], [-171.29935391162405, -4.492739365068393]]]]}, "properties": {"tile": "S06W174_6x6", "epsg": 4326}}, {"type": "Feature", "geometry": {"type": "MultiPolygon", "coordinates": [[[[-90.38901981848853, -1.3756613756613751], [-90.39092597453399, -1.3775048559944825], [-90.39466801060054, -1.3804874647097882], [-90.39867803366995, -1.3830986911754317], [-90.40291931387387, -1.3853146178222082], [-90.40735300314067, -1.387114947835719], [-90.41193849102491, -1.3884831910653563], [-90.41663377667942, -1.389406815066093], [-90.42139585356257, -1.3898773598896073], [-90.46187436918757, -1.391928141139613], [-90.466955052244, -1.3919270815826812], [-90.47200939789272, -1.3914104274374075], [-90.47698521831373, -1.3903835133317357], [-90.48183113648643, -1.3888569424994426], [-90.48649711667468, -1.3868464772981803], [-90.49093498106257, -1.384372876457828], [-90.49509890720658, -1.3814616807396178], [-90.50255738606003, -1.3756613756613751], [-90.4235294117647, -1.3756613756613751], [-90.38901981848853, -1.3756613756613751]]], [[[-91.69411764705882, -0.40620054291169283], [-91.69443555579093, -0.40531307583242276], [-91.6956414889942, -0.4004727529087341], [-91.69635912358505, -0.39553635731170794], [-91.69683235137535, -0.390541514312159], [-91.69411764705882, -0.3901310990587809], [-91.69411764705882, -0.40620054291169283]]], [[[-90.50255738606005, -1.3756613756613711], [-90.5502258603316, -1.3385905869896093], [-90.55402943369371, -1.3353132934874385], [-90.55748515741222, -1.331671069358985], [-90.56055818697831, -1.3277006396207431], [-90.56321753663784, -1.3234420386287755], [-90.56543639182458, -1.3189382064071304], [-90.56719237953497, -1.3142345556780304], [-90.56846779391807, -1.3093785139595273], [-90.56924977480584, -1.3044190453477091], [-90.56953043738395, -1.2994061568053925], [-90.56930695169535, -1.294390393935456], [-90.56858157117514, -1.2894223313229947], [-90.56736160992882, -1.2845520625852442], [-90.56565936898326, -1.279828695271166], [-90.56349201225386, -1.275299855703687], [-90.52115802787885, -1.197174855703687], [-90.51861792482377, -1.1929902195172886], [-90.51568079143696, -1.1890740286369814], [-90.51237478108597, -1.1854638210110826], [-90.50873158294263, -1.1821942016400693], [-90.50478611823212, -1.1792965108765245], [-90.50057620550186, -1.1767985240177843], [-90.49614219811846, -1.1747241850707857], [-90.49152659746791, -1.1730933772410639], [-90.48677364556593, -1.1719217323458362], [-90.48192890098422, -1.1712204809780102], [-90.47703880215676, -1.170996344857341], [-90.47215022225257, -1.1712514724005862], [-90.46731001988131, -1.1719834181282416], [-90.46256458993844, -1.1731851661052475], [-90.45795941889521, -1.1748451971909843], [-90.41274457514521, -1.1936928534409872], [-90.40825235907323, -1.1958337043351297], [-90.40399519637133, -1.1984104878956643], [-90.37074324324632, -1.2208714253956643], [-90.36676421169763, -1.223857861752453], [-90.36310166519908, -1.2272249446627121], [-90.35979186515, -1.2309393379932212], [-90.35686758054905, -1.234964267030023], [-90.33728750242406, -1.26494473578002], [-90.33487820286898, -1.2690478287079836], [-90.33286983394487, -1.2733613597657543], [-90.33128058351778, -1.277846265450567], [-90.33012484390056, -1.2824619302844604], [-90.32941308151553, -1.2871665546296016], [-90.32915174211013, -1.2919175332274113], [-90.32934319238407, -1.2966718410334186], [-90.32998569855631, -1.3013864228537162], [-90.33107344206633, -1.306018583254447], [-90.33259657226712, -1.3105263732132926], [-90.33454129563317, -1.3148689700114273], [-90.33689000067507, -1.319007046925628], [-90.33962141742983, -1.322903129372587], [-90.34271081008251, -1.3265219342801795], [-90.3874862007075, -1.3741781842801823], [-90.38901981848852, -1.3756613756613711], [-90.4235294117647, -1.3756613756613711], [-90.50255738606005, -1.3756613756613711]]]]}, "properties": {"tile": "S06W096_6x6", "epsg": 4326}}, {"type": "Feature", "geometry": {"type": "MultiPolygon", "coordinates": [[[[-89.5764705882353, -0.952380952380951], [-89.39089664130749, -0.952380952380951], [-89.3930957841021, -0.9538641635397912], [-89.39760720095231, -0.9562763588351322], [-89.4023414873752, -0.958214940844011], [-89.5200660967502, -0.9995235345940139], [-89.52464916918612, -1.0008893267525527], [-89.52934176050626, -1.0018110251172694], [-89.53410094299561, -1.0022801980132126], [-89.53888317976477, -1.00229255345777], [-89.54364472302429, -1.001847978423626], [-89.54834201428848, -1.0009505398727314], [-89.55293208284738, -0.9996084475518325], [-89.55737293886183, -0.9978339788898989], [-89.59804676698683, -0.9792792913898989], [-89.60172773528207, -0.9774128820142953], [-89.60524223782015, -0.975249254630069], [-89.60856632957615, -0.9728031504733119], [-89.63390812645115, -0.952490650473309], [-89.63403248454458, -0.952380952380951], [-89.5764705882353, -0.952380952380951]]], [[[-89.36470588235295, -0.7407407407407385], [-89.36470588235295, -0.7407407407407354], [-89.36470588235295, -0.6448229534495958], [-89.3370895204464, -0.6336991601222018], [-89.33241982311789, -0.6320815156908646], [-89.32761324433083, -0.6309327567910039], [-89.32271674021989, -0.6302641058075977], [-89.31777814541265, -0.6300820948848171], [-89.31284570572656, -0.6303885021126041], [-89.30796760684885, -0.6311803341562645], [-89.30319150360383, -0.6324498554987712], [-89.27262509735384, -0.6422154804987712], [-89.26769544735751, -0.6440821438096735], [-89.26298971098932, -0.6464574177382134], [-89.25856018946156, -0.6493149026528966], [-89.23815003321155, -0.6640609964028881], [-89.2341313563607, -0.667292510495223], [-89.23046689392709, -0.6709207555300944], [-89.22719562471985, -0.674907137942044], [-89.22435234516017, -0.6792092546659304], [-89.22196729915238, -0.6837813441774343], [-89.22006585638027, -0.6885747732574246], [-89.21200921575527, -0.7124028982574331], [-89.21067331362644, -0.7170978210313285], [-89.20980157625122, -0.721900633571839], [-89.20940231196127, -0.7267655613593221], [-89.20947932605421, -0.7316462378677726], [-89.21003188452615, -0.736496146473689], [-89.21105472106731, -0.7412690637954873], [-89.21253808725405, -0.7459195002380926], [-89.21446784545886, -0.750403133543977], [-89.21682560359291, -0.7546772312185657], [-89.25232365046791, -0.81219676246856], [-89.25488015734973, -0.8159469782930372], [-89.25776620318035, -0.8194499178629577], [-89.26095800711971, -0.8226767171718143], [-89.26442926889976, -0.8256007875918576], [-89.26815138553701, -0.828198034962753], [-89.32332941262952, -0.863087525939711], [-89.36470588235295, -0.9211480560354984], [-89.36470588235295, -0.7407407407407385]]]]}, "properties": {"tile": "S06W090_6x6", "epsg": 4326}}, {"type": "Feature", "geometry": {"type": "MultiPolygon", "coordinates": [[[[123.88235294117645, -2.0428923882724437], [123.87980573498365, -2.043763845621307], [123.87491752704175, -2.0449043052707974], [123.86993960492957, -2.045548910995537], [123.86492213659434, -2.0456911664009922], [123.80242213659434, -2.044323978900998], [123.79737575774283, -2.0439575258468636], [123.7923922516904, -2.043082943215393], [123.78752264999223, -2.0417091868122674], [123.78281681781257, -2.0398503240279875], [123.77832294330089, -2.0375253897865115], [123.77408704414087, -2.034758191625905], [123.77015249632512, -2.0315770659069865], [123.76655958998111, -2.0280145876464144], [123.76334511679653, -2.0241072369455537], [123.76054199326913, -2.0198950254309223], [123.75817892363872, -2.0154210865314948], [123.75628010595327, -2.010731233788467], [123.75622831105967, -2.0105820105820076], [123.88235294117645, -2.0105820105820076], [123.88235294117645, -2.0428923882724437]]], [[[123.94234482546645, -5.843000446491444], [123.94611726364093, -5.839925962451804], [123.95017072349395, -5.837232784939983], [123.95446680458676, -5.834946427764403], [123.95896480800904, -5.8330885507223496], [123.96362212193998, -5.8316767544059545], [123.96839462533114, -5.830724413463042], [123.97323710588715, -5.830240549892443], [123.97810368838417, -5.830229747574126], [123.98294826926868, -5.830692108843818], [123.9877249534194, -5.8316232535235315], [123.99238848893451, -5.833014360417162], [123.99689469582546, -5.834852250878064], [124.04406266457545, -5.856824907128064], [124.048256548365, -5.85902606433064], [124.05222333678903, -5.8616141802225155], [124.05592743386481, -5.864566030341314], [124.05933560087092, -5.867855126254954], [124.06241725461493, -5.871451953255632], [124.06514474187166, -5.875324235210116], [124.0674935875296, -5.879437224189672], [124.06944271421818, -5.883754012280667], [124.09776302671818, -5.95533604353067], [124.0992895775517, -5.959799382892037], [124.10038871624958, -5.964386718701074], [124.1010506597055, -5.9690572204474845], [124.10126951615783, -5.973769317385719], [124.10104333763046, -5.978481068543814], [124.1003741372711, -5.983150536027488], [124.09714179112129, -6.0], [123.9751533281607, -6.0], [123.94170490288828, -5.843634996282042], [123.94234482546645, -5.843000446491444]]], [[[123.91371637744156, -2.0105820105820076], [123.91230873838998, -2.0145961833194184], [123.9101811878789, -2.019142473446336], [123.90760853284854, -2.0234525397091767], [123.90461670074794, -2.027482944872073], [123.90123584353037, -2.031193070148903], [123.8975000337793, -2.034545524563075], [123.89344692132175, -2.0375065217771526], [123.88911735379001, -2.040046220594611], [123.88455496495548, -2.0421390257020975], [123.88235294117648, -2.042892388272434], [123.88235294117648, -2.0105820105820076], [123.91371637744156, -2.0105820105820076]]], [[[124.30588235294117, -1.9162813707018749], [124.28685327489353, -1.884678755496358], [124.28440680847956, -1.8800918826358861], [124.28244981910602, -1.875275785341945], [124.28100346151537, -1.8702825248567716], [124.28008337060204, -1.8651660775283927], [124.27969949240183, -1.8599817513349284], [124.27985597657673, -1.854785588014184], [124.2805511315578, -1.8496337572614197], [124.28177744283079, -1.8445819495439202], [124.29540447355187, -1.7989417989417922], [124.30588235294117, -1.7989417989417922], [124.30588235294117, -1.9162813707018749]]], [[[123.88235294117648, -1.9183350101265573], [123.88654175278113, -1.9233262034412943], [123.88939193485733, -1.9270663153784608], [123.89187815605679, -1.9310576408872762], [123.89397842627496, -1.9352648775315229], [123.91175186377491, -1.97549925253152], [123.91354710058528, -1.9801867198530103], [123.91486331090503, -1.9850305629026423], [123.91568722984809, -1.9899819649940291], [123.91601055388514, -1.9949910254510788], [123.91583002452745, -2.0000072625114984], [123.91514746116613, -2.0049801220865406], [123.91396974273619, -2.0098594872496616], [123.91371637744156, -2.010582010582004], [123.88235294117648, -2.010582010582004], [123.88235294117648, -1.9183350101265573]]], [[[124.51764705882353, -1.7989417989417922], [124.51764705882356, -1.7989417989417922], [124.72941176470586, -1.7989417989417922], [124.72941176470589, -1.7989417989417922], [124.92646649077423, -1.7989417989417922], [124.92799121340347, -1.8193835918712793], [124.93919685614928, -1.835116898322421], [124.93936603351646, -1.8656143661477325], [124.94117647058822, -1.8710740724472628], [124.94117647058822, -1.9765117806903525], [124.83792051013542, -1.9473612884536808], [124.69055285948666, -2.010582010582004], [124.51764705882356, -2.010582010582004], [124.51764705882353, -2.010582010582004], [124.36266418015867, -2.010582010582004], [124.3058823529412, -1.916281370701922], [124.3058823529412, -1.7989417989417922], [124.51764705882353, -1.7989417989417922]]], [[[124.51764705882356, -2.0105820105820076], [124.69055285948664, -2.0105820105820076], [124.65887275700014, -2.02417277454872], [124.65495619513095, -2.0256619348666964], [124.65092870049033, -2.0268179375689153], [124.53237401299036, -2.0555288750689096], [124.52821096319671, -2.0563517731399976], [124.5239931290649, -2.056818699318612], [124.51975089274208, -2.056926290215056], [124.41691886149204, -2.055168477715053], [124.41187401807507, -2.0548265299900654], [124.40688950772169, -2.053976806573052], [124.40201630676675, -2.052627997542351], [124.39730425318957, -2.050793897099588], [124.39280153692334, -2.0484932624970744], [124.38855420701923, -2.0457496222083384], [124.38460570070497, -2.0425910353036185], [124.38099639915463, -2.039049804491173], [124.37776321451227, -2.03516214575912], [124.37493921239349, -2.030967817996361], [124.36266418015867, -2.0105820105820076], [124.51764705882353, -2.0105820105820076], [124.51764705882356, -2.0105820105820076]]], [[[124.94117647058825, -1.9765117806903605], [124.94117647058825, -1.8710740724473485], [124.9677568343659, -1.9512320529841076], [124.97507505473291, -1.9860817891393632], [124.94117647058825, -1.9765117806903605]]]]}, "properties": {"tile": "S06E120_6x6", "epsg": 4326}}, {"type": "Feature", "geometry": {"type": "MultiPolygon", "coordinates": [[[[146.75294117647056, -2.206189764436077], [146.7276670867709, -2.22376513342561], [146.72367813724006, -2.226268851774862], [146.7194713144374, -2.228386153321495], [146.71508394184, -2.2300982530918474], [146.71055494478597, -2.2313899611149144], [146.70592450512405, -2.232249817189746], [146.70123370471487, -2.2326701925618315], [146.6965241609475, -2.232647357606401], [146.6918376575044, -2.2321815149181368], [146.64562474639766, -2.225377159908552], [146.59784112643302, -2.253528749965239], [146.59338548826244, -2.2558602655931503], [146.58871818841268, -2.2577324271094374], [146.58388643881847, -2.259126296719224], [146.57893911490098, -2.26002777477538], [146.57392626117007, -2.2604277424030843], [146.56889858500062, -2.260322153741537], [146.54292202250065, -2.258466684991543], [146.5382317768606, -2.2579079936213913], [146.53361517918964, -2.256909211285127], [146.52911342900293, -2.2554792513321393], [146.52476670089186, -2.253630875034041], [146.5206137859974, -2.2513805777003215], [146.5166917458294, -2.248748441470641], [146.51303558152188, -2.2457579560974765], [146.5096779214751, -2.2424358093184953], [146.50664873017286, -2.238811648689417], [146.50397504077293, -2.2349178170028194], [146.50168071385724, -2.23078906365407], [146.49978622449495, -2.2264622345302123], [146.49830847951853, -2.22197594318931], [146.48317176076853, -2.167483755689307], [146.48205006939367, -2.1624530851239427], [146.48145223069886, -2.1573336684801574], [146.48138459751846, -2.1521799063949825], [146.48245881626843, -2.124250218894991], [146.48291510060497, -2.119166213789329], [146.48388735055062, -2.1141552225347597], [146.48536543319847, -2.109269470290092], [146.48733394379187, -2.10455987695798], [146.48977236627454, -2.1000755264915174], [146.4926552871116, -2.095863155335325], [146.49595266015226, -2.0919666653326554], [146.49963011977465, -2.0884266661750543], [146.50364933904842, -2.085280052163229], [146.5079684291827, -2.082559617690171], [146.51254237609606, -2.0802937154540118], [146.51732350955888, -2.078505960962763], [146.55205645627328, -2.067504163705056], [146.5463155843595, -2.023339736789378], [146.5459222474826, -2.018437395904952], [146.54601243344354, -2.013520127706217], [146.54635699653355, -2.0105820105820076], [146.75294117647056, -2.0105820105820076], [146.75294117647056, -2.206189764436077]]], [[[146.96470588235294, -2.0105820105820076], [147.17647058823528, -2.0105820105820076], [147.3882352941176, -2.0105820105820076], [147.3882352941176, -2.1204615181010174], [147.38595281366378, -2.1206029326073113], [147.38077910524902, -2.1203868913882506], [147.35003980804188, -2.1175031649037503], [147.33317048617224, -2.129217971757682], [147.24103045191154, -2.217948919447584], [147.2372572543443, -2.2212349518137033], [147.23317452770823, -2.224127419930682], [147.2288231564746, -2.226597358589715], [147.2242467153246, -2.2286200337968225], [147.21949103279235, -2.2301751904593474], [147.21460373233708, -2.2312472552206843], [147.20963375544144, -2.231825492412052], [147.20463087151094, -2.2319041115596034], [147.19964517948245, -2.231482325370295], [147.19472660613295, -2.2305643576158505], [147.14274234597815, -2.2181419392835835], [147.07653246947936, -2.2354786899877537], [147.07060412006894, -2.2366534335697454], [147.06457734313264, -2.237104331535415], [146.92707734313265, -2.239057456535415], [146.9211896030377, -2.238793703676727], [146.91537380040276, -2.2378389844995037], [146.75832829919563, -2.202443608953916], [146.7529411764706, -2.2061897644360373], [146.7529411764706, -2.0105820105820076], [146.96470588235294, -2.0105820105820076]]], [[[147.17647058823528, -2.010582010582004], [146.96470588235294, -2.010582010582004], [146.7529411764706, -2.010582010582004], [146.7529411764706, -1.9274480048183507], [146.7535776699369, -1.9274707581125359], [146.84272616196844, -1.9006544612136929], [146.84693316290648, -1.8995857250206931], [146.85121700326465, -1.8988858923773961], [146.85554539821604, -1.8985602375176391], [146.85988572715155, -1.8986112147137335], [147.07033494590155, -1.910232308463742], [147.07714857079182, -1.9110807309773261], [147.37960284863897, -1.9700637499709759], [147.38094693541066, -1.9683491777622362], [147.38661099791065, -1.961806209012239], [147.3882352941176, -1.9601058810230947], [147.3882352941176, -2.010582010582004], [147.17647058823528, -2.010582010582004]]], [[[146.54635699653355, -2.010582010582004], [146.5465852696873, -2.0086355070777917], [146.54763521398664, -2.003830793036961], [146.5491521080632, -1.9991524714996611], [146.55112127586966, -1.9946458055262626], [146.55352366558148, -1.9903543973985676], [146.55633603392437, -1.9863197667649406], [146.55953117105454, -1.9825809489350519], [146.5630781638158, -1.9791741172107589], [146.566942694826, -1.976132232907092], [146.62729425732599, -1.9332611391570977], [146.63121950304674, -1.9307397890600695], [146.6353626618738, -1.928595262255975], [146.63968766386378, -1.926846228789538], [146.64415685596404, -1.925507915578406], [146.64873132981668, -1.9245919738490669], [146.65337126049099, -1.9241063777023883], [146.6580362531954, -1.9240553546918606], [146.75294117647056, -1.9274480048183487], [146.75294117647056, -2.010582010582004], [146.54635699653355, -2.010582010582004]]], [[[147.38823529411766, -1.9601058810230352], [147.38999507991676, -1.958263721301005], [147.3937096010927, -1.9550694197119272], [147.39771890020728, -1.9522539711121245], [147.40198448601615, -1.9498444051935908], [147.40646540679646, -1.9478638549748513], [147.41111864350376, -1.9463313347126017], [147.41589952277587, -1.945261557355487], [147.4207621458192, -1.9446647932925556], [147.42565982905973, -1.944546771752469], [147.43054555232825, -1.9449086258000885], [147.4353724102772, -1.9457468814584946], [147.4400940626951, -1.947053491060875], [147.44466517939526, -1.948815910512086], [147.44904187540797, -1.9510172197181386], [147.45318213229783, -1.9536362850274271], [147.45704620156135, -1.9566479621241855], [147.47677276406137, -1.9736401496241798], [147.48034563433157, -1.977038697406672], [147.48356636702007, -1.9807726510682506], [147.48640363659922, -1.9848056933855007], [147.48882984718475, -1.9890985981354572], [147.49082140093913, -1.9936096116181472], [147.4923589275891, -1.9982948587619123], [147.49342747282515, -2.0031087698616385], [147.49401664375023, -2.0080045237993507], [147.49407105153853, -2.010582010582004], [147.38823529411766, -2.010582010582004], [147.38823529411766, -1.9601058810230352]]], [[[147.81176470588238, -2.222222222222216], [147.81176470588238, -2.2030117507972786], [147.81294777483208, -2.2023256488368173], [147.81749700337173, -2.200263472626912], [147.82222927915848, -2.1986654685890983], [147.8270973777692, -2.1975475835578866], [147.83205271937487, -2.196920973154398], [147.83704585352942, -2.1967918904619594], [147.84202695264656, -2.197161623625211], [147.8469463092403, -2.198026482995423], [147.85175483196693, -2.1993778379503155], [147.85640453551832, -2.201202203020941], [147.86084901947788, -2.20348137246615], [147.86504393136056, -2.2061926019516958], [147.86894740921608, -2.2093088355209622], [147.91006069046605, -2.2456369605209594], [147.91363390795277, -2.2491272380431107], [147.9168410523937, -2.252956617225706], [147.91965011658945, -2.257086880986442], [147.91986257732788, -2.2574782813944507], [147.9265939823664, -2.288552344687423], [147.9263743368386, -2.2906912330757203], [147.92537085547417, -2.2955843859999914], [147.9238841667014, -2.300352999727491], [147.921929107627, -2.304949483645072], [147.91952518967818, -2.3093279649896044], [147.88710331467823, -2.3619646837395987], [147.88433310887157, -2.3660045738958355], [147.8811808887609, -2.3697540086611686], [147.87767690904298, -2.373177001331641], [147.87385480056852, -2.376240698362224], [147.86975124755656, -2.378915694691896], [147.86540563550298, -2.3811763159705115], [147.86085967316234, -2.3830008649786714], [147.8561569922315, -2.38437182987549], [147.8513427285768, -2.385276052275512], [147.84646308902455, -2.385704853541592], [147.84156490787245, -2.3856541180815998], [147.81176470588238, -2.383883046645501], [147.81176470588238, -2.2222222222222197], [147.81176470588238, -2.222222222222216]]], [[[147.81176470588233, -2.383883046645498], [147.76597897037243, -2.3811619305816083], [147.76125016289635, -2.380654298118464], [147.75659097901266, -2.3796996691844656], [147.75204357373283, -2.378306680999059], [147.74764909072636, -2.3764879369353653], [147.71425065322634, -2.3607652806853596], [147.709970483775, -2.358490679420156], [147.7059306675543, -2.3558123317297945], [147.702169168594, -2.352755407291824], [147.69872133544737, -2.349348633445371], [147.69561956900432, -2.345624025226986], [147.6928930180051, -2.341616584510473], [147.69056730511613, -2.337363971078018], [147.68866428614197, -2.332906148713721], [147.68720184463595, -2.3282850096453505], [147.68619372384035, -2.3235439808636165], [147.68564939753463, -2.3187276160185637], [147.685573981006, -2.313881176728224], [147.6859681829786, -2.3090502072341623], [147.68682829895332, -2.304280106401083], [147.6881462460208, -2.299615701082602], [147.68990963882013, -2.295100824862484], [147.69210190592997, -2.290777906130085], [147.69470244559776, -2.286687569361072], [147.6976868193441, -2.2828682533503484], [147.70102698162248, -2.279355849984841], [147.7046915433761, -2.2761833669507645], [147.70864606701576, -2.27338061754506], [147.7128533900456, -2.270973940505991], [147.71727397429646, -2.268985952495786], [147.72186627748445, -2.2674353355613546], [147.726587143603, -2.266336661570413], [147.75682665326934, -2.2608287508811884], [147.76758639244238, -2.239548377850083], [147.77020841536472, -2.2349779123833176], [147.7732968607832, -2.2307087598110518], [147.77681742946223, -2.2267883319052477], [147.78073102315062, -2.2232601676190633], [147.7849941787938, -2.2201634495578935], [147.8086269912938, -2.2048314183078963], [147.81176470588233, -2.2030117507973115], [147.81176470588233, -2.222222222222216], [147.81176470588233, -2.2222222222222197], [147.81176470588233, -2.383883046645498]]], [[[147.49407105153853, -2.0105820105820076], [147.4941207099632, -2.012934503436314], [147.49373865929408, -2.017850758747401], [147.48768397179407, -2.0653116962474067], [147.4867794436457, -2.070339658318417], [147.48536658307265, -2.075249077709732], [147.4834601395333, -2.0799887028837145], [147.4810800152105, -2.0845090548574867], [147.4782510572444, -2.088762943735288], [147.47500279834222, -2.0927059613440635], [147.47136914847377, -2.096296944829454], [147.46738804087073, -2.099498406372517], [147.46310103602525, -2.1022769245411648], [147.4585528878222, -2.1046034931908517], [147.45379107633408, -2.1064538242721746], [147.4488653121563, -2.1078086013842547], [147.39622859340628, -2.119429695134249], [147.39112112073448, -2.1202827223765714], [147.38823529411766, -2.120461518101014], [147.38823529411766, -2.0105820105820076], [147.49407105153853, -2.0105820105820076]]], [[[149.92785323328832, -2.5107026636390115], [149.9244312438371, -2.507248404224666], [149.92136095016704, -2.5034780969844546], [149.91867138733298, -2.499427396839096], [149.91638798990658, -2.49513461031995], [149.91453235144743, -2.49064033331304], [149.91312202029786, -2.485987067153178], [149.91217033363236, -2.481218816698706], [149.91168629133082, -2.476380674187758], [149.911674470869, -2.4715183928114293], [149.9121349840303, -2.466677954036463], [149.91306347584856, -2.46190513276919], [149.91445116579212, -2.457245064472861], [149.91628493079918, -2.4527418183320435], [149.91854742937957, -2.448437980500568], [149.92121726560922, -2.4443742513741546], [149.92426919146635, -2.440589060696214], [149.92767434559636, -2.43711820413668], [149.92941176470586, -2.4356617060592254], [149.92941176470586, -2.511996347322615], [149.92785323328832, -2.5107026636390115]]]]}, "properties": {"tile": "S06E144_6x6", "epsg": 4326}}, {"type": "Feature", "geometry": {"type": "Polygon", "coordinates": [[[150.06812364240605, -2.6397122087592573], [150.0649730216078, -2.63661559505524], [150.06210802453978, -2.633252974106296], [150.05955101585937, -2.629650595107023], [150.0106114074068, -2.5538147648662526], [150.0, -2.549993236235659], [150.0, -2.4338624338624317], [150.02994962007216, -2.4338624338624317], [150.07526578878176, -2.6461368792433353], [150.06812364240605, -2.6397122087592573]]]}, "properties": {"tile": "S06E150_6x6", "epsg": 4326}}, {"type": "Feature", "geometry": {"type": "Polygon", "coordinates": [[[169.58457049315288, -0.8160252870533232], [169.58842044850365, -0.819109352019506], [169.59194776924036, -0.8225577750415529], [169.59511812238, -0.8263369910830651], [169.59790064946418, -0.8304102153519265], [169.60026826691805, -0.8347378013430617], [169.60219792966694, -0.8392776267355186], [169.60367085544434, -0.8439855033877702], [169.60467270760793, -0.8488156074405668], [169.60519373468463, -0.8537209253409577], [169.6052288652859, -0.8586537114461305], [169.60477775747006, -0.8635659527530081], [169.6038448020702, -0.8684098362301806], [169.5996455833202, -0.8855973362301863], [169.59822424035957, -0.8903700439315245], [169.59633518890055, -0.8949776940049724], [169.5939971675437, -0.8993745804885103], [169.59123336848324, -0.9035170881067986], [169.58807120745016, -0.9073641249164716], [169.58454205175963, -0.9108775299210322], [169.58068090916032, -0.9140224516119809], [169.57652608057236, -0.916767693681206], [169.5721187801579, -0.9190860244753156], [169.56750272649415, -0.9209544471222524], [169.56272370890323, -0.9223544276506505], [169.5533487089032, -0.9246005214006391], [169.54881012391365, -0.9254683297724839], [169.54421080654595, -0.9259134419253642], [169.53959003836482, -0.9259320562729846], [169.5349872841408, -0.9255240138350787], [169.530441854792, -0.9246927995952141], [169.52599257163968, -0.9234455127364611], [169.52167743484569, -0.92179280600913], [169.5175332988629, -0.9197487947484198], [169.4987832988629, -0.9093972322484283], [169.4946397614402, -0.9068387674427428], [169.49076476350433, -0.9038893546991104], [169.48719506273474, -0.9005769717274534], [169.4839645208054, -0.896933039321667], [169.48110378217766, -0.8929921233064367], [169.47863998341143, -0.8887916066507404], [169.47659649575147, -0.8843713348583198], [169.47499270343116, -0.8797732379988975], [169.47384381979643, -0.8750409329654975], [169.47316074299408, -0.8702193097307996], [169.47294995259355, -0.8653541055272415], [169.47321344812258, -0.8604914709901347], [169.47394873010003, -0.8556775323792991], [169.47658544885005, -0.8426892511292963], [169.47775836580166, -0.8380585369209793], [169.47936783844608, -0.8335608879727637], [169.48139917600096, -0.829237357471815], [169.48383383702793, -0.8251274093044679], [169.48664959867324, -0.8212685578417401], [169.48982075951125, -0.8176960255194337], [169.49331837413945, -0.8144424213383326], [169.49711051738316, -0.811537443219049], [169.50116257569923, -0.8090076069283341], [169.50543756311774, -0.806876004051136], [169.51852350061776, -0.8011142853011417], [169.52291758877007, -0.7994218392477075], [169.52745140095803, -0.7981502530815013], [169.53208472701115, -0.7973108044413957], [169.53677647417504, -0.7969109383585415], [169.54148503156114, -0.7969542012267272], [169.54616863919185, -0.7974402093495765], [169.5507857583678, -0.7983646523435337], [169.55529544007263, -0.7997193313664559], [169.55965768814792, -0.8014922318327653], [169.56383381401736, -0.8036676299702491], [169.58043537651736, -0.8133355987202434], [169.58457049315288, -0.8160252870533232]]]}, "properties": {"tile": "S06E168_6x6", "epsg": 4326}}, {"type": "Feature", "geometry": {"type": "Polygon", "coordinates": [[[174.70000095830287, -1.2488314826980804], [174.69894189127857, -1.2435098985057833], [174.69259831972192, -1.19918836565593], [174.67165064612087, -1.155181357808644], [174.669745159371, -1.1506069628878488], [174.66830183280263, -1.145866416815685], [174.6673348433285, -1.1410062830724383], [174.66685368909393, -1.1360742997748334], [174.6668630961822, -1.131118910773756], [174.66736297219327, -1.126188789819981], [174.66834840715129, -1.121332362471731], [174.66980972173226, -1.1165973304400834], [174.6717325623382, -1.1120302030442795], [174.67409804208364, -1.107675840379171], [174.67688292630996, -1.1035770126819886], [174.68005986080533, -1.0997739802264974], [174.68359764048816, -1.0963040978709915], [174.6874615159157, -1.0932014481444006], [174.69161353460635, -1.0904965064744863], [174.69601291382386, -1.0882158418463816], [174.70061644116095, -1.0863818558317264], [174.70537889898844, -1.0850125625517493], [174.71025350860032, -1.0841214117355897], [174.71519238969225, -1.0837171566118478], [174.72014703066054, -1.0838037679309809], [174.7250687651019, -1.084380394963054], [174.72990924983367, -1.0854413738539397], [174.7346209397393, -1.0869762832578864], [174.739157554775, -1.0889700467000127], [174.766501304775, -1.1026419217000127], [174.7708033902145, -1.1050655632132496], [174.77484543927935, -1.1079017255271137], [174.77858803071013, -1.1111227481435308], [174.7819946637951, -1.1146972171023573], [174.78503211435404, -1.1185902713551685], [174.78767075876667, -1.1227639427577811], [174.81013169626667, -1.1625100365077783], [174.8120476055717, -1.1662609417465606], [174.81364102978102, -1.170159787455835], [174.8149006619573, -1.1741789074286673], [174.82154128695734, -1.1989835949286616], [174.8223834816698, -1.2026872966895086], [174.82294209772502, -1.2064442431583648], [174.828606160225, -1.2579090869083762], [174.82890326625633, -1.2628326778468095], [174.828713800931, -1.2677615846843713], [174.82803960812709, -1.2726478392608345], [174.82688724909426, -1.2774438885081123], [174.8252679385997, -1.2821030572370935], [174.82319743578594, -1.286580002380951], [174.8206958908027, -1.2908311542742255], [174.8177876487055, -1.2948151406731534], [174.81450101252935, -1.2984931893906704], [174.81086796784342, -1.3018295056276405], [174.80692387146732, -1.3047916203281256], [174.80270710737807, -1.3073507061684913], [174.79825871315703, -1.3094818581051504], [174.79362198061187, -1.3111643357506426], [174.78884203446032, -1.3123817652192482], [174.783965393176, -1.3131222984777748], [174.7790395162704, -1.313378728650708], [174.77411234241637, -1.3131485601575814], [174.76923182290878, -1.3124340329999866], [174.76444545500198, -1.3112421009618576], [174.74149623625198, -1.3043085072118519], [174.73669738295263, -1.3025871151030757], [174.73209876978055, -1.3003859925090062], [174.72774820793518, -1.2977280242228397], [174.72369092965772, -1.2946408448046467], [174.71996911795728, -1.291156551268348], [174.7166214680393, -1.2873113693731204], [174.71368278499656, -1.28314527698876], [174.71118362194494, -1.2787015884508275], [174.70914996236658, -1.2740265042269836], [174.70163043111657, -1.2540069729769836], [174.70000095830287, -1.2488314826980804]]]}, "properties": {"tile": "S06E174_6x6", "epsg": 4326}}, {"type": "Feature", "geometry": {"type": "Polygon", "coordinates": [[[110.54117647058824, -2.8571428571428523], [110.54117647058821, -2.8571428571428523], [110.32941176470588, -2.8571428571428523], [110.32941176470588, -2.6455026455026402], [110.54117647058821, -2.6455026455026402], [110.54117647058824, -2.6455026455026402], [110.54281170590305, -2.6455026455026402], [110.58805686235769, -2.8571428571428523], [110.54117647058824, -2.8571428571428523]]]}, "properties": {"tile": "S06E108_6x6", "epsg": 4326}}, {"type": "Feature", "geometry": {"type": "Polygon", "coordinates": [[[-171.23997076423314, -9.374830366535022], [-171.24259320856902, -9.370993950886247], [-171.24484814945282, -9.366930634391595], [-171.24671610843515, -9.362675516465448], [-171.25111063968515, -9.35124973521545], [-171.25266716896115, -9.34650927052772], [-171.2537434896144, -9.341637276819387], [-171.25432888373476, -9.3366822689923], [-171.25441752201704, -9.331693588595884], [-171.2540085218087, -9.326720912488172], [-171.25310595589923, -9.321813758157834], [-171.25171881196377, -9.31702099063322], [-171.24986090306447, -9.312390335888528], [-171.2475507301012, -9.30796790559259], [-171.2448112975812, -9.303797737932758], [-171.24166988454218, -9.299921359086365], [-171.23815777290977, -9.296377369706555], [-171.23430993599501, -9.293201060540234], [-171.2301646902329, -9.290424061005801], [-171.22576331363058, -9.288074024230067], [-171.22114963472453, -9.286174351680751], [-171.21636959613963, -9.284743960136646], [-171.21358639301462, -9.28406036638665], [-171.20894582486636, -9.283150845075964], [-171.20424008757294, -9.282683792318334], [-171.1995112732048, -9.282663385826279], [-171.1948016802532, -9.283089808132619], [-171.1901534352768, -9.283959244957753], [-171.18560811608654, -9.285263919327779], [-171.18120637983847, -9.286992161138292], [-171.17698759936212, -9.289128511541602], [-171.17298951097686, -9.29165386122367], [-171.16924787694634, -9.294545621333869], [-171.16202131444635, -9.300697965083872], [-171.15855886797019, -9.303941323569697], [-171.15541940753178, -9.307498246119247], [-171.15263119820816, -9.311336709175668], [-171.14750424508316, -9.319149209175668], [-171.14522926980192, -9.322977256704931], [-171.14330390671267, -9.32699253221119], [-171.1417434273799, -9.331163187395754], [-171.1388625680049, -9.340049906145746], [-171.13758929143944, -9.3447450723201], [-171.13677831707784, -9.349541752338803], [-171.13643732186904, -9.354394539258143], [-171.13656953378526, -9.359257495008114], [-171.13717370126528, -9.364084585257226], [-171.13824410506186, -9.368830115188564], [-171.13977061238216, -9.373449162061892], [-171.14173877280808, -9.377898000467013], [-171.14412995508852, -9.382134516242827], [-171.146921523509, -9.386118605143771], [-171.149118789134, -9.38895063639378], [-171.1522642729503, -9.39262336213626], [-171.15574982740097, -9.395975062151086], [-171.15954285142212, -9.398974387340719], [-171.16360786812749, -9.401593284437402], [-171.16790685663082, -9.403807258390815], [-171.17239960766233, -9.40559560147499], [-171.177044099654, -9.406941586971683], [-171.18179689177526, -9.4078326256186], [-171.18661353024345, -9.408260383359188], [-171.19144896410882, -9.408220859292692], [-171.19625796662453, -9.407714423095337], [-171.2009955582613, -9.406745811562683], [-171.2056174274096, -9.405324084305459], [-171.2100803448347, -9.40346253901328], [-171.214342568008, -9.401178587078777], [-171.21836423153297, -9.398493590745485], [-171.22210772001404, -9.395432663302657], [-171.22553801988042, -9.392024434195813], [-171.228623046875, -9.388300781250008], [-171.23158289685392, -9.38435431461142], [-171.23700346943326, -9.378406741920209], [-171.23997076423314, -9.374830366535022]]]}, "properties": {"tile": "S12W174_6x6", "epsg": 4326}}, {"type": "Feature", "geometry": {"type": "MultiPolygon", "coordinates": [[[[-140.18823529411767, -9.389842978068245], [-140.1928470209016, -9.37167986950382], [-140.1938423708856, -9.366719745188858], [-140.19433140249714, -9.361684429618474], [-140.19430910931337, -9.356625471442682], [-140.19377571955894, -9.351594661350822], [-140.19273669376986, -9.346643501868428], [-140.19120266889152, -9.341822680104134], [-140.18918934938384, -9.337181548844361], [-140.18823529411767, -9.33547801898622], [-140.18823529411767, -9.389842978068245]]], [[[-140.0142399110791, -9.417989417989412], [-140.0317884126844, -9.450007736707846], [-140.03421760071888, -9.453987604093236], [-140.0370069573714, -9.457723884111797], [-140.04013222606304, -9.46118408562576], [-140.04356622908355, -9.464338118309037], [-140.06529474470855, -9.482502180809028], [-140.0692105959214, -9.485461640340725], [-140.07339775221416, -9.488022892694731], [-140.07781586231096, -9.490161255295781], [-140.08242234925333, -9.49185612092188], [-140.08717282071095, -9.49309115629438], [-140.09202149678666, -9.493854459480426], [-140.09692165119358, -9.494138674590895], [-140.10182606155254, -9.493941062668474], [-140.10668746447004, -9.493263528082776], [-140.11145901101168, -9.49211260017808], [-140.11609471818153, -9.49049937035059], [-140.1205499120563, -9.488439385161572], [-140.12478165830433, -9.48595249651644], [-140.12874917594002, -9.483062670353602], [-140.1324142303269, -9.479797755686711], [-140.1357415016416, -9.47618921622604], [-140.13869892524806, -9.472271827165336], [-140.17564112038167, -9.417989417989412], [-140.0142399110791, -9.417989417989412]]], [[[-140.17564112038167, -9.417989417989409], [-140.17937275337306, -9.41250620216534], [-140.18166627073953, -9.40879827329881], [-140.18362805014084, -9.404904640037936], [-140.18524317502374, -9.40085490794777], [-140.1864993646516, -9.396679869503826], [-140.18823529411765, -9.389842978068357], [-140.18823529411765, -9.33547801898617], [-140.18671734644806, -9.332767621308024], [-140.18381196702128, -9.328626084733653], [-140.1805029546985, -9.324799337778574], [-140.17682418523506, -9.321326556465964], [-140.17281331974607, -9.31824329312337], [-140.16851141915387, -9.315581112418533], [-140.16396252382987, -9.31336726821857], [-140.09052502382985, -9.28211726821857], [-140.0858513366575, -9.280397977605368], [-140.08102980520212, -9.279152125919797], [-140.0761082577289, -9.27839207166772], [-140.07113551463425, -9.278125354378151], [-140.06616090416128, -9.278354619813198], [-140.06123377307682, -9.279077593722844], [-140.05640299716526, -9.280287104404865], [-140.05171649639422, -9.281971153846156], [-140.01187274639423, -9.298572716346156], [-140.00741971929904, -9.300691601485022], [-140.00319707988086, -9.30323884330434], [-139.99924590449723, -9.306189663127695], [-139.99560462879865, -9.30951535641317], [-139.99230867384, -9.313183571981087], [-139.98939010151693, -9.31715862671495], [-139.98687730267898, -9.3214018526743], [-139.9847947209533, -9.325871973242917], [-139.9831626149656, -9.330525504653266], [-139.98199686127145, -9.335317178981379], [-139.98130879991453, -9.340200384497352], [-139.98110512411475, -9.345127619087943], [-139.981387815159, -9.35005095234049], [-139.98215412312777, -9.354922491793182], [-139.98339659364552, -9.35969484881615], [-139.9851031403941, -9.364321599591479], [-139.9872571626844, -9.368757736707835], [-140.0142399110791, -9.417989417989409], [-140.17564112038167, -9.417989417989409]]], [[[-138.7058823529412, -10.476190476190476], [-138.7058823529412, -10.578982041351248], [-138.70974463258958, -10.577321522585677], [-138.7140805557393, -10.574923560130458], [-138.7181578505152, -10.5721082234175], [-138.72193647714298, -10.568903159564028], [-138.72537932882372, -10.565339842878474], [-138.72845259612936, -10.561453265777077], [-138.73112609901747, -10.557281595151988], [-138.73337358320472, -10.552865797565483], [-138.73517297798875, -10.54824923695088], [-138.7365066129863, -10.543477248770857], [-138.73736139165982, -10.538596694814974], [-138.73772891992766, -10.5336555030084], [-138.73914716099173, -10.476190476190476], [-138.7058823529412, -10.476190476190476]]], [[[-138.7058823529412, -10.476190476190473], [-138.73914716099173, -10.476190476190473], [-138.74036563867767, -10.426819565508392], [-138.74023910541308, -10.421823584246269], [-138.73961447152942, -10.416865190156457], [-138.73849797732888, -10.41199391926082], [-138.73690077696344, -10.407258437191256], [-138.73483882700103, -10.402706053003701], [-138.73233272701415, -10.398382246544767], [-138.72940751378314, -10.394330214092806], [-138.72609241117044, -10.390590436812587], [-138.72242053816422, -10.387200276334864], [-138.71842857800874, -10.384193601501142], [-138.7141564117264, -10.381600450002576], [-138.7096467196928, -10.379446728293356], [-138.7058823529412, -10.378091559212153], [-138.7058823529412, -10.476190476190473]]], [[[-138.70588235294116, -10.476190476190476], [-138.5762371743061, -10.476190476190476], [-138.58411257685674, -10.50526140659354], [-138.58573206596446, -10.510204683456497], [-138.58785637337675, -10.514952951470418], [-138.59046250666836, -10.519454817792331], [-138.59352225837526, -10.52366155650611], [-138.61227225837527, -10.54680608775612], [-138.61528122946697, -10.550194104121397], [-138.6185845702928, -10.55329579741869], [-138.62215515043275, -10.556085693364121], [-138.62596364462368, -10.558540878473188], [-138.62997877360846, -10.560641188249775], [-138.66659986735846, -10.577731031999775], [-138.671188166458, -10.579601316702744], [-138.6759390482271, -10.581008290729892], [-138.68080585814496, -10.581938137341057], [-138.68574080325538, -10.58238172527384], [-138.6906954215022, -10.58233469841428], [-138.6956210576354, -10.581797518574664], [-138.70046934101472, -10.580775460958462], [-138.70519266061788, -10.579278562356865], [-138.70588235294116, -10.57898204135126], [-138.70588235294116, -10.476190476190476]]], [[[-138.70588235294116, -10.476190476190473], [-138.70588235294116, -10.378091559212143], [-138.70494455524565, -10.377753952776523], [-138.7000968945866, -10.37653903484788], [-138.69515216747342, -10.375814111945477], [-138.6901597733902, -10.375586426292518], [-138.68516958803022, -10.37585825254513], [-138.6802314650208, -10.376626875067775], [-138.67539473786888, -10.377884615063365], [-138.6707077271028, -10.379618907287036], [-138.6232467896028, -10.399931407287038], [-138.61813747405077, -10.402472290078904], [-138.61335093690332, -10.405578775699048], [-138.6089495203001, -10.409210403799102], [-138.5904924890501, -10.426300247549102], [-138.58703446611324, -10.429835407489689], [-138.58394257219356, -10.433694872533797], [-138.58124705254173, -10.43784088896452], [-138.5789742750312, -10.442232899987365], [-138.57714647222468, -10.44682794246135], [-138.5757815238928, -10.451581067169222], [-138.57489278211222, -10.456445778515711], [-138.57448894065394, -10.461374489352616], [-138.57457394994012, -10.466318986481598], [-138.57514697840048, -10.471230902281047], [-138.57620242060676, -10.476062187843546], [-138.5762371743061, -10.476190476190473], [-138.70588235294116, -10.476190476190473]]]]}, "properties": {"tile": "S12W144_6x6", "epsg": 4326}}, {"type": "Feature", "geometry": {"type": "MultiPolygon", "coordinates": [[[[105.77251958381143, -10.476190476190476], [105.7730152980337, -10.47774079812091], [105.77428340813562, -10.482504727960052], [105.77507621915716, -10.487370381197486], [105.77538602398236, -10.492290457590501], [105.77520981092037, -10.497217127835162], [105.77454929298281, -10.502102498527034], [105.7734108912312, -10.506899077745055], [105.77180567235617, -10.511560236732485], [105.74329004735621, -10.582751642982494], [105.74128662931136, -10.587129857639315], [105.73887138316154, -10.591295074738035], [105.73606670543354, -10.59520867030806], [105.73289860384497, -10.598834353659944], [105.72939645613525, -10.602138503908185], [105.72559273764648, -10.605090481736994], [105.72152272018022, -10.60766291351802], [105.7172241449229, -10.609831945145439], [105.71273687247249, -10.611577463234568], [105.7081025132121, -10.612883281632861], [105.70336404145773, -10.613737291513763], [105.69856539695833, -10.614131573661602], [105.69375107744348, -10.614062471906308], [105.68896572599682, -10.613530627027007], [105.68425371708173, -10.612540970810084], [105.67965874505781, -10.611102680316833], [105.67522341900403, -10.609229092784762], [105.67098886760566, -10.606937581951668], [105.66699435776879, -10.604249396949328], [105.6233351761474, -10.571707887971339], [105.57392551435156, -10.56145758536214], [105.56914006344135, -10.560215171570526], [105.5645007099072, -10.558506215389539], [105.56005281573796, -10.556347426399668], [105.55583987089932, -10.55375991249051], [105.55190306810391, -10.55076897347514], [105.54828090004334, -10.547403853717329], [105.54500878301988, -10.543697456190296], [105.54211871065833, -10.539686020762858], [105.53963894108331, -10.535408769858561], [105.53759372062117, -10.53090752495245], [105.53600304672788, -10.526226297655182], [105.53488247246075, -10.521410859382774], [105.5342429544061, -10.516508293819593], [105.53409074554955, -10.511566536550411], [105.53442733413645, -10.506633906362909], [105.53524942912046, -10.501758632803321], [105.5408734783569, -10.476190476190476], [105.67058823529409, -10.476190476190476], [105.67058823529412, -10.476190476190476], [105.77251958381143, -10.476190476190476]]], [[[105.12389352592115, -6.689364882885569], [105.11907056389086, -6.687091101395663], [105.11451716084714, -6.6843166526700735], [105.11028509999277, -6.681073088899435], [105.10642251009276, -6.677397297246771], [105.10297331813405, -6.6733310803512484], [105.09790558689473, -6.666666666666666], [105.1356016357206, -6.666666666666666], [105.14184581168553, -6.696685589580477], [105.12389352592115, -6.689364882885569]]], [[[105.54687052287042, -10.44892660155333], [105.54819507223019, -10.444079995115798], [105.54999933937806, -10.439390789956507], [105.55226510552805, -10.434906335840305], [105.55496949185728, -10.430671915035857], [105.55808519052731, -10.42673028507297], [105.56158074042817, -10.423121246993722], [105.56542084486024, -10.41988124345706], [105.56956672794666, -10.417042990755055], [105.573976526177, -10.414635148456535], [105.57860571112859, -10.412682030013942], [105.58340753909724, -10.411203357255564], [105.58833352309688, -10.410214061242218], [105.63813821059688, -10.402792186242213], [105.63972361647002, -10.40258178990623], [105.65478931919195, -10.400827149830187], [105.68219142238206, -10.386412892809629], [105.68658538182902, -10.38436699556787], [105.69115678885427, -10.382756153255675], [105.6958626858086, -10.381595503006672], [105.70065885123688, -10.380895951486135], [105.70550021542842, -10.380664072400732], [105.71034128393836, -10.380902044725199], [105.71513656510045, -10.381607632226446], [105.71984099751343, -10.382774204477519], [105.72441037348453, -10.384390799163908], [105.72880175445039, -10.386442225096754], [105.7329738744721, -10.388909204964904], [105.73688752801237, -10.391768556484383], [105.74050593835128, -10.394993410243016], [105.7437951031781, -10.398553462193101], [105.74672411411208, -10.402415258419454], [105.74926544714945, -10.40654250950686], [105.75139522130726, -10.41089643155279], [105.75309342303373, -10.415436110620908], [105.77251958381143, -10.476190476190473], [105.67058823529412, -10.476190476190473], [105.67058823529409, -10.476190476190473], [105.5408734783569, -10.476190476190473], [105.54687052287042, -10.44892660155333]]]]}, "properties": {"tile": "S12E102_6x6", "epsg": 4326}}, {"type": "Feature", "geometry": {"type": "MultiPolygon", "coordinates": [[[[122.82352941176468, -10.899470899470893], [122.82352941176468, -10.95124388984122], [122.80943362238239, -10.946236175192254], [122.80503203866726, -10.944432321054348], [122.80082179439239, -10.942218349036025], [122.79684099703269, -10.939614298089337], [122.79312567730884, -10.936643737822045], [122.78970946306853, -10.933333555165998], [122.78662327491638, -10.92971371101997], [122.78389504634742, -10.925816969069631], [122.78154947091741, -10.92167859923911], [122.77960777873821, -10.91733605845827], [122.77808754432122, -10.912828651635119], [122.77700252750817, -10.908197175901895], [122.77636254892901, -10.903483551354878], [122.77601110824294, -10.899470899470893], [122.82352941176468, -10.899470899470893]]], [[[122.82352941176468, -10.89947089947089], [122.77601110824294, -10.89947089947089], [122.76864770517905, -10.815397613854866], [122.76846031640567, -10.810462002893313], [122.76876080297755, -10.805531984847068], [122.7695462327023, -10.800655667562097], [122.77080894124033, -10.79588063486439], [122.7725366068948, -10.791253482229939], [122.7747123708485, -10.78681936209918], [122.80195846459847, -10.737600612099186], [122.80452160333903, -10.733460061744996], [122.80747537084365, -10.729588486488387], [122.81079174904735, -10.726022610291865], [122.8144392803287, -10.722796257398816], [122.81838336590215, -10.719940031492445], [122.82258659400605, -10.717481025403487], [122.82352941176468, -10.717046452839378], [122.82352941176468, -10.89947089947089]]], [[[123.09370413824736, -10.899470899470893], [123.02604210587539, -10.922140517958994], [122.97414259125395, -10.952452712807204], [122.9694839483604, -10.954855428012742], [122.96459936303665, -10.95675722195096], [122.95954251881744, -10.95813719315035], [122.95436899243128, -10.958980175178768], [122.9491356429901, -10.959276903328567], [122.85606923674011, -10.959667528328561], [122.85175444856034, -10.959499179641616], [122.84747027613425, -10.958959175067356], [122.84324867208502, -10.958051542119373], [122.83912112238241, -10.956783050192243], [122.82352941176471, -10.951243889841228], [122.82352941176471, -10.899470899470893], [123.03529411764704, -10.899470899470893], [123.03529411764707, -10.899470899470893], [123.09370413824736, -10.899470899470893]]], [[[123.03529411764707, -10.687830687830678], [123.2470588235294, -10.687830687830678], [123.2470588235294, -10.844308730006395], [123.24451611039369, -10.846395989567286], [123.24017730550294, -10.849259314944684], [123.23556465642834, -10.851656673618576], [123.23072802380317, -10.853562151234804], [123.09370413824738, -10.89947089947089], [123.03529411764707, -10.89947089947089], [123.03529411764704, -10.89947089947089], [122.82352941176471, -10.89947089947089], [122.82352941176471, -10.717046452839364], [122.8270090947732, -10.715442564120204], [122.83160891841791, -10.713843983538395], [122.92015032091153, -10.687830687830678], [123.03529411764704, -10.687830687830678], [123.03529411764707, -10.687830687830678]]], [[[123.24705882352943, -10.687830687830688], [123.24705882352943, -10.687830687830678], [123.24705882352943, -10.476190476190476], [123.42167892546496, -10.476190476190476], [123.43149850499694, -10.551952923148681], [123.45687154176288, -10.598872243594537], [123.4591124114457, -10.603589355712604], [123.46084904500391, -10.608514469676187], [123.46206249740223, -10.613593857134024], [123.46733593490225, -10.642207138384027], [123.46797673205096, -10.64694541836887], [123.468162003929, -10.651723241359706], [123.46789005626819, -10.656496915277177], [123.46716337596659, -10.661222785984235], [123.46598860834645, -10.665857636493065], [123.46437649638425, -10.670359082174391], [123.46234178246874, -10.674685958355028], [123.45990307358514, -10.678798696759255], [123.45708267115866, -10.682659687351483], [123.45390636711313, -10.686233622271272], [123.45040320800985, -10.689487818715508], [123.44660522942357, -10.692392517815023], [123.4425471629846, -10.694921156772532], [123.43826611876612, -10.697050611773236], [123.3408326257763, -10.739832772786041], [123.25218805271722, -10.839399945987823], [123.24853417059802, -10.843097648728149], [123.24705882352943, -10.844308730006372], [123.24705882352943, -10.687830687830688]]], [[[124.09101332065998, -6.031746031746033], [124.09002880277338, -6.035789642159624], [124.08839758589515, -6.0404392054132225], [124.08631664106258, -6.044905633018911], [124.08380617783503, -6.04914554826996], [124.08089057713538, -6.053117774284837], [124.0775981544694, -6.05678373390566], [124.07396088493327, -6.060107824348865], [124.07001409268044, -6.063057762969568], [124.06579610786311, -6.065604900781663], [124.06134789438053, -6.067724500688834], [124.05671265204893, -6.069395977724374], [124.05193539705685, -6.0706030989666795], [124.04706252478042, -6.071334141188882], [124.04214135920435, -6.071582004711578], [124.03721969332446, -6.071344282352948], [124.03234532499542, -6.070623282806638], [124.02756559273115, -6.069426008220366], [124.02292691596638, -6.067764086193008], [124.01847434424393, -6.065653656850577], [124.014251119706, -6.0631152160977955], [124.0102982571386, -6.060173416567553], [124.00665414564712, -6.056856828201362], [124.00335417583219, -6.053197660786018], [124.00043039608582, -6.049231451141064], [123.98882530456561, -6.031746031746033], [124.09101332065998, -6.031746031746033]]]]}, "properties": {"tile": "S12E120_6x6", "epsg": 4326}}, {"type": "Feature", "geometry": {"type": "MultiPolygon", "coordinates": [[[[130.88765989000427, -8.361786635338243], [130.88345637702136, -8.364009974638646], [130.87906066150416, -8.36582393277875], [130.87058823529415, -8.36885727055764], [130.87058823529415, -8.359788359788363], [130.89069889175087, -8.359788359788363], [130.88765989000427, -8.361786635338243]]], [[[130.87058823529415, -8.165694514818467], [130.88884103892508, -8.148148148148147], [131.08235294117648, -8.148148148148147], [131.22321749241948, -8.148148148148147], [131.2216224788171, -8.152021036890725], [131.21935104170848, -8.15630361134606], [131.2166755585968, -8.16034609333402], [131.2136211788847, -8.164110483733314], [131.2102166135833, -8.16756139746918], [131.20649386543005, -8.170666396131253], [131.20248792806478, -8.173396292892942], [131.0698707405648, -8.25464629289294], [131.06539037803725, -8.257086035587943], [131.06068473058056, -8.259056536744824], [131.05580278585342, -8.260537282664018], [130.93971867946496, -8.289370268052073], [130.90454322975648, -8.34535162205621], [130.9018246569936, -8.349253175743549], [130.89874773870082, -8.35287882504564], [130.8953403059229, -8.35619577558887], [130.8916331792424, -8.359174025211882], [130.89069889175087, -8.359788359788359], [130.87058823529415, -8.359788359788359], [130.87058823529415, -8.165694514818467]]], [[[131.08235294117648, -8.066263573824347], [131.1007127682474, -8.075323575571979], [131.17987117482716, -8.080884649140703], [131.18468476885297, -8.0814583939084], [131.1894201780449, -8.082495587375773], [131.19403288980186, -8.083986479977952], [131.19847954487224, -8.085917057401707], [131.20271834492868, -8.088269172319249], [131.20670944547027, -8.091020714972196], [131.2104153303586, -8.094145821002131], [131.2138011644677, -8.09761511457425], [131.21683512113233, -8.10139598450868], [131.219488681317, -8.105452890823878], [131.2217369016934, -8.109747698810624], [131.22355864910645, -8.114240037496309], [131.22493679922488, -8.11888767912998], [131.22585839750892, -8.123646936121022], [131.22631478098242, -8.128473071700242], [131.22630165966441, -8.133320720443182], [131.22581915689457, -8.138144314702759], [131.22487180817396, -8.142898512942786], [131.2234685185315, -8.147538625946067], [131.22321749241948, -8.148148148148143], [131.08235294117648, -8.148148148148143], [131.08235294117648, -8.066263573824347]]], [[[131.2941176470588, -7.936507936507931], [131.4053732884453, -7.936507936507931], [131.39661608867394, -7.960093994558853], [131.39304829584339, -7.9878254751962565], [131.39223990909704, -7.992410294440801], [131.39100859320774, -7.996900051429503], [131.38936502321965, -8.00125582166346], [131.38732344826434, -8.00543984225837], [131.3849015680263, -8.0094158393345], [131.3821203792933, -8.01314934249752], [131.3790039939222, -8.016607983683823], [131.3611329001722, -8.034674389933823], [131.35770376785825, -8.037832013282799], [131.3539954733542, -8.040656563780107], [131.3375892233542, -8.051984688780113], [131.33328657304006, -8.054644615973594], [131.32873718381146, -8.056856192345137], [131.3239876195996, -8.058596781957291], [131.31908649316767, -8.059848569518623], [131.31408396854923, -8.060598742726876], [131.30903124760908, -8.060839623405508], [131.30398004598163, -8.060568746091402], [131.18218308045294, -8.047833686016467], [131.11342660378776, -8.04736210524373], [131.10846215758397, -8.047080801147612], [131.10355020100448, -8.046307793601576], [131.09873931302113, -8.04505072760638], [131.09407707304294, -8.043322035473366], [131.08960959035875, -8.041138813869612], [131.08538104811868, -8.038522654732866], [131.08235294117648, -8.036203721433195], [131.08235294117648, -7.965522387382382], [131.23715768707692, -7.936507936507931], [131.2941176470588, -7.936507936507931]]]]}, "properties": {"tile": "S12E126_6x6", "epsg": 4326}}, {"type": "Feature", "geometry": {"type": "MultiPolygon", "coordinates": [[[[150.9046720211612, -10.689281019369023], [150.90008724960987, -10.691020102826233], [150.89535417824348, -10.692301733385063], [150.89051832887424, -10.693113584557876], [150.88562621181438, -10.693447848109004], [150.8807248785485, -10.69330130915292], [150.87586146920094, -10.69267537707443], [150.87108275915077, -10.691576071973447], [150.85781654556945, -10.687830687830678], [150.9075944783015, -10.687830687830678], [150.9046720211612, -10.689281019369023]]], [[[150.35294117647058, -6.2433862433862455], [150.14117647058825, -6.2433862433862455], [150.14117647058825, -6.109060130123784], [150.35294117647058, -6.064644772124176], [150.35294117647058, -6.2433862433862455]]], [[[150.1411764705882, -6.2433862433862455], [150.0, -6.2433862433862455], [150.0, -6.138670368790196], [150.1411764705882, -6.109060130123796], [150.1411764705882, -6.2433862433862455]]], [[[153.3176470588235, -11.534391534391526], [153.3176470588235, -11.534391534391537], [153.3176470588235, -11.55973524036008], [153.3017490493437, -11.564710278097149], [153.29702884728476, -11.565938137772854], [153.29221147202395, -11.566700267982913], [153.28734276174796, -11.566989416922144], [153.28246904310535, -11.566802833286712], [153.2776366904001, -11.566142292453254], [153.272891684332, -11.565014079585872], [153.2682791744819, -11.563428929831657], [153.2638430497055, -11.56140192617386], [153.259625520523, -11.558952355914597], [153.2556667174784, -11.556103527152732], [153.25200430929024, -11.552882547003149], [153.24867314442716, -11.549320063667698], [153.2457049195182, -11.545449974812094], [153.24312787775392, -11.541309105023549], [153.24096654014735, -11.536936855418261], [153.23924147221217, -11.532374828732737], [153.23796908827808, -11.527666433466326], [153.23716149530568, -11.522856470841585], [153.23682637768644, -11.517990708512645], [153.2369669241244, -11.513115445077787], [153.2375817972951, -11.508277069540023], [153.23866514657038, -11.503521619907424], [153.2402066636883, -11.498894345133255], [153.24219168083792, -11.49443927456409], [153.24460131022622, -11.490198798992713], [153.2474126237989, -11.48621326730214], [153.2476862539491, -11.485862960571417], [153.20931493525708, -11.463522326132964], [153.20534524332612, -11.460952305811055], [153.20163610727099, -11.458018746845156], [153.19822070673578, -11.454747891044926], [153.19512959378773, -11.451168997469521], [153.19239041961723, -11.447314080694095], [153.1900276871874, -11.44321762442715], [153.18806253204576, -11.438916273040546], [153.16062112579573, -11.37045924179054], [153.1591916719927, -11.366394202397839], [153.15811753007296, -11.362221181600445], [153.1574066778533, -11.357971173063861], [153.1539887091033, -11.330236798063867], [153.15362628355686, -11.32526129619948], [153.1536943243433, -11.322751322751325], [153.3176470588235, -11.322751322751325], [153.3176470588235, -11.534391534391526]]], [[[153.31764705882355, -11.534391534391526], [153.31764705882355, -11.322751322751325], [153.3504139475654, -11.322751322751325], [153.5553324573259, -11.429790493239267], [153.71816974681448, -11.48080205791833], [153.72278537330013, -11.482501495630677], [153.72721169453115, -11.484646204644283], [153.73140587771155, -11.487215430956276], [153.7353273364079, -11.49018431257841], [153.73893812329737, -11.493524120122542], [153.79557874829737, -11.55133662012254], [153.79879251949095, -11.554951152392961], [153.80164201938763, -11.55885928739027], [153.80410058445463, -11.56302445564976], [153.80614520924084, -11.567407682577729], [153.80775676164515, -11.571967953147182], [153.8089201619406, -11.576662595686399], [153.80962452387936, -11.581447681169198], [153.80986325655834, -11.586278434270573], [153.809634126092, -11.5911096523414], [153.80893927651542, -11.595896128381701], [153.80778520972197, -11.60059307405466], [153.80618272462337, -11.605156538783046], [153.8041468161014, -11.60954382100655], [153.80169653469676, -11.613713867751686], [153.7988548083481, -11.617627658775458], [153.79564822784909, -11.621248571688211], [153.79210679803128, -11.624542724639126], [153.78826365700093, -11.627479293357766], [153.7841547660568, -11.630030799585018], [153.77981857319068, -11.632173368194515], [153.7194670106907, -11.658442899444509], [153.71498204096204, -11.66014415065976], [153.71035468728155, -11.661407798981045], [153.7056275383487, -11.66222221418896], [153.55982675709865, -11.680190964188968], [153.5547275497547, -11.680556070176904], [153.54961771465761, -11.680398579860668], [153.54455067046894, -11.679720139657755], [153.53957938851028, -11.678527842041184], [153.53475583899655, -11.67683415139417], [153.53013044773488, -11.674656773706369], [153.52575156896864, -11.672018471473926], [153.52166497987818, -11.668946825738356], [153.5179134020221, -11.665473947751927], [153.49327248226578, -11.640204789248275], [153.3666866535097, -11.608029421911244], [153.36193949482097, -11.606568247162912], [153.35736073147967, -11.604643286507267], [153.35299554772482, -11.60227353587744], [153.3488870201452, -11.599482380491397], [153.34507569259043, -11.596297364081483], [153.34159917607508, -11.592749917086847], [153.33849177762517, -11.588875046490982], [153.3357841617288, -11.584710990365156], [153.33350304773236, -11.580298840526748], [153.33167094616815, -11.575682137036202], [153.32541525383562, -11.557304303117068], [153.31764705882355, -11.559735240360062], [153.31764705882355, -11.534391534391537], [153.31764705882355, -11.534391534391526]]], [[[154.3124221635664, -11.322751322751325], [154.31570527689834, -11.32566340235914], [154.3189877082325, -11.329195768403537], [154.32191460781374, -11.333027898904515], [154.32445875317498, -11.33712415203585], [154.32659648176434, -11.341446429423213], [154.3283079110254, -11.345954530489015], [154.32957712332063, -11.350606526349372], [154.3303923139779, -11.355359149785688], [154.33074590108325, -11.360168197663809], [154.33063459599862, -11.36498894205791], [154.33005943394883, -11.369776546255375], [154.32902576439307, -11.374486481773468], [154.3142796706431, -11.428978669273471], [154.31275884874066, -11.433668209152144], [154.3107835951341, -11.438185183440574], [154.30837311298893, -11.44248567868652], [154.30555083670743, -11.446527886019592], [154.30234420410235, -11.450272507611784], [154.29878438965, -11.453683138725998], [154.29490600141577, -11.456726621638284], [154.2907467445992, -11.459373367993035], [154.28634705496853, -11.46159764645723], [154.28174970574938, -11.463377832877208], [154.27699939178893, -11.464696620505944], [154.27214229503815, -11.465541188257047], [154.26722563557684, -11.465903325349757], [154.26229721254586, -11.465779511133098], [154.25740493945003, -11.465170949313212], [154.25259637834915, -11.464083556251076], [154.2479182774655, -11.46252790344439], [154.24341611670368, -11.460519114752813], [154.22387262054377, -11.450616378092692], [154.1337894307482, -11.474070469850282], [154.12932336590535, -11.475017874247087], [154.1247895022792, -11.475553962757715], [154.1202256401603, -11.475674265838508], [154.11566982994628, -11.47537778048369], [154.05854092369628, -11.46903012423369], [154.0537863012473, -11.46826854155083], [154.04912698619623, -11.467053129657721], [154.04460619171982, -11.465395160985707], [154.04026584627516, -11.463310012493109], [154.0361462047308, -11.460817023050438], [154.03228547502002, -11.457939314080559], [154.02871946377823, -11.454703575117254], [154.02548124425175, -11.451139816271104], [154.02260084955734, -11.447281089898388], [153.98969069330732, -11.398452964898388], [153.98739883918896, -11.394707623214634], [153.98544441524146, -11.390775650851868], [153.98384249412283, -11.386687371463466], [153.9761276503728, -11.36412877771346], [153.97475702756094, -11.359360248638257], [153.9738657609023, -11.354479355259311], [153.97346262669126, -11.349534159687716], [153.9735515945866, -11.344573357217646], [153.9741317885223, -11.339645796824264], [153.9751974953341, -11.334800000148311], [153.97673822101714, -11.330083683703975], [153.9787387940601, -11.325543289014828], [153.98031629008318, -11.322751322751325], [154.16470588235293, -11.322751322751325], [154.3124221635664, -11.322751322751325]]], [[[153.98117951483908, -11.32122352530457], [153.9840363495996, -11.317166929245735], [153.9872811671167, -11.313413446101476], [153.99088201570285, -11.310000036384931], [153.994803437836, -11.306960311909403], [153.99900681930933, -11.304324204813147], [154.00345076946516, -11.302117672817891], [154.00809152876812, -11.300362443623392], [154.01288339970517, -11.29907580095498], [154.01777919676832, -11.298270414370887], [154.02273071109008, -11.29795421450521], [154.02768918515554, -11.29813031497505], [154.03260579291737, -11.298796981720736], [154.05260148398256, -11.302526747929784], [154.0527879432865, -11.301328657441228], [154.05400933008457, -11.296590605921653], [154.05568797388187, -11.29199462148798], [154.057807799369, -11.287584716974632], [154.06034850631877, -11.283403123246389], [154.06328576398857, -11.279489884780133], [154.06659144412055, -11.275882476184218], [154.07023389030797, -11.272615443327874], [154.0741782211488, -11.269720072517273], [154.07838666428265, -11.267224090886376], [154.0828189181129, -11.265151400871721], [154.08743253774952, -11.263521851313904], [154.0921833414769, -11.262351047377805], [154.0970258338542, -11.261650201111797], [154.1019136413964, -11.261426024077048], [154.1067999566639, -11.26168066307515], [154.1116379865076, -11.26241167958957], [154.2477707990076, -11.289853085839562], [154.25238310752889, -11.291013577916697], [154.25686428730444, -11.29260705197535], [154.2611737923835, -11.294619090178257], [154.30404488613345, -11.317177683928263], [154.30819895851786, -11.319626285153507], [154.31209784300307, -11.322463654552454], [154.3124221635664, -11.322751322751321], [154.16470588235293, -11.322751322751321], [153.98031629008318, -11.322751322751321], [153.98117951483908, -11.32122352530457]]], [[[154.79999999999998, -6.060903053162229], [154.77159622779152, -6.031746031746033], [154.79999999999998, -6.031746031746033], [154.79999999999998, -6.060903053162229]]]]}, "properties": {"tile": "S12E150_6x6", "epsg": 4326}}, {"type": "Feature", "geometry": {"type": "MultiPolygon", "coordinates": [[[[157.59421236679006, -8.78306878306878], [157.60546077341408, -8.837751142200997], [157.57646885973753, -8.832219465315525], [157.57152235468908, -8.831011726243055], [157.56672433085535, -8.829307169657806], [157.45496734481912, -8.78306878306878], [157.55294117647057, -8.78306878306878], [157.59421236679006, -8.78306878306878]]], [[[157.45496734481912, -8.783068783068776], [157.43879464335535, -8.776377482157809], [157.4342820630209, -8.774240656268061], [157.4300050964196, -8.771664425911663], [157.42600639244645, -8.768674480645782], [157.42237329624007, -8.765344150484234], [157.42124954236925, -8.76638717849943], [157.4173693355336, -8.769340568200318], [157.41321989088343, -8.771901939885135], [157.40884067547282, -8.774046931307037], [157.4042733417989, -8.775755140581046], [157.3995613316281, -8.777010320234668], [157.39474946280373, -8.777800531744207], [157.3898835029654, -8.778118259086915], [157.38500973423425, -8.777960480228932], [157.38017451300504, -8.77732869586909], [157.37542382903158, -8.77622891516514], [157.3708028679994, -8.774671598578228], [157.36635558174655, -8.772671558379194], [157.31117980049655, -8.744546558379191], [157.30720343949605, -8.742284779865267], [157.30345043983786, -8.739669042413208], [157.29995221726492, -8.736721241931042], [157.2967380548231, -8.733466053971807], [157.1751560235731, -8.59850511647181], [157.17205560544303, -8.594704048486356], [157.16934255591607, -8.590617476246031], [157.16704298615176, -8.586284730083337], [157.16517902786302, -8.581747509578557], [157.16376862031404, -8.577049482231144], [157.1628253376679, -8.572235863191306], [157.16274811499378, -8.571428571428564], [157.34117647058824, -8.571428571428564], [157.43073998326796, -8.571428571428564], [157.42884513812973, -8.576136714075387], [157.42640829279566, -8.58074022103808], [157.42350575584032, -8.585065237889014], [157.42016902616552, -8.589064828694955], [157.41643431461767, -8.592695589110098], [157.4123421510208, -8.595918117408555], [157.40793694433887, -8.598697442079638], [157.3916524359063, -8.607822005785822], [157.3861360475321, -8.635766867944696], [157.4178756484268, -8.670893483048447], [157.41792370856098, -8.670839863309013], [157.42144669090777, -8.667595807779076], [157.4252638775157, -8.664703682730375], [157.4293402490554, -8.662190020866198], [157.43363840840374, -8.660077882823028], [157.43811892372955, -8.658386645609491], [157.44274069024593, -8.657131824839336], [157.4474613073106, -8.656324932389339], [157.52031286981057, -8.647438213639333], [157.52440170562946, -8.647108958625067], [157.52850377070365, -8.647115983236025], [157.53259145487456, -8.647459240190992], [157.56721031698282, -8.651802566064354], [157.59421236679006, -8.783068783068776], [157.55294117647057, -8.783068783068776], [157.45496734481912, -8.783068783068776]]], [[[160.59511928688062, -11.746031746031742], [160.61158070379128, -11.762452112027383], [160.61493736419507, -11.766153002669375], [160.61790790678887, -11.770170419415082], [160.620462669207, -11.774464246332547], [160.6225761408585, -11.778991607394861], [160.62422721766325, -11.78370729461892], [160.62539941278678, -11.788564219489936], [160.6260810212697, -11.793513883163996], [160.6262652369076, -11.798506860753474], [160.6259502202145, -11.803493294859463], [160.62513911679088, -11.80842339342303], [160.62384002591344, -11.813247926924047], [160.62206591965966, -11.817918719962766], [160.61983451337503, -11.822389132315472], [160.6171680887765, -11.826614524660645], [160.61409327145822, -11.83055270432509], [160.61064076502154, -11.834164346599053], [160.60684504448417, -11.837413387413278], [160.60274401202963, -11.840267383456927], [160.59837861853492, -11.84269783614039], [160.56244945605266, -11.860410812602236], [160.53814057367688, -11.746031746031742], [160.59511928688062, -11.746031746031742]]], [[[160.566098850164, -11.718050747246231], [160.5693703296219, -11.720589182828935], [160.57242054754124, -11.723389612027383], [160.59511928688062, -11.746031746031738], [160.53814057367688, -11.746031746031738], [160.5261524561255, -11.689624804969098], [160.566098850164, -11.718050747246231]]]]}, "properties": {"tile": "S12E156_6x6", "epsg": 4326}}, {"type": "Feature", "geometry": {"type": "MultiPolygon", "coordinates": [[[[134.0470588235294, -6.666666666666666], [134.0470588235294, -6.857839731636299], [134.0459369319719, -6.855822722031954], [134.01429630697194, -6.791369597031954], [134.01227537625863, -6.786656029502325], [134.01074791416795, -6.781760241581474], [134.0097299907496, -6.776733740639583], [134.0092323153234, -6.771629409246093], [134.009260123809, -6.766500948805323], [134.00981312364027, -6.761402314577311], [134.02503794078564, -6.666666666666666], [134.0470588235294, -6.666666666666666]]], [[[134.6823529411765, -6.666666666666666], [134.77762330556146, -6.666666666666666], [134.7749735738354, -6.679085611322136], [134.7738502130458, -6.683398677838497], [134.77234723410012, -6.6875945730382265], [134.77047657935785, -6.691639957207058], [134.76825311265412, -6.695502686560202], [134.71659295640416, -6.776655030310193], [134.7140747557693, -6.780251845157192], [134.71125071706865, -6.783613870870694], [134.70814261749425, -6.786715181644649], [134.69115042999422, -6.802242525394657], [134.68744844894417, -6.805312086992554], [134.6834686996, -6.808011803136191], [134.6823529411765, -6.808621111130208], [134.6823529411765, -6.666666666666666]]]]}, "properties": {"tile": "S12E132_6x6", "epsg": 4326}}, {"type": "Feature", "geometry": {"type": "MultiPolygon", "coordinates": [[[[140.82352941176467, -9.06779164494396], [140.75514119592614, -9.012655459614464], [140.75089509652761, -9.008810681399774], [140.73701035886285, -8.994708994708995], [140.80905084338713, -8.994708994708995], [140.82352941176467, -9.065287225532442], [140.82352941176467, -9.06779164494396]]], [[[143.5921332624018, -8.571428571428564], [143.62105264735885, -8.593949182172521], [143.624991781999, -8.597360933729377], [143.62855441705003, -8.601164151037388], [143.6317018525616, -8.605317520765595], [143.6343998987848, -8.609775925971084], [143.63661924756613, -8.614490936192249], [143.65449034131618, -8.658240936192252], [143.6561171950111, -8.662857115133697], [143.65728492150276, -8.667610237876135], [143.65798233128058, -8.672454758550657], [143.65820274155175, -8.677344255485561], [143.65794404027793, -8.682231876032924], [143.6572087064135, -8.68707078552494], [143.6560037861514, -8.69181461605796], [143.6543408254043, -8.696417910803861], [143.65223575916826, -8.700836559591217], [143.64970875882872, -8.70502822158237], [143.64678403887214, -8.70895273099624], [143.64348962485533, -8.71257248198906], [143.63985708485623, -8.715852789005016], [143.63592122697875, -8.718762219143802], [143.63171976581114, -8.72127289336024], [143.62729296103316, -8.723360753609775], [143.62268323163562, -8.725005793379982], [143.61793474944875, -8.726192249399055], [143.61309301587428, -8.726908752684281], [143.608204425877, -8.727148437483086], [143.60331582341436, -8.72690900706277], [143.59847405256312, -8.726192755718504], [143.59372550864535, -8.725006546788682], [143.5891156936543, -8.723361746888337], [143.5764705882353, -8.718138953179356], [143.5764705882353, -8.571428571428564], [143.5921332624018, -8.571428571428564]]]]}, "properties": {"tile": "S12E138_6x6", "epsg": 4326}}, {"type": "Feature", "geometry": {"type": "MultiPolygon", "coordinates": [[[[-177.99687365657283, -14.285714285714286], [-177.9957648129275, -14.28884265653787], [-177.99458930291868, -14.29358844510509], [-177.99388292061448, -14.298426353428505], [-177.9936524202539, -14.303310122719664], [-177.99390000581994, -14.30819305567978], [-177.99462330996545, -14.31302846300684], [-177.99765065371543, -14.32816518175684], [-177.99882789422944, -14.33285785356816], [-178.00045316273764, -14.337414778653436], [-178.0025112421345, -14.341793291317897], [-178.00498286298154, -14.345952396311157], [-178.00784488392392, -14.34985315265858], [-178.01107050835873, -14.35345903825885], [-178.01462953532695, -14.356736291834018], [-178.0184886422799, -14.35965422903047], [-178.0226116970722, -14.362185529711173], [-178.026960096261, -14.364306493749359], [-178.03149312654315, -14.365997262928671], [-178.03616834594675, -14.36724200687218], [-178.04094198120794, -14.368029071259452], [-178.09758260620794, -14.374572040009463], [-178.1018926660127, -14.374881957849235], [-178.10621338900305, -14.374818574660882], [-178.11051250341455, -14.374382363857613], [-178.1147578988786, -14.373576583526631], [-178.1700313363786, -14.360588302276629], [-178.17468504328258, -14.359254006315922], [-178.17918789538268, -14.357475901531773], [-178.1834976787401, -14.355270657538222], [-178.1875739894226, -14.352658948350982], [-178.19137861228873, -14.349665258569908], [-178.19487587925232, -14.346317653837511], [-178.19803300366823, -14.342647517725416], [-178.20082038770516, -14.338689257515478], [-178.23441091913273, -14.285714285714286], [-178.09411764705882, -14.285714285714286], [-177.99687365657283, -14.285714285714286]]], [[[-178.23661140333016, -14.282243945015475], [-178.23901109331212, -14.278018492285907], [-178.24098927936822, -14.273580053066228], [-178.24252727716498, -14.268970549236473], [-178.2436105600285, -14.264233518413588], [-178.24422889615158, -14.259413702730575], [-178.24437644523513, -14.254556626238765], [-178.2440518136507, -14.249708164924725], [-178.24325806760373, -14.244914113403071], [-178.24200270417256, -14.240219752377865], [-178.24029758049716, -14.235669420957967], [-178.23815880178626, -14.23130609786596], [-178.23560656920077, -14.227170995496143], [-178.21924914732577, -14.203342870496149], [-178.21630295144516, -14.19946955328076], [-178.21299416833807, -14.195900994640617], [-178.20935414231388, -14.192670999754993], [-178.20541735556688, -14.189810166567536], [-178.2012211015242, -14.187345595930022], [-178.19680513156297, -14.185300634874302], [-178.1922112784429, -14.183694655444407], [-178.18748306002206, -14.182542871183955], [-178.18266526700936, -14.181856193017309], [-178.17780353865942, -14.181641125889707], [-178.1729439304291, -14.181899707145503], [-178.16813247769124, -14.182629487228283], [-178.16341475963864, -14.183823552885661], [-178.12762374401365, -14.194761052885658], [-178.12335025820659, -14.196282160132244], [-178.1192322156953, -14.198184309987992], [-178.11530351035506, -14.200451846657716], [-178.11159647770674, -14.203066107001085], [-178.1081416287764, -14.206005574141086], [-178.10496739897204, -14.209246054560383], [-178.07698990784286, -14.24052797377567], [-178.0288359678546, -14.255468337017856], [-178.02424277366313, -14.25714371757904], [-178.0198351686016, -14.2592596926562], [-178.01565529701352, -14.26179602986026], [-178.01174312571567, -14.264728477411671], [-178.00813606184607, -14.268028996029432], [-178.00486859518696, -14.271666027035222], [-178.00197196838266, -14.275604794109062], [-177.9994738782057, -14.279807635811206], [-177.99739821072777, -14.284234365690772], [-177.99687365657283, -14.285714285714283], [-178.09411764705882, -14.285714285714283], [-178.23441091913273, -14.285714285714283], [-178.23661140333016, -14.282243945015475]]], [[[-176.0910775461241, -13.227513227513223], [-176.0821014531701, -13.248508904398225], [-176.08041893882668, -13.253038318281005], [-176.07918147526442, -13.257708985103793], [-176.07840061863317, -13.262477287480825], [-176.07808366102336, -13.267298696249117], [-176.07823356236827, -13.272128186307517], [-176.0788489228026, -13.276920657087112], [-176.07992399573493, -13.281631353726413], [-176.08144874151307, -13.2862162850181], [-176.0834089211798, -13.290632634224343], [-176.1159284524298, -13.35528107172434], [-176.11817959764224, -13.35928652492395], [-176.1207889266771, -13.363068417583635], [-176.1237344049927, -13.366594813419912], [-176.12699115942652, -13.369835933698365], [-176.1305316882375, -13.372764408700885], [-176.13432609334495, -13.375355508849909], [-176.13834233280372, -13.377587353537942], [-176.1546509265537, -13.385692822287945], [-176.15921038786192, -13.387682544914421], [-176.16394500247458, -13.389209341567968], [-176.168807902094, -13.390258098376405], [-176.17375094851974, -13.390818433619087], [-176.17872521017242, -13.390884800496307], [-176.18368144647064, -13.390456542037475], [-176.18857059526746, -13.389537897604518], [-176.19334425851994, -13.388137960926123], [-176.19795518138505, -13.386270590078254], [-176.20235771999884, -13.383954270302041], [-176.20650829330833, -13.381211931017011], [-176.21036581448357, -13.378070718841093], [-176.21389209763925, -13.374561728864244], [-176.21705223583947, -13.370719696835877], [-176.21981494664422, -13.36658265531313], [-176.22215288177637, -13.362191557173777], [-176.24060991302636, -13.32293374467378], [-176.24256525133072, -13.318146199862353], [-176.24401562220737, -13.31318229439125], [-176.24494551020757, -13.308095130003014], [-176.24534496778628, -13.302939127011484], [-176.24520972171683, -13.297769442136506], [-176.2445412188039, -13.29264137846088], [-176.24334661040643, -13.287609793821568], [-176.24163867593526, -13.282728513963983], [-176.2190506042054, -13.227513227513223], [-176.18823529411765, -13.227513227513223], [-176.0910775461241, -13.227513227513223]]], [[[-176.2190506042054, -13.227513227513219], [-176.21746875406026, -13.223646482713983], [-176.21557932427163, -13.219562636004438], [-176.21333039231612, -13.215665194031446], [-176.21074017251757, -13.211985722565533], [-176.20782964332395, -13.208554022012391], [-176.20462237740097, -13.205397886056424], [-176.18138018990098, -13.184499448556416], [-176.17750316330233, -13.181348999911037], [-176.1733311095827, -13.178601158999628], [-176.16890567695577, -13.176283356596832], [-176.1642710430319, -13.174418730547027], [-176.15947347380788, -13.173025894786983], [-176.1545608618089, -13.172118753529164], [-176.14958224799375, -13.171706362460645], [-176.1445873321951, -13.171792838343213], [-176.13962597698293, -13.172377317917123], [-176.13474770990305, -13.173453966518725], [-176.13000122906038, -13.175012036325962], [-176.12543391698202, -13.177035973650263], [-176.1210913676133, -13.179505574203814], [-176.11701693116882, -13.182396184792188], [-176.11325128138168, -13.185678949418909], [-176.10983200947132, -13.189321097345205], [-176.106793248883, -13.193286270229303], [-176.10416533454497, -13.197534885079563], [-176.10197450004512, -13.20202452939822], [-176.0910775461241, -13.227513227513219], [-176.18823529411765, -13.227513227513219], [-176.2190506042054, -13.227513227513219]]]]}, "properties": {"tile": "S18W180_6x6", "epsg": 4326}}, {"type": "Feature", "geometry": {"type": "MultiPolygon", "coordinates": [[[[-172.8, -13.581049784495374], [-172.82221535817055, -13.541093650934744], [-172.82437092566718, -13.536729044995388], [-172.82609185358197, -13.532175511932987], [-172.82736183009547, -13.527476212422044], [-172.82816881773206, -13.522675688784696], [-172.82850516745742, -13.517819442796222], [-172.8283676911799, -13.51295350439634], [-172.82775769196866, -13.508123995394314], [-172.8266809517028, -13.503376692303272], [-172.8251476762676, -13.49875659244741], [-172.8231723988181, -13.494307487454739], [-172.8207738420265, -13.490071548178035], [-172.8179747406194, -13.4860889249783], [-172.81480162588642, -13.482397367159475], [-172.8112845742035, -13.479031865161554], [-172.8074569219538, -13.476024318903622], [-172.8033549495487, -13.473403235420394], [-172.8, -13.471693992779224], [-172.8, -13.581049784495374]]], [[[-172.79999999999998, -13.47169399277921], [-172.79901753754385, -13.4711934586582], [-172.79448579810983, -13.469415933991598], [-172.7898026853501, -13.468087509692577], [-172.78501258816073, -13.467220777234168], [-172.78016090948978, -13.466823951942143], [-172.77529363598572, -13.46690079512602], [-172.67439095231393, -13.473416484116482], [-172.58823529411765, -13.451155409713262], [-172.58823529411765, -13.65079365079364], [-172.58823529411765, -13.65079365079365], [-172.58823529411765, -13.80684811071542], [-172.69366186292652, -13.681055520879239], [-172.77472144010912, -13.618230868615218], [-172.77855031389407, -13.614940905825222], [-172.78202792955335, -13.611281627351643], [-172.78511883748362, -13.607290334605255], [-172.78779153004555, -13.603007713434739], [-172.79999999999998, -13.581049784495425], [-172.79999999999998, -13.47169399277921]]], [[[-172.3764705882353, -13.832955839146377], [-172.4763396633791, -13.849521348274141], [-172.4817858242978, -13.850120418047638], [-172.4872648345339, -13.850119996073424], [-172.49271090311146, -13.84952008741849], [-172.54388277811145, -13.841023993668493], [-172.54882625411673, -13.839943669992643], [-172.553635222729, -13.838369225600081], [-172.55826043038743, -13.836316785984451], [-172.56265450561474, -13.833807372276839], [-172.5667724441971, -13.830866685946901], [-172.5705720701182, -13.827524845567854], [-172.57401446752687, -13.823816078341393], [-172.58823529411762, -13.806848110715453], [-172.58823529411762, -13.65079365079365], [-172.58823529411762, -13.65079365079364], [-172.58823529411762, -13.451155409713255], [-172.54178481043908, -13.439153439153438], [-172.3764705882353, -13.439153439153438], [-172.3764705882353, -13.65079365079364], [-172.3764705882353, -13.65079365079365], [-172.3764705882353, -13.832955839146377]]], [[[-172.3764705882353, -13.439153439153435], [-172.54178481043908, -13.439153439153435], [-172.52339698370733, -13.434402355039419], [-172.51963398618037, -13.433583245712539], [-172.51581910763431, -13.433056185795445], [-172.33842652950932, -13.415478060795445], [-172.33344123859783, -13.415234405090894], [-172.3284564943178, -13.415488998957978], [-172.32352196963316, -13.416239305369462], [-172.31868683706972, -13.417477847523886], [-172.31399927871104, -13.419192283351865], [-172.30950600606408, -13.42136552850478], [-172.30525179457928, -13.423975926600265], [-172.3012790374631, -13.426997465028018], [-172.28685168307925, -13.439153439153435], [-172.3764705882353, -13.439153439153435]]], [[[-171.52941176470588, -14.07407407407407], [-171.41241166631227, -14.07407407407407], [-171.41522542620916, -14.077927117041614], [-171.418511304166, -14.08160322338261], [-171.4221432724973, -14.084937823481303], [-171.4260860128508, -14.087898490683587], [-171.43030118483367, -14.09045643457128], [-171.434747798846, -14.092586780928817], [-171.439382614676, -14.094268813627597], [-171.44416056198077, -14.095486176075852], [-171.44903517856397, -14.09622703027506], [-171.4539590621881, -14.096484171936204], [-171.7280801559381, -14.097265421936207], [-171.7334840089058, -14.096988036126495], [-171.73882624392115, -14.096128329883182], [-171.74117647058821, -14.095483371449275], [-171.74117647058821, -14.07407407407407], [-171.52941176470588, -14.07407407407407]]], [[[-171.74117647058824, -14.07407407407407], [-171.74117647058824, -14.095483371449268], [-171.74404429578388, -14.094696371593969], [-171.80586664774418, -14.07407407407407], [-171.74117647058824, -14.07407407407407]]], [[[-170.68235294117648, -14.285714285714283], [-170.86293635746898, -14.285714285714283], [-170.86065081032677, -14.282300991523536], [-170.85756263535404, -14.278539446443972], [-170.85412338748512, -14.275095956913848], [-170.8503656515934, -14.272003147993797], [-170.84632503004102, -14.269290322249615], [-170.84203980536722, -14.266983182127502], [-170.8375505775836, -14.265103586438329], [-170.74217878606478, -14.230524886916564], [-170.71442394706085, -14.214273979641526], [-170.70993710356703, -14.211943105665446], [-170.7052377971871, -14.210077292818958], [-170.7003740825357, -14.208695620708719], [-170.69539569544918, -14.207812218168945], [-170.69035354439222, -14.20743611878144], [-170.68529918987318, -14.207571168499125], [-170.68235294117648, -14.207799357183985], [-170.68235294117648, -14.285714285714283]]], [[[-170.68235294117645, -14.285714285714286], [-170.5218595117428, -14.285714285714286], [-170.52364889493793, -14.289660484887058], [-170.52611072275454, -14.293919209035394], [-170.528979109342, -14.297915417983281], [-170.53222629178435, -14.301610432699936], [-170.53582084082674, -14.30496848939277], [-170.53972796507685, -14.307957085662666], [-170.54390984774858, -14.310547295092455], [-170.54832601268797, -14.31271404722372], [-170.55293371613917, -14.314436370212023], [-170.5576883604583, -14.315697593811958], [-170.61842431059634, -14.328648039320468], [-170.68235294117645, -14.380023808460537], [-170.68235294117645, -14.285714285714286]]], [[[-170.68235294117648, -14.285714285714286], [-170.68235294117648, -14.38002380846056], [-170.694948291032, -14.390145967820837], [-170.69882462013848, -14.392966334609872], [-170.702953227217, -14.395402520103152], [-170.70729616145704, -14.397432130497565], [-170.71181350191887, -14.399036509292742], [-170.7164637244931, -14.400200908784552], [-170.7594324744931, -14.408794658784554], [-170.7641089668055, -14.409501830457698], [-170.76883135555087, -14.409763969087342], [-170.773557385414, -14.40957872909141], [-170.77824476849952, -14.408947767973089], [-170.78285156271835, -14.407876731489717], [-170.78733654707997, -14.40637520313528], [-170.79165959053256, -14.404456618388567], [-170.79578201105025, -14.402138144494266], [-170.79966692175495, -14.399440526852716], [-170.8032795609751, -14.396387903392782], [-170.8545490922251, -14.348731653392779], [-170.85794829634, -14.345248629213522], [-170.86099277364517, -14.341451629873752], [-170.86365367948875, -14.337376629733946], [-170.86590580333544, -14.333062237050486], [-170.86772780762155, -14.328549328184883], [-170.86910242991615, -14.323880660324013], [-170.8700166464724, -14.319100466380654], [-170.8704617956202, -14.314254035912347], [-170.87043365983018, -14.309387286029189], [-170.86993250567264, -14.304546326355915], [-170.86896308129172, -14.29977702217002], [-170.86753457141967, -14.295124559854928], [-170.86566051035672, -14.290633018785293], [-170.8633586537415, -14.286344953700556], [-170.862936357469, -14.285714285714286], [-170.68235294117648, -14.285714285714286]]], [[[-170.68235294117645, -14.285714285714283], [-170.68235294117645, -14.207799357183987], [-170.56425426799817, -14.216946168499131], [-170.55937450007082, -14.217566807319542], [-170.5545793331079, -14.218663940569543], [-170.5499151791998, -14.220226949172078], [-170.54542718237042, -14.222240704874684], [-170.54115878163154, -14.224685716674811], [-170.53715129053955, -14.227538319471881], [-170.5334434973243, -14.23077090312017], [-170.53007128946058, -14.234352179665507], [-170.52706730631573, -14.238247486179214], [-170.5244606232354, -14.24241912025821], [-170.52227647012538, -14.246826704943976], [-170.5205359872529, -14.25142757952833], [-170.51925602063173, -14.256177212463507], [-170.51844895897045, -14.261029632379918], [-170.51812261376324, -14.265937873039869], [-170.51828014368283, -14.270854427920547], [-170.51892002400803, -14.275731710026363], [-170.52003606138126, -14.280522512480212], [-170.5216174537538, -14.285180465435573], [-170.5218595117428, -14.285714285714283], [-170.68235294117645, -14.285714285714283]]]]}, "properties": {"tile": "S18W174_6x6", "epsg": 4326}}, {"type": "Feature", "geometry": {"type": "MultiPolygon", "coordinates": [[[[-149.5058823529412, -17.7991400991681], [-149.58789834376412, -17.784145714105545], [-149.59256885029612, -17.783058061667138], [-149.59711367938218, -17.781527980731166], [-149.60149102474097, -17.779569545973025], [-149.60566062071499, -17.777200772343967], [-149.60958411266003, -17.774443449357943], [-149.6132254097562, -17.77132294065752], [-149.6165510169946, -17.76786795070268], [-149.61953034328604, -17.76411026072861], [-149.62213598285777, -17.760084436401307], [-149.62434396734952, -17.7558275098602], [-149.66285989956432, -17.671957671957667], [-149.5058823529412, -17.671957671957667], [-149.5058823529412, -17.7991400991681]]], [[[-149.4339877263802, -17.46031746031745], [-149.36932201403073, -17.47334858113939], [-149.36485799136406, -17.47446412471187], [-149.36051542131577, -17.475985315431775], [-149.3563310801316, -17.477899270678186], [-149.35234040405282, -17.480189781596035], [-149.34857718921455, -17.482837450365256], [-149.34507330543397, -17.485819854476535], [-149.34185842631217, -17.489111736622483], [-149.33895977793492, -17.492685218596083], [-149.29411764705884, -17.553485085907198], [-149.29411764705884, -17.67195767195766], [-149.50588235294117, -17.67195767195766], [-149.50588235294117, -17.46031746031745], [-149.4339877263802, -17.46031746031745]]], [[[-149.13617978438197, -17.883597883597883], [-149.1392113051762, -17.88852111168077], [-149.14201053173656, -17.89260029562023], [-149.1451991775305, -17.89638288057623], [-149.14874602519143, -17.899831834420258], [-149.15261635049782, -17.902913391327253], [-149.15677226232867, -17.90559738234855], [-149.16117307362404, -17.90785753077085], [-149.16577569971795, -17.90967170936959], [-149.17053508014433, -17.911022157038065], [-149.17540461978646, -17.911895652671618], [-149.18033664505086, -17.912283644604408], [-149.18528287059937, -17.912182334331643], [-149.1901948720709, -17.911592713697544], [-149.2628999501959, -17.899190369947547], [-149.26761001362496, -17.89815089437855], [-149.27219800147813, -17.89666241380311], [-149.27662121756066, -17.894738780144692], [-149.28083849905744, -17.892397894897368], [-149.2848105995978, -17.889661542533045], [-149.29276240855725, -17.883597883597883], [-149.13617978438197, -17.883597883597883]]], [[[-149.29411764705884, -17.671957671957667], [-149.29411764705884, -17.882564445283236], [-149.3207969277228, -17.862220136283053], [-149.32467886344287, -17.858934711765063], [-149.3282069837164, -17.855271952349863], [-149.33134478881374, -17.851269750659625], [-149.3340598169623, -17.846969510974382], [-149.36789115803543, -17.786810404958082], [-149.47453898294168, -17.802220441485], [-149.4799202039568, -17.802703062769254], [-149.4853220830528, -17.80260224040256], [-149.49068154688914, -17.801919151605542], [-149.50588235294117, -17.799140099168103], [-149.50588235294117, -17.671957671957667], [-149.29411764705884, -17.671957671957667]]], [[[-149.21507299940433, -17.671957671957667], [-149.162281636075, -17.68905304216004], [-149.15752627840314, -17.69086517725083], [-149.1529797486595, -17.69315129349126], [-149.14868914390956, -17.6958877092225], [-149.1446989101163, -17.699046078176497], [-149.1410503817288, -17.702593683112244], [-149.13778135350265, -17.70649377473053], [-149.1349256889876, -17.71070595235642], [-149.13251296973846, -17.71518658244596], [-149.13056818888248, -17.719889250581883], [-149.10376154825747, -17.795377531831885], [-149.10233565188582, -17.80012803718933], [-149.10138743048876, -17.804996441218986], [-149.1009262147475, -17.809934837887322], [-149.10095654311377, -17.81489463241976], [-149.10147811715063, -17.819827019482624], [-149.10248580446907, -17.824683463437008], [-149.10396968923177, -17.829416175938828], [-149.10591516972676, -17.833978586185335], [-149.1083031020512, -17.838325799180776], [-149.13617978438197, -17.883597883597876], [-149.29276240855725, -17.883597883597876], [-149.2941176470588, -17.882564445283258], [-149.2941176470588, -17.671957671957667], [-149.21507299940433, -17.671957671957667]]], [[[-149.2941176470588, -17.67195767195766], [-149.2941176470588, -17.553485085907237], [-149.28983868418493, -17.55928678109608], [-149.28728604839063, -17.563102937798238], [-149.28509421829472, -17.567137151761866], [-149.28328167453307, -17.57135540810613], [-149.28186369975077, -17.575722140178346], [-149.28085224974484, -17.580200529437803], [-149.28025585265772, -17.584752815894984], [-149.27451067730868, -17.652710032880698], [-149.21507299940436, -17.67195767195766], [-149.2941176470588, -17.67195767195766]]]]}, "properties": {"tile": "S18W150_6x6", "epsg": 4326}}, {"type": "Feature", "geometry": {"type": "MultiPolygon", "coordinates": [[[[45.10588235294118, -12.804232804232806], [45.26121902136017, -12.804232804232806], [45.25546847784812, -12.826251724727136], [45.257787245505, -12.839004946840014], [45.25840948526994, -12.843660568669135], [45.25859211119522, -12.84835403697224], [45.258333511643805, -12.853043932835996], [45.257635968704705, -12.857688868873119], [45.25650563805399, -12.862247854457753], [45.2549524946322, -12.866680657459492], [45.229545833128675, -12.92956002037793], [45.230267398163775, -12.97598070430317], [45.23010731158547, -12.980830280257305], [45.2294779092226, -12.985641503315227], [45.22838511853855, -12.990369063274478], [45.226839231005265, -12.994968437838688], [45.22485480518223, -12.999396311911012], [45.22245052960972, -13.003610985518645], [45.21964904680744, -13.007572766526724], [45.21647674003624, -13.011244344443218], [45.212963484830965, -13.014591141794428], [45.20914236764441, -13.017581639762009], [45.20504937425219, -13.020187675014782], [45.20072305085285, -13.02238470493988], [45.19620414105498, -13.024152038775409], [45.19153520216997, -13.025473032467884], [45.18676020442403, -13.026335245419368], [45.12406489192405, -13.034538370419362], [45.11933333455211, -13.03493012039735], [45.114585951436304, -13.03487132617175], [45.109865547077746, -13.034362517857245], [45.10521468272517, -13.033408283094127], [45.100675292623926, -13.032017225684111], [45.09628830591833, -13.030201888014654], [45.09209327761643, -13.027978637971263], [45.08812803194458, -13.025367521357415], [45.08442832130757, -13.02239208115274], [45.054545508807564, -12.995927237402734], [45.051182030393555, -12.992654258657], [45.048140239499816, -12.989080341328592], [45.04544693476271, -12.985236972167993], [45.04312584460303, -12.981158011836953], [45.04119741817503, -12.976879396590952], [45.039678645206266, -12.97243882167537], [45.021416926456254, -12.909548196675376], [45.02028865743226, -12.904812815508135], [45.01962622000601, -12.89999016038405], [45.01943589324322, -12.895125943950449], [45.01971948119994, -12.8902662728031], [45.02047429582242, -12.885457210454238], [45.021693182426404, -12.880744340708935], [45.03909167677583, -12.824852804456935], [45.04131419177005, -12.804232804232806], [45.10588235294118, -12.804232804232806]]], [[[43.83529411764705, -12.380952380952374], [43.83529411764705, -12.415602715157938], [43.657226113487276, -12.392453874617168], [43.652635166871654, -12.39163779420933], [43.648140207734166, -12.39039758438358], [43.64378032923438, -12.388744031382712], [43.639593449720536, -12.386691516341088], [43.63561598294944, -12.384257890210314], [43.631882521391994, -12.381464318507527], [43.6313169618439, -12.380952380952374], [43.83529411764705, -12.380952380952374]]], [[[43.83529411764705, -12.38095238095237], [43.6313169618439, -12.38095238095237], [43.628425535378604, -12.378335097236539], [43.62527509070114, -12.374897441582787], [43.622458587127355, -12.37118124921984], [43.6200005201021, -12.367218840286005], [43.5892388013521, -12.312043059036005], [43.58714564610187, -12.307835064506943], [43.585456838913196, -12.303449127077188], [43.58418730108452, -12.298923998287886], [43.58334824949892, -12.294299659492456], [43.58294709751844, -12.289616968605072], [43.581384597518436, -12.248991968605067], [43.581430848688484, -12.244187202570282], [43.581938089878925, -12.239409062535241], [43.582901636633, -12.234701675417904], [43.58431259043615, -12.23010851472127], [43.58615792089534, -12.225671999048341], [43.588420586076836, -12.221433100359276], [43.59107968989136, -12.217430965588512], [43.59411067507289, -12.21370255511633], [43.597485549969136, -12.210282301433573], [43.6011731470491, -12.207201791151885], [43.6051394107404, -12.204489473296096], [43.60934771193814, -12.202170396572738], [43.61375918628081, -12.200265978041074], [43.6183330930691, -12.198793805323007], [43.623027191513046, -12.197767474178448], [43.62779813083276, -12.197196462946227], [43.632601850610094, -12.197086045010048], [43.6373939876939, -12.197437240097916], [43.71034320644391, -12.206323958847921], [43.71554958916312, -12.207239719912419], [43.720630188866316, -12.208700043849783], [43.72552821453005, -12.210688607136058], [43.73018891594637, -12.213183181579536], [43.814563915946366, -12.264257400329539], [43.818145075324175, -12.266641517856163], [43.821508030230376, -12.269324660261782], [43.83529411764705, -12.281330044720471], [43.83529411764705, -12.38095238095237]]]]}, "properties": {"tile": "S18E042_6x6", "epsg": 4326}}, {"type": "Feature", "geometry": {"type": "Polygon", "coordinates": [[[176.96194141533766, -12.514281132363541], [176.95987453791972, -12.509803292401385], [176.95825885725938, -12.505143613336122], [176.9571100926582, -12.500347430178795], [176.95643942069196, -12.495461406017867], [176.9562533664712, -12.490533078024074], [176.95655374015703, -12.485610394951161], [176.9573376193499, -12.480741250632239], [176.95859737752195, -12.47597301801046], [176.96032075821742, -12.47135208823757], [176.96249099429807, -12.466923419324484], [176.96508697107438, -12.462730098735229], [176.96808343173487, -12.458812924179812], [176.97145122307495, -12.455210006684606], [176.97515757913465, -12.451956399802045], [176.97916643998568, -12.449083758567141], [176.98343880256618, -12.446620031518904], [176.98793310014975, -12.44458918878304], [176.99260560675702, -12.443010988861488], [176.9974108625751, -12.441900786397753], [177.01573518986373, -12.438609523729404], [177.05518145169154, -12.428514271887217], [177.05954243500233, -12.42760307245433], [177.06396721674122, -12.427083682035938], [177.06842066686713, -12.426960224271983], [177.07286742772968, -12.427233679341052], [177.1233557089797, -12.432604773091052], [177.12807648283487, -12.433336481848155], [177.13270588029258, -12.434515372290829], [177.13720164216937, -12.436130682986752], [177.1415227291664, -12.438167668666896], [177.14562969649427, -12.440607734826848], [177.14948505394239, -12.44342860746566], [177.1530536081062, -12.446604536412753], [177.1563027836482, -12.450106530386842], [177.16518950239816, -12.460653405386845], [177.1682398657004, -12.464668167619234], [177.17087037534966, -12.468969731409679], [177.17305428113355, -12.47351435324053], [177.17476937444928, -12.478255817885186], [177.17599821414794, -12.483145908380584], [177.17672830389714, -12.48813489635575], [177.17695221925882, -12.493172047730189], [177.17666768319, -12.498206138639556], [177.17587758919854, -12.503185976342017], [177.17458997191835, -12.508060919808155], [177.17281792540365, -12.512781394700358], [177.16734917540367, -12.525379050950352], [177.16511370438346, -12.52989172315138], [177.1624356305515, -12.534156633657693], [177.15934212193966, -12.5381305165881], [177.15586456100618, -12.541773058424525], [177.15203822627285, -12.545047306977212], [177.1479019344379, -12.547920046250493], [177.14349764659542, -12.550362133406336], [177.13887004255622, -12.552348794407257], [177.13406606758826, -12.553859875339421], [177.09500356758826, -12.564016125339416], [177.0902924633676, -12.565001652769787], [177.0855084278595, -12.565529640981032], [177.0806957914053, -12.565595197472334], [177.07589914937145, -12.565197714777128], [177.01281321187147, -12.556896933527128], [177.0081352061562, -12.556053507862021], [177.0035584331182, -12.554769664848454], [176.99912425782324, -12.553057007913155], [176.9948727565326, -12.550931016120977], [176.99084235449237, -12.548410904274453], [176.98706947864443, -12.545519449249616], [176.98358822839808, -12.54228278413764], [176.98043006743836, -12.538730162052875], [176.96734412993834, -12.522519224552884], [176.96443938042216, -12.518533567362942], [176.96194141533766, -12.514281132363541]]]}, "properties": {"tile": "S18E174_6x6", "epsg": 4326}}, {"type": "Feature", "geometry": {"type": "MultiPolygon", "coordinates": [[[[38.96470588235293, -17.037037037037035], [39.03311366327865, -17.037037037037035], [38.97382378627991, -17.05170158043474], [38.96470588235293, -17.05643539630916], [38.96470588235293, -17.037037037037035]]], [[[38.96470588235293, -16.61375661375661], [38.75294117647057, -16.61375661375661], [38.75294117647057, -16.402116402116402], [38.96470588235293, -16.402116402116402], [39.17647058823529, -16.402116402116402], [39.38823529411765, -16.402116402116402], [39.38823529411765, -16.61375661375661], [39.17647058823529, -16.61375661375661], [38.96470588235293, -16.61375661375661]]], [[[40.65882352941175, -15.343915343915336], [40.66953917330449, -15.343915343915336], [40.65882352941175, -15.368668253799223], [40.65882352941175, -15.343915343915336]]]]}, "properties": {"tile": "S18E036_6x6", "epsg": 4326}}, {"type": "Feature", "geometry": {"type": "MultiPolygon", "coordinates": [[[[-178.7294117647059, -20.71813415493496], [-178.73039887673718, -20.71786317408711], [-178.73473687113363, -20.71622698104947], [-178.74289116800864, -20.712711356049464], [-178.74768678435564, -20.7103316739993], [-178.7522004804539, -20.707452894685105], [-178.75638050980584, -20.70410802138041], [-178.76017895117917, -20.700335400813653], [-178.76618481055417, -20.69369477581365], [-178.76957126174972, -20.689519550949274], [-178.7724898742479, -20.68500487981469], [-178.77490690824104, -20.680202953009335], [-178.7767944222802, -20.67516928187189], [-178.77813059628454, -20.66996205675691], [-178.77959544003454, -20.66263783800691], [-178.78030933795927, -20.657895700371206], [-178.78056565026512, -20.653106982003553], [-178.78036201913324, -20.648315734361763], [-178.779700317768, -20.643566032170458], [-178.77858663316545, -20.638901567977342], [-178.77722164169853, -20.63492063492063], [-178.7294117647059, -20.63492063492063], [-178.7294117647059, -20.71813415493496]]], [[[-178.77722164169853, -20.634920634920622], [-178.77703121011893, -20.634365250225105], [-178.77400386636893, -20.626748062725117], [-178.77200188979353, -20.622344404552955], [-178.76958373910037, -20.618154814748344], [-178.76677204829167, -20.614218508065424], [-178.7635931349233, -20.610572328516614], [-178.76007675377127, -20.607250404510953], [-178.75625581832563, -20.604283829410612], [-178.75216609271865, -20.601700370495596], [-178.74784585697103, -20.59952420906071], [-178.74333554868895, -20.597775714077528], [-178.73867738456627, -20.596471251539878], [-178.73391496523448, -20.59562303127738], [-178.7294117647059, -20.595264390115688], [-178.7294117647059, -20.634920634920622], [-178.77722164169853, -20.634920634920622]]], [[[-178.6702871159305, -20.635872750071623], [-178.66826165586815, -20.640046522508193], [-178.66663176306184, -20.64439005957566], [-178.666254931686, -20.645556103832952], [-178.66467824587437, -20.64839256977521], [-178.6627237268822, -20.652901850622104], [-178.66122134457842, -20.657581231527757], [-178.66018561423462, -20.662385502638113], [-178.65962654256293, -20.667268247471995], [-178.65954953103613, -20.67218229137408], [-178.65995532370138, -20.677080157293002], [-178.66083999999148, -20.681914524481023], [-178.66219501260355, -20.686638685683615], [-178.66400727007874, -20.69120699840173], [-178.6662592632855, -20.695575325866972], [-178.668929234584, -20.69970146346913], [-178.6719913880378, -20.703545546516146], [-178.67541613864114, -20.70707043538698], [-178.6791703981548, -20.710242074356184], [-178.6832178947881, -20.71302982062339], [-178.68751952363897, -20.71540674036884], [-178.69203372450608, -20.717349868974576], [-178.69671688342282, -20.718840432897164], [-178.7015237540339, -20.719864031048346], [-178.70640789474308, -20.720410773931206], [-178.71132211740874, -20.720475379187587], [-178.71674203928376, -20.72028006668759], [-178.72136261333208, -20.71989846676087], [-178.72592797701216, -20.71909052028464], [-178.72941176470587, -20.718134154934965], [-178.72941176470587, -20.63492063492063], [-178.67086384247708, -20.63492063492063], [-178.6702871159305, -20.635872750071623]]], [[[-178.72909286715847, -20.595238992670883], [-178.7242562253991, -20.595322730339483], [-178.71945031114666, -20.59587346049474], [-178.71647179552167, -20.59636174174474], [-178.71139180018474, -20.597468447530296], [-178.70645419139632, -20.599096688842764], [-178.70171235685459, -20.60122886038787], [-178.69721756745642, -20.603841908145803], [-178.69301842293302, -20.606907578641863], [-178.68916032636704, -20.610392724436046], [-178.68568499327384, -20.614259662528422], [-178.68031389952384, -20.62090028752841], [-178.67767117451766, -20.624482799881903], [-178.67269070576765, -20.63190467488191], [-178.67086384247708, -20.634920634920622], [-178.72941176470587, -20.634920634920622], [-178.72941176470587, -20.595264390115684], [-178.72909286715847, -20.595238992670883]]]]}, "properties": {"tile": "S24W180_6x6", "epsg": 4326}}, {"type": "Feature", "geometry": {"type": "MultiPolygon", "coordinates": [[[[-169.83529411764707, -18.941798941798933], [-169.83529411764707, -18.94179894179894], [-169.83529411764707, -19.15343915343914], [-169.95375964211442, -19.15343915343914], [-169.98959608803418, -19.101099081108988], [-169.99209467788737, -19.097048969171198], [-169.994196912686, -19.092779663980107], [-169.99588374924528, -19.088329839221156], [-169.99713990728344, -19.08373980382409], [-169.99795400783867, -19.079051136822784], [-169.9983186763459, -19.074306310709744], [-169.99823060943967, -19.06954830669722], [-169.99769060487793, -19.06482022537004], [-169.99670355431527, -19.060164896257085], [-169.99527839899187, -19.055624489858168], [-169.99342804873874, -19.05124013564074], [-169.95382843936372, -18.968622948140734], [-169.95146527157695, -18.964261866532556], [-169.94868162798923, -18.960156391753905], [-169.94550490365611, -18.956346927579904], [-169.94196636211288, -18.952870964615705], [-169.93810082769645, -18.949762711335012], [-169.93394634282376, -18.947052757419495], [-169.92954379359975, -18.94476777271237], [-169.88237582484976, -18.92318574146238], [-169.87720080490257, -18.92115762025308], [-169.8718326530489, -18.91971642187342], [-169.86633770699208, -18.91887995613823], [-169.83879864449207, -18.916243237388233], [-169.83529411764707, -18.916080675093678], [-169.83529411764707, -18.941798941798933]]], [[[-169.83529411764707, -19.15741831798562], [-169.8798241366174, -19.181762550146452], [-169.88423400733424, -19.183899706349806], [-169.88883190680193, -19.185594910426577], [-169.8935736687083, -19.186831878655706], [-169.89841374483345, -19.187598729019047], [-169.90330564257468, -19.187888095337172], [-169.90820237154347, -19.187697198027088], [-169.91305689494365, -19.18702787080227], [-169.91782258139554, -19.18588654305843], [-169.9224536528658, -19.184284178114297], [-169.92690562440004, -19.18223616790064], [-169.93113573143458, -19.17976218510908], [-169.93510334058266, -19.17688599422097], [-169.93877033994877, -19.173635223231532], [-169.94210150522238, -19.170041098261986], [-169.94506483803417, -19.166138143608993], [-169.95375964211442, -19.153439153439148], [-169.83529411764707, -19.153439153439148], [-169.83529411764707, -19.15741831798562]]], [[[-169.83529411764704, -19.153439153439148], [-169.82801550349444, -19.153439153439148], [-169.83529411764704, -19.157418317985602], [-169.83529411764704, -19.153439153439148]]], [[[-169.83529411764704, -19.15343915343914], [-169.83529411764704, -18.94179894179894], [-169.83529411764704, -18.941798941798933], [-169.83529411764704, -18.916080675093674], [-169.8338958323375, -18.9160158137077], [-169.82899434384873, -18.916270173979903], [-169.824141408374, -18.917003867261645], [-169.8193837874185, -18.91820982389326], [-169.81476732406384, -18.91987642361983], [-169.81033650123715, -18.921987607560673], [-169.80613401308628, -18.92452303294813], [-169.8022003535911, -18.9274582691447], [-169.7985734263751, -18.930765033049692], [-169.79528817947676, -18.934411461627153], [-169.7923762686003, -18.938362418929007], [-169.78986575209024, -18.942579834655053], [-169.74924075209026, -19.019142334655047], [-169.74703967129165, -19.02387092703722], [-169.74534316066337, -19.028803086228365], [-169.74416968118794, -19.033885141769133], [-169.74353200236044, -19.03906179206751], [-169.74343706323418, -19.0442767061762], [-169.7438858969118, -19.04947313677119], [-169.7448736193032, -19.054594537661202], [-169.7548833849282, -19.095024225161197], [-169.75638414840924, -19.09997306357836], [-169.75838804758004, -19.10474041932536], [-169.76087364609577, -19.109275294486128], [-169.76381435472098, -19.113529178063143], [-169.76717871576304, -19.117456564914953], [-169.77093073958514, -19.121015442539097], [-169.77503028959873, -19.124167740493178], [-169.7794335116174, -19.12687973764644], [-169.82801550349444, -19.15343915343914], [-169.83529411764704, -19.15343915343914]]]]}, "properties": {"tile": "S24W174_6x6", "epsg": 4326}}, {"type": "Feature", "geometry": {"type": "MultiPolygon", "coordinates": [[[[-137.01176470588237, -18.306878306878307], [-137.01176470588237, -18.3912551982579], [-137.10281628990205, -18.30080415741036], [-137.10612669591794, -18.297175518499138], [-137.10906509576037, -18.29323957963983], [-137.11160313292075, -18.289034323915068], [-137.11371631451985, -18.284600333402302], [-137.11538424767198, -18.279980397543646], [-137.11659083628294, -18.27521910021392], [-137.11732443638246, -18.27036238947186], [-137.1175779684924, -18.265457134146462], [-137.11734898594597, -18.260550671537665], [-137.11663969849872, -18.255690350596076], [-137.11545695100384, -18.25092307499029], [-137.11381215735713, -18.246294850471333], [-137.1117211903491, -18.241850340902285], [-137.1092042284874, -18.237632437237547], [-137.10628556126792, -18.233681843611286], [-137.10299335477293, -18.23003668452936], [-137.09935937985966, -18.22673213695552], [-137.095418705561, -18.223800090842325], [-137.09120936065807, -18.221268841382805], [-137.08677196669024, -18.219162815952686], [-137.08214934594403, -18.217502338378317], [-137.07738610820434, -18.21630343280519], [-137.07252822025546, -18.215577669059726], [-137.06762256228683, -18.21533205099674], [-137.062716475484, -18.21556894890995], [-137.05785730517096, -18.216286076657905], [-137.01991785204595, -18.223805607907902], [-137.0152210697082, -18.22497533930144], [-137.01176470588237, -18.226201587898426], [-137.01176470588237, -18.3068783068783], [-137.01176470588237, -18.306878306878307]]], [[[-136.25108822030128, -18.518518518518515], [-136.2509811620057, -18.51867906501061], [-136.24866461009407, -18.523026842046843], [-136.2467871615813, -18.527581484184047], [-136.24536704242055, -18.532298775725327], [-136.24441803888894, -18.53713292200084], [-136.24394936375245, -18.542036993934705], [-136.24396556683024, -18.54696338362457], [-136.24446649082554, -18.55186426651105], [-136.24544727285277, -18.55669206565053], [-136.2468983916456, -18.561399913584054], [-136.2488057599878, -18.565942107318726], [-136.2511508614695, -18.570274552004644], [-136.2539109302415, -18.574355189000258], [-136.2570591720221, -18.578144404170562], [-136.2772251876471, -18.600117060420562], [-136.28079532804026, -18.60363546436356], [-136.28469980442625, -18.60677873223065], [-136.28889937671002, -18.60951527409336], [-136.29335183907466, -18.61181758763073], [-136.29801244415103, -18.61366253452841], [-136.30283435272992, -18.615031573019355], [-136.30776910449757, -18.615910944229093], [-136.31276710506307, -18.61629181045279], [-136.3177781243833, -18.616170343974428], [-136.3227518015763, -18.61554776553545], [-136.32763815104957, -18.614430332066288], [-136.33238806485656, -18.612829273804028], [-136.3369538062329, -18.61076068142822], [-136.34128948935228, -18.60824534434912], [-136.34535154048007, -18.60530854177352], [-136.3490991358908, -18.601979788648055], [-136.3524946121476, -18.598292539033146], [-136.35550384462067, -18.594283849888804], [-136.35809659044097, -18.589994008651136], [-136.36024679244167, -18.585466128342524], [-136.36160740791505, -18.581656826262627], [-136.3679778469591, -18.578762274463017], [-136.3764705882353, -18.574131809998356], [-136.3764705882353, -18.518518518518515], [-136.25108822030128, -18.518518518518515]]], [[[-136.37647058823532, -18.57413180999834], [-136.4054639983396, -18.558323845192742], [-136.45004192792578, -18.53754005563544], [-136.4711985061795, -18.534574518170825], [-136.47573303589553, -18.53372397413507], [-136.48016986379284, -18.532459085558155], [-136.4844712140356, -18.530790621896163], [-136.48860046426563, -18.528732788705582], [-136.4925224574107, -18.526303106695035], [-136.49620380101734, -18.523522262551225], [-136.49961315155932, -18.52041393280934], [-136.50150856585014, -18.518518518518515], [-136.37647058823532, -18.518518518518515], [-136.37647058823532, -18.57413180999834]]], [[[-136.37647058823532, -18.51851851851851], [-136.50150856585014, -18.51851851851851], [-136.51387096405932, -18.506156120309335], [-136.51720712157348, -18.502470452749787], [-136.52016078900033, -18.498471710316178], [-136.52270276745608, -18.49419942312437], [-136.52480792786466, -18.489695825454397], [-136.52645545937457, -18.485005438237692], [-136.5276290750875, -18.480174628939324], [-136.5283171730646, -18.475251153186086], [-136.5285129510191, -18.470283682671695], [-136.52821447356123, -18.46532132400611], [-136.52742469133076, -18.46041313326539], [-136.5261514118281, -18.455607631041183], [-136.5244072222321, -18.450952322783724], [-136.5222093649678, -18.44649322918023], [-136.51957956725423, -18.4422744312111], [-136.51654382631668, -18.43833763438132], [-136.51313215238793, -18.434721756435007], [-136.5093782720377, -18.431462542628715], [-136.50531929476426, -18.4285922123668], [-136.5009953461432, -18.426139140692097], [-136.4964491711607, -18.424127577780542], [-136.4766249524107, -18.41651039028054], [-136.47190185073677, -18.414960319737737], [-136.467048174873, -18.413886895907435], [-136.462111899344, -18.413300728685996], [-136.45714181510286, -18.413207611845927], [-136.45218704727358, -18.413608465769272], [-136.44729656959024, -18.41449932835042], [-136.44251872033257, -18.41587139415819], [-136.40995036095757, -18.4270042066582], [-136.40408868554945, -18.42943337024558], [-136.37647058823532, -18.442991881200225], [-136.37647058823532, -18.51851851851851]]], [[[-137.01176470588234, -18.306878306878307], [-137.01176470588234, -18.3068783068783], [-137.01176470588234, -18.226201587898437], [-137.01065939781066, -18.22659372904458], [-137.00627558475847, -18.22864561086015], [-137.00211071220343, -18.231111756123838], [-136.99820381005893, -18.233969054059777], [-136.9945914907424, -18.237190728316566], [-136.99130760607244, -18.24074658789419], [-136.93339744982242, -18.309887212894193], [-136.9304779478329, -18.313736380011424], [-136.92794355420372, -18.317849338593184], [-136.92581792960732, -18.32218769075019], [-136.9241209185173, -18.326710934356655], [-136.92286836394368, -18.33137684117132], [-136.92207195952517, -18.336141851073226], [-136.92173914035948, -18.340961478731664], [-136.92134851535948, -18.35990679123166], [-136.92149100737544, -18.364847516662845], [-136.92212062450403, -18.36975003173496], [-136.92323121385687, -18.37456642696899], [-136.9248119222786, -18.379249634485898], [-136.9268473024089, -18.383753887974116], [-136.92931746364056, -18.38803516993757], [-136.93219826649906, -18.3920516418535], [-136.93546155854384, -18.39576405303647], [-136.93907544948604, -18.399136124212873], [-136.9430046228341, -18.402134902057547], [-136.94721068102166, -18.40473108122781], [-136.95165252064487, -18.406899290747813], [-136.95628673414274, -18.408618341944607], [-136.96106803399422, -18.409871435512933], [-136.96594969528746, -18.410646325685235], [-136.97088401233546, -18.41093543990255], [-136.9758227648767, -18.410735952816797], [-136.98071768930407, -18.410049813901306], [-136.98552095031758, -18.408883728399708], [-136.99018560839144, -18.40724909179943], [-136.9946660784872, -18.4051618784701], [-136.99891857553024, -18.40264248555518], [-137.00290154229646, -18.399715533642304], [-137.00657605552703, -18.396409626160356], [-137.01176470588234, -18.391255198257927], [-137.01176470588234, -18.306878306878307]]], [[[-136.3764705882353, -18.51851851851851], [-136.3764705882353, -18.44299188120024], [-136.35950716590142, -18.451319708600007], [-136.3079715813503, -18.47336548643575], [-136.3027513213343, -18.47596870337719], [-136.29786977997713, -18.479162197867105], [-136.26412954560215, -18.50416219786711], [-136.2603205866383, -18.507286523318758], [-136.25683757682094, -18.5107705182281], [-136.25371432862133, -18.51458036056076], [-136.25108822030128, -18.51851851851851], [-136.3764705882353, -18.51851851851851]]]]}, "properties": {"tile": "S24W138_6x6", "epsg": 4326}}, {"type": "Feature", "geometry": {"type": "MultiPolygon", "coordinates": [[[[-41.929411764705875, -21.269841269841262], [-41.929411764705875, -21.05820105820106], [-41.85174184336091, -21.05820105820106], [-41.76640446541409, -21.48148148148147], [-41.929411764705875, -21.48148148148147], [-41.929411764705875, -21.26984126984127], [-41.929411764705875, -21.269841269841262]]], [[[-41.929411764705875, -21.058201058201053], [-41.929411764705875, -20.846560846560845], [-41.89441053233433, -20.846560846560845], [-41.85174184336091, -21.058201058201053], [-41.929411764705875, -21.058201058201053]]]]}, "properties": {"tile": "S24W042_6x6", "epsg": 4326}}, {"type": "Feature", "geometry": {"type": "MultiPolygon", "coordinates": [[[[159.88235294117644, -19.255557573974286], [159.87828924322307, -19.176895992162837], [159.87830166233732, -19.171506714670805], [159.87889405289815, -19.166150079575527], [159.88005953263848, -19.160888319119618], [159.88178456126363, -19.155782563312396], [159.88235294117644, -19.154555104971223], [159.88235294117644, -19.255557573974286]]], [[[159.97480461812032, -19.365079365079364], [159.97399313754775, -19.366100828132797], [159.97055820927068, -19.3696428107088], [159.9667909079722, -19.372829001814754], [159.96272791868725, -19.37562837512097], [159.9584088057862, -19.37801367103246], [159.953875627707, -19.379961662136022], [159.94917252740055, -19.381453379382975], [159.9443453024778, -19.38247429680499], [159.9394409592441, -19.383014472964316], [159.93450725496348, -19.383068647761032], [159.92959223281053, -19.382636293654556], [159.924743754038, -19.381721620800715], [159.92000903191584, -19.380333536054298], [159.9154341719803, -19.378485556236345], [159.9110637230698, -19.37619567651073], [159.90694024351936, -19.37348619515177], [159.90310388673848, -19.370383496409225], [159.89959201020704, -19.36691779358509], [159.89806447581503, -19.365079365079364], [159.97480461812032, -19.365079365079364]]], [[[159.89806447581503, -19.365079365079357], [159.89643881169772, -19.36312283482404], [159.89367499626655, -19.359035574482473], [159.8913274772549, -19.354695813276244], [159.88941911421392, -19.35014581071128], [159.88796849030422, -19.34542987357112], [159.88698973133754, -19.34059392446858], [159.8864923682231, -19.335685054662843], [159.8823529411765, -19.255557573975388], [159.8823529411765, -19.1545551049711], [159.88286968737728, -19.153439153439148], [160.0150213459466, -19.153439153439148], [160.02472232892106, -19.23216636142443], [160.02509201433784, -19.23753014455862], [160.02488362825423, -19.242902612525775], [160.0240995801832, -19.248221644903968], [160.02274893586457, -19.2534257391328], [159.9994090921146, -19.326863239132813], [159.99756440573972, -19.33176260231868], [159.99521755767063, -19.33644223174729], [159.99239427558354, -19.34085082627451], [159.97706224433352, -19.362237545024506], [159.97480461812032, -19.365079365079357], [159.89806447581503, -19.365079365079357]]], [[[159.88286968737728, -19.15343915343914], [159.88404909775937, -19.15089212973449], [159.9156897227594, -19.0912241609845], [159.9181759590802, -19.08704106221169], [159.92105705248713, -19.083119457034385], [159.92430571362482, -19.079496490404882], [159.9278911715825, -19.076206478608608], [159.9317794653522, -19.073280584224577], [159.9359337655031, -19.070746520957357], [159.9403147230253, -19.068628291136324], [159.9448808420387, -19.066945958368628], [159.94958887283687, -19.065715457499195], [159.95439422154263, -19.064948443677906], [159.95925137249588, -19.064652181963453], [159.96411431937207, -19.064829478509633], [159.96893700094847, -19.0654786539858], [159.97367373739013, -19.06659355948328], [159.97827966292368, -19.068163634757063], [159.98271115080027, -19.070174008251115], [159.98692622652266, -19.07260563795989], [159.99088496542234, -19.075435491791826], [159.9945498708211, -19.07863676572642], [159.99788622919468, -19.082179137698542], [160.00086243897516, -19.08602905480526], [160.00345030987685, -19.090150051114684], [160.00562532991117, -19.094503093066734], [160.0073668975612, -19.09904694919411], [160.00865851691668, -19.103738580661584], [160.00948795392108, -19.108533548924438], [160.0150213459466, -19.15343915343914], [159.88286968737728, -19.15343915343914]]]]}, "properties": {"tile": "S24E156_6x6", "epsg": 4326}}, {"type": "Feature", "geometry": {"type": "MultiPolygon", "coordinates": [[[[167.56265219525835, -22.541777114513792], [167.56634877469207, -22.545411765745165], [167.56964914007733, -22.549409637354795], [167.57251781197266, -22.553727751600675], [167.57492395170866, -22.558319688082623], [167.57684169290872, -22.563136082768796], [167.5917830991587, -22.607179051518802], [167.59317742845846, -22.612104926709595], [167.59406075857967, -22.617147557817304], [167.59442382925442, -22.622254081123483], [167.5942628342821, -22.627370963104763], [167.59357946143095, -22.63244456164404], [167.59238087474475, -22.637421688380133], [167.59067963943954, -22.642250166300528], [167.58849359017785, -22.646879376731786], [167.58584564410157, -22.651260789993344], [167.58276356058332, -22.65534847415164], [167.55102527933332, -22.69323909915163], [167.5477260473692, -22.69680980248687], [167.54409563688537, -22.700043217644293], [167.54016836957032, -22.702908776106007], [167.5359813735797, -22.70537938704982], [167.5315742325288, -22.707431693464297], [167.52698861127155, -22.70904629296456], [167.52226786200322, -22.71020792122131], [167.51745661441143, -22.710905596268926], [167.51260035374972, -22.711132722328276], [167.5077449908225, -22.71088715216288], [167.5058823529412, -22.7106098248386], [167.5058823529412, -22.53968253968254], [167.56002580706797, -22.53968253968254], [167.56265219525835, -22.541777114513792]]], [[[167.50588235294114, -22.710609824838592], [167.50293642794702, -22.71017120737872], [167.46367861544707, -22.70235870737872], [167.45965280200477, -22.70138258565867], [167.4557216066605, -22.700076564736264], [167.4519120131194, -22.698449609132574], [167.42222451311937, -22.684289452882574], [167.41761401343325, -22.68178538594066], [167.4132912924807, -22.678811980120443], [167.40930394697892, -22.675401975068432], [167.3876242594789, -22.65479650631844], [167.3842339473398, -22.651241220988027], [167.38120889642448, -22.647370389405417], [167.37857830969136, -22.64322137944871], [167.37636758205684, -22.638834244448816], [167.37459805524017, -22.6342513365263], [167.3732868117366, -22.629516897736366], [167.37244650990817, -22.62467663296898], [167.37208526178338, -22.619777268727205], [167.37220655474624, -22.614866102043162], [167.37280921786981, -22.609990543886322], [167.37388743322032, -22.605197661471824], [167.39204922014673, -22.53968253968254], [167.50588235294114, -22.53968253968254], [167.50588235294114, -22.710609824838592]]], [[[167.5058823529412, -22.51421666000521], [167.549601253136, -22.533421216617455], [167.55423318162693, -22.535749440734318], [167.55859914058044, -22.538544756727088], [167.56002580706797, -22.539682539682534], [167.5058823529412, -22.539682539682534], [167.5058823529412, -22.51421666000521]]], [[[167.39527415197034, -22.528049223971824], [167.39686355338495, -22.523266574687707], [167.3989263432493, -22.518668224004344], [167.4014415636752, -22.51430089103781], [167.40438366009263, -22.51020894777057], [167.40772274088306, -22.506433968233328], [167.4114248810778, -22.503014306114043], [167.4154524670346, -22.49998470508551], [167.41976457859127, -22.497375945810592], [167.42431740481334, -22.495214533211563], [167.429064689112, -22.493522427180796], [167.43395819920974, -22.492316819468886], [167.43894821717893, -22.49160995901692], [167.44398404457473, -22.491409027507597], [167.44901451752966, -22.491716066399505], [167.45398852657735, -22.492527956185974], [167.45885553592302, -22.493836448089173], [167.463566096886, -22.495628247867458], [167.50588235294114, -22.514216660005186], [167.50588235294114, -22.539682539682534], [167.39204922014673, -22.539682539682534], [167.39527415197034, -22.528049223971824]]]]}, "properties": {"tile": "S24E162_6x6", "epsg": 4326}}, {"type": "Feature", "geometry": {"type": "MultiPolygon", "coordinates": [[[[169.93950726497346, -20.211640211640212], [169.9384567643376, -20.213489009965077], [169.9033005143376, -20.268664791215077], [169.90035757460615, -20.27280361681078], [169.89700998012287, -20.276622567288356], [169.89329226570567, -20.28008224517604], [169.8892427844438, -20.28314695936898], [169.8849033120358, -20.2857850933297], [169.88031861581828, -20.287969431254055], [169.87553599293244, -20.289677438837867], [169.870604782392, -20.290891495747758], [169.86557585608685, -20.29159907739795], [169.86050109397277, -20.29179288415776], [169.80639953147275, -20.291109290407764], [169.80142976896778, -20.290798524635196], [169.79651556220873, -20.289994978338754], [169.79170565052374, -20.288706621127478], [169.78704773883763, -20.28694623098731], [169.78258802453223, -20.28473126754844], [169.71305677453222, -20.245766423798432], [169.70874966647096, -20.243055873522913], [169.70474039188528, -20.23992155063845], [169.70107048407368, -20.236395924551957], [169.69777796073072, -20.23251551829959], [169.6948969301101, -20.228320530193468], [169.69245723768694, -20.223854417395106], [169.69048415697924, -20.219163445729404], [169.68899812773202, -20.214296210402875], [169.68847492404737, -20.211640211640212], [169.83529411764707, -20.211640211640212], [169.93950726497346, -20.211640211640212]]], [[[169.83529411764707, -20.211640211640205], [169.68847492404737, -20.211640211640205], [169.68801454417556, -20.209303132591057], [169.68754359555197, -20.204235937110184], [169.68759016056168, -20.199147116584044], [169.6881537568236, -20.19408938765685], [169.68922854587208, -20.189115144885463], [169.70241213962208, -20.140287019885463], [169.70395218321212, -20.135538994519084], [169.7059579609959, -20.130968181175593], [169.7084094830076, -20.12662013345679], [169.71128231690906, -20.12253818483957], [169.71454783148698, -20.118763016806177], [169.71817348199724, -20.115332253404773], [169.72212313451197, -20.112280086280933], [169.72635742603723, -20.10963693391718], [169.73083415681216, -20.107429138476547], [169.73550871087988, -20.105678703271533], [169.74033450073864, -20.104403073474867], [169.7452634316418, -20.103614962257588], [169.8240720253918, -20.0950212122576], [169.82820680168768, -20.0947430873976], [169.83235040793033, -20.09480832358905], [169.83647437965234, -20.095216472692496], [169.85932594215237, -20.098439128942484], [169.86408445155, -20.09934720308074], [169.86873274858553, -20.10071151426127], [169.87322719874587, -20.102519255416524], [169.87752561170984, -20.104753456911258], [169.88158763739753, -20.10739314583998], [169.88537514474464, -20.110413542903864], [169.92932045724464, -20.14908541790387], [169.93294271994193, -20.152613603455475], [169.93619010544685, -20.156489602387015], [169.9390294009548, -20.160673772717345], [169.94143156742302, -20.165123320626268], [169.94337203656866, -20.169792738130578], [169.94483096214242, -20.174634268519316], [169.9457934229069, -20.17959839478802], [169.94624957524442, -20.184634346076475], [169.94619475383325, -20.189690616930342], [169.9456295193622, -20.194715494075854], [169.94455965279624, -20.19965758532004], [169.94299609625153, -20.204466345167052], [169.9409548410841, -20.20909259177485], [169.93950726497346, -20.211640211640205], [169.83529411764707, -20.211640211640205]]]]}, "properties": {"tile": "S24E168_6x6", "epsg": 4326}}, {"type": "Feature", "geometry": {"type": "MultiPolygon", "coordinates": [[[[174.6795878469648, -21.693121693121693], [174.67968743534422, -21.69509994007354], [174.6794099066362, -21.700280926341335], [174.67859697419587, -21.705405258662555], [174.67725739156293, -21.710417758962837], [174.67540558317074, -21.71526445335897], [174.67306148902608, -21.719893153341882], [174.67025034999799, -21.724254017735046], [174.66243784999799, -21.735093861485037], [174.65941489252336, -21.73888597744922], [174.65603878353446, -21.742367400071412], [174.65234128332472, -21.74550537833428], [174.64835717563244, -21.74827039212733], [174.64412394041753, -21.7506364299534], [174.6396814012736, -21.752581233628323], [174.63507135079305, -21.754086507671847], [174.63033715740875, -21.755138091419877], [174.62552335741125, -21.755726092239062], [174.62067523597972, -21.755844978590392], [174.61583840116765, -21.755493632066436], [174.58693215116762, -21.751978007066445], [174.58202117038394, -21.751130536126478], [174.57721894696917, -21.749798398923904], [174.57257318801493, -21.747994829410175], [174.5681300462361, -21.745737744922444], [174.56393366147233, -21.743049568186], [174.56002572218654, -21.739957004558487], [174.55644505131576, -21.736490776728868], [174.55322722058966, -21.73268531950666], [174.55040419714769, -21.728578437733628], [174.54800402596524, -21.724210930716257], [174.54605055124466, -21.719626186910137], [174.5445631795377, -21.714869752882727], [174.53893539214343, -21.693121693121693], [174.6795878469648, -21.693121693121693]]], [[[174.53893539214343, -21.693121693121686], [174.53880146078774, -21.692604127882724], [174.53780167594684, -21.68776648421143], [174.5372841341313, -21.68285379487791], [174.53725388703904, -21.67791401237947], [174.53771122991031, -21.672995353668338], [174.53865169864582, -21.66814582950859], [174.5400661133807, -21.66341277584565], [174.5419406680885, -21.658842391762665], [174.54425706534118, -21.654479288533732], [174.54699269490928, -21.65036605417564], [174.55012085445924, -21.646542837748516], [174.55361101019326, -21.643046957463014], [174.55742909488836, -21.639912536419242], [174.57442128238833, -21.627314880169234], [174.57851295524299, -21.624582731431488], [174.58285333712644, -21.622265943012], [174.5874004019899, -21.6203869473754], [174.59211012256227, -21.618963938027328], [174.59693689664738, -21.618010693354535], [174.60183398867017, -21.617536443214714], [174.60675398219732, -21.617545779567745], [174.61164923905014, -21.618038612013752], [174.61647236056442, -21.619010168668368], [174.62117664653147, -21.620451042366877], [174.6447118027815, -21.62894713611689], [174.64941287607388, -21.63092056854591], [174.65388854042533, -21.63336248465118], [174.65809225872718, -21.636247493852363], [174.6619803215141, -21.639545598371186], [174.66551230144697, -21.64322250514264], [174.6686514736686, -21.64723998238777], [174.67136519766186, -21.651556257140452], [174.67362525663953, -21.656126449594776], [174.67540815093722, -21.660903039756747], [174.6766953423583, -21.665836361548163], [174.6774734469306, -21.670875119225084], [174.6794265719306, -21.689918087975084], [174.6795878469648, -21.693121693121686], [174.53893539214343, -21.693121693121686]]], [[[178.09411764705882, -19.153439153439148], [178.20930824282982, -19.153439153439148], [178.20812002269025, -19.15425281711935], [178.2040189769046, -19.156528489597278], [178.18429241440458, -19.166294114597278], [178.1804965512341, -19.167980737762438], [178.1765737924611, -19.169346475115976], [178.17255121025974, -19.170381901281083], [178.0312426165098, -19.200557682531077], [178.02658296973905, -19.201324693862645], [178.02187174442597, -19.201648685312936], [178.01715096585812, -19.201526766798594], [178.01246274454058, -19.200960025862727], [178.00784890055968, -19.19995351797377], [178.00335059053765, -19.198516221429458], [177.9990079405054, -19.19666095726819], [177.93689856550537, -19.166582832268187], [177.93263124072203, -19.16425365850575], [177.92861028990296, -19.16152106528082], [177.9248737272961, -19.158410886651318], [177.92145687853062, -19.154952526384378], [177.92022783178422, -19.153439153439148], [178.09411764705882, -19.153439153439148]]], [[[178.51764705882354, -19.05705571297389], [178.51606071361738, -19.058265127834645], [178.51197015797723, -19.06080176291466], [178.50765465061653, -19.062933325532594], [178.50315418276023, -19.06464006278502], [178.49851045963723, -19.065906158567902], [178.36979952213724, -19.094421783567913], [178.36485330231804, -19.095259831016946], [178.35984800020938, -19.095598009708617], [178.35483400401543, -19.09543291520967], [178.34986178946343, -19.094766209520746], [178.34498141166634, -19.093604604345092], [178.34024200121954, -19.09195979352206], [178.3356912696051, -19.089848335305646], [178.33137502888158, -19.0872914856731], [178.327336730496, -19.08431498434174], [178.3058823529412, -19.06677458107061], [178.3058823529412, -18.94179894179894], [178.3058823529412, -18.941798941798933], [178.3058823529412, -18.892285075607216], [178.3143945563859, -18.888595921769088], [178.31904450956634, -18.886849544605226], [178.3238447919179, -18.88557314845832], [178.3287480306104, -18.884779329774474], [178.33370583676236, -18.884475922559066], [178.33866928297908, -18.884665921064812], [178.34358938620554, -18.88534745024223], [178.4296245424555, -18.901656043992226], [178.43663518454304, -18.903520590151576], [178.50421330954305, -18.92686043390157], [178.50864999068057, -18.928634296362826], [178.51289709124933, -18.930823557495348], [178.51691582549094, -18.933408224329355], [178.51764705882354, -18.933984159277497], [178.51764705882354, -18.941798941798933], [178.51764705882354, -18.94179894179894], [178.51764705882354, -19.05705571297389]]], [[[178.30588235294115, -19.066774581070565], [178.29788539061946, -19.06023652403729], [178.24639157345345, -19.1024155360599], [178.23283198219275, -19.11818528096221], [178.2286233460811, -19.129352195445136], [178.2267652664863, -19.13365856305395], [178.22451185800728, -19.13777188433845], [178.22188294817053, -19.141655966576636], [178.21890166850315, -19.145276634099027], [178.21559425100085, -19.14860202899713], [178.21198979731506, -19.151602891438117], [178.20930824282982, -19.15343915343914], [178.09411764705882, -19.15343915343914], [177.9202278317842, -19.15343915343914], [177.9183920466467, -19.15117867997182], [177.91570820670134, -19.147125025525526], [177.9134307318368, -19.142829886474967], [177.91158115340176, -19.13833386925582], [177.91017695739302, -19.133679479414898], [177.90923141914215, -19.128910719760817], [177.9087534778098, -19.124072674359514], [177.9087476518746, -19.119211082307444], [177.90921399641522, -19.11437190531216], [177.9101481025896, -19.109600893168263], [177.91154113931643, -19.10494315123682], [177.91337993676453, -19.100442714017266], [177.915647110861, -19.096142128843294], [177.91832122764106, -19.092082053638467], [177.92137700588572, -19.088300872534404], [177.9247855561315, -19.08483433298548], [177.92851465379272, -19.081715207810813], [177.9325290438142, -19.07897298535857], [177.9367907739741, -19.076633590721812], [177.97389073871636, -19.05855704177548], [178.02072746179238, -19.02110553992652], [178.0247300815396, -19.01821693783646], [178.02899801692544, -19.015737076062567], [178.03348967267405, -19.01369012332468], [178.03816127313215, -19.012096029213428], [178.0429672889061, -19.010970329761655], [178.0478608805915, -19.010323996030305], [178.05279435526938, -19.010163327184532], [178.05771963132148, -19.010489889102068], [178.09045368373097, -19.01429047196609], [178.12283334034504, -18.990697859711968], [178.17100724555544, -18.93643404572969], [178.17438096168564, -18.932984515966933], [178.17807146509824, -18.92987623659196], [178.18204438803025, -18.927138153414308], [178.1862627326907, -18.924795764796457], [178.19068721580211, -18.92287088420066], [178.1952766344255, -18.92138143705137], [178.19998824966217, -18.920341293804974], [178.2678744745971, -18.908757533200987], [178.30588235294115, -18.89228507560724], [178.30588235294115, -18.941798941798933], [178.30588235294115, -18.94179894179894], [178.30588235294115, -19.066774581070565]]]]}, "properties": {"tile": "S24E174_6x6", "epsg": 4326}}, {"type": "Feature", "geometry": {"type": "MultiPolygon", "coordinates": [[[[-43.2, -21.693121693121693], [-43.2, -21.806225446084074], [-43.35225535986835, -21.832798181758466], [-43.383072188466116, -21.693121693121693], [-43.2, -21.693121693121693]]], [[[-42.77647058823531, -21.481481481481477], [-42.776470588235284, -21.481481481481477], [-42.56470588235295, -21.481481481481477], [-42.352941176470594, -21.481481481481477], [-42.141176470588235, -21.481481481481477], [-42.0, -21.481481481481477], [-42.0, -21.596792537864335], [-42.55194280254915, -21.693121693121686], [-42.56470588235295, -21.693121693121686], [-42.776470588235284, -21.693121693121686], [-42.77647058823531, -21.693121693121686], [-42.98823529411764, -21.693121693121686], [-43.2, -21.693121693121686], [-43.383072188466116, -21.693121693121686], [-43.41176470588236, -21.563073590665695], [-43.41176470588236, -21.481481481481477], [-43.2, -21.481481481481477], [-42.98823529411764, -21.481481481481477], [-42.77647058823531, -21.481481481481477]]], [[[-42.776470588235284, -21.05820105820106], [-42.56470588235295, -21.05820105820106], [-42.352941176470594, -21.05820105820106], [-42.141176470588235, -21.05820105820106], [-42.0, -21.05820105820106], [-42.0, -21.48148148148147], [-42.141176470588235, -21.48148148148147], [-42.352941176470594, -21.48148148148147], [-42.56470588235295, -21.48148148148147], [-42.776470588235284, -21.48148148148147], [-42.77647058823531, -21.48148148148147], [-42.98823529411764, -21.48148148148147], [-43.2, -21.48148148148147], [-43.41176470588236, -21.48148148148147], [-43.41176470588236, -21.26984126984127], [-43.41176470588236, -21.269841269841262], [-43.41176470588236, -21.05820105820106], [-43.2, -21.05820105820106], [-42.98823529411764, -21.05820105820106], [-42.77647058823531, -21.05820105820106], [-42.776470588235284, -21.05820105820106]]], [[[-42.77647058823531, -20.846560846560845], [-42.776470588235284, -20.846560846560845], [-42.56470588235295, -20.846560846560845], [-42.352941176470594, -20.846560846560845], [-42.141176470588235, -20.846560846560845], [-42.0, -20.846560846560845], [-42.0, -21.058201058201053], [-42.141176470588235, -21.058201058201053], [-42.352941176470594, -21.058201058201053], [-42.56470588235295, -21.058201058201053], [-42.776470588235284, -21.058201058201053], [-42.77647058823531, -21.058201058201053], [-42.98823529411764, -21.058201058201053], [-43.2, -21.058201058201053], [-43.41176470588236, -21.058201058201053], [-43.52315475046704, -21.058201058201053], [-43.56984893780068, -20.846560846560845], [-43.41176470588236, -20.846560846560845], [-43.2, -20.846560846560845], [-42.98823529411764, -20.846560846560845], [-42.77647058823531, -20.846560846560845]]], [[[-42.77647058823531, -20.63492063492063], [-42.776470588235284, -20.63492063492063], [-42.56470588235295, -20.63492063492063], [-42.352941176470594, -20.63492063492063], [-42.141176470588235, -20.63492063492063], [-42.0, -20.63492063492063], [-42.0, -20.846560846560838], [-42.141176470588235, -20.846560846560838], [-42.352941176470594, -20.846560846560838], [-42.56470588235295, -20.846560846560838], [-42.776470588235284, -20.846560846560838], [-42.77647058823531, -20.846560846560838], [-42.98823529411764, -20.846560846560838], [-43.2, -20.846560846560838], [-43.41176470588236, -20.846560846560838], [-43.569848937800685, -20.846560846560838], [-43.61654312513432, -20.63492063492063], [-43.41176470588236, -20.63492063492063], [-43.2, -20.63492063492063], [-42.98823529411764, -20.63492063492063], [-42.77647058823531, -20.63492063492063]]], [[[-42.77647058823531, -20.423280423280413], [-42.776470588235284, -20.423280423280413], [-42.56470588235295, -20.423280423280413], [-42.56470588235295, -20.287927004342738], [-42.097329069082335, -20.211640211640212], [-42.022416599254555, -20.211640211640212], [-42.0, -20.32282839024689], [-42.0, -20.634920634920622], [-42.141176470588235, -20.634920634920622], [-42.352941176470594, -20.634920634920622], [-42.56470588235295, -20.634920634920622], [-42.776470588235284, -20.634920634920622], [-42.77647058823531, -20.634920634920622], [-42.98823529411764, -20.634920634920622], [-43.2, -20.634920634920622], [-43.41176470588236, -20.634920634920622], [-43.61654312513433, -20.634920634920622], [-43.62352941176472, -20.603255469180155], [-43.62352941176472, -20.460751690555874], [-43.39395885481776, -20.423280423280413], [-43.2, -20.423280423280413], [-42.98823529411764, -20.423280423280413], [-42.77647058823531, -20.423280423280413]]], [[[-43.41176470588236, -20.211640211640205], [-43.62352941176472, -20.211640211640205], [-43.62352941176472, -20.154373218532385], [-43.2, -20.07783330119875], [-43.2, -20.211299065063606], [-43.20193655554082, -20.211640211640205], [-43.41176470588236, -20.211640211640205]]]]}, "properties": {"tile": "S24W048_6x6", "epsg": 4326}}, {"type": "Feature", "geometry": {"type": "Polygon", "coordinates": [[[47.01176470588236, -24.867724867724863], [46.8, -24.867724867724863], [46.8, -24.664703098271175], [46.862064560182326, -24.656084656084655], [47.01176470588236, -24.656084656084655], [47.01176470588236, -24.867724867724863]]]}, "properties": {"tile": "S30E042_6x6", "epsg": 4326}}, {"type": "Feature", "geometry": {"type": "MultiPolygon", "coordinates": [[[[31.976470588235298, -27.4074074074074], [31.976470588235298, -27.578476057904098], [31.764705882352946, -27.61185190497843], [31.764705882352946, -27.4074074074074], [31.976470588235298, -27.4074074074074]]], [[[31.55294117647058, -27.4074074074074], [31.55294117647058, -27.61904761904761], [31.341176470588227, -27.61904761904761], [31.341176470588227, -27.4074074074074], [31.55294117647058, -27.4074074074074]]], [[[31.76470588235294, -27.4074074074074], [31.76470588235294, -27.61185190497843], [31.719050164010284, -27.61904761904761], [31.552941176470586, -27.61904761904761], [31.552941176470586, -27.4074074074074], [31.76470588235294, -27.4074074074074]]], [[[31.34117647058822, -27.4074074074074], [31.34117647058822, -27.61904761904761], [31.12941176470589, -27.61904761904761], [31.129411764705868, -27.61904761904761], [30.917647058823537, -27.61904761904761], [30.917647058823537, -27.4074074074074], [31.129411764705868, -27.4074074074074], [31.12941176470589, -27.4074074074074], [31.34117647058822, -27.4074074074074]]], [[[31.34117647058822, -26.984126984126984], [31.34117647058822, -27.195767195767186], [31.34117647058822, -27.195767195767193], [31.34117647058822, -27.407407407407394], [31.12941176470589, -27.407407407407394], [31.129411764705868, -27.407407407407394], [30.917647058823537, -27.407407407407394], [30.917647058823537, -27.195767195767193], [30.917647058823537, -27.195767195767186], [30.917647058823537, -26.984126984126984], [31.129411764705868, -26.984126984126984], [31.12941176470589, -26.984126984126984], [31.34117647058822, -26.984126984126984]]], [[[30.91764705882353, -27.407407407407394], [30.705882352941178, -27.407407407407394], [30.705882352941178, -27.195767195767193], [30.705882352941178, -27.195767195767186], [30.705882352941178, -26.984126984126984], [30.91764705882353, -26.984126984126984], [30.91764705882353, -27.195767195767186], [30.91764705882353, -27.195767195767193], [30.91764705882353, -27.407407407407394]]], [[[31.55294117647058, -27.195767195767193], [31.55294117647058, -27.407407407407394], [31.341176470588227, -27.407407407407394], [31.341176470588227, -27.195767195767193], [31.341176470588227, -27.195767195767186], [31.341176470588227, -26.984126984126984], [31.55294117647058, -26.984126984126984], [31.55294117647058, -27.195767195767186], [31.55294117647058, -27.195767195767193]]], [[[31.76470588235294, -27.195767195767193], [31.76470588235294, -27.407407407407394], [31.552941176470586, -27.407407407407394], [31.552941176470586, -27.195767195767193], [31.552941176470586, -27.195767195767186], [31.552941176470586, -26.984126984126984], [31.76470588235294, -26.984126984126984], [31.76470588235294, -27.195767195767186], [31.76470588235294, -27.195767195767193]]], [[[31.976470588235298, -27.195767195767193], [31.976470588235298, -27.407407407407394], [31.764705882352946, -27.407407407407394], [31.764705882352946, -27.195767195767193], [31.764705882352946, -27.195767195767186], [31.764705882352946, -26.984126984126984], [31.976470588235298, -26.984126984126984], [31.976470588235298, -27.195767195767186], [31.976470588235298, -27.195767195767193]]], [[[31.12941176470589, -26.77248677248677], [31.34117647058822, -26.77248677248677], [31.34117647058822, -26.984126984126977], [31.12941176470589, -26.984126984126977], [31.129411764705868, -26.984126984126977], [30.917647058823537, -26.984126984126977], [30.917647058823537, -26.77248677248677], [31.129411764705868, -26.77248677248677], [31.12941176470589, -26.77248677248677]]], [[[31.976470588235298, -26.77248677248677], [31.976470588235298, -26.984126984126977], [31.764705882352946, -26.984126984126977], [31.764705882352946, -26.77248677248677], [31.976470588235298, -26.77248677248677]]], [[[30.91764705882353, -26.77248677248677], [30.91764705882353, -26.984126984126977], [30.705882352941178, -26.984126984126977], [30.705882352941178, -26.77248677248677], [30.91764705882353, -26.77248677248677]]], [[[31.76470588235294, -26.77248677248677], [31.76470588235294, -26.984126984126977], [31.552941176470586, -26.984126984126977], [31.552941176470586, -26.77248677248677], [31.76470588235294, -26.77248677248677]]], [[[31.55294117647058, -26.77248677248677], [31.55294117647058, -26.984126984126977], [31.341176470588227, -26.984126984126977], [31.341176470588227, -26.77248677248677], [31.55294117647058, -26.77248677248677]]], [[[30.917647058823537, -26.56084656084656], [30.917647058823537, -26.560846560846553], [30.917647058823537, -26.34920634920635], [31.129411764705868, -26.34920634920635], [31.12941176470589, -26.34920634920635], [31.34117647058822, -26.34920634920635], [31.34117647058822, -26.560846560846553], [31.34117647058822, -26.56084656084656], [31.34117647058822, -26.77248677248676], [31.12941176470589, -26.77248677248676], [31.129411764705868, -26.77248677248676], [30.917647058823537, -26.77248677248676], [30.917647058823537, -26.56084656084656]]], [[[30.91764705882353, -26.56084656084656], [30.91764705882353, -26.77248677248676], [30.705882352941178, -26.77248677248676], [30.705882352941178, -26.56084656084656], [30.705882352941178, -26.560846560846553], [30.705882352941178, -26.34920634920635], [30.91764705882353, -26.34920634920635], [30.91764705882353, -26.560846560846553], [30.91764705882353, -26.56084656084656]]], [[[31.76470588235294, -26.56084656084656], [31.76470588235294, -26.77248677248676], [31.552941176470586, -26.77248677248676], [31.552941176470586, -26.56084656084656], [31.552941176470586, -26.560846560846553], [31.552941176470586, -26.34920634920635], [31.76470588235294, -26.34920634920635], [31.76470588235294, -26.560846560846553], [31.76470588235294, -26.56084656084656]]], [[[31.55294117647058, -26.56084656084656], [31.55294117647058, -26.77248677248676], [31.341176470588227, -26.77248677248676], [31.341176470588227, -26.56084656084656], [31.341176470588227, -26.560846560846553], [31.341176470588227, -26.34920634920635], [31.55294117647058, -26.34920634920635], [31.55294117647058, -26.560846560846553], [31.55294117647058, -26.56084656084656]]], [[[31.976470588235298, -26.56084656084656], [31.976470588235298, -26.77248677248676], [31.764705882352946, -26.77248677248676], [31.764705882352946, -26.56084656084656], [31.764705882352946, -26.560846560846553], [31.764705882352946, -26.34920634920635], [31.976470588235298, -26.34920634920635], [31.976470588235298, -26.560846560846553], [31.976470588235298, -26.56084656084656]]], [[[31.976470588235305, -26.56084656084656], [31.976470588235305, -26.560846560846553], [31.976470588235305, -26.34920634920635], [31.99741907042318, -26.34920634920635], [32.00089517345266, -26.37143147225455], [32.021586334516876, -26.45099196008996], [32.02286796707379, -26.4574542173827], [32.02859765978505, -26.510300135676896], [32.03171179881378, -26.521877698028266], [32.036044087426504, -26.523890950266686], [32.0853470608053, -26.77248677248676], [31.976470588235305, -26.77248677248676], [31.976470588235305, -26.56084656084656]]], [[[30.70588235294117, -26.56084656084656], [30.494117647058818, -26.56084656084656], [30.494117647058818, -26.34920634920635], [30.70588235294117, -26.34920634920635], [30.70588235294117, -26.56084656084656]]], [[[30.70588235294117, -26.137566137566136], [30.70588235294117, -26.349206349206344], [30.494117647058818, -26.349206349206344], [30.494117647058818, -26.137566137566136], [30.70588235294117, -26.137566137566136]]], [[[31.957518437132727, -26.137566137566136], [31.976470588235298, -26.234313275250607], [31.976470588235298, -26.349206349206344], [31.764705882352946, -26.349206349206344], [31.764705882352946, -26.137566137566136], [31.957518437132727, -26.137566137566136]]], [[[30.91764705882353, -26.137566137566136], [30.91764705882353, -26.349206349206344], [30.705882352941178, -26.349206349206344], [30.705882352941178, -26.137566137566136], [30.91764705882353, -26.137566137566136]]], [[[31.129411764705868, -26.137566137566136], [31.12941176470589, -26.137566137566136], [31.34117647058822, -26.137566137566136], [31.34117647058822, -26.349206349206344], [31.12941176470589, -26.349206349206344], [31.129411764705868, -26.349206349206344], [30.917647058823537, -26.349206349206344], [30.917647058823537, -26.137566137566136], [31.129411764705868, -26.137566137566136]]], [[[31.55294117647058, -26.349206349206344], [31.341176470588227, -26.349206349206344], [31.341176470588227, -26.137566137566136], [31.55294117647058, -26.137566137566136], [31.55294117647058, -26.349206349206344]]], [[[31.76470588235294, -26.349206349206344], [31.552941176470586, -26.349206349206344], [31.552941176470586, -26.137566137566136], [31.76470588235294, -26.137566137566136], [31.76470588235294, -26.349206349206344]]], [[[31.34117647058822, -26.13756613756613], [31.12941176470589, -26.13756613756613], [31.129411764705868, -26.13756613756613], [30.917647058823537, -26.13756613756613], [30.917647058823537, -25.98015863631985], [31.281515593738483, -25.92592592592592], [31.34117647058822, -25.92592592592592], [31.34117647058822, -26.13756613756613]]], [[[31.55294117647058, -25.92592592592592], [31.55294117647058, -26.13756613756613], [31.341176470588227, -26.13756613756613], [31.341176470588227, -25.92592592592592], [31.55294117647058, -25.92592592592592]]], [[[31.764705882352946, -26.13756613756613], [31.764705882352946, -25.92592592592592], [31.91605946101845, -25.92592592592592], [31.957518437132727, -26.13756613756613], [31.764705882352946, -26.13756613756613]]], [[[31.76470588235294, -26.13756613756613], [31.552941176470586, -26.13756613756613], [31.552941176470586, -25.92592592592592], [31.76470588235294, -25.92592592592592], [31.76470588235294, -26.13756613756613]]], [[[31.976470588235305, -27.195767195767186], [31.976470588235305, -26.984126984126984], [32.12732078195312, -26.984126984126984], [32.18823529411766, -27.291270594317304], [32.18823529411766, -27.407407407407394], [31.976470588235305, -27.407407407407394], [31.976470588235305, -27.195767195767193], [31.976470588235305, -27.195767195767186]]], [[[31.976470588235305, -26.984126984126977], [31.976470588235305, -26.77248677248677], [32.0853470608053, -26.77248677248677], [32.12732078195312, -26.984126984126977], [31.976470588235305, -26.984126984126977]]], [[[34.51764705882353, -24.86772486772487], [34.625677464645804, -24.86772486772487], [34.62255556608851, -24.868912649704814], [34.30588235294117, -24.970193548212055], [34.30588235294117, -24.86772486772487], [34.51764705882353, -24.86772486772487]]], [[[35.07401284437068, -24.656084656084655], [35.01981340752879, -24.69219608063128], [35.016177146533835, -24.694401480913292], [35.012366626578675, -24.69628989879572], [34.94117647058822, -24.727873754803667], [34.94117647058822, -24.656084656084655], [35.07401284437068, -24.656084656084655]]]]}, "properties": {"tile": "S30E030_6x6", "epsg": 4326}}, {"type": "Feature", "geometry": {"type": "MultiPolygon", "coordinates": [[[[115.83529411764708, -34.71052854368543], [115.73133153255543, -34.6031746031746], [115.83529411764708, -34.6031746031746], [115.83529411764708, -34.71052854368543]]], [[[116.04705882352941, -34.865872140844566], [115.97203011891988, -34.842813297757694], [115.96730190888043, -34.84109540650959], [115.96277025257629, -34.83891109617023], [115.95848102327638, -34.83628247818161], [115.95447764019778, -34.833236161644635], [115.95080062897974, -34.82980298395919], [115.93628594230287, -34.8148148148148], [116.04705882352941, -34.8148148148148], [116.04705882352941, -34.865872140844566]]], [[[116.68235294117646, -34.391534391534385], [116.68235294117646, -34.6031746031746], [116.68235294117646, -34.81481481481482], [116.4705882352941, -34.81481481481482], [116.4705882352941, -34.6031746031746], [116.25882352941177, -34.6031746031746], [116.25882352941177, -34.391534391534385], [116.4705882352941, -34.391534391534385], [116.47058823529413, -34.391534391534385], [116.68235294117646, -34.391534391534385]]], [[[116.68235294117649, -34.81481481481482], [116.68235294117649, -34.6031746031746], [116.68235294117649, -34.391534391534385], [116.7795030145603, -34.391534391534385], [116.86224082440445, -34.81481481481482], [116.68235294117649, -34.81481481481482]]], [[[116.25882352941174, -34.391534391534385], [116.25882352941174, -34.6031746031746], [116.04705882352938, -34.6031746031746], [116.04705882352938, -34.391534391534385], [116.25882352941174, -34.391534391534385]]]]}, "properties": {"tile": "S36E114_6x6", "epsg": 4326}}, {"type": "Feature", "geometry": {"type": "MultiPolygon", "coordinates": [[[[24.56470588235295, -34.17989417989417], [24.77647058823528, -34.17989417989417], [24.77647058823528, -34.22017755352894], [24.59670898344381, -34.22449728855134], [24.591856033200887, -34.224378185518276], [24.587037505084787, -34.22378903495424], [24.582298819142093, -34.22273539026588], [24.425893224837782, -34.17989417989417], [24.56470588235293, -34.17989417989417], [24.56470588235295, -34.17989417989417]]], [[[25.2, -34.01856185464106], [25.16622744220114, -34.01116170701285], [25.11207944321379, -34.015346446981425], [25.2, -34.002388322388995], [25.2, -34.01856185464106]]], [[[24.988235294117647, -34.053389524460016], [24.988235294117647, -34.033599151157695], [25.01507808837166, -34.02964294017511], [24.988235294117647, -34.053389524460016]]], [[[24.880844957949915, -34.17989417989417], [24.867758887165156, -34.19811364083733], [24.86455604916822, -34.20212166837703], [24.8609593470865, -34.205780382649706], [24.8570066505329, -34.20905126111715], [24.852739577379857, -34.211899864757584], [24.848203055565488, -34.2142962006734], [24.843444850048122, -34.21621503788593], [24.838515059889897, -34.21763617299194], [24.833465590764607, -34.21854464288491], [24.828349608443794, -34.21893088230133], [24.776470588235288, -34.22017755352894], [24.776470588235288, -34.17989417989417], [24.880844957949915, -34.17989417989417]]]]}, "properties": {"tile": "S36E024_6x6", "epsg": 4326}}, {"type": "Feature", "geometry": {"type": "Polygon", "coordinates": [[[135.58102919954072, -34.8148148148148], [135.613513812668, -34.97621176341365], [135.61073874896306, -34.973475926763385], [135.4649720546163, -34.8148148148148], [135.52941176470588, -34.8148148148148], [135.58102919954072, -34.8148148148148]]]}, "properties": {"tile": "S36E132_6x6", "epsg": 4326}}, {"type": "Feature", "geometry": {"type": "Polygon", "coordinates": [[[123.35324314831044, -33.968253968253954], [123.24705882352943, -34.02404016363705], [123.24705882352943, -33.968253968253954], [123.35324314831044, -33.968253968253954]]]}, "properties": {"tile": "S36E120_6x6", "epsg": 4326}}, {"type": "Feature", "geometry": {"type": "MultiPolygon", "coordinates": [[[[19.27058823529411, -34.656671496751734], [19.27021031455905, -34.65644213121986], [19.266242503055878, -34.65345807075731], [19.262590184697164, -34.65009522738073], [19.259289368631855, -34.64638675623054], [19.256372598457105, -34.642369220080546], [19.253868631362565, -34.63808222885612], [19.251802154605805, -34.63356804910975], [19.2501935421143, -34.628871187304135], [19.249058653613606, -34.624037951011566], [19.248408678262233, -34.61911599235556], [19.24825002433486, -34.614153838196316], [19.24858425604149, -34.60920041169185], [19.249408078105493, -34.604304549952005], [19.249715990413435, -34.6031746031746], [19.27058823529411, -34.6031746031746], [19.27058823529411, -34.656671496751734]]], [[[19.905882352941187, -34.6031746031746], [19.905882352941166, -34.6031746031746], [19.694117647058835, -34.6031746031746], [19.694117647058835, -34.391534391534385], [19.905882352941166, -34.391534391534385], [19.905882352941187, -34.391534391534385], [20.11764705882352, -34.391534391534385], [20.11764705882352, -34.6031746031746], [19.905882352941187, -34.6031746031746]]], [[[21.599999999999984, -34.391534391534385], [21.600000000000005, -34.391534391534385], [21.811764705882336, -34.391534391534385], [21.811764705882336, -34.417119792846655], [21.808052748977712, -34.418869363658565], [21.803462963338237, -34.42050815203541], [21.79873543535855, -34.42169231366359], [21.793915079881803, -34.42241059817421], [21.78904769367771, -34.42265618135885], [21.55755267376307, -34.42303976879864], [21.388235294117653, -34.452302494037404], [21.388235294117653, -34.391534391534385], [21.599999999999984, -34.391534391534385]]], [[[21.388235294117646, -34.391534391534385], [21.388235294117646, -34.45230249403741], [21.358319834672002, -34.4574727126646], [21.353788484572483, -34.45804416592899], [21.349223894160104, -34.45819975167717], [21.248344987910116, -34.457027876677174], [21.243126983664418, -34.45669385108534], [21.237972393077584, -34.455816732344076], [21.176470588235293, -34.44200825676128], [21.176470588235293, -34.391534391534385], [21.388235294117646, -34.391534391534385]]], [[[21.850881538309856, -34.391534391534385], [21.816646391398816, -34.41429435658241], [21.81246118608299, -34.416791518176055], [21.811764705882343, -34.41711979284665], [21.811764705882343, -34.391534391534385], [21.850881538309856, -34.391534391534385]]], [[[22.16922709475065, -34.17989417989417], [22.023529411764702, -34.27675586946002], [22.023529411764702, -34.187551181791825], [22.075571500125694, -34.17989417989417], [22.16922709475065, -34.17989417989417]]], [[[22.870588235294104, -34.09976874826773], [22.78402403923879, -34.075658884823746], [22.870588235294104, -34.06292261242693], [22.870588235294104, -34.09976874826773]]]]}, "properties": {"tile": "S36E018_6x6", "epsg": 4326}}, {"type": "Feature", "geometry": {"type": "Polygon", "coordinates": [[[-55.05882352941177, -34.6031746031746], [-54.84705882352941, -34.6031746031746], [-54.84705882352941, -34.81481481481482], [-55.05882352941177, -34.81481481481482], [-55.05882352941177, -34.6031746031746]]]}, "properties": {"tile": "S36W060_6x6", "epsg": 4326}}, {"type": "Feature", "geometry": {"type": "MultiPolygon", "coordinates": [[[[-59.613653668831226, -38.83597883597883], [-59.665134205652265, -38.84546940932651], [-59.71764705882353, -38.85980336089863], [-59.71764705882353, -38.83597883597883], [-59.613653668831226, -38.83597883597883]]], [[[-58.65503670268028, -38.62433862433861], [-58.65882352941178, -38.625424785750454], [-58.65882352941178, -38.62433862433861], [-58.65503670268028, -38.62433862433861]]], [[[-58.02352941176471, -38.41269841269841], [-58.0235294117647, -38.41269841269841], [-58.02081417882862, -38.41269841269841], [-58.1568778515588, -38.480580838002666], [-58.16106959918152, -38.48243723524678], [-58.165413758591704, -38.48390189830685], [-58.23529411764706, -38.50394542150801], [-58.23529411764706, -38.41269841269841], [-58.02352941176471, -38.41269841269841]]], [[[-56.657118021819926, -36.93121693121693], [-56.68274931109729, -36.98070870324939], [-56.68469972656516, -36.98413655716854], [-56.686914246077556, -36.987400022553295], [-56.7529411764706, -37.07689047750638], [-56.7529411764706, -36.93121693121693], [-56.657118021819926, -36.93121693121693]]], [[[-59.505882352941185, -38.41269841269841], [-59.50588235294117, -38.41269841269841], [-59.31998571370177, -38.41269841269841], [-59.30886981115024, -38.466346258366514], [-59.30548007734876, -38.47506314125877], [-59.298157332940214, -38.4752071055647], [-59.294117647058826, -38.47471646891051], [-59.294117647058826, -38.62433862433863], [-59.50588235294117, -38.62433862433863], [-59.505882352941185, -38.62433862433863], [-59.71764705882353, -38.62433862433863], [-59.92941176470589, -38.62433862433863], [-59.92941176470589, -38.41269841269841], [-59.71764705882353, -38.41269841269841], [-59.505882352941185, -38.41269841269841]]]]}, "properties": {"tile": "S42W060_6x6", "epsg": 4326}}, {"type": "Feature", "geometry": {"type": "MultiPolygon", "coordinates": [[[[136.79999999999998, -36.08465608465608], [136.97747981081554, -36.08465608465608], [136.92254991566972, -36.09569893674321], [136.91786725100098, -36.096411478661615], [136.9131381732229, -36.096677726205336], [136.90840512120133, -36.09649529006206], [136.77093405986855, -36.08465608465608], [136.79999999999998, -36.08465608465608]]], [[[137.168151128197, -36.08465608465608], [137.16523443746556, -36.08590725454545], [137.16065678711504, -36.08736897643312], [137.1559599579449, -36.08838451045762], [137.151187332713, -36.08894447653184], [137.1463829942755, -36.08904370247011], [137.14159131841106, -36.08868127176157], [137.1091820699746, -36.08465608465608], [137.168151128197, -36.08465608465608]]], [[[137.43529411764703, -36.08465608465608], [137.43529411764703, -36.1230145411119], [137.4346053985815, -36.12285333961792], [137.42984262493857, -36.12121837752191], [137.4252684562411, -36.11911264853747], [137.42092928757555, -36.11655751074839], [137.4168691304595, -36.113578880522596], [137.38134439205825, -36.08465608465608], [137.43529411764703, -36.08465608465608]]], [[[137.4352941176471, -36.08465608465608], [137.57607350671066, -36.08465608465608], [137.46436634767673, -36.122199537554536], [137.45951840565752, -36.1235613642716], [137.45455807172385, -36.124428659547526], [137.44953565777664, -36.12479262654031], [137.44450210538471, -36.12464957358897], [137.4395084690925, -36.124000951657486], [137.4352941176471, -36.123014541111914], [137.4352941176471, -36.08465608465608]]]]}, "properties": {"tile": "S42E132_6x6", "epsg": 4326}}, {"type": "Feature", "geometry": {"type": "Polygon", "coordinates": [[[141.64119711656602, -38.41269841269841], [141.6271496702189, -38.42517572718856], [141.62322891537275, -38.428320374326866], [141.61901226583507, -38.43105551433505], [141.6145423285289, -38.43335351012855], [141.6098642697108, -38.43519114172451], [141.6050253585907, -38.43654984086695], [141.60007448970245, -38.43741587864877], [141.59506168885162, -38.43778050423478], [141.59003760763213, -38.4376400332841], [141.48788917013215, -38.429632220784086], [141.48395351505076, -38.4291661415045], [141.48006713701022, -38.42838981905811], [141.41504645916038, -38.41269841269841], [141.45882352941177, -38.41269841269841], [141.64119711656602, -38.41269841269841]]]}, "properties": {"tile": "S42E138_6x6", "epsg": 4326}}, {"type": "Feature", "geometry": {"type": "Polygon", "coordinates": [[[-60.0, -38.41269841269841], [-60.0, -38.62433862433863], [-60.141176470588235, -38.62433862433863], [-60.35294117647058, -38.62433862433863], [-60.352941176470594, -38.62433862433863], [-60.498377272905984, -38.62433862433863], [-60.53892241160273, -38.46207811587072], [-60.13209004633311, -38.41269841269841], [-60.0, -38.41269841269841]]]}, "properties": {"tile": "S42W066_6x6", "epsg": 4326}}, {"type": "Feature", "geometry": {"type": "MultiPolygon", "coordinates": [[[[169.83529411764707, -46.45502645502645], [169.861276530393, -46.45502645502645], [169.83529411764707, -46.47901145972496], [169.83529411764707, -46.45502645502645]]], [[[171.9529411764706, -43.7037037037037], [172.16470588235293, -43.7037037037037], [172.16470588235293, -43.91534391534392], [171.9529411764706, -43.91534391534392], [171.9529411764706, -43.7037037037037]]]]}, "properties": {"tile": "S48E168_6x6", "epsg": 4326}}, {"type": "Feature", "geometry": {"type": "MultiPolygon", "coordinates": [[[[147.36776724278764, -43.49206349206349], [147.35440797527423, -43.52146494416858], [147.35217167449147, -43.52580948618364], [147.34952198356953, -43.529914997665756], [147.34648420820827, -43.533742269196004], [147.34308736048266, -43.53725474866792], [147.33936388176474, -43.540418890376], [147.3353493328945, -43.54320447539179], [147.33108205455844, -43.54558490016775], [147.32660280111918, -43.54753743061274], [147.32195435139383, -43.54904341921243], [147.31718110009746, -43.55008848312117], [147.31232863385443, -43.550662641524454], [147.30744329582632, -43.550760410959995], [147.3025717431144, -43.55038085768719], [147.29776050116436, -43.54952760660475], [147.23124719716975, -43.534346133687954], [147.17647058823528, -43.546403877793026], [147.17647058823528, -43.49206349206349], [147.36776724278764, -43.49206349206349]]], [[[146.74242857104812, -43.49206349206349], [146.6847386556425, -43.28042328042327], [146.75294117647056, -43.28042328042327], [146.75294117647056, -43.49206349206349], [146.74242857104812, -43.49206349206349]]], [[[146.7529411764706, -43.49206349206349], [146.7529411764706, -43.28042328042327], [146.96470588235294, -43.28042328042327], [146.96470588235294, -43.49206349206349], [146.7529411764706, -43.49206349206349]]], [[[147.38955134284203, -43.32942689145907], [147.39077828662033, -43.33335380877364], [147.40435250537035, -43.38403740252363], [147.40538891159565, -43.38884035443045], [147.40594889751716, -43.393721839926755], [147.40602705535423, -43.39863471853665], [147.40562263033712, -43.40353154662108], [147.40473952799576, -43.40836503554087], [147.4033862764441, -43.41308850832272], [147.40157594402422, -43.41765635041856], [147.38823529411766, -43.44701682837026], [147.38823529411766, -43.32618047621634], [147.38955134284203, -43.32942689145907]]], [[[147.4648725566272, -43.28042328042327], [147.46240846745542, -43.28225622253895], [147.45820431582408, -43.28478436169677], [147.45377265024456, -43.28688833858162], [147.44915613237342, -43.28854789915184], [147.44439920335734, -43.28974706756227], [147.43954765601805, -43.29047429995655], [147.43464819402547, -43.290722595594644], [147.38823529411766, -43.29079488983127], [147.38823529411766, -43.28042328042327], [147.4648725566272, -43.28042328042327]]]]}, "properties": {"tile": "S48E144_6x6", "epsg": 4326}}, {"type": "Feature", "geometry": {"type": "Polygon", "coordinates": [[[-65.85882352941177, -48.0], [-65.82703655652924, -48.0], [-65.85882352941177, -48.01109731717085], [-65.85882352941177, -48.0]]]}, "properties": {"tile": "S54W066_6x6", "epsg": 4326}}, {"type": "Feature", "geometry": {"type": "MultiPolygon", "coordinates": [[[[70.30588235294117, -49.47853524641624], [70.28522909984348, -49.47323573063338], [70.2806857623354, -49.471836618657726], [70.27629583416675, -49.47001234874707], [70.27209899928734, -49.467779411885495], [70.26813319612766, -49.465157993313156], [70.26443427464412, -49.46217179005628], [70.21473923964044, -49.41798941798941], [70.30588235294117, -49.41798941798941], [70.30588235294117, -49.47853524641624]]], [[[70.09411764705884, -49.629629629629626], [70.09411764705881, -49.629629629629626], [69.88235294117648, -49.629629629629626], [69.67058823529412, -49.629629629629626], [69.45882352941176, -49.629629629629626], [69.45882352941176, -49.4698191162765], [69.93834469968863, -49.42366441801796], [69.93627053199793, -49.42580480508593], [69.93245059826316, -49.42902939850163], [69.89143497326316, -49.46027939850163], [69.88775187518662, -49.46283304730959], [69.88385490536, -49.46504663260183], [69.87977537411776, -49.46690236925324], [69.85040677925595, -49.478703448467115], [69.87800831872686, -49.49836286754834], [69.99593485294258, -49.5323461876629], [70.02038704589009, -49.534813267155684], [70.02397154505778, -49.51048513854536], [70.02488922656202, -49.50581245316802], [70.02624726281093, -49.50124825931526], [70.02803333580297, -49.49683395628466], [70.03023124505026, -49.4926095837964], [70.03282105452423, -49.48861345881495], [70.03577927348447, -49.484881827996915], [70.03907906955028, -49.48144853891748], [70.0426905120825, -49.47834473305768], [70.04658084366791, -49.47559856333707], [70.05071477724375, -49.47323493875407], [70.0550548161673, -49.47127529845008], [70.05956159432732, -49.46973741724685], [70.06419423321248, -49.46863524442075], [70.06891071269789, -49.467978777176626], [70.16129352519789, -49.45958033967662], [70.16559821436951, -49.45937549327824], [70.16990455349134, -49.45954208943355], [70.17418055109574, -49.460078890512314], [70.17839444111996, -49.460981908659924], [70.26032803486996, -49.48227097115991], [70.26484241775323, -49.48367488529285], [70.26920402505301, -49.485498894468236], [70.27337386290492, -49.48772669158606], [70.27731465191158, -49.49033835958074], [70.2809911604298, -49.49331054948464], [70.30588235294117, -49.515458798084396], [70.30588235294117, -49.629629629629626], [70.09411764705884, -49.629629629629626]]]]}, "properties": {"tile": "S54E066_6x6", "epsg": 4326}}, {"type": "Feature", "geometry": {"type": "Polygon", "coordinates": [[[166.00661778711543, -50.855010424480696], [166.00312791663822, -50.858164090390304], [165.99935713904037, -50.86097585868174], [165.9953388254089, -50.86342084542536], [165.99110853750545, -50.86547741267958], [165.98670371304735, -50.86712735998492], [165.98216333438677, -50.86835608543668], [165.97752758352004, -50.86915271491063], [165.97283748648002, -50.86951019829821], [165.90555233023005, -50.87146332329821], [165.9007199677116, -50.871369892103544], [165.8959192034329, -50.87081032152003], [165.8911948966127, -50.86978984027748], [165.88659119203737, -50.8683179839391], [165.8821511075638, -50.86640850579953], [165.87791613215282, -50.864079248371475], [165.87392583818863, -50.861351976662036], [165.8702175117073, -50.8582521747965], [165.85527610545725, -50.84448264354649], [165.85186630109544, -50.84101902318307], [165.84880890027125, -50.83724069921496], [165.84613279350467, -50.83318337443359], [165.84386326832595, -50.82888538801308], [165.8420217703244, -50.82438735322908], [165.84062570050105, -50.81973177368877], [165.83968825083997, -50.81496264169849], [165.83921827965244, -50.81012502256398], [165.83922022787138, -50.80526462875152], [165.83969407708733, -50.80042738793384], [165.84063534972245, -50.79565900900236], [165.84203515134072, -50.7910045501469], [165.843880254695, -50.786507993084015], [165.84615322471592, -50.782211827457346], [165.87261806846595, -50.737582921207334], [165.8751186050251, -50.733773278696425], [165.87795560486174, -50.730207119548076], [165.88110550265333, -50.72691406579101], [165.88454213401437, -50.72392147092484], [165.88823695282875, -50.72125419271038], [165.8921592683661, -50.71893438669049], [166.03136865479024, -50.644947175757686], [166.05277405478265, -50.567530979118516], [166.05143355703538, -50.54154021724099], [166.05141967837903, -50.536674356333165], [166.0518788384962, -50.53183018798573], [166.0528066888109, -50.52705358995105], [166.05419444191446, -50.522389800042085], [166.05602895478862, -50.51788298769786], [166.0582928532792, -50.51357583566714], [166.0609646966421, -50.50950913577219], [166.06401918060226, -50.50572140258089], [166.0674273770035, -50.50224850864614], [166.0711570077788, -50.49912334476702], [166.07517275064689, -50.49637550848933], [166.07943657363947, -50.49403102379556], [166.0839080952914, -50.49211209463908], [166.08854496708213, -50.490636894656795], [166.09330327450655, -50.489619395051726], [166.09813795297686, -50.489069232275696], [166.2218684217268, -50.48106141977571], [166.22669754214948, -50.48098263415401], [166.23151173460556, -50.48137014186533], [166.23626607957678, -50.48222032721298], [166.2409162159604, -50.483525257419714], [166.24541875498699, -50.48527275664571], [166.274617973737, -50.4982610378957], [166.27928810512634, -50.50063898020583], [166.28368368549235, -50.50349268132368], [166.28775642545185, -50.506790790789154], [166.2914615823124, -50.51049707591888], [166.3046451760624, -50.52514551341888], [166.30765722557615, -50.528830883690894], [166.31030520302122, -50.532785957870445], [166.31256511306535, -50.53697489603036], [166.31441647694948, -50.54135973902456], [166.31584251806112, -50.545900752464654], [166.31683031396005, -50.55055678678339], [166.3173709134784, -50.55528565012207], [166.3174594178339, -50.56004449066303], [166.3170950250214, -50.564790184942424], [166.31628103708056, -50.569479728624636], [166.3150248301736, -50.57407062619723], [166.31333778774413, -50.578521276055], [166.30523231899414, -50.597173619805005], [166.30320983871314, -50.601298264441986], [166.30081733768984, -50.60521987874248], [166.29807501161855, -50.60890535938783], [166.29500600915364, -50.6123235963221], [166.29163623650587, -50.615445735359785], [166.28799413876163, -50.61824542175115], [166.25832705325098, -50.63895421085271], [166.2579788563385, -50.64616188694073], [166.26823033000755, -50.67973350681882], [166.26945368288222, -50.684602875521605], [166.27018253294173, -50.68957038208027], [166.27040953123642, -50.69458593943652], [166.2701323889567, -50.699598976038864], [166.26935390051085, -50.70455894575241], [166.26808191534926, -50.7094158375124], [166.2663292588188, -50.71412067958264], [166.2641136028458, -50.71862603333446], [166.26145728775106, -50.72288647156743], [166.2583870969937, -50.726859036549016], [166.25772316566088, -50.727559792830846], [166.25878233831884, -50.728666622217126], [166.2616641058328, -50.73229936818034], [166.26419694512518, -50.736183457823586], [166.26635907233208, -50.74028548575851], [166.26813189192518, -50.74457017220306], [166.26950015664386, -50.7490006664077], [166.29127750039385, -50.833180353907686], [166.29225200380847, -50.83785929163879], [166.29277532144866, -50.84260989726799], [166.29284267184167, -50.84738876524287], [166.29245343961736, -50.85215223178229], [166.29161118113066, -50.85685677382571], [166.29032359196768, -50.86145940669659], [166.28860243663243, -50.86591807684683], [166.2864634410563, -50.870192046093564], [166.28392614891263, -50.87424226383763], [166.2810137430492, -50.87803172386292], [166.27775283367006, -50.88152580245646], [166.27417321520232, -50.88469257475995], [166.27030759406895, -50.8875031064623], [166.26619128985521, -50.88993171816793], [166.26186191259916, -50.89195622002551], [166.25735901915436, -50.89355811447318], [166.25272375176513, -50.894722765247934], [166.24799846215618, -50.89543953111491], [166.24322632457128, -50.895701863094715], [166.1882458558213, -50.89609248809471], [166.18303463697075, -50.89585738511902], [166.177876274725, -50.89508061342857], [166.06322783722499, -50.87164311342857], [166.05847320815408, -50.870425248828525], [166.05386089114737, -50.868747088045], [166.04943532992286, -50.86662480162842], [166.04523916864292, -50.864078839669034], [166.04131284100032, -50.86113373474241], [166.03769418060415, -50.85781786551652], [166.02089448788, -50.84083356078441], [166.00661778711543, -50.855010424480696]]]}, "properties": {"tile": "S54E162_6x6", "epsg": 4326}}, {"type": "Feature", "geometry": {"type": "MultiPolygon", "coordinates": [[[[169.19999999999996, -52.59259259259259], [169.19999999999996, -52.60629240691684], [169.13773497361532, -52.619261896283604], [169.13321885313874, -52.619988852304694], [169.1286551955199, -52.62030004091853], [169.1240821963993, -52.62019285762464], [169.1195381296014, -52.619668199496125], [169.11506102680093, -52.61873045767163], [169.1106883592158, -52.617387480603576], [169.0591258592158, -52.59893044935358], [169.0538404765775, -52.5966884220325], [169.04884695341656, -52.59385528197551], [169.01271414091656, -52.57051543822551], [169.00867449237504, -52.5676113713045], [169.00494344897035, -52.56432021951018], [169.00155795156186, -52.560674568358756], [168.99855151977658, -52.55671051324546], [168.99595392013333, -52.55246730206593], [168.97788751388333, -52.51936183331593], [168.97577780814092, -52.515007164280476], [168.97409891566264, -52.5104689575009], [168.9728665602843, -52.505789716007946], [168.97209228375385, -52.5010132637071], [168.97178333763577, -52.49618433494142], [168.9719426153959, -52.49134815552756], [168.97256862530242, -52.486550019188854], [168.97365550439676, -52.48183486335239], [168.97519307340374, -52.47724684828304], [168.97716693206667, -52.47282894349607], [168.97955859401424, -52.46862252532184], [168.9823456598966, -52.46466698939164], [168.98550202716876, -52.46099938167391], [168.98899813455645, -52.45765405151657], [168.99280123891532, -52.45466232994472], [168.99687572189006, -52.45205223622678], [169.00118342350174, -52.44984821545722], [169.0056839995389, -52.44807090961363], [169.01033529940526, -52.44673696423211], [169.0150937608855, -52.44585887251193], [169.01991481813135, -52.44544485830915], [169.02475331904768, -52.44549879911531], [169.07379289164692, -52.44842279407438], [169.115304647068, -52.436959981926556], [169.12026981282887, -52.43585729935494], [169.12532131272894, -52.43526473826449], [169.13040687631263, -52.43518843018815], [169.13547388065, -52.43562916472466], [169.14046989485306, -52.43658238136813], [169.19007926985304, -52.44869175636813], [169.19492180718112, -52.450136670437246], [169.19959375971374, -52.452063015155645], [169.19999999999996, -52.45228084613048], [169.19999999999996, -52.59259259259259]]], [[[169.20000000000002, -52.59259259259259], [169.20000000000002, -52.452280846130506], [169.20404740262518, -52.45445111256956], [169.20823724116138, -52.457276567839365], [169.21212047537682, -52.460510518437175], [169.26739391287686, -52.51148708093716], [169.27088075800356, -52.51503997554581], [169.27399702915565, -52.51892198573959], [169.27671183642113, -52.52309463124923], [169.27899826938267, -52.52751655089462], [169.28083366386582, -52.53214391257586], [169.28219982659692, -52.53693084775716], [169.2830832155431, -52.541829906136854], [169.28347507414705, -52.5467925259966], [169.28337151812622, -52.55176951556746], [169.28277357397548, -52.556711540641295], [169.28168716879205, -52.56156961359415], [169.28012307152346, -52.56629557897408], [169.27809678622071, -52.5708425908401], [169.27562839835505, -52.57516557712073], [169.2727423757215, -52.57922168638904], [169.26946732590287, -52.582970712625716], [169.2658357126982, -52.58637549375958], [169.26188353432673, -52.589402280035166], [169.257649966597, -52.59202106855574], [169.25317697457808, -52.59420590068585], [169.2485088966228, -52.595935119365244], [169.24369200486532, -52.5971915837836], [169.20000000000002, -52.606292406916836], [169.20000000000002, -52.59259259259259]]]]}, "properties": {"tile": "S54E168_6x6", "epsg": 4326}}, {"type": "Feature", "geometry": {"type": "Polygon", "coordinates": [[[-64.04689786052091, -54.680532449003465], [-64.04266999616365, -54.68140960262997], [-64.03853357540122, -54.682648254632724], [-64.03451944639474, -54.68423916752388], [-64.03065754529084, -54.686170476761575], [-64.02252064862759, -54.69068901373726], [-63.88833726580206, -54.673360984417165], [-63.884335967862114, -54.67300696611134], [-63.88031916431338, -54.67297528937085], [-63.813815258063386, -54.67512372687083], [-63.80903550529895, -54.67550819735015], [-63.80431456329141, -54.67634876894139], [-63.79969585310134, -54.67763771045235], [-63.79522185550792, -54.67936316678986], [-63.7909337202902, -54.681509267997434], [-63.786870887750304, -54.68405627521991], [-63.7830707259596, -54.68698076225237], [-63.779568187064285, -54.69025583100362], [-63.776395485811626, -54.69385135889253], [-63.77358180325342, -54.697734275901716], [-63.77115301835209, -54.70186886874039], [-63.76913146995784, -54.706217109318864], [-63.76753575134615, -54.710739004513464], [-63.76638053920537, -54.71539296400494], [-63.76567645864723, -54.72013618280722], [-63.76542998548196, -54.72492503496795], [-63.76564338665676, -54.72971547482011], [-63.76631469940545, -54.7344634420938], [-63.767437749301074, -54.73912526716243], [-63.76900220704549, -54.74365807269593], [-63.78614087892048, -54.78652916644592], [-63.788205095423656, -54.791031724907505], [-63.79070467565271, -54.79530795235122], [-63.79361508970466, -54.79931588355301], [-63.79690777591397, -54.80301618624318], [-63.800550421145694, -54.806372547098], [-63.80450727790382, -54.80935202810442], [-63.8087395151433, -54.81192538980085], [-63.81320559934273, -54.814067378221814], [-63.817861702098064, -54.81575697273048], [-63.956533577098064, -54.858432753980495], [-63.96141943378382, -54.85967056388317], [-63.96640508460905, -54.86041019538444], [-63.97143986784521, -54.86064413271319], [-63.976472622504346, -54.86036999871351], [-63.981452208211934, -54.85959057900009], [-63.98632802487014, -54.85831379365226], [-64.01120333173132, -54.85044051432066], [-64.0738108083431, -54.67615127145102], [-64.04689786052091, -54.680532449003465]]]}, "properties": {"tile": "S60W066_6x6", "epsg": 4326}}, {"type": "Feature", "geometry": {"type": "Polygon", "coordinates": [[[155.02579900012955, 60.44713885838417], [155.07608017836822, 60.44713885838417], [155.07608017836822, 60.46482291415702], [154.9381234264745, 60.46482291415702], [154.9381234264745, 60.4766616128961], [155.09083824703336, 60.51808870815762], [155.09083824703336, 60.51514219249606], [155.12660375226022, 60.51514219249606], [155.12660375226022, 60.5277908509273], [155.27952207678965, 60.569273150905325], [155.27952207678965, 60.55803994168243], [155.315659740092, 60.55803994168243], [155.315659740092, 60.575949411791065], [155.3041331188319, 60.575949411791065], [155.87369849485148, 60.73045595544986], [155.74453037007947, 60.64123341801838], [155.74085678407562, 60.63892469744812], [155.73699687529108, 60.63694315033177], [155.64206705356762, 60.59330501751377], [155.60670191647534, 60.59330501751377], [155.60670191647534, 60.577048076106514], [155.44871562529107, 60.50442361908177], [155.44555013543717, 60.50309810113626], [155.39210572200759, 60.48284518079067], [155.3662741167991, 60.48284518079067], [155.3662741167991, 60.47305621672288], [155.09945442804886, 60.37194409749241], [155.02579900012955, 60.37194409749241], [155.02579900012955, 60.44713885838417]], [[155.50528989297152, 60.61870694262956], [155.46878078362786, 60.61870694262956], [155.46878078362786, 60.600638772522586], [155.50528989297152, 60.600638772522586], [155.50528989297152, 60.61870694262956]], [[155.45370085861634, 60.550777171433644], [155.41740416410653, 60.550777171433644], [155.41740416410653, 60.53277525368721], [155.45370085861634, 60.53277525368721], [155.45370085861634, 60.550777171433644]], [[155.2137940360342, 60.422170183228005], [155.2137940360342, 60.439947431604296], [155.178077672062, 60.439947431604296], [155.178077672062, 60.422170183228005], [155.2137940360342, 60.422170183228005]], [[155.26460437681516, 60.5079492754578], [155.22867790231078, 60.5079492754578], [155.22867790231078, 60.49010595230928], [155.26460437681516, 60.49010595230928], [155.26460437681516, 60.5079492754578]], [[155.6586128526991, 60.661163286234], [155.6586128526991, 60.64293710807186], [155.69549265446238, 60.64293710807186], [155.69549265446238, 60.661163286234], [155.6586128526991, 60.661163286234]]]}, "properties": {"tile": "N60E144_6x12", "epsg": 4326}}, {"type": "Feature", "geometry": {"type": "Polygon", "coordinates": [[[167.37239524489334, 60.435494721126524], [167.37239524489334, 60.47429692591823], [167.3009505871765, 60.47429692591823], [167.2483051764832, 60.52594522739923], [167.2483051764832, 60.54949168680999], [167.32690243487025, 60.54949168680999], [167.32690243487025, 60.57427047523546], [167.20230904095783, 60.57427047523546], [167.20230904095783, 60.64946523612722], [167.2810856445267, 60.64946523612722], [167.2810856445267, 60.7107259922402], [167.4346096996936, 60.7107259922402], [167.4346096996936, 60.671860317980084], [167.48512467422566, 60.671860317980084], [167.48512467422566, 60.732988831876035], [167.56475353501602, 60.732988831876035], [167.56475353501602, 60.786460415864354], [167.59395147444533, 60.794079580931985], [167.64473016249138, 60.794079580931985], [167.64473016249138, 60.80733021483639], [167.79894656812291, 60.847572789264916], [167.79894656812291, 60.81585350149884], [167.8816277234357, 60.81585350149884], [167.92364951527836, 60.78320595998129], [167.92364951527836, 60.776449119764735], [167.93234648049827, 60.776449119764735], [168.0, 60.72388779408372], [168.0, 60.70125435887297], [167.9674170381917, 60.70125435887297], [167.9674170381917, 60.64039368911313], [167.887179941202, 60.64039368911313], [167.887179941202, 60.615351241218725], [168.0, 60.615351241218725], [168.0, 60.540156480326964], [167.9308275019237, 60.540156480326964], [167.9308275019237, 60.51514219249606], [168.0, 60.51514219249606], [168.0, 60.50056168182288], [167.8712292543375, 60.47931402698234], [167.85112563333612, 60.47931402698234], [167.85112563333612, 60.475996854297776], [167.75812284079916, 60.46065104555166], [167.69862901519232, 60.44061790476303], [167.69862901519232, 60.45758049279545], [167.6485390600424, 60.45758049279545], [167.6485390600424, 60.43270949199506], [167.6751428461982, 60.43270949199506], [167.64203023739535, 60.42155960295598], [167.63796947780727, 60.4203808933028], [167.63382364749035, 60.41954949937582], [167.49614504299998, 60.39794988460924], [167.49614504299998, 60.435494721126524], [167.37239524489334, 60.435494721126524]], [[167.45115339532694, 60.53549970188443], [167.4010646489998, 60.53549970188443], [167.4010646489998, 60.510689482018286], [167.45115339532694, 60.510689482018286], [167.45115339532694, 60.53549970188443]], [[167.47995109349267, 60.59666555708832], [167.47995109349267, 60.57179759414398], [167.53025323025406, 60.57179759414398], [167.53025323025406, 60.59666555708832], [167.47995109349267, 60.59666555708832]], [[167.65432072365437, 60.55767371425143], [167.60401811749458, 60.55767371425143], [167.60401811749458, 60.53277525368721], [167.65432072365437, 60.53277525368721], [167.65432072365437, 60.55767371425143]], [[167.683406975732, 60.61870694262956], [167.683406975732, 60.593751090062646], [167.7339226208875, 60.593751090062646], [167.7339226208875, 60.61870694262956], [167.683406975732, 60.61870694262956]], [[167.85780279233097, 60.579494203077516], [167.80728919699422, 60.579494203077516], [167.80728919699422, 60.5545087878741], [167.85780279233097, 60.5545087878741], [167.85780279233097, 60.579494203077516]], [[167.52497203052545, 60.47176187726656], [167.57506216929897, 60.47176187726656], [167.57506216929897, 60.49660283325222], [167.52497203052545, 60.49660283325222], [167.52497203052545, 60.47176187726656]], [[167.72774287602266, 60.49362806368861], [167.7780443710428, 60.49362806368861], [167.7780443710428, 60.518556329170885], [167.72774287602266, 60.518556329170885], [167.72774287602266, 60.49362806368861]], [[167.3555415511419, 60.63553123134844], [167.3555415511419, 60.610694462776195], [167.40584162274885, 60.610694462776195], [167.40584162274885, 60.63553123134844], [167.3555415511419, 60.63553123134844]], [[167.5591805641507, 60.657794070984274], [167.5591805641507, 60.63286847514319], [167.60969667416154, 60.63286847514319], [167.60969667416154, 60.657794070984274], [167.5591805641507, 60.657794070984274]], [[167.63875499867103, 60.69390170352132], [167.68948566299716, 60.69390170352132], [167.68948566299716, 60.71888482004022], [167.63875499867103, 60.71888482004022], [167.63875499867103, 60.69390170352132]], [[167.76314053323105, 60.679702093909434], [167.76314053323105, 60.65468896396928], [167.81386978713275, 60.65468896396928], [167.81386978713275, 60.679702093909434], [167.76314053323105, 60.679702093909434]], [[167.76962214421425, 60.754896854801196], [167.76962214421425, 60.7799373777134], [167.71867634634864, 60.7799373777134], [167.71867634634864, 60.754896854801196], [167.76962214421425, 60.754896854801196]], [[167.84322072943442, 60.715588450004894], [167.89416415988092, 60.715588450004894], [167.89416415988092, 60.74065874060708], [167.84322072943442, 60.74065874060708], [167.84322072943442, 60.715588450004894]]]}, "properties": {"tile": "N60E156_6x12", "epsg": 4326}}, {"type": "Feature", "geometry": {"type": "MultiPolygon", "coordinates": [[[[169.95457580516137, 60.23009306342473], [169.95457580516137, 60.188665094007646], [170.00567300758362, 60.188665094007646], [170.00567300758362, 60.24789492477046], [170.08926943969897, 60.24789492477046], [170.08926943969897, 60.292807445238374], [170.1429587543569, 60.307079825411044], [170.24089585123238, 60.307079825411044], [170.24089585123238, 60.265341895887126], [170.2923609607677, 60.265341895887126], [170.2923609607677, 60.3243835922987], [170.37677959323486, 60.3243835922987], [170.37677959323486, 60.36923707077765], [170.42997879704123, 60.383379163416485], [170.46154971191572, 60.383379163416485], [170.46154971191572, 60.391771747720426], [170.61380587203303, 60.43224642717331], [170.61380587203303, 60.36713338947256], [170.5287605266625, 60.36713338947256], [170.5287605266625, 60.34133069011619], [170.63853204174555, 60.34133069011619], [170.638180196179, 60.33660635087314], [170.6372779846264, 60.33155989622465], [170.63586378564068, 60.32663234800736], [170.63395246567197, 60.321875505968535], [170.63156411704352, 60.317339375344986], [170.62872384673548, 60.31307164119415], [170.62546151245346, 60.30911716711568], [170.58613128773985, 60.266135929224426], [170.5626698282379, 60.266135929224426], [170.5626698282379, 60.24049654934616], [170.55504973056682, 60.23216908025236], [170.47750949254606, 60.047435853846814], [170.428215808467, 60.047435853846814], [170.428215808467, 60.0], [170.27770754153315, 60.0], [170.27770754153315, 60.03026947512886], [170.15962383040036, 60.03026947512886], [170.15962383040036, 60.071927186671424], [170.04119585744402, 60.071927186671424], [170.04119585744402, 60.113470333115885], [169.99032620219376, 60.113470333115885], [169.99032620219376, 60.054196021519815], [169.9121016597992, 60.054196021519815], [169.89938447931644, 60.062730214066], [169.89555261232826, 60.06557605138253], [169.89200956162972, 60.068774298776766], [169.88878761432565, 60.07229581126673], [169.88591613137052, 60.07610849802092], [169.85622863137056, 60.119712013645916], [169.85387475225033, 60.12352622608238], [169.85187189836776, 60.127535906836265], [169.85023616382617, 60.13170883577557], [169.8489806927101, 60.13601148097356], [169.84811557346487, 60.14040926815743], [169.84004327086987, 60.1940377599344], [169.82662154374464, 60.207299227631275], [169.80330516590362, 60.216222779644504], [169.80330516590362, 60.21678876521961], [169.8533527854314, 60.23009306342473], [169.95457580516137, 60.23009306342473]], [[169.87152507626584, 60.15489830253297], [169.87152507626584, 60.129390782411576], [169.922423130382, 60.129390782411576], [169.922423130382, 60.15489830253297], [169.87152507626584, 60.15489830253297]], [[170.07350312490516, 60.1727001638787], [170.07350312490516, 60.147121947563186], [170.12457089621034, 60.147121947563186], [170.12457089621034, 60.1727001638787], [170.07350312490516, 60.1727001638787]], [[170.1570257402947, 60.20625453002882], [170.20829199770165, 60.20625453002882], [170.20829199770165, 60.23188506451928], [170.1570257402947, 60.23188506451928], [170.1570257402947, 60.20625453002882]], [[170.27573176605443, 60.190147134995364], [170.27573176605443, 60.164499555753665], [170.32696620710658, 60.164499555753665], [170.32696620710658, 60.190147134995364], [170.27573176605443, 60.190147134995364]], [[170.35972528798064, 60.22348937409781], [170.41115752560918, 60.22348937409781], [170.41115752560918, 60.24918883140694], [170.35972528798064, 60.24918883140694], [170.35972528798064, 60.22348937409781]], [[170.4782064197397, 60.207238476785285], [170.4782064197397, 60.181522875299244], [170.52960445652897, 60.181522875299244], [170.52960445652897, 60.207238476785285], [170.4782064197397, 60.207238476785285]], [[170.24312223797924, 60.10546423602062], [170.24312223797924, 60.13105976913706], [170.192085238254, 60.13105976913706], [170.192085238254, 60.10546423602062], [170.24312223797924, 60.10546423602062]], [[170.31032263365333, 60.063692569716], [170.361327536073, 60.063692569716], [170.361327536073, 60.0893047948619], [170.31032263365333, 60.0893047948619], [170.31032263365333, 60.063692569716]], [[170.44529258213987, 60.122630614738576], [170.44529258213987, 60.14829461320605], [170.39409128480608, 60.14829461320605], [170.39409128480608, 60.122630614738576], [170.44529258213987, 60.122630614738576]], [[170.4956979901466, 60.28243323767705], [170.4956979901466, 60.308184402524724], [170.44406760490764, 60.308184402524724], [170.44406760490764, 60.28243323767705], [170.4956979901466, 60.28243323767705]]], [[[173.89338346425973, 61.652132505073894], [173.85532002827725, 61.63820957901489], [173.85532002827725, 61.652132505073894], [173.89338346425973, 61.652132505073894]]], [[[178.97272543790115, 62.298119032787376], [178.94968235519323, 62.30713286260118], [178.90817203962263, 62.315556800310794], [178.97272543790115, 62.315556800310794], [178.97272543790115, 62.298119032787376]]], [[[179.6201356532593, 62.681701170501924], [179.61951701855438, 62.67759557059084], [179.61828775068201, 62.67276644960219], [179.61658390362317, 62.668083671129416], [179.6144224010153, 62.663593747354874], [179.611824712207, 62.65934127491166], [179.60881663901156, 62.65536849192291], [179.6054280594276, 62.65171485846727], [179.60169263087292, 62.64841666463762], [179.581150409998, 62.632025908295546], [179.581150409998, 62.681701170501924], [179.6201356532593, 62.681701170501924]]], [[[179.5795369825976, 62.78511479395465], [179.61907766873054, 62.78511479395465], [179.61954965557808, 62.78322786945618], [179.62026769671363, 62.77838060264208], [179.62050781250002, 62.773486328125], [179.62050781250002, 62.709920033062886], [179.5795369825976, 62.709920033062886], [179.5795369825976, 62.78511479395465]]], [[[179.57791066035043, 62.85249280859002], [179.6040019174735, 62.813377309181746], [179.57791066035043, 62.813377309181746], [179.57791066035043, 62.85249280859002]]], [[[168.09126556650588, 60.636597126639565], [168.11235486920728, 60.636597126639565], [168.20914067429317, 60.5614023657478], [168.13422152414418, 60.5614023657478], [168.13422152414418, 60.52270873550743], [168.00080434123217, 60.500694401135696], [168.0, 60.500694401135696], [168.0, 60.57588916202746], [168.06159518693394, 60.57588916202746], [168.06159518693394, 60.600960236523576], [168.0, 60.600960236523576], [168.0, 60.67615499741534], [168.01835650753915, 60.67615499741534], [168.01835650753915, 60.709626268914924], [168.09126556650588, 60.6529818131398], [168.09126556650588, 60.636597126639565]]], [[[172.54075762053787, 61.60687161324303], [172.54075762053787, 61.65125677940735], [172.41920950317092, 61.65125677940735], [172.41920950317092, 61.66474487086104], [172.57776144349822, 61.70756274422067], [172.57776144349822, 61.68206637413479], [172.69908193122018, 61.68206637413479], [172.69908193122018, 61.63756758868683], [172.75549572646253, 61.63756758868683], [172.75549572646253, 61.69510101190624], [172.84947726899978, 61.69510101190624], [172.84947726899978, 61.75257528254317], [173.0081635359467, 61.75257528254317], [173.0081635359467, 61.70775321033998], [173.06491674686302, 61.70775321033998], [173.06491674686302, 61.76506217777467], [173.15979530467484, 61.76506217777467], [173.15979530467484, 61.81921647046324], [173.17125216928144, 61.82231061303333], [173.3188414257271, 61.82231061303333], [173.3188414257271, 61.77716496186749], [173.3759278679992, 61.77716496186749], [173.3759278679992, 61.83424617975278], [173.47170581304502, 61.83424617975278], [173.47170581304502, 61.89126547324376], [173.63110960186057, 61.89126547324376], [173.63110960186057, 61.84579599007427], [173.68852289638176, 61.84579599007427], [173.68852289638176, 61.9026461508907], [173.7852024410509, 61.9026461508907], [173.7852024410509, 61.95943298262453], [173.88228932962102, 61.95943298262453], [173.88228932962102, 62.014339621166684], [173.88901464999734, 62.01615592089513], [173.97978558002558, 62.01615592089513], [173.97978558002558, 62.040670324125955], [174.09880734124778, 62.07281439764086], [174.14013991537314, 62.07281439764086], [174.14013991537314, 62.02680627455865], [174.19827193091703, 62.02680627455865], [174.19827193091703, 62.08329199384212], [174.296677834152, 62.08329199384212], [174.296677834152, 62.12625305965553], [174.34651238126, 62.13971181988032], [174.39549812378803, 62.13971181988032], [174.39549812378803, 62.15294134440452], [174.65604199565152, 62.223306135557316], [174.65604199565152, 62.20580144769233], [174.77620466437133, 62.20580144769233], [174.77620466437133, 62.159142822303146], [174.8349509775714, 62.159142822303146], [174.8349509775714, 62.21514402085687], [174.93518137467072, 62.21514402085687], [174.93518137467072, 62.271076426597915], [175.035832011466, 62.271076426597915], [175.035832011466, 62.32587559901682], [175.03977117906567, 62.32693944559085], [175.19753883249493, 62.32693944559085], [175.19753883249493, 62.279846309357794], [175.25677607687643, 62.279846309357794], [175.25677607687643, 62.335529924246025], [175.3583440466795, 62.335529924246025], [175.3583440466795, 62.391142677591596], [175.46033712272308, 62.391142677591596], [175.46033712272308, 62.440521218133696], [175.48315628720843, 62.44668396428393], [175.62269029187902, 62.44668396428393], [175.62269029187902, 62.39915513274534], [175.68240738121645, 62.39915513274534], [175.68240738121645, 62.45451420903065], [175.7853217700711, 62.45451420903065], [175.7853217700711, 62.50980032506639], [175.9480179947226, 62.50980032506639], [175.9480179947226, 62.46194527103417], [176.00801233801934, 62.46194527103417], [176.00801233801934, 62.517047250519354], [176.04949049749467, 62.517047250519354], [176.16153451790888, 62.44185248962759], [176.06704228858172, 62.44185248962759], [176.06704228858172, 62.41398523837374], [176.18563772207068, 62.41398523837374], [176.18563772207068, 62.36592092638649], [176.27467641131972, 62.36592092638649], [176.3038055968504, 62.346371805131696], [176.3038055968504, 62.290726165494725], [176.20041262613563, 62.290726165494725], [176.20041262613563, 62.26581941101951], [176.06760237034194, 62.23577056880734], [176.03879158687857, 62.23577056880734], [176.03879158687857, 62.28372482655527], [175.9793926778346, 62.28372482655527], [175.9793926778346, 62.2285856799011], [175.87690747333968, 62.2285856799011], [175.87690747333968, 62.192625099081056], [175.79181966972246, 62.17337364918515], [175.77484452284307, 62.17337364918515], [175.77484452284307, 62.16953295550484], [175.62721441105074, 62.13613106264272], [175.6138522588261, 62.131742810378036], [175.6138522588261, 62.165610279550584], [175.55491573729498, 62.165610279550584], [175.55491573729498, 62.11238752092065], [175.5480878924456, 62.110145194600804], [175.45375698838055, 62.110145194600804], [175.45375698838055, 62.079407167216345], [175.4520147160653, 62.078944496664825], [175.4463029990553, 62.078115865083575], [175.37274218792513, 62.07175002565885], [175.2931015928764, 62.05634596240915], [175.2931015928764, 62.10180665586818], [175.23444700459936, 62.10180665586818], [175.23444700459936, 62.04609188868289], [175.13419135390154, 62.04609188868289], [175.13419135390154, 61.99030777879257], [175.0343505200403, 61.99030777879257], [175.0343505200403, 61.94473279591876], [174.9918840214968, 61.934454915922515], [174.87432836565395, 61.934454915922515], [174.87432836565395, 61.9812204423893], [174.8161565518218, 61.9812204423893], [174.8161565518218, 61.9251914634385], [174.71721471450104, 61.9251914634385], [174.71721471450104, 61.886520836192], [174.69453167504432, 61.86909517410468], [174.6186829065091, 61.86909517410468], [174.6186829065091, 61.81636672449105], [174.6111733555127, 61.81293215319777], [174.4592954373083, 61.81293215319777], [174.4592954373083, 61.85926708599168], [174.40161669761133, 61.85926708599168], [174.40161669761133, 61.80293070092535], [174.2422812076455, 61.80293070092535], [174.2422812076455, 61.849050095243506], [174.18471286686264, 61.849050095243506], [174.18471286686264, 61.79254139466584], [174.08756430944078, 61.79254139466584], [174.08756430944078, 61.73596823393514], [173.92857583864384, 61.73596823393514], [173.92857583864384, 61.781764732217475], [173.8713195568554, 61.781764732217475], [173.8713195568554, 61.72502115737716], [173.71238765269547, 61.72502115737716], [173.71238765269547, 61.77060122918251], [173.65525119765113, 61.77060122918251], [173.65525119765113, 61.71368830000582], [173.55948823592854, 61.71368830000582], [173.55948823592854, 61.656713159555764], [173.46412554536798, 61.656713159555764], [173.46412554536798, 61.599676361306464], [173.36916114587996, 61.599676361306464], [173.36916114587996, 61.54257845514194], [173.27459306514308, 61.54257845514194], [173.27459306514308, 61.48541998737876], [173.18041933864214, 61.48541998737876], [173.18041933864214, 61.42820150078855], [173.02300381439494, 61.42820150078855], [173.02300381439494, 61.473037099430655], [172.96699052835427, 61.473037099430655], [172.96699052835427, 61.415654488707666], [172.87369743347736, 61.415654488707666], [172.87369743347736, 61.358213220315484], [172.78079369960935, 61.358213220315484], [172.78079369960935, 61.30071382635049], [172.62401934810944, 61.30071382635049], [172.62401934810944, 61.321705334607806], [172.67896, 61.33661], [172.63376528158912, 61.37590858724225], [172.71663464480733, 61.37590858724225], [172.71663464480733, 61.40272812581066], [172.60292189564151, 61.40272812581066], [172.5964719985188, 61.40833656532955], [172.5964719985188, 61.47792288670242], [172.68937451085648, 61.47792288670242], [172.68937451085648, 61.504780790740874], [172.56871885606256, 61.504780790740874], [172.56871885606256, 61.579975551632636], [172.66191025600472, 61.579975551632636], [172.66191025600472, 61.60687161324303], [172.54075762053787, 61.60687161324303]], [[175.9046063205962, 62.434605564174625], [175.84480302066592, 62.434605564174625], [175.84480302066592, 62.40676944628953], [175.9046063205962, 62.40676944628953], [175.9046063205962, 62.434605564174625]], [[175.96376599577403, 62.386750510142406], [175.96376599577403, 62.35891958744703], [176.0234616343019, 62.35891958744703], [176.0234616343019, 62.386750510142406], [175.96376599577403, 62.386750510142406]], [[175.92042323559497, 62.33157468539777], [175.86091718238592, 62.33157468539777], [175.86091718238592, 62.30378044079286], [175.92042323559497, 62.30378044079286], [175.92042323559497, 62.33157468539777]], [[174.04234562753317, 61.97025523746877], [174.1002783908523, 61.97025523746877], [174.1002783908523, 61.9976196367491], [174.04234562753317, 61.9976196367491], [174.04234562753317, 61.97025523746877]], [[173.94496162635096, 61.94096116000337], [173.94496162635096, 61.913639454303635], [174.00269519798064, 61.913639454303635], [174.00269519798064, 61.94096116000337], [173.94496162635096, 61.94096116000337]], [[174.0650405815605, 61.8677361555576], [174.12269214614955, 61.8677361555576], [174.12269214614955, 61.89506047657701], [174.0650405815605, 61.89506047657701], [174.0650405815605, 61.8677361555576]], [[173.96797744106453, 61.83844469341187], [173.96797744106453, 61.8111629948269], [174.0254313308485, 61.8111629948269], [174.0254313308485, 61.83844469341187], [173.96797744106453, 61.83844469341187]], [[173.28055220902766, 61.72002237298321], [173.28055220902766, 61.74711585214157], [173.22366731272436, 61.74711585214157], [173.22366731272436, 61.72002237298321], [173.28055220902766, 61.72002237298321]], [[173.18557683296171, 61.66281896288827], [173.18557683296171, 61.689867416882905], [173.12889334172328, 61.689867416882905], [173.12889334172328, 61.66281896288827], [173.18557683296171, 61.66281896288827]], [[173.30583806509358, 61.64482761209145], [173.24922557732543, 61.64482761209145], [173.24922557732543, 61.617773216033704], [173.30583806509358, 61.617773216033704], [173.30583806509358, 61.64482761209145]], [[173.2111652386061, 61.560614748270524], [173.2111652386061, 61.587624201996505], [173.15475263237497, 61.587624201996505], [173.15475263237497, 61.560614748270524], [173.2111652386061, 61.560614748270524]], [[172.78266825968873, 61.5354685578074], [172.78266825968873, 61.562372827795066], [172.72652242415262, 61.562372827795066], [172.72652242415262, 61.5354685578074], [172.78266825968873, 61.5354685578074]], [[172.8763552230482, 61.61990625101448], [172.82000710462285, 61.61990625101448], [172.82000710462285, 61.5929558596416], [172.8763552230482, 61.5929558596416], [172.8763552230482, 61.61990625101448]], [[172.9968189567273, 61.54823186032242], [172.9968189567273, 61.575189495906585], [172.94053781949432, 61.575189495906585], [172.94053781949432, 61.54823186032242], [172.9968189567273, 61.54823186032242]], [[173.09099974459633, 61.63255844944822], [173.03451750912282, 61.63255844944822], [173.03451750912282, 61.60555527778697], [173.09099974459633, 61.60555527778697], [173.09099974459633, 61.63255844944822]], [[172.80963837387898, 61.46027379691564], [172.7537589284988, 61.46027379691564], [172.7537589284988, 61.433407981207246], [172.80963837387898, 61.433407981207246], [172.80963837387898, 61.46027379691564]], [[172.846952285615, 61.51776109874984], [172.846952285615, 61.49084924959943], [172.9030324901873, 61.49084924959943], [172.9030324901873, 61.51776109874984], [172.846952285615, 61.51776109874984]], [[173.06067494002838, 61.53036051689521], [173.06067494002838, 61.503396261680315], [173.11688780964008, 61.503396261680315], [173.11688780964008, 61.53036051689521], [173.06067494002838, 61.53036051689521]], [[172.97043738725026, 61.67738052165141], [172.91388680770564, 61.67738052165141], [172.91388680770564, 61.65038425679835], [172.97043738725026, 61.65038425679835], [172.97043738725026, 61.67738052165141]], [[173.49637780507015, 61.731907920447526], [173.49637780507015, 61.75905141886102], [173.4393651528441, 61.75905141886102], [173.4393651528441, 61.731907920447526], [173.49637780507015, 61.731907920447526]], [[173.5922486852822, 61.816070712352], [173.5350357672501, 61.816070712352], [173.5350357672501, 61.78888306089758], [173.5922486852822, 61.78888306089758], [173.5922486852822, 61.816070712352]], [[173.3440957548341, 61.70197020097573], [173.3440957548341, 61.674871122198226], [173.4009082607575, 61.674871122198226], [173.4009082607575, 61.70197020097573], [173.3440957548341, 61.70197020097573]], [[173.80875182650317, 61.82745138999894], [173.75141641835307, 61.82745138999894], [173.75141641835307, 61.80021591826892], [173.80875182650317, 61.80021591826892], [173.80875182650317, 61.82745138999894]], [[173.9055203436333, 61.884238221732765], [173.84798589353795, 61.884238221732765], [173.84798589353795, 61.85695949310924], [173.9055203436333, 61.85695949310924], [173.9055203436333, 61.884238221732765]], [[174.67658883929315, 62.10307342109376], [174.73513880431517, 62.10307342109376], [174.73513880431517, 62.13060668680057], [174.67658883929315, 62.13060668680057], [174.67658883929315, 62.10307342109376]], [[174.57738923486946, 62.04693640362905], [174.63574284566505, 62.04693640362905], [174.63574284566505, 62.074428880753764], [174.57738923486946, 62.074428880753764], [174.57738923486946, 62.04693640362905]], [[174.75524244896056, 62.00038622433026], [174.75524244896056, 62.027878660202], [174.69697915281637, 62.027878660202], [174.69697915281637, 62.00038622433026], [174.75524244896056, 62.00038622433026]], [[174.59811454300916, 61.94428993499644], [174.6561829815783, 61.94428993499644], [174.6561829815783, 61.971741642737285], [174.59811454300916, 61.971741642737285], [174.59811454300916, 61.94428993499644]], [[174.41692641375496, 62.03706660113673], [174.41692641375496, 62.06451705898856], [174.35868151983033, 62.06451705898856], [174.35868151983033, 62.03706660113673], [174.41692641375496, 62.03706660113673]], [[174.53676109906723, 61.990732352574675], [174.53676109906723, 62.018183737633414], [174.47860383803206, 62.018183737633414], [174.47860383803206, 61.990732352574675], [174.53676109906723, 61.990732352574675]], [[174.22036026927864, 61.95161151366689], [174.16251097257566, 61.95161151366689], [174.16251097257566, 61.92424485613527], [174.22036026927864, 61.92424485613527], [174.22036026927864, 61.95161151366689]], [[174.34003226561646, 61.90549376766102], [174.28226764961974, 61.90549376766102], [174.28226764961974, 61.87812546181711], [174.34003226561646, 61.87812546181711], [174.34003226561646, 61.90549376766102]], [[174.38023064265602, 61.96187184024497], [174.38023064265602, 61.934461846883444], [174.43819156871592, 61.934461846883444], [174.43819156871592, 61.96187184024497], [174.38023064265602, 61.96187184024497]], [[174.5575346350164, 61.91553759168291], [174.49966105199195, 61.91553759168291], [174.49966105199195, 61.88812691408953], [174.5575346350164, 61.88812691408953], [174.5575346350164, 61.91553759168291]], [[174.26039061570023, 62.008097232950355], [174.26039061570023, 61.98068852855278], [174.31843769213978, 61.98068852855278], [174.31843769213978, 62.008097232950355], [174.26039061570023, 62.008097232950355]], [[174.4573857011138, 62.12087041261242], [174.4573857011138, 62.093378498525176], [174.51582844020746, 62.093378498525176], [174.51582844020746, 62.12087041261242], [174.4573857011138, 62.12087041261242]], [[174.55650518289409, 62.149623641645526], [174.6151457845828, 62.149623641645526], [174.6151457845828, 62.177156710900036], [174.55650518289409, 62.177156710900036], [174.55650518289409, 62.149623641645526]], [[175.4778602780447, 62.315947916699834], [175.4185290720528, 62.315947916699834], [175.4185290720528, 62.28822054541377], [175.4778602780447, 62.28822054541377], [175.4778602780447, 62.315947916699834]], [[175.37622354885846, 62.23264624777906], [175.37622354885846, 62.26033516335426], [175.31708542212328, 62.26033516335426], [175.31708542212328, 62.23264624777906], [175.37622354885846, 62.23264624777906]], [[175.27500870118084, 62.17700141675994], [175.27500870118084, 62.20465154846603], [175.21606372984405, 62.20465154846603], [175.21606372984405, 62.17700141675994], [175.27500870118084, 62.17700141675994]], [[175.39396571849667, 62.1574514868873], [175.33511944589594, 62.1574514868873], [175.33511944589594, 62.12980406666119], [175.39396571849667, 62.12980406666119], [175.39396571849667, 62.1574514868873]], [[175.05490739463488, 62.168268896308604], [175.05490739463488, 62.19588166570615], [174.9960596183406, 62.19588166570615], [174.9960596183406, 62.168268896308604], [175.05490739463488, 62.168268896308604]], [[175.15563119642434, 62.25174468469909], [175.09658866017185, 62.25174468469909], [175.09658866017185, 62.224092434215784], [175.15563119642434, 62.224092434215784], [175.15563119642434, 62.25174468469909]], [[174.85471501575154, 62.083948061411384], [174.79625687038026, 62.083948061411384], [174.79625687038026, 62.05641520328106], [174.85471501575154, 62.05641520328106], [174.85471501575154, 62.083948061411384]], [[174.8959496914195, 62.13994925996511], [174.8959496914195, 62.11237628934615], [174.95460266709716, 62.11237628934615], [174.95460266709716, 62.13994925996511], [174.8959496914195, 62.13994925996511]], [[175.0738366861139, 62.09307413541684], [175.01527820849338, 62.09307413541684], [175.01527820849338, 62.06550253968433], [175.0738366861139, 62.06550253968433], [175.0738366861139, 62.09307413541684]], [[174.9155103903416, 62.03718152845439], [174.9155103903416, 62.00964967681428], [174.9738755518901, 62.00964967681428], [174.9738755518901, 62.03718152845439], [174.9155103903416, 62.03718152845439]], [[175.11546199120744, 62.14889767332402], [175.11546199120744, 62.12128664957465], [175.17421374243156, 62.12128664957465], [175.17421374243156, 62.14889767332402], [175.11546199120744, 62.14889767332402]], [[175.4952485372024, 62.185339955492566], [175.4952485372024, 62.21302578452201], [175.4362106577224, 62.21302578452201], [175.4362106577224, 62.185339955492566], [175.4952485372024, 62.185339955492566]], [[175.80162892631998, 62.351520392197045], [175.80162892631998, 62.37931944813889], [175.7420168066616, 62.37931944813889], [175.7420168066616, 62.351520392197045], [175.80162892631998, 62.351520392197045]], [[175.59695202354357, 62.26852894777598], [175.5377226261052, 62.26852894777598], [175.5377226261052, 62.240805040442346], [175.59695202354357, 62.240805040442346], [175.59695202354357, 62.26852894777598]], [[175.63965734308962, 62.32396037185358], [175.63965734308962, 62.29619872082968], [175.6990781578841, 62.29619872082968], [175.6990781578841, 62.32396037185358], [175.63965734308962, 62.32396037185358]], [[175.817810188017, 62.27632563130528], [175.75849385747426, 62.27632563130528], [175.75849385747426, 62.24856841007691], [175.817810188017, 62.24856841007691], [175.817810188017, 62.27632563130528]], [[175.6564940356764, 62.22100395993792], [175.6564940356764, 62.193284103170235], [175.71562051834852, 62.193284103170235], [175.71562051834852, 62.22100395993792], [175.6564940356764, 62.22100395993792]], [[175.52039668985284, 62.34372370866774], [175.57992088732638, 62.34372370866774], [175.57992088732638, 62.371489203392166], [175.52039668985284, 62.371489203392166], [175.52039668985284, 62.34372370866774]], [[176.0823021032936, 62.33879047748198], [176.0823021032936, 62.3109653296991], [176.14188900777685, 62.3109653296991], [176.14188900777685, 62.33879047748198], [176.0823021032936, 62.33879047748198]]], [[[178.9564406319005, 62.67805232963333], [179.0175963578234, 62.67805232963333], [179.0175963578234, 62.710406260570544], [179.08943833871948, 62.73060909109588], [179.12844080678536, 62.73060909109588], [179.12844080678536, 62.74157705498798], [179.4042214749725, 62.81912990127724], [179.4042214749725, 62.76026587329639], [179.29264157504656, 62.76026587329639], [179.29264157504656, 62.73203115783427], [179.40659765222944, 62.73203115783427], [179.40659765222944, 62.65683639694251], [179.2954506035295, 62.65683639694251], [179.2954506035295, 62.62864535758752], [179.4089553712606, 62.62864535758752], [179.4089553712606, 62.55345059669576], [179.29823782967526, 62.55345059669576], [179.29823782967526, 62.50111814759996], [179.1879575099909, 62.50111814759996], [179.1879575099909, 62.472995709932945], [179.30100350793393, 62.472995709932945], [179.30100350793393, 62.46160926927439], [179.21092293737118, 62.428419618494495], [179.19279832901023, 62.397800949041184], [179.1385075268653, 62.397800949041184], [179.1385075268653, 62.44869882639575], [179.07811263854995, 62.44869882639575], [179.07811263854995, 62.39619329530467], [178.91562539151158, 62.39619329530467], [178.91562539151158, 62.44688636989031], [178.8018830562793, 62.44688636989031], [178.8018830562793, 62.49748540707562], [178.7413677627725, 62.49748540707562], [178.7413677627725, 62.44467133194021], [178.57861667542804, 62.44467133194021], [178.57861667542804, 62.49506388724374], [178.4640236603453, 62.49506388724374], [178.4640236603453, 62.55473494901828], [178.5192264842277, 62.5702586481355], [178.57309116632905, 62.5702586481355], [178.57309116632905, 62.58540604566299], [178.9564406319005, 62.6932085336835], [178.9564406319005, 62.67805232963333]], [[178.84620407388553, 62.625409133782775], [178.90719353738268, 62.625409133782775], [178.90719353738268, 62.65358608371719], [178.84620407388553, 62.65358608371719], [178.84620407388553, 62.625409133782775]], [[179.02140532409035, 62.574698288873236], [179.02140532409035, 62.60285756874157], [178.96055940923895, 62.60285756874157], [178.96055940923895, 62.574698288873236], [179.02140532409035, 62.574698288873236]], [[178.85074514825516, 62.52208113078207], [178.91142599729102, 62.52208113078207], [178.91142599729102, 62.55021437289101], [178.85074514825516, 62.55021437289101], [178.85074514825516, 62.52208113078207]], [[179.02518445932475, 62.47138805619643], [179.02518445932475, 62.499503527981474], [178.96464622215953, 62.499503527981474], [178.96464622215953, 62.47138805619643], [179.02518445932475, 62.47138805619643]], [[178.62705004141563, 62.51986609283197], [178.68770551182928, 62.51986609283197], [178.68770551182928, 62.547989723931686], [178.62705004141563, 62.547989723931686], [178.62705004141563, 62.51986609283197]], [[178.73640782116695, 62.60083067665188], [178.73640782116695, 62.572680167967384], [178.7972305275356, 62.572680167967384], [178.7972305275356, 62.60083067665188], [178.73640782116695, 62.60083067665188]], [[179.07081235795653, 62.62722945559382], [179.1318228330466, 62.62722945559382], [179.1318228330466, 62.65541433020412], [179.07081235795653, 62.65541433020412], [179.07081235795653, 62.62722945559382]], [[179.2426803218321, 62.6796739676121], [179.2426803218321, 62.707883989063056], [179.1815058081739, 62.707883989063056], [179.1815058081739, 62.6796739676121], [179.2426803218321, 62.6796739676121]], [[179.07447668274352, 62.55203469470206], [179.07447668274352, 62.52389358728751], [179.1351783031045, 62.52389358728751], [179.1351783031045, 62.55203469470206], [179.07447668274352, 62.55203469470206]], [[179.18474421198695, 62.57631290849172], [179.24560869927907, 62.57631290849172], [179.24560869927907, 62.60447920672034], [179.18474421198695, 62.60447920672034], [179.18474421198695, 62.57631290849172]]]]}, "properties": {"tile": "N60E168_6x12", "epsg": 4326}}, {"type": "Feature", "geometry": {"type": "Polygon", "coordinates": [[[-172.93873600425025, 60.65457699529784], [-172.9338548486425, 60.65583023922011], [-172.928872332382, 60.65658577354071], [-172.92383907046062, 60.65683592314903], [-172.91880619337107, 60.656578146895214], [-172.91382482769666, 60.65581506340454], [-172.90894557674108, 60.654554424476025], [-172.90421800647346, 60.65280903633565], [-172.8996901420117, 60.650596629544005], [-172.8954079797582, 60.64793967888009], [-172.89141502014456, 60.64486517503079], [-172.88775182573144, 60.64140435040542], [-172.88445560915318, 60.63759236186072], [-172.88155985509235, 60.633467933559146], [-172.826426800594, 60.54586387763841], [-172.78882483854275, 60.530471352609986], [-172.83725481626917, 60.530471352609986], [-172.83725481626917, 60.50401189538642], [-172.78382971794545, 60.50401189538642], [-172.78382971794545, 60.528426578491306], [-172.72546594704835, 60.504535117639804], [-172.54152305300846, 60.44869160067806], [-172.54152305300846, 60.433634203289785], [-172.48841618643056, 60.433634203289785], [-172.48841618643056, 60.44363827534475], [-172.38992842037484, 60.44842732105148], [-172.38481897407155, 60.4484143973844], [-172.37973752476606, 60.447880092693445], [-172.37473713622146, 60.44682998653198], [-172.3698700257123, 60.44527504478421], [-172.3651870187381, 60.44323150515234], [-172.3359943700132, 60.42867406975354], [-172.3359943700132, 60.42013678927931], [-172.318874195812, 60.42013678927931], [-172.25522608123813, 60.38839752077733], [-172.2506943845965, 60.38583484329965], [-172.2472633792806, 60.38339144552989], [-172.2472633792806, 60.362530585384874], [-172.22535955650375, 60.362530585384874], [-172.19709108638418, 60.33483902281877], [-172.19375202974595, 60.33122967060189], [-172.190783631746, 60.32730980632201], [-172.1882145988384, 60.323117337767755], [-172.18606977534165, 60.318692808998904], [-172.1843699031768, 60.314079008257444], [-172.18313142127903, 60.30932055417574], [-172.1823663066217, 60.30446346428365], [-172.18208195839077, 60.29955470998726], [-172.18228112642953, 60.294641762323074], [-172.18296188464583, 60.28977213288032], [-172.1841176496386, 60.28499291433122], [-172.18573724436405, 60.2803503250123], [-172.1878050062251, 60.275889261961325], [-172.19030093853974, 60.271652866731955], [-172.19320090392264, 60.267682108185205], [-172.19647685771034, 60.26401538629232], [-172.20009711917228, 60.26068816078062], [-172.20402667788562, 60.25773260821345], [-172.20822753230982, 60.25517731082073], [-172.212659057288, 60.25304698008898], [-172.21727839691997, 60.251362217784326], [-172.2220408790085, 60.25013931671916], [-172.22690044707014, 60.249390103189434], [-172.23181010573316, 60.24912182260624], [-172.23672237521524, 60.249337069427675], [-172.24158975048562, 60.25003376206867], [-172.40173330184035, 60.28105831874934], [-172.4267136415677, 60.28082313749116], [-172.4267136415677, 60.300986926802366], [-172.47938478617988, 60.300986926802366], [-172.47938478617988, 60.280327256882856], [-172.63527147565478, 60.278859637620506], [-172.64030103251216, 60.27906568629413], [-172.6452843829256, 60.27977640205614], [-172.65017101785153, 60.28098458140478], [-172.65491140851185, 60.28267797876663], [-172.66760961502277, 60.287949041184824], [-172.63112732866574, 60.287949041184824], [-172.63112732866574, 60.31427618017926], [-172.68392762048867, 60.31427618017926], [-172.68392762048867, 60.29472269266682], [-172.97441804700023, 60.415306112751736], [-173.01538493019, 60.426084139874725], [-173.01538493019, 60.44143184380516], [-173.0686835771517, 60.44143184380516], [-173.0686835771517, 60.44010654572656], [-173.08674508705312, 60.44485837033323], [-173.09137437410533, 60.4463199807247], [-173.09584010009985, 60.44822363376291], [-173.1001001682391, 60.450551384393265], [-173.10411442038827, 60.453281289745284], [-173.1078450156318, 60.456387615980084], [-173.11125678698605, 60.459841080874135], [-173.11431757290586, 60.46360912985221], [-173.1169985204599, 60.46765624286776], [-173.11927435731693, 60.47194426923759], [-173.11927552526916, 60.47194710406813], [-173.10575638999777, 60.47194710406813], [-173.10575638999777, 60.498462554121325], [-173.12369055720723, 60.498462554121325], [-173.12351022136048, 60.50035839432635], [-173.12258402890953, 60.50512376640961], [-173.12120007317625, 60.50977685893786], [-173.09877130446324, 60.57365731501309], [-173.08071588270857, 60.57365731501309], [-173.08071588270857, 60.60021328281801], [-173.08607035289373, 60.60021328281801], [-173.0841856394219, 60.60245148576751], [-173.0804633030114, 60.60604246006139], [-173.07638991952354, 60.60922968953112], [-173.0720090756031, 60.61197906969343], [-173.06736764783042, 60.61426118120762], [-173.06251530112525, 60.61605160467284], [-173.0183743058274, 60.62979016297265], [-173.0183743058274, 60.61833203351393], [-172.9645712456165, 60.61833203351393], [-172.9645712456165, 60.64488295102808], [-172.96988226815878, 60.64488295102808], [-172.93873600425025, 60.65457699529784]], [[-172.87401704430508, 60.56119981624242], [-172.87401704430508, 60.58770512048889], [-172.9276310470618, 60.58770512048889], [-172.9276310470618, 60.56119981624242], [-172.87401704430508, 60.56119981624242]], [[-173.0436196523677, 60.516626604696924], [-172.9900695122228, 60.516626604696924], [-172.9900695122228, 60.54313727262217], [-173.0436196523677, 60.54313727262217], [-173.0436196523677, 60.516626604696924]], [[-172.89978923640723, 60.45953992324624], [-172.89978923640723, 60.48600505535066], [-172.9531516843115, 60.48600505535066], [-172.9531516843115, 60.45953992324624], [-172.89978923640723, 60.45953992324624]], [[-172.8098732868889, 60.40239777113581], [-172.8098732868889, 60.42881713449466], [-172.86304819153503, 60.42881713449466], [-172.86304819153503, 60.40239777113581], [-172.8098732868889, 60.40239777113581]], [[-172.31077591660818, 60.318675719828626], [-172.31077591660818, 60.34494202838755], [-172.36350380191578, 60.34494202838755], [-172.36350380191578, 60.318675719828626], [-172.31077591660818, 60.318675719828626]], [[-172.22249478808706, 60.28733582449311], [-172.2750334741084, 60.28733582449311], [-172.2750334741084, 60.26111678732609], [-172.22249478808706, 60.26111678732609], [-172.22249478808706, 60.28733582449311]], [[-172.69400748508696, 60.446768771270214], [-172.69400748508696, 60.473182150725734], [-172.74724383879146, 60.473182150725734], [-172.74724383879146, 60.446768771270214], [-172.69400748508696, 60.446768771270214]], [[-172.65759634706183, 60.389470941071025], [-172.60454857150717, 60.389470941071025], [-172.60454857150717, 60.415838014990406], [-172.65759634706183, 60.415838014990406], [-172.65759634706183, 60.389470941071025]], [[-172.77330741946338, 60.345200645706534], [-172.72031990237284, 60.345200645706534], [-172.72031990237284, 60.37157401037845], [-172.77330741946338, 60.37157401037845], [-172.77330741946338, 60.345200645706534]], [[-172.56831058062895, 60.332118898838644], [-172.51545121023418, 60.332118898838644], [-172.51545121023418, 60.35843944239802], [-172.56831058062895, 60.35843944239802], [-172.56831058062895, 60.332118898838644]], [[-172.39941579441856, 60.37618168769413], [-172.39941579441856, 60.40249505078417], [-172.4523330753081, 60.40249505078417], [-172.4523330753081, 60.37618168769413], [-172.39941579441856, 60.37618168769413]]]}, "properties": {"tile": "N60W180_6x12", "epsg": 4326}}, {"type": "Feature", "geometry": {"type": "MultiPolygon", "coordinates": [[[[-167.34712269437046, 60.274429418341505], [-167.33932747158835, 60.27519373644244], [-167.33932747158835, 60.274429418341505], [-167.34712269437046, 60.274429418341505]]], [[[-167.47714295669044, 60.235565723792426], [-167.47517081106315, 60.23824478081499], [-167.47184534655594, 60.24193162092726], [-167.46817062382354, 60.24527047058578], [-167.4641828778431, 60.248228406723975], [-167.46242234473087, 60.24928100304616], [-167.46242234473087, 60.235565723792426], [-167.47714295669044, 60.235565723792426]]], [[[-167.30663192705444, 60.188665094007646], [-167.30663192705444, 60.12756353230268], [-167.25759120201295, 60.12756353230268], [-167.25759120201295, 60.166146473786355], [-167.13481648063387, 60.166146473786355], [-167.13481648063387, 60.2046050010169], [-167.01171080548067, 60.2046050010169], [-167.01171080548067, 60.242938508609505], [-166.88827397875838, 60.242938508609505], [-166.88827397875838, 60.26910188954182], [-166.86266029425767, 60.2680811961075], [-166.85411612311327, 60.28114639014129], [-166.73676762849584, 60.28114639014129], [-166.73676762849584, 60.21963801798643], [-166.6879650037853, 60.21963801798643], [-166.6879650037853, 60.257627012925724], [-166.56403189223965, 60.257627012925724], [-166.56403189223965, 60.29548925452241], [-166.41843856769344, 60.29548925452241], [-166.4124591676886, 60.29016977332393], [-166.4124591676886, 60.23376252486728], [-166.349054205981, 60.23376252486728], [-166.3367003844734, 60.2227721376736], [-166.3367003844734, 60.17200304977014], [-166.27963303652567, 60.17200304977014], [-166.26126892177277, 60.15566569768199], [-166.26126892177277, 60.11021122092428], [-166.21017549961306, 60.11021122092428], [-166.18616292296164, 60.08884880163118], [-166.18616292296164, 60.04838742726371], [-166.14068203242718, 60.04838742726371], [-166.11138054291885, 60.022319808037516], [-166.11138054291885, 60.0], [-166.2618191378821, 60.0], [-166.2618191378821, 60.035016460032516], [-166.33688341460524, 60.035016460032516], [-166.33688341460524, 60.09680828887838], [-166.38504113660125, 60.09680828887838], [-166.38504113660125, 60.05913025480487], [-166.5084875382734, 60.05913025480487], [-166.5084875382734, 60.02132564840055], [-166.65914549804478, 60.02132564840055], [-166.65914549804478, 60.082901131306876], [-166.7075383441567, 60.082901131306876], [-166.7075383441567, 60.044878422534914], [-166.83049608614758, 60.044878422534914], [-166.83049608614758, 60.00673025486561], [-166.98108744901182, 60.00673025486561], [-166.98108744901182, 60.06808742859088], [-167.02970645870025, 60.06808742859088], [-167.02970645870025, 60.02972180326679], [-167.15216872338038, 60.02972180326679], [-167.15216872338038, 60.0], [-167.22618669323342, 60.0], [-167.30268944408317, 60.04267419070838], [-167.30268944408317, 60.05236877141092], [-167.3200178959764, 60.05236877141092], [-167.32281866979653, 60.054078278110495], [-167.32599265825243, 60.05637495054687], [-167.38003517851664, 60.09880225049168], [-167.38003517851664, 60.113470333115885], [-167.3987189070001, 60.113470333115885], [-167.4577119215776, 60.15978413032394], [-167.4577119215776, 60.188665094007646], [-167.30663192705444, 60.188665094007646]], [[-166.98366319952376, 60.14328218948264], [-166.9348424698197, 60.14328218948264], [-166.9348424698197, 60.16774374771774], [-166.98366319952376, 60.16774374771774], [-166.98366319952376, 60.14328218948264]], [[-166.9069153777958, 60.08192501575737], [-166.8583039171668, 60.08192501575737], [-166.8583039171668, 60.10632811440748], [-166.9069153777958, 60.10632811440748], [-166.9069153777958, 60.08192501575737]], [[-167.05778716880647, 60.12941024012514], [-167.10661459995973, 60.12941024012514], [-167.10661459995973, 60.10491656415855], [-167.05778716880647, 60.10491656415855], [-167.05778716880647, 60.12941024012514]], [[-167.22923534433747, 60.06642660193246], [-167.18040276017595, 60.06642660193246], [-167.18040276017595, 60.090951712894594], [-167.22923534433747, 60.090951712894594], [-167.22923534433747, 60.06642660193246]], [[-166.8115684741162, 60.181522875299244], [-166.8115684741162, 60.205951629249526], [-166.86038093974673, 60.205951629249526], [-166.86038093974673, 60.181522875299244], [-166.8115684741162, 60.181522875299244]], [[-166.61175432492735, 60.15809589219864], [-166.61175432492735, 60.18243225203396], [-166.66034600010227, 60.18243225203396], [-166.66034600010227, 60.15809589219864], [-166.61175432492735, 60.15809589219864]], [[-166.4879879370055, 60.22029449363065], [-166.5365673475935, 60.22029449363065], [-166.5365673475935, 60.1959925402662], [-166.4879879370055, 60.1959925402662], [-166.4879879370055, 60.22029449363065]], [[-166.78379528608886, 60.14444325709467], [-166.78379528608886, 60.120073183426676], [-166.7351929322717, 60.120073183426676], [-166.7351929322717, 60.14444325709467], [-166.78379528608886, 60.14444325709467]], [[-166.58425325384238, 60.120797779374435], [-166.58425325384238, 60.09652040929231], [-166.53587191367765, 60.09652040929231], [-166.53587191367765, 60.120797779374435], [-166.58425325384238, 60.120797779374435]], [[-166.46064065143315, 60.13432501569663], [-166.4122723979702, 60.13432501569663], [-166.4122723979702, 60.15856776397552], [-166.46064065143315, 60.15856776397552], [-166.46064065143315, 60.13432501569663]]]]}, "properties": {"tile": "N60W168_6x12", "epsg": 4326}}, {"type": "Feature", "geometry": {"type": "Polygon", "coordinates": [[[19.138831076477224, 74.31258920092239], [19.113849315398, 74.3045514152235], [19.10882586371939, 74.30321888262996], [19.103691228315213, 74.3024149988409], [19.098500885244366, 74.30214844924502], [19.093310912447198, 74.30242211371986], [19.088177383863506, 74.3032330355167], [19.083155763593794, 74.30457245320619], [18.969673826250055, 74.34125657650294], [19.138831076477224, 74.32274301774454], [19.138831076477224, 74.31258920092239]]]}, "properties": {"tile": "N72E012_6x24", "epsg": 4326}}, {"type": "Feature", "geometry": {"type": "Polygon", "coordinates": [[[29.730878760538488, 70.54589608528738], [29.730878760538488, 70.56301681938649], [29.697212555644622, 70.56301681938649], [29.988458477158208, 70.65780041563906], [30.10842594030159, 70.65780041563906], [30.10842594030159, 70.67711325998977], [30.23826319819419, 70.67711325998977], [30.25890059132865, 70.66744860644208], [30.26320837449903, 70.66516894161614], [30.267273744111083, 70.66248070102444], [30.27105807286427, 70.65940942711133], [30.274525403780984, 70.65598430173033], [30.277642791853474, 70.65223786887131], [30.28038061707237, 70.64820572544228], [30.28271286586261, 70.64392618304362], [30.284617378252644, 70.63943990394867], [30.286076058428435, 70.63478951474922], [30.287075046671703, 70.63001920133694], [30.287604851048673, 70.62517428906904], [30.28766043759815, 70.62030081210725], [30.28724127816191, 70.6154450760221], [30.286351355403056, 70.61065321781835], [30.28499912496453, 70.60597076756206], [30.283197435127423, 70.60144221577451], [30.280963404732454, 70.5971105907035], [30.27947662413555, 70.59454327660237], [30.3924196427905, 70.59662894711984], [30.3924196427905, 70.53173537424762], [30.44160848449252, 70.53173537424762], [30.44160848449252, 70.5506187806852], [30.66701743058922, 70.5506187806852], [30.66701743058922, 70.47784877207886], [30.72255271865375, 70.47784877207886], [30.72255271865375, 70.40265401118708], [30.505460484013447, 70.40265401118708], [30.505460484013447, 70.38384606492933], [30.28879441845871, 70.38384606492933], [30.28879441845871, 70.3647641168133], [30.07255944240818, 70.3647641168133], [30.07255944240818, 70.34805856551527], [30.129957733392246, 70.34805856551527], [30.129957733392246, 70.2728638046235], [29.914910023008503, 70.2728638046235], [29.914910023008503, 70.26338734430706], [29.633002186307877, 70.38874595917156], [29.633002186307877, 70.39824415385523], [29.61164254127086, 70.39824415385523], [29.43384636825614, 70.47730645392531], [29.644604887473886, 70.54589608528738], [29.730878760538488, 70.54589608528738]], [[29.8977397060531, 70.58260565474728], [29.8977397060531, 70.5656805900257], [29.948423076112366, 70.5656805900257], [29.948423076112366, 70.58260565474728], [29.8977397060531, 70.58260565474728]], [[29.956455291069133, 70.50999619114029], [29.956455291069133, 70.49314456316527], [30.006735986585166, 70.49314456316527], [30.006735986585166, 70.50999619114029], [29.956455291069133, 70.50999619114029]], [[29.789955017970584, 70.49048582913393], [29.739139204293696, 70.49048582913393], [29.739139204293696, 70.473438914747], [29.789955017970584, 70.473438914747], [29.789955017970584, 70.49048582913393]], [[29.798171756976394, 70.4179498022735], [29.798171756976394, 70.40097644218338], [29.84858617501757, 70.40097644218338], [29.84858617501757, 70.4179498022735], [29.798171756976394, 70.4179498022735]], [[29.85676040757655, 70.34540903116141], [29.85676040757655, 70.32850896220215], [29.906777121825925, 70.32850896220215], [29.906777121825925, 70.34540903116141], [29.85676040757655, 70.34540903116141]], [[29.522273683253992, 70.45346095682386], [29.573617413564385, 70.45346095682386], [29.573617413564385, 70.4707013243956], [29.522273683253992, 70.4707013243956], [29.522273683253992, 70.45346095682386]], [[30.16641079129937, 70.58519095203206], [30.16641079129937, 70.60191849909799], [30.116272291439337, 70.60191849909799], [30.116272291439337, 70.58519095203206], [30.16641079129937, 70.58519095203206]], [[30.064608657038985, 70.42060379205319], [30.064608657038985, 70.43738224965455], [30.014726904089784, 70.43738224965455], [30.014726904089784, 70.42060379205319], [30.064608657038985, 70.42060379205319]], [[30.281064807092555, 70.45654061335584], [30.231722838634962, 70.45654061335584], [30.231722838634962, 70.43995887770508], [30.281064807092555, 70.43995887770508], [30.281064807092555, 70.45654061335584]], [[30.497949731017176, 70.47542401979342], [30.449154668233515, 70.47542401979342], [30.449154668233515, 70.4590408258211], [30.497949731017176, 70.4590408258211], [30.497949731017176, 70.47542401979342]], [[30.174217081693836, 70.52923151831757], [30.174217081693836, 70.51257701054632], [30.22395545394561, 70.51257701054632], [30.22395545394561, 70.52923151831757], [30.174217081693836, 70.52923151831757]]]}, "properties": {"tile": "N66E018_6x18", "epsg": 4326}}, {"type": "Feature", "geometry": {"type": "MultiPolygon", "coordinates": [[[[-118.00113752690295, 61.04563642171306], [-118.00113752690295, 61.04174303623334], [-118.00499453996063, 61.04563642171306], [-118.00113752690295, 61.04563642171306]]], [[[-117.96945179928171, 61.02441805941881], [-117.96945179928171, 61.093824003509376], [-117.81407502098388, 61.093824003509376], [-117.81407502098388, 61.07237465566541], [-117.78197695461064, 61.07237465566541], [-117.78197695461064, 61.14172493844019], [-117.62636487803572, 61.14172493844019], [-117.62636487803572, 61.06653017754843], [-117.6710440294218, 61.06653017754843], [-117.6710440294218, 61.05075427818082], [-117.52823494922292, 61.05075427818082], [-117.52823494922292, 60.97555951728906], [-117.68340086022921, 60.97555951728906], [-117.68340086022921, 60.99717989477365], [-117.8263157101916, 60.99717989477365], [-117.8263157101916, 61.018629242617614], [-117.85820960812832, 61.018629242617614], [-117.85820960812832, 60.949223298527045], [-117.90212461783312, 60.949223298527045], [-117.90212461783312, 60.9417964151792], [-117.98397440186798, 61.02441805941881], [-117.96945179928171, 61.02441805941881]]]]}, "properties": {"tile": "N60W120_6x12", "epsg": 4326}}, {"type": "Feature", "geometry": {"type": "MultiPolygon", "coordinates": [[[[17.684703550013413, 62.41667186548964], [17.684703550013413, 62.42718828771399], [17.70946979572312, 62.434018401472365], [17.684703550013413, 62.41667186548964]]], [[[17.862377662306656, 62.46124569417043], [17.85827093875806, 62.45876118146501], [17.85394490945082, 62.45668189021055], [17.84943943957851, 62.45502698147659], [17.8447960479141, 62.45381170556599], [17.840057524206447, 62.45304726148041], [17.835267534864506, 62.452740693719385], [17.824809887113364, 62.452574421495726], [17.824809887113364, 62.46582725753923], [17.90003326845399, 62.48657260012641], [17.862377662306656, 62.46124569417043]]]]}, "properties": {"tile": "N60E012_6x12", "epsg": 4326}}, {"type": "Feature", "geometry": {"type": "MultiPolygon", "coordinates": [[[[-28.38887624203568, 77.32215335877267], [-28.723203758611096, 77.32215335877267], [-28.723203758611096, 77.34356488783217], [-29.058680440478295, 77.34356488783217], [-29.058680440478295, 77.36454726274042], [-29.146139767908195, 77.36454726274042], [-29.146139767908195, 77.29103374998087], [-29.2932540615062, 77.29103374998087], [-29.419832892379944, 77.29724256775785], [-29.488933386785128, 77.30147169619909], [-29.488933386785128, 77.36622851087265], [-29.395289131680137, 77.36622851087265], [-29.395289131680137, 77.38509826306286], [-29.73301224755955, 77.38509826306286], [-29.73301224755955, 77.40521569973957], [-30.071831776899838, 77.40521569973957], [-30.071831776899838, 77.4248974160982], [-30.411729284422062, 77.4248974160982], [-30.411729284422062, 77.44414128886362], [-30.752685913643198, 77.44414128886362], [-30.752685913643198, 77.5], [-30.065335181606482, 77.5], [-30.065335181606482, 77.48041046063135], [-29.725971900329267, 77.48041046063135], [-29.725971900329267, 77.46029302395463], [-29.387696681801927, 77.46029302395463], [-29.387696681801927, 77.43974202363219], [-29.300536816599713, 77.43974202363219], [-29.300536816599713, 77.5], [-28.953785139812343, 77.5], [-28.953785139812343, 77.4921219336253], [-28.615923637130226, 77.4921219336253], [-28.615923637130226, 77.47058151811964], [-28.279223446919946, 77.47058151811964], [-28.279223446919946, 77.44861207585181], [-27.94370175522922, 77.44861207585181], [-27.94370175522922, 77.42621592457574], [-27.85063509612217, 77.42621592457574], [-27.85063509612217, 77.49915423023424], [-27.504266490629377, 77.49915423023424], [-27.504266490629377, 77.47619708584052], [-27.169398962384406, 77.47619708584052], [-27.169398962384406, 77.4528159294189], [-26.835779710467296, 77.4528159294189], [-26.835779710467296, 77.42901320026158], [-26.503424294264843, 77.42901320026158], [-26.503424294264843, 77.40479136323766], [-26.40482547651167, 77.40479136323766], [-26.40482547651167, 77.47713326543203], [-26.059054389801556, 77.47713326543203], [-26.059054389801556, 77.45234876308162], [-25.958336234630178, 77.45234876308162], [-25.958336234630178, 77.5], [-25.611277154325048, 77.5], [-25.611277154325048, 77.449309469175], [-25.727589127142384, 77.449309469175], [-25.727589127142384, 77.37715400218984], [-25.84256491798001, 77.37715400218984], [-25.84256491798001, 77.35510034659681], [-25.51408978909224, 77.35510034659681], [-25.51408978909224, 77.32963621508867], [-25.221293002557463, 77.32963621508867], [-25.214968530059767, 77.2544414541969], [-25.303869813333815, 77.2544414541969], [-25.303869813333815, 77.18250067765916], [-25.41948407901414, 77.18250067765916], [-25.41948407901414, 77.16013824611024], [-25.207036886433073, 77.16013824611024], [-25.200712413935378, 77.08494348521846], [-25.434257841487824, 77.08494348521846], [-25.434257841487824, 77.1105182554217], [-25.757542203618705, 77.1105182554217], [-25.757542203618705, 77.13568757815985], [-26.08211065987424, 77.13568757815985], [-26.08211065987424, 77.21088233905162], [-25.96999195417424, 77.21088233905162], [-25.96999195417424, 77.2327228339163], [-26.29747564578589, 77.2327228339163], [-26.29747564578589, 77.25721680103042], [-26.39505596247913, 77.25721680103042], [-26.39505596247913, 77.18479998880144], [-26.735046391676835, 77.18479998880144], [-26.735046391676835, 77.20873818465712], [-27.063385852831964, 77.20873818465712], [-27.063385852831964, 77.23226115094879], [-27.392953778005165, 77.23226115094879], [-27.392953778005165, 77.2553665003256], [-27.7237351747074, 77.2553665003256], [-27.7237351747074, 77.27805187071908], [-28.055714616221188, 77.27805187071908], [-28.055714616221188, 77.30031492635592], [-28.38887624203568, 77.30031492635592], [-28.38887624203568, 77.32215335877267]], [[-27.515144693527922, 77.42395946934246], [-27.609375304897515, 77.42395946934246], [-27.609375304897515, 77.40339541059754], [-27.515144693527922, 77.40339541059754], [-27.515144693527922, 77.42395946934246]], [[-27.620045962833775, 77.35102116368397], [-27.713266090080594, 77.35102116368397], [-27.713266090080594, 77.33056126121737], [-27.620045962833775, 77.33056126121737], [-27.620045962833775, 77.35102116368397]], [[-27.38188797872818, 77.32820064970576], [-27.38188797872818, 77.30745591184056], [-27.28753743617595, 77.30745591184056], [-27.28753743617595, 77.32820064970576], [-27.38188797872818, 77.32820064970576]], [[-27.05171682287694, 77.30495814684159], [-27.05171682287694, 77.2839329455489], [-26.95626285669013, 77.2839329455489], [-26.95626285669013, 77.30495814684159], [-27.05171682287694, 77.30495814684159]], [[-26.94437287641715, 77.35649081626902], [-26.84789701099493, 77.35649081626902], [-26.84789701099493, 77.37762116852713], [-26.94437287641715, 77.37762116852713], [-26.94437287641715, 77.35649081626902]], [[-26.613728158314245, 77.3538184393698], [-26.613728158314245, 77.3324115619222], [-26.51617075530308, 77.3324115619222], [-26.51617075530308, 77.3538184393698], [-26.613728158314245, 77.3538184393698]], [[-26.28434120087238, 77.32959660234589], [-26.28434120087238, 77.30791759480807], [-26.185729477738807, 77.30791759480807], [-26.185729477738807, 77.32959660234589], [-26.28434120087238, 77.32959660234589]], [[-25.956226518915567, 77.30495814684159], [-25.956226518915567, 77.28301138840929], [-25.85658754828159, 77.28301138840929], [-25.85658754828159, 77.30495814684159], [-25.956226518915567, 77.30495814684159]], [[-25.52875888109843, 77.27990558570504], [-25.62939818163504, 77.27990558570504], [-25.62939818163504, 77.25769543855094], [-25.52875888109843, 77.25769543855094], [-25.52875888109843, 77.27990558570504]], [[-25.64380009029694, 77.20781662751752], [-25.743400329730463, 77.20781662751752], [-25.743400329730463, 77.18571301631347], [-25.64380009029694, 77.18571301631347], [-25.64380009029694, 77.20781662751752]], [[-29.05052779750087, 77.41875964872395], [-28.96210119779668, 77.41875964872395], [-28.96210119779668, 77.43803627331823], [-29.05052779750087, 77.43803627331823], [-29.05052779750087, 77.41875964872395]], [[-28.71448309334311, 77.39734811966444], [-28.624817165511022, 77.39734811966444], [-28.624817165511022, 77.41692717273352], [-28.71448309334311, 77.41692717273352], [-28.71448309334311, 77.39734811966444]], [[-28.28870207842275, 77.3755096872477], [-28.28870207842275, 77.39538675722787], [-28.379579987309288, 77.39538675722787], [-28.379579987309288, 77.3755096872477], [-28.28870207842275, 77.3755096872477]], [[-27.95377285314333, 77.35324663161086], [-27.95377285314333, 77.37341731496004], [-28.045835467422897, 77.37341731496004], [-28.045835467422897, 77.35324663161086], [-27.95377285314333, 77.35324663161086]], [[-26.626237362392605, 77.28129605537724], [-26.722767877453784, 77.28129605537724], [-26.722767877453784, 77.25999474969322], [-26.626237362392605, 77.25999474969322], [-26.626237362392605, 77.28129605537724]], [[-27.180893418258957, 77.38015290773336], [-27.180893418258957, 77.40100232494875], [-27.276260394295665, 77.40100232494875], [-27.276260394295665, 77.38015290773336], [-27.180893418258957, 77.38015290773336]], [[-26.072690230944477, 77.38015290773336], [-26.072690230944477, 77.40193850454025], [-26.172347815405708, 77.40193850454025], [-26.172347815405708, 77.38015290773336], [-26.072690230944477, 77.38015290773336]]], [[[-31.17900068250574, 77.38883852943756], [-31.17900068250574, 77.40708877864343], [-31.52009796588903, 77.40708877864343], [-31.52009796588903, 77.4822835395352], [-31.174187320537364, 77.4822835395352], [-31.174187320537364, 77.46403329032934], [-30.833584050515828, 77.46403329032934], [-30.833584050515828, 77.38883852943756], [-31.17900068250574, 77.38883852943756]]]]}, "properties": {"tile": "N72W036_6x24", "epsg": 4326}}, {"type": "Feature", "geometry": {"type": "MultiPolygon", "coordinates": [[[[-54.090709850669384, 77.28964217822113], [-54.35484659293807, 77.28964217822113], [-54.433466443762995, 77.2934515942389], [-54.433466443762995, 77.3648369391129], [-54.090709850669384, 77.3648369391129], [-54.090709850669384, 77.28964217822113]]], [[[-54.83593735526962, 77.33937272851644], [-55.18002224761304, 77.33937272851644], [-55.18002224761304, 77.41456748940821], [-54.83593735526962, 77.41456748940821], [-54.83593735526962, 77.33937272851644]]], [[[-55.5870067597184, 77.40100232494875], [-55.5870067597184, 77.38696825288476], [-55.931345865494166, 77.38696825288476], [-55.931345865494166, 77.37248332182082], [-56.064546536863475, 77.37248332182082], [-56.24356534107961, 77.38115743011673], [-56.18836484223917, 77.5], [-55.65185644405331, 77.5], [-55.65185644405331, 77.46216301377653], [-55.58763162938089, 77.46216301377653], [-55.58763162938089, 77.47619708584052], [-55.24188589823736, 77.47619708584052], [-55.24188589823736, 77.40100232494875], [-55.5870067597184, 77.40100232494875]], [[-55.93237284714042, 77.4476780827126], [-55.93237284714042, 77.46200433975723], [-55.99820018844932, 77.46200433975723], [-55.99820018844932, 77.4476780827126], [-55.93237284714042, 77.4476780827126]]], [[[-54.83577851036803, 77.35241972154517], [-54.83577851036803, 77.42761448243695], [-54.491343384233105, 77.42761448243695], [-54.491343384233105, 77.35241972154517], [-54.83577851036803, 77.35241972154517]]], [[[-54.14604862061006, 77.36501394704898], [-54.49082252037465, 77.36501394704898], [-54.49082252037465, 77.44020870794076], [-54.14604862061006, 77.44020870794076], [-54.14604862061006, 77.36501394704898]]], [[[-53.80007606299534, 77.37715400218985], [-54.14517716679743, 77.37715400218985], [-54.14517716679743, 77.45234876308163], [-53.80007606299534, 77.45234876308163], [-53.80007606299534, 77.37715400218985]]], [[[-52.27382380358646, 77.203670470372], [-52.27382380358646, 77.27886523126378], [-51.93333887787589, 77.27886523126378], [-51.93333887787589, 77.203670470372], [-52.27382380358646, 77.203670470372]]], [[[-52.66454640697344, 77.25953006790702], [-53.00650380600361, 77.25953006790702], [-53.00650380600361, 77.3347248287988], [-52.66454640697344, 77.3347248287988], [-52.66454640697344, 77.25953006790702]]], [[[-52.66243872865051, 77.26971360914158], [-52.66243872865051, 77.34490837003335], [-52.32021148010377, 77.34490837003335], [-52.32021148010377, 77.26971360914158], [-52.66243872865051, 77.26971360914158]]], [[[-52.31782315945213, 77.27944213075769], [-52.31782315945213, 77.35463689164946], [-51.97533771058161, 77.35463689164946], [-51.97533771058161, 77.27944213075769], [-52.31782315945213, 77.27944213075769]]], [[[-53.74676172301573, 77.30170770808529], [-54.089839618642266, 77.30170770808529], [-54.089839618642266, 77.37690246897706], [-53.74676172301573, 77.37690246897706], [-53.74676172301573, 77.30170770808529]]], [[[-53.745558439575845, 77.31332037377248], [-53.745558439575845, 77.38851513466426], [-53.40217071729414, 77.38851513466426], [-53.40217071729414, 77.31332037377248], [-53.745558439575845, 77.31332037377248]]], [[[-53.400645982965955, 77.32447888674119], [-53.400645982965955, 77.39967364763297], [-53.05696000988509, 77.39967364763297], [-53.05696000988509, 77.32447888674119], [-53.400645982965955, 77.32447888674119]]], [[[-52.71115304107425, 77.33518200440997], [-53.05512559238516, 77.33518200440997], [-53.05512559238516, 77.41037676530175], [-52.71115304107425, 77.41037676530175], [-52.71115304107425, 77.33518200440997]]], [[[-52.36477350646796, 77.34542853080909], [-52.709020870075825, 77.34542853080909], [-52.709020870075825, 77.42062329170086], [-52.36477350646796, 77.42062329170086], [-52.36477350646796, 77.34542853080909]]], [[[-52.01784534814347, 77.35521731721114], [-52.36235566818189, 77.35521731721114], [-52.36235566818189, 77.43041207810292], [-52.01784534814347, 77.43041207810292], [-52.01784534814347, 77.35521731721114]]], [[[-53.798865630546175, 77.38883852943758], [-53.798865630546175, 77.46403329032935], [-53.453448998556254, 77.46403329032935], [-53.453448998556254, 77.38883852943758], [-53.798865630546175, 77.38883852943758]]], [[[-53.45191137612737, 77.40006621728061], [-53.45191137612737, 77.47526097817239], [-53.106190994792215, 77.47526097817239], [-53.106190994792215, 77.40006621728061], [-53.45191137612737, 77.40006621728061]]], [[[-52.75832589100485, 77.41083580091725], [-53.10433814320411, 77.41083580091725], [-53.10433814320411, 77.48603056180903], [-52.75832589100485, 77.48603056180903], [-52.75832589100485, 77.41083580091725]]], [[[-52.40987778948536, 77.42114606292645], [-52.756169937870844, 77.42114606292645], [-52.756169937870844, 77.49634082381823], [-52.40987778948536, 77.49634082381823], [-52.40987778948536, 77.42114606292645]]], [[[-51.589989786905946, 77.21288604238275], [-51.930716741086556, 77.21288604238275], [-51.930716741086556, 77.28808080327453], [-51.589989786905946, 77.28808080327453], [-51.589989786905946, 77.21288604238275]]], [[[-51.587115724790884, 77.22164720676544], [-51.587115724790884, 77.29684196765722], [-51.246158348789415, 77.29684196765722], [-51.246158348789415, 77.22164720676544], [-51.587115724790884, 77.22164720676544]]], [[[-51.243044465507545, 77.22995299519704], [-51.243044465507545, 77.30514775608881], [-50.97920731528919, 77.30514775608881], [-51.01037114315202, 77.22995299519704], [-51.243044465507545, 77.22995299519704]]], [[[-51.62994886592022, 77.28871455127158], [-51.97268078204289, 77.28871455127158], [-51.97268078204289, 77.36390931216336], [-51.62994886592022, 77.36390931216336], [-51.62994886592022, 77.28871455127158]]], [[[-51.284068934960956, 77.29752983683237], [-51.62703550487238, 77.29752983683237], [-51.62703550487238, 77.37272459772414], [-51.284068934960956, 77.37272459772414], [-51.284068934960956, 77.29752983683237]]], [[[-51.28091145193836, 77.30588700176986], [-51.28091145193836, 77.38108176266164], [-50.94773711335349, 77.38108176266164], [-50.978900941216324, 77.30588700176986], [-51.28091145193836, 77.30588700176986]]], [[[-52.01515407972055, 77.36454726274042], [-52.01515407972055, 77.43974202363219], [-51.670392745541285, 77.43974202363219], [-51.670392745541285, 77.36454726274042], [-52.01515407972055, 77.36454726274042]]], [[[-51.66744042930114, 77.37341731496004], [-51.66744042930114, 77.44861207585181], [-51.32244010610761, 77.44861207585181], [-51.32244010610761, 77.37341731496004], [-51.66744042930114, 77.37341731496004]]], [[[-45.70348233892425, 77.37575261044266], [-45.819087001065284, 77.37575261044266], [-46.04854563931165, 77.3866237418013], [-46.04854563931165, 77.45094737133444], [-45.70348233892425, 77.45094737133444], [-45.70348233892425, 77.37575261044266]]], [[[-45.69817885707679, 77.37668685373133], [-45.69817885707679, 77.4518816146231], [-45.35309035583841, 77.4518816146231], [-45.35309035583841, 77.37668685373133], [-45.69817885707679, 77.37668685373133]]], [[[-44.64690964416157, 77.37668685373133], [-44.64690964416157, 77.4518816146231], [-44.30182114292319, 77.4518816146231], [-44.30182114292319, 77.37668685373133], [-44.64690964416157, 77.37668685373133]]], [[[-45.00266535300426, 77.37715400218984], [-45.347766456806355, 77.37715400218984], [-45.347766456806355, 77.45234876308162], [-45.00266535300426, 77.45234876308162], [-45.00266535300426, 77.37715400218984]]], [[[-44.997334646995704, 77.37715400218984], [-44.997334646995704, 77.45234876308162], [-44.65223354319361, 77.45234876308162], [-44.65223354319361, 77.37715400218984], [-44.997334646995704, 77.37715400218984]]], [[[-51.319239263599044, 77.38182647043604], [-51.319239263599044, 77.45702123132781], [-50.974012055694246, 77.45702123132781], [-50.974012055694246, 77.38182647043604], [-51.319239263599044, 77.38182647043604]]]]}, "properties": {"tile": "N72W060_6x24", "epsg": 4326}}, {"type": "Feature", "geometry": {"type": "Polygon", "coordinates": [[[-8.960770446404863, 70.95815020502398], [-8.960770446404863, 70.9685643971149], [-8.593098787136089, 71.0636170262988], [-8.593098787136089, 71.03501917799588], [-8.500776747633191, 71.03501917799588], [-8.500776747633191, 71.06507476246917], [-8.587460139566469, 71.06507476246917], [-8.540648319956125, 71.077176828045], [-8.36999104271183, 71.18266721006367], [-8.366112097589774, 71.18483292002713], [-8.362056227039952, 71.18664577109351], [-8.357855450562186, 71.18809145151795], [-8.353542931631504, 71.18915854822315], [-8.349152715885568, 71.18983863690111], [-8.109755638719179, 71.21609685289611], [-8.083231234293782, 71.21609685289611], [-8.083231234293782, 71.21900617638822], [-8.00681873151058, 71.22738746502611], [-8.001734545006148, 71.22768419734142], [-7.996646547240697, 71.22746220360827], [-7.991607525178489, 71.2267237869675], [-7.986669757670611, 71.22547660834479], [-7.9818844730722995, 71.22373360697017], [-7.97730131775895, 71.22151286613601], [-7.972967841054851, 71.21883742558653], [-7.96892900191841, 71.215735042485], [-7.965226702501903, 71.21223790343866], [-7.961899353424989, 71.2083822905692], [-7.958981475272169, 71.20420820509283], [-7.957229206297181, 71.20106217464722], [-7.9902456158462964, 71.20106217464722], [-7.9902456158462964, 71.17080581908816], [-7.94548263385133, 71.17080581908816], [-7.9319320653598915, 71.13428967672488], [-7.930513557268248, 71.12984016569669], [-7.929516381132926, 71.1252777153297], [-7.928949236443612, 71.12064212901323], [-7.928817071041718, 71.11597384818378], [-7.929121037954788, 71.1113135995089], [-7.929858485337344, 71.10670203958259], [-7.931022979605918, 71.1021794002321], [-7.933045638838351, 71.09561105819638], [-7.9446285744636125, 71.09561105819638], [-7.9446285744636125, 71.06537411231932], [-7.94235682230082, 71.06537411231932], [-7.954313995230923, 71.0265446346071], [-7.955976886729252, 71.0219544695707], [-7.958079509003425, 71.01754835986159], [-7.960601815801379, 71.01336831301812], [-7.963519759628484, 71.00945418131128], [-7.966805521014653, 71.00584328179596], [-7.970427773743203, 71.00257004053276], [-7.974351983512791, 70.9996656643724], [-7.978540737184999, 70.9971578434318], [-7.982954099478552, 70.99507048709843], [-7.987549993709461, 70.99342349607997], [-7.992284602947155, 70.9922325726723], [-8.130113014621921, 70.9646399926151], [-8.130113014621921, 70.97529893859682], [-8.222238877904472, 70.97529893859682], [-8.222238877904472, 70.94619684125702], [-8.292528743572138, 70.93212515079729], [-8.296274591820984, 70.93152205744215], [-8.589416727631464, 70.89567447074627], [-8.589416727631464, 70.89926986690725], [-8.68073941991062, 70.89926986690725], [-8.68073941991062, 70.87351431209689], [-8.790387095530926, 70.83861953240738], [-8.816177285353668, 70.83861953240738], [-8.816177285353668, 70.83041194399364], [-8.93840155440022, 70.79151473147215], [-8.944160757001722, 70.7900524124694], [-8.950052765338457, 70.78928362821436], [-9.042289093463468, 70.78278948758935], [-9.046953244944008, 70.78267929911516], [-9.051607362406953, 70.78300432399787], [-9.05621092440529, 70.78376173238226], [-9.060723849657213, 70.78494492983147], [-9.065106846017022, 70.786543614742], [-9.078693346008931, 70.79223069615536], [-9.045002915484307, 70.79223069615536], [-9.045002915484307, 70.82205956728086], [-9.135504989798322, 70.82205956728086], [-9.135504989798322, 70.82093120170504], [-9.137395544918713, 70.82300306836318], [-9.14029076722031, 70.82686681703171], [-9.14279983277438, 70.83099179654617], [-9.144899346184602, 70.83533954416873], [-9.146569730860714, 70.83986951999462], [-9.147795411557407, 70.84453948496012], [-9.148564959603313, 70.84930589469434], [-9.1488711994659, 70.85412430554189], [-9.14871127565861, 70.85894978897106], [-9.148086679366417, 70.86373735050289], [-9.147003234541499, 70.86844234925535], [-9.145471043598686, 70.87302091419036], [-9.143504393217048, 70.87743035318253], [-9.141121621125953, 70.88162955109537], [-9.13834494511772, 70.88557935315302], [-9.135200255881234, 70.88924293003295], [-9.131716875588195, 70.89258612127537], [-9.127927284483025, 70.8955777538071], [-9.12532115584963, 70.89725432817264], [-9.096100351220706, 70.89725432817264], [-9.096100351220706, 70.91107172124644], [-8.992565349697122, 70.95815020502398], [-8.960770446404863, 70.95815020502398]], [[-8.866061770145713, 70.91381429329915], [-8.7746521011327, 70.91381429329915], [-8.7746521011327, 70.94375734250549], [-8.866061770145713, 70.94375734250549], [-8.866061770145713, 70.91381429329915]], [[-9.001219831363864, 70.88295544413221], [-9.001219831363864, 70.85306928361922], [-8.910264571895585, 70.85306928361922], [-8.910264571895585, 70.88295544413221], [-9.001219831363864, 70.88295544413221]], [[-8.223320283878385, 71.18600282448325], [-8.316559214267452, 71.18600282448325], [-8.316559214267452, 71.15583642957257], [-8.223320283878385, 71.15583642957257], [-8.223320283878385, 71.18600282448325]], [[-8.36249972209197, 71.09547682290976], [-8.36249972209197, 71.12558803345436], [-8.455279658706399, 71.12558803345436], [-8.455279658706399, 71.09547682290976], [-8.36249972209197, 71.09547682290976]], [[-8.176452496385421, 71.0806416686808], [-8.269132302094485, 71.0806416686808], [-8.269132302094485, 71.0504936994886], [-8.176452496385421, 71.0504936994886], [-8.176452496385421, 71.0806416686808]], [[-8.314997596505053, 70.9901889674628], [-8.314997596505053, 71.02028206201798], [-8.407223957567282, 71.02028206201798], [-8.407223957567282, 70.9901889674628], [-8.314997596505053, 70.9901889674628]], [[-8.544423978618743, 70.92978663728348], [-8.452649999788965, 70.92978663728348], [-8.452649999788965, 70.9598244171041], [-8.544423978618743, 70.9598244171041], [-8.544423978618743, 70.92978663728348]], [[-8.730023781142672, 70.97446462779902], [-8.63815850834537, 70.97446462779902], [-8.63815850834537, 71.00446415504328], [-8.730023781142672, 71.00446415504328], [-8.730023781142672, 70.97446462779902]], [[-7.991306928795628, 71.03550493798426], [-8.083881782746493, 71.03550493798426], [-8.083881782746493, 71.00532165413506], [-7.991306928795628, 71.00532165413506], [-7.991306928795628, 71.03550493798426]], [[-8.037007628569265, 71.11069969887603], [-8.037007628569265, 71.14090209200434], [-8.130141906845074, 71.14090209200434], [-8.130141906845074, 71.11069969887603], [-8.037007628569265, 71.11069969887603]]]}, "properties": {"tile": "N66W018_6x18", "epsg": 4326}}, {"type": "Feature", "geometry": {"type": "MultiPolygon", "coordinates": [[[[-1.20065833203245, 60.03063459627334], [-1.20065833203245, 60.080705962096836], [-1.2544965126059016, 60.080705962096836], [-1.2544965126059016, 60.02844394823999], [-1.3590838578986852, 60.02844394823999], [-1.3464208815362149, 60.057369083154605], [-1.3319842749976551, 60.10363870913175], [-1.3052389918970215, 60.10363870913175], [-1.3052389918970215, 60.13069319784238], [-1.337833481198661, 60.13069319784238], [-1.345114247084361, 60.13866524624709], [-1.4038628639237205, 60.13943037545849], [-1.470640653039616, 60.12458086709714], [-1.4753540368881048, 60.12376711278925], [-1.4801236105042914, 60.123407458932654], [-1.4849057262162477, 60.123505196818094], [-1.4896566215758993, 60.12405943201946], [-1.494332819841149, 60.12506509257892], [-1.4988915278434294, 60.12651297542181], [-1.5032910275996856, 60.12838983057645], [-1.5074910580850416, 60.13067848242828], [-1.5114531836724447, 60.133357986898595], [-1.5151411458675947, 60.13640382310954], [-1.5185211951203368, 60.13978811778138], [-1.5215623996760195, 60.14347990030846], [-1.5369432590510195, 60.164085369058455], [-1.5395587058780957, 60.167953763275364], [-1.5418018648091776, 60.17204928203769], [-1.543653170979837, 60.17633620417194], [-1.5449854831465146, 60.18043561927715], [-1.6120499600473628, 60.17911130808771], [-1.6167813673389866, 60.17924195427551], [-1.621479221161716, 60.17981940803633], [-1.6261014225753532, 60.18083849462607], [-1.6544217350753532, 60.18850451025107], [-1.658997372604538, 60.18998262180077], [-1.6634098668902755, 60.191893424441076], [-1.66761840893936, 60.19421924609652], [-1.671584076012686, 60.19693857638455], [-1.6752701916025532, 60.200026265554456], [-1.6786426646356765, 60.203453757085114], [-1.681670304764787, 60.20718935179017], [-1.7003714766397813, 60.232677633040176], [-1.7028764397434446, 60.23643664047742], [-1.7050319239809373, 60.24040638414244], [-1.7068203363096883, 60.24455446302384], [-1.7082270797246781, 60.24884702053986], [-1.7092406723990596, 60.253249020875444], [-1.7129516098990483, 60.273512692750444], [-1.7135978491681274, 60.27837963590733], [-1.7137636485617147, 60.28328649553914], [-1.7134474094579155, 60.28818596017463], [-1.7126521810039215, 60.2930307896444], [-1.711385630716426, 60.297774270566094], [-1.7096599705521602, 60.30237066675035], [-1.7074918391613763, 60.3067756601848], [-1.7049021414595706, 60.310946778344054], [-1.7019158470642906, 60.31484380370578], [-1.6985617495404681, 60.318429161524165], [-1.6948721887756224, 60.32166828212206], [-1.6908827391617567, 60.32452993420847], [-1.6866318665904734, 60.32698652600768], [-1.682160557568526, 60.329014371296516], [-1.6775119240298417, 60.33059391778467], [-1.6727307876543784, 60.33170993563597], [-1.5856214126543955, 60.34757907626097], [-1.5814638701262114, 60.34815738024678], [-1.5772724718001119, 60.34838492243109], [-1.5730767579731189, 60.3482600991334], [-1.5008854869672927, 60.34307295911457], [-1.456334632729402, 60.35810478768383], [-1.4202928759382851, 60.35810478768383], [-1.4202928759382851, 60.38527086009742], [-1.4606668404492085, 60.38527086009742], [-1.4810662147159623, 60.42218907619713], [-1.526386828534859, 60.42800741373118], [-1.526386828534859, 60.435123697535325], [-1.5678728264158392, 60.435123697535325], [-1.5692980986929055, 60.43568106648535], [-1.5736648957548307, 60.43790372680616], [-1.5966141145048307, 60.45103849243117], [-1.6006979914843122, 60.45364638822391], [-1.6045102553228487, 60.45663734393651], [-1.6080151025016243, 60.45998326950394], [-1.6111796166572332, 60.4636527411019], [-1.613974077721257, 60.467611296269006], [-1.6163722410412995, 60.471821757566744], [-1.618351583862067, 60.4762445817377], [-1.619893516851623, 60.48083823108273], [-1.6209835586862342, 60.48555956356924], [-1.6216114720541641, 60.490364238006876], [-1.6217713598011148, 60.49520713048532], [-1.6214617203143435, 60.50004275816304], [-1.6206854616253146, 60.50482570642714], [-1.619449874098429, 60.509511055412304], [-1.61776656196234, 60.5140548018733], [-1.6156513343268804, 60.5184142724489], [-1.613124056709142, 60.522548524435926], [-1.6102084644631218, 60.52641873030956], [-1.5910678394631161, 60.549416777184554], [-1.5879218257851329, 60.55285707247161], [-1.5844690711386868, 60.55598940691666], [-1.5807395910570472, 60.558786550467644], [-1.5767658067067691, 60.561224186958526], [-1.5725822630435717, 60.563281125494875], [-1.5682253285056627, 60.56493948467086], [-1.5637328788551406, 60.566184848016114], [-1.5207466064239628, 60.57596846199239], [-1.4459320494984118, 60.637378200108714], [-1.4421244464303198, 60.64021211503167], [-1.438065281334448, 60.642672215362786], [-1.4337911336448248, 60.64473633174564], [-1.4293405201253027, 60.6463858632593], [-1.4247535477732014, 60.647605945041704], [-1.37450940714819, 60.6584457887917], [-1.3685062746997985, 60.65936363941162], [-1.3624361469731077, 60.65954693789792], [-1.3001802875981077, 60.657642641022925], [-1.2953994791229173, 60.657266319489736], [-1.2906767124113656, 60.656433719849424], [-1.2860554326621232, 60.655152501268525], [-1.281578151485245, 60.65343444980365], [-1.2772860558336578, 60.65129536998036], [-1.2732186291203036, 60.64875493940577], [-1.2694132880063116, 60.64583652775233], [-1.2659050382014294, 60.64256698177783], [-1.262726152443031, 60.63897637835949], [-1.25990587361601, 60.63509774781371], [-1.2574701457445858, 60.63096677004699], [-1.255441375330656, 60.626621446332884], [-1.253838225234165, 60.622101749734554], [-1.2526754429916098, 60.6174492573886], [-1.2519637251519884, 60.61270676803284], [-1.2517096188781884, 60.607917908296486], [-1.2519154617189863, 60.60312673137451], [-1.2528789032859093, 60.592558292201495], [-1.2774764078448593, 60.592558292201495], [-1.2774764078448593, 60.565289656331466], [-1.255364770578173, 60.565289656331466], [-1.2574467169018615, 60.54245181765106], [-1.2543085396499685, 60.53177165308862], [-1.2524064980817415, 60.53244401938967], [-1.2478206194096988, 60.533821921122126], [-1.2431239626921837, 60.53475482629245], [-1.2383596035912787, 60.535234178706254], [-1.2335712387054387, 60.53525558195481], [-1.2288027848035805, 60.53481883973696], [-1.2240979760398656, 60.53392795765954], [-1.2194999628433445, 60.53259110649969], [-1.21505091616127, 60.530820547266075], [-1.2107916406857855, 60.5286325187464], [-1.206761200611302, 60.52604708857233], [-1.2029965613549516, 60.52308796916809], [-1.1390598954565512, 60.46767886108833], [-1.1277581640769758, 60.46765112677819], [-1.1106590142550559, 60.474658975065864], [-1.1495664793489477, 60.51514219249606], [-1.1161584874895132, 60.51514219249606], [-1.1161584874895132, 60.54239204131422], [-1.1712067436018057, 60.54239204131422], [-1.1712067436018057, 60.53765888745116], [-1.2015773181070584, 60.56925947022387], [-1.2049064294917176, 60.573095738706826], [-1.2078291496804863, 60.577249970908206], [-1.210315316272934, 60.5816792952539], [-1.2123392720910018, 60.58633800122566], [-1.2138801299604485, 60.59117801109248], [-1.214921988265976, 60.596149376071644], [-1.2154540950555075, 60.601200791798874], [-1.2154709590000679, 60.60628012778817], [-1.214972406064164, 60.61133496541711], [-1.2139635813018277, 60.61631313888573], [-1.2124548957597823, 60.62116327356633], [-1.210461919035699, 60.625835316188365], [-1.2080052186003316, 60.630281051386916], [-1.152249861367674, 60.72007771191983], [-1.1242474208444881, 60.72007771191983], [-1.1242474208444881, 60.74742002984964], [-1.135215783716817, 60.74742002984964], [-1.1330607788062648, 60.75054501126371], [-1.1299660829278158, 60.75422030914426], [-1.1265329104585984, 60.757581601141005], [-1.1227929632542677, 60.76059784914136], [-1.1187807759231174, 60.763241201163055], [-1.1145333969340991, 60.76548724853888], [-1.110090046511897, 60.76731525130593], [-1.1054917544780456, 60.768708329718024], [-1.1007809813822618, 60.76965362011302], [-1.0960012264224577, 60.77014239369562], [-1.0911966257738943, 60.770170137138976], [-1.0035013132739057, 60.76645919963897], [-0.9985303223031579, 60.765999401205946], [-0.9936299598738288, 60.765046188799666], [-0.9888490770439556, 60.76360906486719], [-0.9857124811761223, 60.76231281253365], [-0.9765229436909664, 60.80719689608388], [-0.9752140421587271, 60.81223768389459], [-0.9733879097191248, 60.81711497876846], [-0.9710643582765474, 60.821775866416466], [-0.9693353387175064, 60.824493251945796], [-0.9181385007704732, 60.824493251945796], [-0.9181385007704732, 60.85188935935612], [-0.9436763685991268, 60.85188935935612], [-0.9412731987398087, 60.853485837832615], [-0.9366417595974412, 60.855907632061154], [-0.9317828226937984, 60.857832741923275], [-0.9267494773872984, 60.85924013342543], [-0.9023354148872984, 60.864708883425436], [-0.8975323970163692, 60.86554125282848], [-0.8926711517856065, 60.86590196642398], [-0.887797884007682, 60.865787595727404], [-0.882958912766305, 60.865199227801085], [-0.8782002311659405, 60.86414245492201], [-0.8735670691798721, 60.86262732142874], [-0.8704116656004426, 60.86142221341962], [-0.8500358755566674, 60.874223003870654], [-0.8458339452602984, 60.87658296620693], [-0.8145068777508753, 60.87658296620693], [-0.8145068777508753, 60.88164421732803], [-0.8003400033640524, 60.88122848512255], [-0.7955096673174072, 60.880851896406924], [-0.790738457244141, 60.8800095664116], [-0.7860711728322943, 60.878709404266644], [-0.781551637950956, 60.87696361795652], [-0.7772222891622688, 60.874788599692195], [-0.7731237772596723, 60.87220477199505], [-0.746271181306661, 60.853398432630804], [-0.7638186330174985, 60.853398432630804], [-0.7638186330174985, 60.82599612277934], [-0.7262784780949967, 60.82599612277934], [-0.7251538404998938, 60.82133523166097], [-0.7244797345025351, 60.816564045635126], [-0.7242680308123562, 60.81175012659381], [-0.7243168589373733, 60.80027551721881], [-0.7245439281282539, 60.79572378530385], [-0.7251845035602639, 60.79121163648549], [-0.7262332633778509, 60.786776557378175], [-0.7276814945583487, 60.78245539430662], [-0.7295171652991563, 60.77828404718915], [-0.7317250249771039, 60.774297171283685], [-0.7461735192322703, 60.750801361887575], [-0.7609908351122374, 60.750801361887575], [-0.7609908351122374, 60.72670578323908], [-0.7758709949835997, 60.702508009135656], [-0.7754995263074695, 60.6849959144041], [-0.7756273488720835, 60.68020896366702], [-0.7762125205590589, 60.6754561949935], [-0.7772496738843814, 60.670781203127525], [-0.7787292955649961, 60.666226869405726], [-0.780637813779343, 60.66183496842862], [-0.7829577226548138, 60.65764578488326], [-0.7856677428402699, 60.6536977440322], [-0.788743016690772, 60.65002705925799], [-0.7921553362741882, 60.64666739989611], [-0.7958734021082934, 60.64364958240321], [-0.799863110255094, 60.641001287693285], [-0.8040878651390084, 60.63874680723472], [-0.8085089152195779, 60.63690682023685], [-0.8130857084397541, 60.6354982039701], [-0.8177762641894153, 60.63453387895925], [-0.822537558372276, 60.63402269047007], [-0.82732591804417, 60.63396932737609], [-0.9109684961691643, 60.637045499251094], [-0.9115206715997586, 60.637094736547176], [-0.9115206715997586, 60.646753714737784], [-0.9386905797277081, 60.646753714737784], [-0.9398988434156851, 60.64759939633593], [-0.9490138947993221, 60.65471523570605], [-0.9514827985142178, 60.646753714737784], [-0.966858986140771, 60.646753714737784], [-0.966858986140771, 60.620945325460156], [-0.9695720194821631, 60.61859689016626], [-0.9737110831039036, 60.615689907494634], [-0.9781226577109514, 60.613215962183126], [-0.9827615998440189, 60.61120037001109], [-0.9875804394013906, 60.60966375644932], [-0.9877779822188533, 60.60962217142416], [-0.986689116898753, 60.605396609866155], [-0.9855496773182505, 60.59955542897315], [-0.9851123266021828, 60.5936202422757], [-0.9842334203521885, 60.5308761016507], [-0.9844004593736202, 60.52603273765736], [-0.98503560461755, 60.52122829520003], [-0.9861328892559851, 60.51650790928055], [-0.9876820049244064, 60.5119159252374], [-0.9896683985629852, 60.507495482146574], [-0.9979691798129852, 60.49118688839658], [-1.0003468668119642, 60.487022400408684], [-1.003112570676784, 60.483104845329485], [-1.0062408509635479, 60.47947025895496], [-1.0097029320538167, 60.4761520741815], [-1.0103907796204055, 60.47560909994844], [-1.0103907796204055, 60.492140065458116], [-1.0653137622012057, 60.492140065458116], [-1.0653137622012057, 60.464909444384205], [-1.0103907796204055, 60.464909444384205], [-1.0103907796204055, 60.471493377482254], [-1.0081417093373304, 60.46766726290199], [-1.006076310891101, 60.463198135389625], [-1.0044604493341938, 60.45854754801894], [-1.0033097913954747, 60.45376059097177], [-1.0026354933809207, 60.4488836766142], [-1.0024440930066645, 60.44396408950142], [-1.00273744601199, 60.439049527926095], [-1.003512708166848, 60.43418764145532], [-1.012869984259981, 60.38971468349244], [-1.0614334186414813, 60.38971468349244], [-1.0614334186414813, 60.362530585384846], [-1.0194393257305334, 60.362530585384846], [-1.048730797185291, 60.287335824493084], [-1.0575808522089636, 60.287335824493084], [-1.0575808522089636, 60.26461665955076], [-1.087101449276212, 60.18883370541401], [-1.0891550827456113, 60.18425543596149], [-1.0916572497523245, 60.179906054180464], [-1.1061969349922052, 60.15733421545767], [-1.112155536832936, 60.13289270526569], [-1.1543093778603284, 60.13289270526569], [-1.1543093778603284, 60.1058293571651], [-1.1193085742791065, 60.1058293571651], [-1.1203362771517937, 60.103289575542405], [-1.122579220318999, 60.098996172622556], [-1.1252270922905256, 60.09493995804417], [-1.1282550410904402, 60.0911590019814], [-1.1316346474781183, 60.087688791130766], [-1.1335955298385458, 60.08603143177428], [-1.1439540827916284, 60.03063459627334], [-1.20065833203245, 60.03063459627334]], [[-1.4856957360293057, 60.56287285208476], [-1.4305471219586106, 60.56287285208476], [-1.4305471219586106, 60.590131588747695], [-1.4856957360293057, 60.590131588747695], [-1.4856957360293057, 60.56287285208476]], [[-1.5868891778019028, 60.5375485778188], [-1.5868891778019028, 60.510318458427086], [-1.531889269176777, 60.510318458427086], [-1.531889269176777, 60.5375485778188], [-1.5868891778019028, 60.5375485778188]], [[-1.4802799507192301, 60.46046562098918], [-1.4254013683142206, 60.46046562098918], [-1.4254013683142206, 60.487678091193], [-1.4802799507192301, 60.487678091193], [-1.4802799507192301, 60.46046562098918]], [[-1.5753876409014231, 60.332745111436736], [-1.5753876409014231, 60.305607711936126], [-1.5209241478302282, 60.305607711936126], [-1.5209241478302282, 60.332745111436736], [-1.5753876409014231, 60.332745111436736]], [[-1.4695647989716627, 60.255790483071564], [-1.4152212430402153, 60.255790483071564], [-1.4152212430402153, 60.28291002679207], [-1.4695647989716627, 60.28291002679207], [-1.4695647989716627, 60.255790483071564]], [[-1.5696985773209915, 60.230412951044364], [-1.5696985773209915, 60.2033221083373], [-1.5155007991475826, 60.2033221083373], [-1.5155007991475826, 60.230412951044364], [-1.5696985773209915, 60.230412951044364]], [[-1.4642645987652652, 60.1535228376271], [-1.410186073584449, 60.1535228376271], [-1.410186073584449, 60.1805957221798], [-1.4642645987652652, 60.1805957221798], [-1.4642645987652652, 60.1535228376271]], [[-1.6755007905802481, 60.25303593845566], [-1.6211843892919422, 60.25303593845566], [-1.6211843892919422, 60.28014429763167], [-1.6755007905802481, 60.28014429763167], [-1.6755007905802481, 60.25303593845566]], [[-0.9148174252049159, 60.749298491054034], [-0.9704289142603438, 60.749298491054034], [-0.9704289142603438, 60.721948475629546], [-0.9148174252049159, 60.721948475629546], [-0.9148174252049159, 60.749298491054034]], [[-1.0176932916017138, 60.66980660130056], [-1.0176932916017138, 60.69712987795447], [-1.0731589966228594, 60.69712987795447], [-1.0731589966228594, 60.66980660130056], [-1.0176932916017138, 60.66980660130056]], [[-1.0140286970889942, 60.56733482634988], [-1.0140286970889942, 60.594611840408795], [-1.069222185763626, 60.594611840408795], [-1.069222185763626, 60.56733482634988], [-1.0140286970889942, 60.56733482634988]], [[-1.3145718875961296, 60.308183966850144], [-1.3145718875961296, 60.3353318426933], [-1.3690608641226805, 60.3353318426933], [-1.3690608641226805, 60.308183966850144], [-1.3145718875961296, 60.308183966850144]], [[-1.2635897148673871, 60.25817799790373], [-1.2092226155371009, 60.25817799790373], [-1.2092226155371009, 60.285307237453566], [-1.2635897148673871, 60.285307237453566], [-1.2635897148673871, 60.25817799790373]], [[-1.1081866265992386, 60.31039239460813], [-1.1081866265992386, 60.33754925238158], [-1.1626974541976638, 60.33754925238158], [-1.1626974541976638, 60.31039239460813], [-1.1081866265992386, 60.31039239460813]], [[-1.3641116227837369, 60.205887958734145], [-1.3098886279904811, 60.205887958734145], [-1.3098886279904811, 60.23298920595838], [-1.3641116227837369, 60.23298920595838], [-1.3641116227837369, 60.205887958734145]], [[-1.2590268902451174, 60.18298323701197], [-1.2590268902451174, 60.1559007229886], [-1.2049250677595382, 60.1559007229886], [-1.2049250677595382, 60.18298323701197], [-1.2590268902451174, 60.18298323701197]], [[-1.1584884275145046, 60.20808746615745], [-1.1042438105095629, 60.20808746615745], [-1.1042438105095629, 60.23519763371637], [-1.1584884275145046, 60.23519763371637], [-1.1584884275145046, 60.20808746615745]], [[-1.324040740915505, 60.54015648032695], [-1.3790666782757768, 60.54015648032695], [-1.3790666782757768, 60.51291573862134], [-1.324040740915505, 60.51291573862134], [-1.324040740915505, 60.54015648032695]], [[-1.2179114861437956, 60.490094895439704], [-1.2728141148241983, 60.490094895439704], [-1.2728141148241983, 60.462872594548735], [-1.2179114861437956, 60.462872594548735], [-1.2179114861437956, 60.490094895439704]], [[-1.3740457533319983, 60.41052660358506], [-1.3192891352845968, 60.41052660358506], [-1.3192891352845968, 60.437720977729576], [-1.3740457533319983, 60.437720977729576], [-1.3740457533319983, 60.41052660358506]], [[-1.268185337642257, 60.38767783365697], [-1.268185337642257, 60.36050199834533], [-1.2135513088826027, 60.36050199834533], [-1.2135513088826027, 60.38767783365697], [-1.268185337642257, 60.38767783365697]], [[-1.166936782968531, 60.41274401327334], [-1.1121580816891128, 60.41274401327334], [-1.1121580816891128, 60.439947431604296], [-1.166936782968531, 60.439947431604296], [-1.166936782968531, 60.41274401327334]], [[-1.3841240324640967, 60.642638219322286], [-1.3841240324640967, 60.61535124121871], [-1.328827079733711, 60.61535124121871], [-1.328827079733711, 60.642638219322286], [-1.3841240324640967, 60.642638219322286]], [[-1.1755076706739789, 60.644882951028066], [-1.1755076706739789, 60.617586802205984], [-1.120188160250441, 60.617586802205984], [-1.120188160250441, 60.644882951028066], [-1.1755076706739789, 60.644882951028066]], [[-0.8115591005948523, 60.80138820531517], [-0.8673159509633104, 60.80138820531517], [-0.8673159509633104, 60.774011844155595], [-0.8115591005948523, 60.774011844155595], [-0.8115591005948523, 60.80138820531517]], [[-0.8641156883938955, 60.67148690241483], [-0.808632966668193, 60.67148690241483], [-0.808632966668193, 60.69881708326383], [-0.8641156883938955, 60.69881708326383], [-0.8641156883938955, 60.67148690241483]]], [[[-7.28981929331144, 62.00288091271309], [-7.390347336182813, 62.026085773572504], [-7.394903070387297, 62.02736723026959], [-7.3993172430200325, 62.02907366672513], [-7.403550308664195, 62.031189795421746], [-7.407564344393049, 62.033696658516504], [-7.411323389511522, 62.03657179767934], [-7.414793767718654, 62.03978945529131], [-7.417944388804759, 62.043320805200366], [-7.420747027180473, 62.047134210967315], [-7.4642528865554905, 62.11261272659231], [-7.466781763830647, 62.116860404129454], [-7.468878828348092, 62.12133704406829], [-7.470523580895564, 62.12599888638544], [-7.471699943698005, 62.13080036066834], [-7.472396417580933, 62.13569453157491], [-7.472606194377102, 62.140633557635596], [-7.472327223477653, 62.145569158913005], [-7.47156223187722, 62.150453088947685], [-7.4703186975170235, 62.15523760637657], [-7.468608776186548, 62.159875941614125], [-7.466449182698338, 62.16432275403405], [-7.463861027497473, 62.16853457518275], [-7.460869610302866, 62.17247023369183], [-7.4575041727976075, 62.17609125773629], [-7.453797612785848, 62.179362251103996], [-7.449786162610376, 62.18225123920055], [-7.445509034974451, 62.18472998160716], [-7.4410080396300184, 62.186774248136196], [-7.436327174679279, 62.18836405568596], [-7.431512196484716, 62.189483863579404], [-7.42661017239177, 62.190122725477245], [-7.4216690206364175, 62.19027439638056], [-7.339380028005443, 62.18872972245746], [-7.241439807065391, 62.2008426371743], [-7.236902152154786, 62.20119511520524], [-7.232351244754531, 62.20113351419611], [-7.227824792869367, 62.20065834456185], [-7.223360301870014, 62.19977354347306], [-7.179185247549791, 62.18890790511203], [-7.222421953112829, 62.18890790511203], [-7.222421953112829, 62.16172158020555], [-7.164499742045228, 62.16172158020555], [-7.164499742045228, 62.184110906290236], [-7.146712335761335, 62.176426901617], [-7.2106850246487095, 62.253714103339306], [-7.213573272823716, 62.25756713208468], [-7.216077481701759, 62.26168012927994], [-7.217249369852755, 62.264102666003794], [-7.192109223155683, 62.264102666003794], [-7.192109223155683, 62.291326375321624], [-7.221784028394305, 62.291326375321624], [-7.221398347838009, 62.294334683320066], [-7.220329386444255, 62.29902990744377], [-7.218813721967262, 62.303600527667136], [-7.216865412381805, 62.30800415092445], [-7.214502528499345, 62.3121999330674], [-7.211746986359032, 62.31614895769964], [-7.208624343953737, 62.319814597131135], [-7.205163564176519, 62.32316285210451], [-7.201396746186225, 62.32616266714232], [-7.197358827683838, 62.32878621859049], [-7.193087260860992, 62.33100917268607], [-7.188621665026282, 62.33281091125593], [-7.184003459131298, 62.33417472295284], [-7.179275477604737, 62.335087958255265], [-7.154214012435097, 62.338686997845144], [-7.154214012435097, 62.32174669279575], [-7.09580024306762, 62.32174669279575], [-7.09580024306762, 62.34707571203741], [-6.965750086979742, 62.36575202075527], [-6.961208881106146, 62.36619386308364], [-6.956646305344892, 62.36621989868114], [-6.95210035276701, 62.365829910746484], [-6.947608878020453, 62.36502714675217], [-6.943209282110268, 62.363818291402424], [-6.933811357940101, 62.360768555455586], [-6.933811357940101, 62.33433106832583], [-6.875256842477202, 62.33433106832583], [-6.875256842477202, 62.3417669326053], [-6.797545690736697, 62.31654875796992], [-6.810340182813636, 62.31654875796992], [-6.810340182813636, 62.28921767256923], [-6.751858735752935, 62.28921767256923], [-6.751858735752935, 62.30573905216087], [-6.620281299325093, 62.27670640706505], [-6.615651021443862, 62.27544899021942], [-6.6111625840340595, 62.273753555172185], [-6.606857317651404, 62.27163571387608], [-6.603696145803992, 62.26968382020094], [-6.602163667700965, 62.28075395807675], [-6.60456305844417, 62.35402766000371], [-6.604481507180493, 62.358953731197275], [-6.60391555121053, 62.363847862565834], [-6.602870685475051, 62.3686625363458], [-6.6013570547125715, 62.37335100623773], [-6.599389354962762, 62.3778677512723], [-6.596986690880664, 62.38216891777933], [-6.594172390247093, 62.3862127451689], [-6.590973777476151, 62.38995997139028], [-6.587421908318905, 62.39337421413245], [-6.583551268339027, 62.396422324064666], [-6.579399438087928, 62.39907470668765], [-6.575006728230258, 62.40130560967052], [-6.57041578816237, 62.40309337288352], [-6.568020249094459, 62.403763507275286], [-6.5567414258176475, 62.403763507275286], [-6.5567414258176475, 62.405583457686774], [-6.555906339171809, 62.405646727893156], [-6.5509808908950795, 62.40553364701091], [-6.5460904824151305, 62.404936375789504], [-6.541282595349542, 62.4038607132136], [-6.536603910104651, 62.40231710303227], [-6.5320998526493685, 62.40032053235929], [-6.527814153468483, 62.39789038616129], [-6.523788422977647, 62.39505025904656], [-6.492389058812167, 62.37049482814829], [-6.492389058812167, 62.358319567712954], [-6.476820387351979, 62.358319567712954], [-6.446256201121513, 62.33441727596625], [-6.3838246757893815, 62.303429033436245], [-6.37947598158236, 62.300993167161565], [-6.375391422151339, 62.29813642774944], [-6.3716115891712395, 62.29488720500287], [-6.368174045995995, 62.29127778915919], [-6.365112954360169, 62.287344049995056], [-6.362458734885296, 62.28312508035858], [-6.360237764764779, 62.27866280767103], [-6.358472115631718, 62.274001577259085], [-6.357179334214677, 62.26918771165834], [-6.356372267961196, 62.26426905026759], [-6.3560589373619925, 62.25929447392886], [-6.356242456244651, 62.254313419157626], [-6.356921000828919, 62.249375386850986], [-6.358087827851136, 62.244529450355884], [-6.359731341577669, 62.239823767786376], [-6.361835209041391, 62.23530510343621], [-6.364378522356003, 62.23101836304309], [-6.3978357335592255, 62.18054205972629], [-6.44242295221662, 62.18054205972629], [-6.44242295221662, 62.15319289430622], [-6.416663169870118, 62.15319289430622], [-6.418171683208882, 62.15150161493387], [-6.421667423683506, 62.14826374570261], [-6.425455500827999, 62.14537333566732], [-6.429501512843046, 62.142856634374205], [-6.43376871546816, 62.14073649749633], [-6.438218355678328, 62.1390321792676], [-6.442810023623463, 62.13775915762352], [-6.447502019614482, 62.13692899363673], [-6.452251732823174, 62.136549226524046], [-6.4570160282566755, 62.136623305178276], [-6.461751638492199, 62.13715055684674], [-6.532601247867188, 62.14847868184674], [-6.538010370193227, 62.14965383254348], [-6.543256449013526, 62.15141968658879], [-6.562690042763521, 62.15918335846379], [-6.56731339460894, 62.16130922181858], [-6.571696725897986, 62.16389400113221], [-6.575794634650985, 62.16691092359424], [-6.579564675258049, 62.17032874031121], [-6.582967798125223, 62.174112049978774], [-6.588799860674747, 62.18129997420382], [-6.6066392293200025, 62.08453811271577], [-6.607796390282466, 62.079652144125795], [-6.609437758852356, 62.07490687071186], [-6.611546782345953, 62.07035014705789], [-6.6139408107202975, 62.06630088652026], [-6.636046943261295, 62.06630088652026], [-6.636046943261295, 62.04772368428162], [-6.637086718557944, 62.0472416967095], [-6.641831028883899, 62.045597546446814], [-6.646716318234372, 62.04443752122407], [-6.6516933200089285, 62.04377331952932], [-6.6567118427163, 62.04361163962693], [-6.697336842716306, 62.04434406150193], [-6.701884157468301, 62.04463369768525], [-6.7060634556151015, 62.04528574281985], [-6.686584487155704, 62.02510640695517], [-6.683507414253449, 62.02160593551467], [-6.680769644209053, 62.01783415965501], [-6.6783949646062, 62.01382385109639], [-6.676404008255122, 62.00960985409122], [-6.676213867323791, 62.00908591987482], [-6.73224262211358, 62.00908591987482], [-6.73224262211358, 61.98186993887711], [-6.674603293577643, 61.98186993887711], [-6.674603293577643, 62.00455100396531], [-6.666659777045879, 61.97900807954883], [-6.665409986416895, 61.97413800886146], [-6.664655617732532, 61.96916704386417], [-6.6644042990377, 61.96414545009029], [-6.664658571623324, 61.95912400502254], [-6.665415864329249, 61.954153484639946], [-6.666668519543368, 61.949284149979974], [-6.668403870634057, 61.94456523890768], [-6.67060437003296, 61.94004446823094], [-6.673247766672938, 61.935767551196435], [-6.676307330986999, 61.93177773524525], [-6.686482008444256, 61.91980752647199], [-6.6494778169636275, 61.910145711011396], [-6.644590384756611, 61.90859796335566], [-6.639887129808835, 61.906557887553085], [-6.635417497470389, 61.90404693093395], [-6.63122847701534, 61.90109149120166], [-6.627364107643188, 61.89772263891348], [-6.591084810768165, 61.862664045163484], [-6.58777927983624, 61.85914564187219], [-6.585582307529478, 61.8563009447721], [-6.585582307529478, 61.83424617975277], [-6.576446787592357, 61.83424617975277], [-6.576228854813143, 61.83301125745459], [-6.57359213606316, 61.81225930432959], [-6.573209467867605, 61.80722612138767], [-6.573336222807874, 61.80218000420119], [-6.573971109029787, 61.797172381515736], [-6.575107655934113, 61.79225428975074], [-6.576734280123269, 61.78747585284921], [-6.578834403456373, 61.78288577142723], [-6.5984144815813615, 61.74523928705223], [-6.60094851914316, 61.74091207603364], [-6.603903250162922, 61.73686045090723], [-6.60724895465412, 61.73312516470379], [-6.61095198004678, 61.72974378857781], [-6.614975079679853, 61.726750333900284], [-6.61927778744455, 61.724174910157345], [-6.623816824810289, 61.722043422095815], [-6.62854653613923, 61.72037730916178], [-6.633419347910795, 61.71919332985329], [-6.6383862472371, 61.718503393155906], [-6.643397274856177, 61.718314438756934], [-6.670789852981194, 61.71865623563193], [-6.675261528064995, 61.718912663885995], [-6.679692313427561, 61.719568235831275], [-6.684046653552058, 61.720617690730144], [-6.688289606368195, 61.72205260707077], [-6.69238712365022, 61.72386147014687], [-6.719447790972348, 61.73728648206174], [-6.719447790972348, 61.747115852141555], [-6.739260757649953, 61.747115852141555], [-6.783493277342836, 61.76905995635868], [-6.840204695325114, 61.78832113547782], [-6.840204695325114, 61.79214943231478], [-6.851476494457343, 61.79214943231478], [-6.855239799667472, 61.79342758225903], [-6.859730912998395, 61.79519908080883], [-6.864030238531621, 61.797395465570766], [-6.868097692268992, 61.79999625894155], [-6.871895352027867, 61.802977212886], [-6.896700039527861, 61.824461587886], [-6.9008013910502495, 61.8284465591309], [-6.904420904618604, 61.832873770630414], [-6.907511235431628, 61.83768531254533], [-6.928312016681645, 61.87455054692033], [-6.930525380990209, 61.87897054210205], [-6.932291483239273, 61.88358749150775], [-6.9335930613059915, 61.888356268447914], [-6.934417393389863, 61.893230262250164], [-6.93475642235733, 61.898161833838216], [-6.934606834493298, 61.903102781362705], [-6.933970091889831, 61.9080048113326], [-6.93285241815547, 61.91282001064233], [-6.931264737584837, 61.917501314880944], [-6.929222568383101, 61.9220029683461], [-6.926745870988929, 61.92628097126646], [-6.923858852978464, 61.93029350986142], [-6.920589732457182, 61.934001365034725], [-6.916970462252311, 61.93736829570716], [-6.913036417601561, 61.940361393041826], [-6.908826050390757, 61.94295140209954], [-6.9043805133198894, 61.9451130077806], [-6.899743257671048, 61.946825082257995], [-6.8949596086097, 61.948070891483646], [-6.890076322170374, 61.94883825874927], [-6.865093182493636, 61.951506912305646], [-6.896852384367454, 61.969664808083564], [-6.892355883298434, 61.969664808083564], [-6.892355883298434, 61.99682905901822], [-6.944364218323119, 61.99682905901822], [-7.014523985269893, 62.03694196050372], [-7.014523985269893, 62.04173530185602], [-7.022907814405157, 62.04173530185602], [-7.0253439788233125, 62.04312814603953], [-7.026417054496909, 62.04173530185602], [-7.072099940041267, 62.04173530185602], [-7.072099940041267, 62.014578489075966], [-7.070060394533336, 62.014578489075966], [-7.09401610004787, 62.002317338003714], [-7.098167382819627, 62.00042636561352], [-7.102473729475335, 61.998921605263035], [-7.106899295836765, 61.997815581930496], [-7.111407245392107, 61.997117501678645], [-7.174004901642113, 61.99033039230365], [-7.178710151445159, 61.990043746476566], [-7.18342148443791, 61.99020148984621], [-7.258958593812916, 61.99630500547121], [-7.266177414307819, 61.997423664197505], [-7.284987810992674, 62.00176566296039], [-7.232383482590895, 62.00176566296039], [-7.232383482590895, 62.028868156774244], [-7.28981929331144, 62.028868156774244], [-7.28981929331144, 62.00288091271309]], [[-7.355264584301365, 62.04634410193971], [-7.355264584301365, 62.07343751536761], [-7.412766220907203, 62.07343751536761], [-7.412766220907203, 62.04634410193971], [-7.355264584301365, 62.04634410193971]], [[-6.628878697633422, 62.24398970971758], [-6.628878697633422, 62.271327465923406], [-6.687285708345772, 62.271327465923406], [-6.687285708345772, 62.24398970971758], [-6.628878697633422, 62.24398970971758]], [[-6.784108473757706, 62.18672999236929], [-6.725909461135441, 62.18672999236929], [-6.725909461135441, 62.21402291167747], [-6.784108473757706, 62.21402291167747], [-6.784108473757706, 62.18672999236929]], [[-6.603443753923748, 62.14149564741202], [-6.603443753923748, 62.16879494882582], [-6.661568454944114, 62.16879494882582], [-6.661568454944114, 62.14149564741202], [-6.603443753923748, 62.14149564741202]], [[-6.758076709570501, 62.08428068076658], [-6.700158397306848, 62.08428068076658], [-6.700158397306848, 62.111535231477525], [-6.758076709570501, 62.111535231477525], [-6.758076709570501, 62.08428068076658]], [[-6.854173817269194, 62.02700354752224], [-6.796461748254671, 62.02700354752224], [-6.796461748254671, 62.0542130802044], [-6.854173817269194, 62.0542130802044], [-6.854173817269194, 62.02700354752224]], [[-6.828030184473282, 61.924637737794804], [-6.770595514149633, 61.924637737794804], [-6.770595514149633, 61.95180878663048], [-6.828030184473282, 61.95180878663048], [-6.828030184473282, 61.924637737794804]], [[-6.649241933052399, 61.8794979664464], [-6.649241933052399, 61.90667517798535], [-6.706603977262133, 61.90667517798535], [-6.706603977262133, 61.8794979664464], [-6.649241933052399, 61.8794979664464]], [[-6.80208387999433, 61.822310613033316], [-6.744924928338911, 61.822310613033316], [-6.744924928338911, 61.84944297690304], [-6.80208387999433, 61.84944297690304], [-6.80208387999433, 61.822310613033316]], [[-6.624072132000818, 61.77716496186748], [-6.624072132000818, 61.80430320555464], [-6.6811585742728665, 61.80430320555464], [-6.6811585742728665, 61.77716496186748], [-6.624072132000818, 61.77716496186748]], [[-7.068500320282606, 62.24655193190399], [-7.126633115746425, 62.24655193190399], [-7.126633115746425, 62.21931953340089], [-7.068500320282606, 62.21931953340089], [-7.068500320282606, 62.24655193190399]], [[-7.260087124189683, 62.104062917666006], [-7.260087124189683, 62.13120291303333], [-7.317798946158241, 62.13120291303333], [-7.317798946158241, 62.104062917666006], [-7.260087124189683, 62.104062917666006]], [[-7.1371007563594295, 62.08652681931379], [-7.194745331477165, 62.08652681931379], [-7.194745331477165, 62.059378090021674], [-7.1371007563594295, 62.059378090021674], [-7.1371007563594295, 62.08652681931379]], [[-7.441261683463712, 62.175762882138045], [-7.441261683463712, 62.14863227625937], [-7.383484007511524, 62.14863227625937], [-7.383484007511524, 62.175762882138045], [-7.441261683463712, 62.175762882138045]], [[-6.923411690804605, 61.86734419320654], [-6.866181528908682, 61.86734419320654], [-6.866181528908682, 61.8944700471918], [-6.923411690804605, 61.8944700471918], [-6.923411690804605, 61.86734419320654]], [[-7.041409024024961, 62.14412477250913], [-7.099262553594286, 62.14412477250913], [-7.099262553594286, 62.116930062747784], [-7.041409024024961, 62.116930062747784], [-7.041409024024961, 62.14412477250913]], [[-7.003368850078294, 62.20166145644716], [-7.003368850078294, 62.17442102477602], [-6.945306184529351, 62.17442102477602], [-6.945306184529351, 62.20166145644716], [-7.003368850078294, 62.20166145644716]], [[-6.822525863827113, 62.156655655113134], [-6.880517028472161, 62.156655655113134], [-6.880517028472161, 62.12940784109616], [-6.822525863827113, 62.12940784109616], [-6.822525863827113, 62.156655655113134]], [[-6.976513483239544, 62.07202381990998], [-6.918730007476576, 62.07202381990998], [-6.918730007476576, 62.099226263884255], [-6.976513483239544, 62.099226263884255], [-6.976513483239544, 62.07202381990998]], [[-7.030430298825598, 62.304134429911755], [-7.030430298825598, 62.276856217338924], [-6.972086732292638, 62.276856217338924], [-6.972086732292638, 62.304134429911755], [-7.030430298825598, 62.304134429911755]], [[-6.907062102338818, 62.25913630743407], [-6.907062102338818, 62.231850416004896], [-6.848790127993269, 62.231850416004896], [-6.848790127993269, 62.25913630743407], [-6.907062102338818, 62.25913630743407]], [[-6.5314314630115575, 62.328568746383525], [-6.590046612754816, 62.328568746383525], [-6.590046612754816, 62.30118642535829], [-6.5314314630115575, 62.30118642535829], [-6.5314314630115575, 62.328568746383525]], [[-6.408772241860239, 62.255736820618054], [-6.408772241860239, 62.28312480682119], [-6.467310120473143, 62.28312480682119], [-6.467310120473143, 62.255736820618054], [-6.408772241860239, 62.255736820618054]], [[-6.50631573319233, 62.19864788332484], [-6.50631573319233, 62.22599166446653], [-6.564646959413388, 62.22599166446653], [-6.564646959413388, 62.19864788332484], [-6.50631573319233, 62.19864788332484]]], [[[-6.750774422674603, 61.61777321603369], [-6.723626397020467, 61.61777321603369], [-6.719291747543753, 61.61572829834036], [-6.715088175935843, 61.61349467813029], [-6.711116060637363, 61.61087144090098], [-6.707411403429319, 61.60788236270251], [-6.704007781951707, 61.60455453543194], [-6.700936045368227, 61.60091812128234], [-6.698224034760893, 61.597006079363936], [-6.695896330788784, 61.59285386697487], [-6.693974030898062, 61.58849911822945], [-6.692474558102536, 61.583981302956424], [-6.691411503067925, 61.579341368959156], [-6.690794500931094, 61.57462137087983], [-6.690629143970754, 61.56986408903183], [-6.690810983461759, 61.555741221896525], [-6.678586143323741, 61.54257845514193], [-6.725406934856904, 61.54257845514193], [-6.725406934856904, 61.515563339235236], [-6.669065225101322, 61.515563339235236], [-6.669065225101322, 61.532327063349776], [-6.666879102417556, 61.52997321473838], [-6.66379646013031, 61.52631810595013], [-6.661077049664979, 61.522385255781856], [-6.658745740034321, 61.51821063015421], [-6.656823851068382, 61.51383240602476], [-6.65532895844462, 61.50929062225971], [-6.654274732958305, 61.50462681347835], [-6.653670815503082, 61.499883630218946], [-6.65062129890798, 61.46126866706888], [-6.637806970158068, 61.44162002965234], [-6.635297351186563, 61.437317826781324], [-6.6332282092149635, 61.43278728725198], [-6.631620076038551, 61.4280733669501], [-6.630488908929286, 61.42322284142224], [-6.629845932294116, 61.418283841728766], [-6.629697526296811, 61.413305376846345], [-6.630045163548529, 61.40833684735898], [-6.63088539449531, 61.403427555263214], [-6.632209881647494, 61.398626214751516], [-6.6340054823114265, 61.3939804688285], [-6.636254379002493, 61.389536416556254], [-6.6389342562454345, 61.38533815562007], [-6.642018522007568, 61.3814273447535], [-6.645476571567663, 61.37784279036481], [-6.649274091202146, 61.374620061466615], [-6.653373398675198, 61.37179113672974], [-6.657733817154105, 61.369384087163496], [-6.6623120788395624, 61.36742279757116], [-6.667062754305766, 61.36592672954451], [-6.671938703290005, 61.364910728349315], [-6.676891542458641, 61.36438487561787], [-6.681872125507903, 61.36435438931047], [-6.686831030835523, 61.364819571938305], [-6.7101708745855175, 61.3681887125633], [-6.715561576537222, 61.36927234120246], [-6.720800694899607, 61.37094134010738], [-6.7258248700415155, 61.37317552512728], [-6.738228748081567, 61.37953004441263], [-6.738228748081567, 61.38325497139327], [-6.745499721368634, 61.38325497139327], [-6.793305338791521, 61.40774583762728], [-6.799223107664931, 61.411314054665795], [-6.916850060789914, 61.493833585915795], [-6.920947061468444, 61.497038270978265], [-6.924688961956951, 61.50065124781788], [-6.926995658274635, 61.5033962616803], [-6.883112190359933, 61.5033962616803], [-6.883112190359933, 61.53036051689519], [-6.939325059971652, 61.53036051689519], [-6.939325059971652, 61.52282756691548], [-6.972063042908478, 61.57710574290099], [-6.974242203234705, 61.58112313129601], [-6.9760454256996764, 61.58532271913123], [-6.977457643911403, 61.58966941775965], [-6.978467058419976, 61.594126909385416], [-6.984082292794976, 61.625523393760425], [-6.984708791435519, 61.63039868994071], [-6.984853562860411, 61.63531194289845], [-6.984515207939916, 61.64021566896542], [-6.9836969966731415, 61.645062476545164], [-6.982406836585436, 61.649805524124545], [-6.980657196306861, 61.65439897296912], [-6.978464985070301, 61.65879843012727], [-6.975851389293771, 61.66296137746168], [-6.9728416678262946, 61.66684758256182], [-6.969464907836146, 61.670419487566306], [-6.965753743700662, 61.67364257213728], [-6.961744041614394, 61.676485687078944], [-6.957474552963665, 61.67892135537603], [-6.952986539817459, 61.6809260377428], [-6.948323376154071, 61.682480360116244], [-6.943530128677388, 61.6835693008949], [-6.938653121274, 61.684182336113665], [-6.933739487320383, 61.68431354115169], [-6.928836714166839, 61.6839616479903], [-6.899881636041845, 61.680446022990296], [-6.89534499020531, 61.67968199593079], [-6.890897772076377, 61.67850422527932], [-6.886577631613016, 61.67692268199169], [-6.882421142939133, 61.67495075534557], [-6.8784634947096, 61.67260513958738], [-6.874738192204616, 61.66990569259954], [-6.871276773675435, 61.6668752677845], [-6.871106658276698, 61.66669615771208], [-6.871106658276698, 61.66281896288826], [-6.867484645821713, 61.66281896288826], [-6.855671724905144, 61.649175871125465], [-6.761883583798592, 61.63370862300771], [-6.757363825343616, 61.6327468214254], [-6.752952163215166, 61.63137186104798], [-6.750774422674603, 61.63046501877971], [-6.750774422674603, 61.61777321603369]], [[-6.845247367625043, 61.56061474827052], [-6.788834761393852, 61.56061474827052], [-6.788834761393852, 61.5876242019965], [-6.845247367625043, 61.5876242019965], [-6.845247367625043, 61.56061474827052]], [[-6.819580661357878, 61.45844973228503], [-6.763437327989035, 61.45844973228503], [-6.763437327989035, 61.485419987378755], [-6.819580661357878, 61.485419987378755], [-6.819580661357878, 61.45844973228503]], [[-6.644155558031676, 61.413392938316484], [-6.644155558031676, 61.440368578343474], [-6.70022810420423, 61.440368578343474], [-6.70022810420423, 61.413392938316484], [-6.644155558031676, 61.413392938316484]], [[-6.909000255403676, 61.6325584494482], [-6.965482490877187, 61.6325584494482], [-6.965482490877187, 61.605555277786955], [-6.909000255403676, 61.605555277786955], [-6.909000255403676, 61.6325584494482]]]]}, "properties": {"tile": "N60W012_6x12", "epsg": 4326}}, {"type": "Feature", "geometry": {"type": "MultiPolygon", "coordinates": [[[[-19.194861519615948, 63.52703040824781], [-19.194861519615948, 63.52009919783498], [-19.20409011762186, 63.52703040824781], [-19.194861519615948, 63.52703040824781]]], [[[-19.04727174666924, 63.49510996874918], [-19.04727174666924, 63.46302368652238], [-18.900050469433367, 63.46302368652238], [-18.900050469433367, 63.43077226688182], [-18.75319824787068, 63.43077226688182], [-18.75319824787068, 63.39835641544378], [-18.70204724574219, 63.39835641544378], [-18.70204724574219, 63.46407155923235], [-18.533956371788772, 63.46407155923235], [-18.533956371788772, 63.431400115204035], [-18.482433385569013, 63.431400115204035], [-18.482433385569013, 63.49699877527937], [-18.31414913334564, 63.49699877527937], [-18.31414913334564, 63.46407155923234], [-18.262256762695134, 63.46407155923234], [-18.262256762695134, 63.52955231002899], [-18.1881944442644, 63.52955231002899], [-18.1881944442644, 63.59500726311825], [-18.01933162474882, 63.59500726311825], [-18.01933162474882, 63.561730569053715], [-17.966800077072353, 63.561730569053715], [-17.966800077072353, 63.62706538631516], [-17.83396247116054, 63.62706538631516], [-17.83932512863068, 63.62380206374612], [-17.83331189397202, 63.607349853720024], [-17.831894248819516, 63.60281306058985], [-17.830913800777026, 63.59816215408463], [-17.83037941003965, 63.593439163906346], [-17.83029590583443, 63.58868677116878], [-17.830664042779166, 63.58394792269322], [-17.83148049406304, 63.57926544290304], [-17.832737881510614, 63.57468164682435], [-17.834424842257537, 63.570237957690004], [-17.83652613143544, 63.56597453260269], [-17.839022759938036, 63.56192989963981], [-17.841892166023477, 63.558140609679775], [-17.845108419202173, 63.55464090609592], [-17.848188582244063, 63.5518706254234], [-17.872855864162183, 63.5518706254234], [-17.872855864162183, 63.53168369611051], [-17.91529284519265, 63.497019055928114], [-17.919286650002043, 63.494074617551654], [-17.923552627888537, 63.491540524640925], [-17.928048767170512, 63.489441733139756], [-17.93273078951905, 63.48779891210991], [-17.936997482656754, 63.48653580816195], [-17.94758195204091, 63.48653580816195], [-17.94758195204091, 63.4834024014147], [-18.065836258269037, 63.44839461523491], [-18.07065930230303, 63.44722370528388], [-18.075574669957476, 63.44653672297779], [-18.080533929556747, 63.446340437231285], [-18.115862501879246, 63.4466970144364], [-18.115862501879246, 63.45435754913723], [-18.167850400101823, 63.45435754913723], [-18.167850400101823, 63.453340277673604], [-18.175143042689122, 63.45658664967847], [-18.17542283820835, 63.455707555830585], [-18.177364122199187, 63.45119665402555], [-18.17973855874969, 63.446897948441844], [-18.182523242317604, 63.442852907520624], [-18.185691309819514, 63.43910055266919], [-18.18921219977168, 63.43567708183208], [-18.19305194710835, 63.432615520299414], [-18.197173510833487, 63.429945402120865], [-18.201537131345155, 63.42769248519876], [-18.206100713985588, 63.42587850280862], [-18.210820235116845, 63.424520953944175], [-18.291386641366845, 63.405575641444166], [-18.2961145363104, 63.40470134908658], [-18.33594127405524, 63.399301677237546], [-18.33594127405524, 63.42180401438761], [-18.387563066884933, 63.42180401438761], [-18.387563066884933, 63.39856540565347], [-18.341371843932016, 63.39856540565347], [-18.555462558199896, 63.36953918687606], [-18.555462558199896, 63.38887679834059], [-18.60671561973523, 63.38887679834059], [-18.60671561973523, 63.36577683807998], [-18.58321277765684, 63.36577683807998], [-18.646895786310413, 63.35714275533658], [-18.651722449159813, 63.35672521837646], [-18.656566863905812, 63.35677676586519], [-18.921094066180775, 63.37243015981222], [-18.921094066180775, 63.387828925630615], [-18.971870548312637, 63.387828925630615], [-18.971870548312637, 63.375434857519], [-19.004845447376617, 63.37738614676628], [-19.161589473901742, 63.49510996874918], [-19.04727174666924, 63.49510996874918]], [[-18.09378083414185, 63.519812502226486], [-18.09378083414185, 63.49636915606668], [-18.041521742581544, 63.49636915606668], [-18.041521742581544, 63.519812502226486], [-18.09378083414185, 63.519812502226486]]], [[[-17.276101420464016, 63.755106767095576], [-17.276101420464016, 63.73709608511466], [-17.445919024755334, 63.71768835890994], [-17.445919024755334, 63.755106767095576], [-17.276101420464016, 63.755106767095576]]], [[[-17.052206827283165, 63.78590000307695], [-17.052206827283165, 63.7657789907388], [-17.085194990669166, 63.75909985672392], [-17.089439857941958, 63.75842883511718], [-17.222209465082862, 63.74325516572965], [-17.222209465082862, 63.78590000307695], [-17.052206827283165, 63.78590000307695]]], [[[-16.919797204058565, 63.81630879978102], [-16.919797204058565, 63.881087674638636], [-16.749219722250917, 63.881087674638636], [-16.749219722250917, 63.84633161596357], [-16.694340874305585, 63.84633161596357], [-16.694340874305585, 63.91098146019319], [-16.615106029297863, 63.91098146019319], [-16.615106029297863, 63.97559931068926], [-16.443953457979212, 63.97559931068926], [-16.443953457979212, 63.940486274192324], [-16.388445268561934, 63.940486274192324], [-16.388445268561934, 64.00497277627647], [-16.21711307816616, 64.00497277627647], [-16.21711307816616, 63.99068703388644], [-16.44496968530814, 63.87201171766665], [-16.44934959541367, 63.869992769475594], [-16.45390364496283, 63.868405193639774], [-16.564343230400137, 63.83578669930143], [-16.60280415424624, 63.83578669930143], [-16.60280415424624, 63.82442720875505], [-16.626169269962823, 63.817526287389775], [-16.629801417511118, 63.81660003186903], [-16.633492748983507, 63.81594848212936], [-16.732857983358507, 63.802227779004355], [-16.736898629636826, 63.801836197576144], [-16.773171237601144, 63.79980273319027], [-16.773171237601144, 63.805892913746874], [-16.82777275314616, 63.805892913746874], [-16.82777275314616, 63.79674173913698], [-16.926663244405063, 63.79119787826338], [-16.997958558821576, 63.77676267148788], [-16.997958558821576, 63.81630879978102], [-16.919797204058565, 63.81630879978102]], [[-16.52358196171772, 63.87596692308824], [-16.468352656089667, 63.87596692308824], [-16.468352656089667, 63.9004045497975], [-16.52358196171772, 63.9004045497975], [-16.52358196171772, 63.87596692308824]]], [[[-16.115040501769613, 64.03395428253003], [-16.161257384901468, 64.01447019053117], [-16.161257384901468, 64.03395428253003], [-16.115040501769613, 64.03395428253003]]], [[[-15.924580809583453, 64.09827379980213], [-16.043769657394556, 64.06400061180494], [-16.080263665499402, 64.04861548491759], [-16.080263665499402, 64.09827379980213], [-15.924580809583453, 64.09827379980213]]], [[[-15.825632746028976, 64.12672667644655], [-15.851877684976449, 64.11917984850886], [-15.851877684976449, 64.12672667644655], [-15.825632746028976, 64.12672667644655]]], [[[-19.142266636419812, 63.659167902559034], [-19.091612582583736, 63.629878702709625], [-19.07184501211492, 63.62872587811891], [-19.051270479120063, 63.634515964863624], [-19.051270479120063, 63.58397314166727], [-19.220514482487452, 63.58397314166727], [-19.220514482487452, 63.64841461649403], [-19.18234664450063, 63.659167902559034], [-19.142266636419812, 63.659167902559034]]], [[[-18.089465912599696, 63.85784008336922], [-18.089465912599696, 63.824609071344256], [-18.036296310057534, 63.824609071344256], [-18.036296310057534, 63.89005173245249], [-17.865664469124223, 63.89005173245249], [-17.865664469124223, 63.85656108077047], [-17.81212174427017, 63.85656108077047], [-17.81212174427017, 63.92188100180167], [-17.735735866066214, 63.92188100180167], [-17.735735866066214, 63.94565963638673], [-17.884485756532044, 63.94565963638673], [-17.884485756532044, 63.96287261616096], [-17.71305627394719, 64.01111631505884], [-17.71305627394719, 63.9871726832686], [-17.572004130199876, 63.9871726832686], [-17.564512573794012, 63.982861275174365], [-17.564512573794012, 63.953326279987856], [-17.513192198280837, 63.953326279987856], [-17.41636697356458, 63.89760313850007], [-17.41636697356458, 63.878131519096094], [-17.493430260545363, 63.878131519096094], [-17.493430260545363, 63.81293580804119], [-17.66405044804343, 63.81293580804119], [-17.66405044804343, 63.84668624090991], [-17.71768454933136, 63.84668624090991], [-17.71768454933136, 63.78136631987871], [-17.793679290411156, 63.78136631987871], [-17.793679290411156, 63.716018575053724], [-17.963713901271504, 63.716018575053724], [-17.963713901271504, 63.749414310452494], [-18.016701351463645, 63.749414310452494], [-18.016701351463645, 63.68394464476997], [-18.186543161766735, 63.68394464476997], [-18.186543161766735, 63.71708138845767], [-18.239158699473943, 63.71708138845767], [-18.239158699473943, 63.65149126207049], [-18.40880592683887, 63.65149126207049], [-18.40880592683887, 63.68436917400185], [-18.461046799059716, 63.68436917400185], [-18.461046799059716, 63.61866004411366], [-18.630497686475863, 63.61866004411366], [-18.630497686475863, 63.65127929829696], [-18.682361206318348, 63.65127929829696], [-18.682361206318348, 63.585452618991084], [-18.851614022192678, 63.585452618991084], [-18.851614022192678, 63.660647379882846], [-18.77869221930883, 63.660647379882846], [-18.77869221930883, 63.71122496085523], [-18.724505971220157, 63.726474059188725], [-18.705391914253447, 63.726474059188725], [-18.705391914253447, 63.731853138651104], [-18.535350906278417, 63.779706092911645], [-18.535350906278417, 63.75956393489361], [-18.38706334124506, 63.75956393489361], [-18.38706334124506, 63.726686022962255], [-18.334546739565592, 63.726686022962255], [-18.334546739565592, 63.79227614934943], [-18.259902598894843, 63.79227614934943], [-18.259902598894843, 63.85722277792392], [-18.25770906159357, 63.85784008336922], [-18.089465912599696, 63.85784008336922]], [[-17.888113497100292, 63.791213335945486], [-17.888113497100292, 63.81485697156073], [-17.94137793569921, 63.81485697156073], [-17.94137793569921, 63.791213335945486], [-17.888113497100292, 63.791213335945486]], [[-18.609046261185064, 63.71708138845767], [-18.609046261185064, 63.69385480500542], [-18.556907700245688, 63.69385480500542], [-18.556907700245688, 63.71708138845767], [-18.609046261185064, 63.71708138845767]], [[-18.164505731590562, 63.759139405661735], [-18.111613815121718, 63.759139405661735], [-18.111613815121718, 63.78264532247746], [-18.164505731590562, 63.78264532247746], [-18.164505731590562, 63.759139405661735]], [[-17.641296572769935, 63.88813056893295], [-17.587383625842513, 63.88813056893295], [-17.587383625842513, 63.911977922376835], [-17.641296572769935, 63.911977922376835], [-17.641296572769935, 63.88813056893295]]], [[[-16.52291269987006, 64.13988733095921], [-16.52291269987006, 64.14713945118037], [-16.21521081808499, 64.2337418545988], [-16.212765250058844, 64.2337418545988], [-16.212765250058844, 64.23443015740527], [-16.039616616522757, 64.28316267644563], [-16.039616616522757, 64.26258125623913], [-15.989599685707427, 64.26258125623913], [-15.891757883977435, 64.20650400982991], [-15.891757883977435, 64.18738649534735], [-16.06468361508352, 64.18738649534735], [-16.06468361508352, 64.2229982512507], [-16.121319500142096, 64.2229982512507], [-16.121319500142096, 64.15854709370703], [-16.29406518757438, 64.15854709370703], [-16.29406518757438, 64.19389667648875], [-16.35034910387741, 64.19389667648875], [-16.35034910387741, 64.12931130820694], [-16.430946775854107, 64.12931130820694], [-16.430946775854107, 64.06469257006744], [-16.603109419599743, 64.06469257006744], [-16.603109419599743, 64.09968067723905], [-16.65875481341114, 64.09968067723905], [-16.65875481341114, 64.0349301009019], [-16.83073348379016, 64.0349301009019], [-16.83073348379016, 64.06050358286855], [-16.548679779661107, 64.13988733095921], [-16.52291269987006, 64.13988733095921]]], [[[-16.886020552888766, 64.00477583116863], [-16.96484213199905, 64.00477583116863], [-16.96484213199905, 63.939863716078534], [-17.1362360939452, 63.939863716078534], [-17.1362360939452, 63.97423132476633], [-17.137262345762206, 63.97423132476633], [-16.886020552888766, 64.04494308959458], [-16.886020552888766, 64.00477583116863]]], [[[-17.190880514605112, 63.90919120659087], [-17.36208677222246, 63.90919120659087], [-17.36208677222246, 63.91095470271359], [-17.190880514605112, 63.95914054188989], [-17.190880514605112, 63.90919120659087]]]]}, "properties": {"tile": "N60W024_6x12", "epsg": 4326}}, {"type": "Feature", "geometry": {"type": "Polygon", "coordinates": [[[59.914761481931464, -76.2946399114663], [59.914761481931464, -76.31637384316245], [59.8812304887622, -76.2946399114663], [59.914761481931464, -76.2946399114663]]]}, "properties": {"tile": "S78E036_6x24", "epsg": 4326}}, {"type": "Feature", "geometry": {"type": "MultiPolygon", "coordinates": [[[[107.64379402223814, -83.93125802379429], [107.86607868949388, -83.93125802379429], [107.86607868949388, -83.96925275670894], [106.93457794725565, -83.86281070543566], [106.93457794725565, -83.85771923389], [107.64379402223814, -83.85771923389], [107.64379402223814, -83.93125802379429]]], [[[106.45266850525472, -83.80774319211164], [105.84170844592487, -83.73792913935539], [105.84170844592487, -83.73232275017807], [106.53670406812901, -83.73232275017807], [106.53670406812901, -83.80774319211164], [106.45266850525472, -83.80774319211164]]]]}, "properties": {"tile": "S84E060_6x60", "epsg": 4326}}]}