{"type": "FeatureCollection", "features": [{"type": "Feature", "geometry": {"type": "Polygon", "coordinates": [[[-120.0, -84.0], [-120.0, -78.0], [-180.0, -78.0], [-180.0, -84.0], [-120.0, -84.0]]]}, "properties": {"name": "S84W180_6x60", "kind": "latlon", "epsg": 4326, "lonMult": 6, "height": 6, "width": 60, "available": 73, "selected": 27, "coverage": 0.9233, "unionFrac": 0.9255, "bw": {"40": 26, "5": 1}}}, {"type": "Feature", "geometry": {"type": "Polygon", "coordinates": [[[-60.0, -84.0], [-60.0, -78.0], [-120.0, -78.0], [-120.0, -84.0], [-60.0, -84.0]]]}, "properties": {"name": "S84W120_6x60", "kind": "latlon", "epsg": 4326, "lonMult": 6, "height": 6, "width": 60, "available": 84, "selected": 27, "coverage": 0.9977, "unionFrac": 1.0, "bw": {"40": 27}}}, {"type": "Feature", "geometry": {"type": "Polygon", "coordinates": [[[0.0, -84.0], [0.0, -78.0], [-60.0, -78.0], [-60.0, -84.0], [0.0, -84.0]]]}, "properties": {"name": "S84W060_6x60", "kind": "latlon", "epsg": 4326, "lonMult": 6, "height": 6, "width": 60, "available": 71, "selected": 29, "coverage": 0.9999, "unionFrac": 1.0, "bw": {"40": 29}}}, {"type": "Feature", "geometry": {"type": "Polygon", "coordinates": [[[60.0, -84.0], [60.0, -78.0], [0.0, -78.0], [0.0, -84.0], [60.0, -84.0]]]}, "properties": {"name": "S84E000_6x60", "kind": "latlon", "epsg": 4326, "lonMult": 6, "height": 6, "width": 60, "available": 59, "selected": 27, "coverage": 0.9988, "unionFrac": 1.0, "bw": {"40": 27}}}, {"type": "Feature", "geometry": {"type": "Polygon", "coordinates": [[[120.0, -84.0], [120.0, -78.0], [60.0, -78.0], [60.0, -84.0], [120.0, -84.0]]]}, "properties": {"name": "S84E060_6x60", "kind": "latlon", "epsg": 4326, "lonMult": 6, "height": 6, "width": 60, "available": 51, "selected": 28, "coverage": 0.9984, "unionFrac": 1.0, "bw": {"40": 28}}}, {"type": "Feature", "geometry": {"type": "Polygon", "coordinates": [[[180.0, -84.0], [180.0, -78.0], [120.0, -78.0], [120.0, -84.0], [180.0, -84.0]]]}, "properties": {"name": "S84E120_6x60", "kind": "latlon", "epsg": 4326, "lonMult": 6, "height": 6, "width": 60, "available": 88, "selected": 30, "coverage": 0.9989, "unionFrac": 1.0, "bw": {"40": 30}}}, {"type": "Feature", "geometry": {"type": "Polygon", "coordinates": [[[-156.0, -78.0], [-156.0, -72.0], [-180.0, -72.0], [-180.0, -78.0], [-156.0, -78.0]]]}, "properties": {"name": "S78W180_6x24", "kind": "latlon", "epsg": 4326, "lonMult": 4, "height": 6, "width": 24, "available": 52, "selected": 20, "coverage": 0.9215, "unionFrac": 0.9231, "bw": {"40": 5, "5": 15}}}, {"type": "Feature", "geometry": {"type": "Polygon", "coordinates": [[[-132.0, -78.0], [-132.0, -72.0], [-156.0, -72.0], [-156.0, -78.0], [-132.0, -78.0]]]}, "properties": {"name": "S78W156_6x24", "kind": "latlon", "epsg": 4326, "lonMult": 4, "height": 6, "width": 24, "available": 68, "selected": 25, "coverage": 0.9972, "unionFrac": 1.0, "bw": {"40": 13, "5": 12}}}, {"type": "Feature", "geometry": {"type": "Polygon", "coordinates": [[[-108.0, -78.0], [-108.0, -72.0], [-132.0, -72.0], [-132.0, -78.0], [-108.0, -78.0]]]}, "properties": {"name": "S78W132_6x24", "kind": "latlon", "epsg": 4326, "lonMult": 4, "height": 6, "width": 24, "available": 70, "selected": 24, "coverage": 0.9995, "unionFrac": 1.0, "bw": {"40": 17, "5": 7}}}, {"type": "Feature", "geometry": {"type": "Polygon", "coordinates": [[[-84.0, -78.0], [-84.0, -72.0], [-108.0, -72.0], [-108.0, -78.0], [-84.0, -78.0]]]}, "properties": {"name": "S78W108_6x24", "kind": "latlon", "epsg": 4326, "lonMult": 4, "height": 6, "width": 24, "available": 63, "selected": 20, "coverage": 0.9984, "unionFrac": 1.0, "bw": {"40": 19, "5": 1}}}, {"type": "Feature", "geometry": {"type": "Polygon", "coordinates": [[[-60.0, -78.0], [-60.0, -72.0], [-84.0, -72.0], [-84.0, -78.0], [-60.0, -78.0]]]}, "properties": {"name": "S78W084_6x24", "kind": "latlon", "epsg": 4326, "lonMult": 4, "height": 6, "width": 24, "available": 51, "selected": 19, "coverage": 0.9984, "unionFrac": 1.0, "bw": {"40": 19}}}, {"type": "Feature", "geometry": {"type": "Polygon", "coordinates": [[[-36.0, -78.0], [-36.0, -72.0], [-60.0, -72.0], [-60.0, -78.0], [-36.0, -78.0]]]}, "properties": {"name": "S78W060_6x24", "kind": "latlon", "epsg": 4326, "lonMult": 4, "height": 6, "width": 24, "available": 57, "selected": 22, "coverage": 1.0, "unionFrac": 1.0, "bw": {"40": 9, "5": 13}}}, {"type": "Feature", "geometry": {"type": "Polygon", "coordinates": [[[-12.0, -78.0], [-12.0, -72.0], [-36.0, -72.0], [-36.0, -78.0], [-12.0, -78.0]]]}, "properties": {"name": "S78W036_6x24", "kind": "latlon", "epsg": 4326, "lonMult": 4, "height": 6, "width": 24, "available": 48, "selected": 22, "coverage": 0.9995, "unionFrac": 1.0, "bw": {"40": 16, "5": 6}}}, {"type": "Feature", "geometry": {"type": "Polygon", "coordinates": [[[12.0, -78.0], [12.0, -72.0], [-12.0, -72.0], [-12.0, -78.0], [12.0, -78.0]]]}, "properties": {"name": "S78W012_6x24", "kind": "latlon", "epsg": 4326, "lonMult": 4, "height": 6, "width": 24, "available": 30, "selected": 19, "coverage": 0.9989, "unionFrac": 1.0, "bw": {"40": 19}}}, {"type": "Feature", "geometry": {"type": "Polygon", "coordinates": [[[36.0, -78.0], [36.0, -72.0], [12.0, -72.0], [12.0, -78.0], [36.0, -78.0]]]}, "properties": {"name": "S78E012_6x24", "kind": "latlon", "epsg": 4326, "lonMult": 4, "height": 6, "width": 24, "available": 28, "selected": 17, "coverage": 0.9962, "unionFrac": 0.9964, "bw": {"40": 17}}}, {"type": "Feature", "geometry": {"type": "Polygon", "coordinates": [[[60.0, -78.0], [60.0, -72.0], [36.0, -72.0], [36.0, -78.0], [60.0, -78.0]]]}, "properties": {"name": "S78E036_6x24", "kind": "latlon", "epsg": 4326, "lonMult": 4, "height": 6, "width": 24, "available": 38, "selected": 19, "coverage": 1.0, "unionFrac": 1.0, "bw": {"40": 19}}}, {"type": "Feature", "geometry": {"type": "Polygon", "coordinates": [[[84.0, -78.0], [84.0, -72.0], [60.0, -72.0], [60.0, -78.0], [84.0, -78.0]]]}, "properties": {"name": "S78E060_6x24", "kind": "latlon", "epsg": 4326, "lonMult": 4, "height": 6, "width": 24, "available": 46, "selected": 23, "coverage": 0.9998, "unionFrac": 1.0, "bw": {"40": 23}}}, {"type": "Feature", "geometry": {"type": "Polygon", "coordinates": [[[108.0, -78.0], [108.0, -72.0], [84.0, -72.0], [84.0, -78.0], [108.0, -78.0]]]}, "properties": {"name": "S78E084_6x24", "kind": "latlon", "epsg": 4326, "lonMult": 4, "height": 6, "width": 24, "available": 32, "selected": 19, "coverage": 0.9989, "unionFrac": 1.0, "bw": {"40": 19}}}, {"type": "Feature", "geometry": {"type": "Polygon", "coordinates": [[[132.0, -78.0], [132.0, -72.0], [108.0, -72.0], [108.0, -78.0], [132.0, -78.0]]]}, "properties": {"name": "S78E108_6x24", "kind": "latlon", "epsg": 4326, "lonMult": 4, "height": 6, "width": 24, "available": 31, "selected": 20, "coverage": 0.9987, "unionFrac": 1.0, "bw": {"40": 20}}}, {"type": "Feature", "geometry": {"type": "Polygon", "coordinates": [[[156.0, -78.0], [156.0, -72.0], [132.0, -72.0], [132.0, -78.0], [156.0, -78.0]]]}, "properties": {"name": "S78E132_6x24", "kind": "latlon", "epsg": 4326, "lonMult": 4, "height": 6, "width": 24, "available": 48, "selected": 20, "coverage": 0.999, "unionFrac": 1.0, "bw": {"40": 20}}}, {"type": "Feature", "geometry": {"type": "Polygon", "coordinates": [[[180.0, -78.0], [180.0, -72.0], [156.0, -72.0], [156.0, -78.0], [180.0, -78.0]]]}, "properties": {"name": "S78E156_6x24", "kind": "latlon", "epsg": 4326, "lonMult": 4, "height": 6, "width": 24, "available": 71, "selected": 25, "coverage": 0.9992, "unionFrac": 1.0, "bw": {"40": 17, "5": 8}}}, {"type": "Feature", "geometry": {"type": "Polygon", "coordinates": [[[-162.0, -72.0], [-162.0, -66.0], [-180.0, -66.0], [-180.0, -72.0], [-162.0, -72.0]]]}, "properties": {"name": "S72W180_6x18", "kind": "latlon", "epsg": 4326, "lonMult": 3, "height": 6, "width": 18, "available": 35, "selected": 17, "coverage": 0.9204, "unionFrac": 0.9204, "bw": {"5": 17}}}, {"type": "Feature", "geometry": {"type": "Polygon", "coordinates": [[[-144.0, -72.0], [-144.0, -66.0], [-162.0, -66.0], [-162.0, -72.0], [-144.0, -72.0]]]}, "properties": {"name": "S72W162_6x18", "kind": "latlon", "epsg": 4326, "lonMult": 3, "height": 6, "width": 18, "available": 49, "selected": 21, "coverage": 1.0, "unionFrac": 1.0, "bw": {"5": 21}}}, {"type": "Feature", "geometry": {"type": "Polygon", "coordinates": [[[-126.0, -72.0], [-126.0, -66.0], [-144.0, -66.0], [-144.0, -72.0], [-126.0, -72.0]]]}, "properties": {"name": "S72W144_6x18", "kind": "latlon", "epsg": 4326, "lonMult": 3, "height": 6, "width": 18, "available": 48, "selected": 20, "coverage": 0.9999, "unionFrac": 1.0, "bw": {"5": 20}}}, {"type": "Feature", "geometry": {"type": "Polygon", "coordinates": [[[-108.0, -72.0], [-108.0, -66.0], [-126.0, -66.0], [-126.0, -72.0], [-108.0, -72.0]]]}, "properties": {"name": "S72W126_6x18", "kind": "latlon", "epsg": 4326, "lonMult": 3, "height": 6, "width": 18, "available": 48, "selected": 19, "coverage": 0.9995, "unionFrac": 1.0, "bw": {"5": 19}}}, {"type": "Feature", "geometry": {"type": "Polygon", "coordinates": [[[-90.0, -72.0], [-90.0, -66.0], [-108.0, -66.0], [-108.0, -72.0], [-90.0, -72.0]]]}, "properties": {"name": "S72W108_6x18", "kind": "latlon", "epsg": 4326, "lonMult": 3, "height": 6, "width": 18, "available": 55, "selected": 28, "coverage": 0.9985, "unionFrac": 1.0, "bw": {"77": 1, "40": 7, "5": 20}}}, {"type": "Feature", "geometry": {"type": "Polygon", "coordinates": [[[-72.0, -72.0], [-72.0, -66.0], [-90.0, -66.0], [-90.0, -72.0], [-72.0, -72.0]]]}, "properties": {"name": "S72W090_6x18", "kind": "latlon", "epsg": 4326, "lonMult": 3, "height": 6, "width": 18, "available": 49, "selected": 25, "coverage": 0.9979, "unionFrac": 0.9982, "bw": {"77": 1, "40": 7, "5": 17}}}, {"type": "Feature", "geometry": {"type": "Polygon", "coordinates": [[[-54.0, -72.0], [-54.0, -66.0], [-72.0, -66.0], [-72.0, -72.0], [-54.0, -72.0]]]}, "properties": {"name": "S72W072_6x18", "kind": "latlon", "epsg": 4326, "lonMult": 3, "height": 6, "width": 18, "available": 43, "selected": 22, "coverage": 0.999, "unionFrac": 1.0, "bw": {"40": 17, "5": 5}}}, {"type": "Feature", "geometry": {"type": "Polygon", "coordinates": [[[-36.0, -72.0], [-36.0, -66.0], [-54.0, -66.0], [-54.0, -72.0], [-36.0, -72.0]]]}, "properties": {"name": "S72W054_6x18", "kind": "latlon", "epsg": 4326, "lonMult": 3, "height": 6, "width": 18, "available": 44, "selected": 20, "coverage": 1.0, "unionFrac": 1.0, "bw": {"5": 20}}}, {"type": "Feature", "geometry": {"type": "Polygon", "coordinates": [[[-18.0, -72.0], [-18.0, -66.0], [-36.0, -66.0], [-36.0, -72.0], [-18.0, -72.0]]]}, "properties": {"name": "S72W036_6x18", "kind": "latlon", "epsg": 4326, "lonMult": 3, "height": 6, "width": 18, "available": 47, "selected": 21, "coverage": 0.9984, "unionFrac": 0.9999, "bw": {"40": 1, "5": 20}}}, {"type": "Feature", "geometry": {"type": "Polygon", "coordinates": [[[0.0, -72.0], [0.0, -66.0], [-18.0, -66.0], [-18.0, -72.0], [0.0, -72.0]]]}, "properties": {"name": "S72W018_6x18", "kind": "latlon", "epsg": 4326, "lonMult": 3, "height": 6, "width": 18, "available": 48, "selected": 25, "coverage": 0.9944, "unionFrac": 0.9957, "bw": {"40": 7, "5": 18}}}, {"type": "Feature", "geometry": {"type": "Polygon", "coordinates": [[[18.0, -72.0], [18.0, -66.0], [0.0, -66.0], [0.0, -72.0], [18.0, -72.0]]]}, "properties": {"name": "S72E000_6x18", "kind": "latlon", "epsg": 4326, "lonMult": 3, "height": 6, "width": 18, "available": 44, "selected": 24, "coverage": 0.9954, "unionFrac": 0.9962, "bw": {"40": 8, "5": 16}}}, {"type": "Feature", "geometry": {"type": "Polygon", "coordinates": [[[36.0, -72.0], [36.0, -66.0], [18.0, -66.0], [18.0, -72.0], [36.0, -72.0]]]}, "properties": {"name": "S72E018_6x18", "kind": "latlon", "epsg": 4326, "lonMult": 3, "height": 6, "width": 18, "available": 41, "selected": 22, "coverage": 0.9575, "unionFrac": 0.9582, "bw": {"40": 10, "5": 12}}}, {"type": "Feature", "geometry": {"type": "Polygon", "coordinates": [[[54.0, -72.0], [54.0, -66.0], [36.0, -66.0], [36.0, -72.0], [54.0, -72.0]]]}, "properties": {"name": "S72E036_6x18", "kind": "latlon", "epsg": 4326, "lonMult": 3, "height": 6, "width": 18, "available": 46, "selected": 22, "coverage": 0.9977, "unionFrac": 0.9993, "bw": {"40": 17, "5": 5}}}, {"type": "Feature", "geometry": {"type": "Polygon", "coordinates": [[[72.0, -72.0], [72.0, -66.0], [54.0, -66.0], [54.0, -72.0], [72.0, -72.0]]]}, "properties": {"name": "S72E054_6x18", "kind": "latlon", "epsg": 4326, "lonMult": 3, "height": 6, "width": 18, "available": 46, "selected": 21, "coverage": 0.9944, "unionFrac": 0.9968, "bw": {"40": 15, "5": 6}}}, {"type": "Feature", "geometry": {"type": "Polygon", "coordinates": [[[90.0, -72.0], [90.0, -66.0], [72.0, -66.0], [72.0, -72.0], [90.0, -72.0]]]}, "properties": {"name": "S72E072_6x18", "kind": "latlon", "epsg": 4326, "lonMult": 3, "height": 6, "width": 18, "available": 54, "selected": 25, "coverage": 0.9973, "unionFrac": 0.999, "bw": {"40": 18, "5": 7}}}, {"type": "Feature", "geometry": {"type": "Polygon", "coordinates": [[[108.0, -72.0], [108.0, -66.0], [90.0, -66.0], [90.0, -72.0], [108.0, -72.0]]]}, "properties": {"name": "S72E090_6x18", "kind": "latlon", "epsg": 4326, "lonMult": 3, "height": 6, "width": 18, "available": 40, "selected": 20, "coverage": 1.0, "unionFrac": 1.0, "bw": {"40": 20}}}, {"type": "Feature", "geometry": {"type": "Polygon", "coordinates": [[[126.0, -72.0], [126.0, -66.0], [108.0, -66.0], [108.0, -72.0], [126.0, -72.0]]]}, "properties": {"name": "S72E108_6x18", "kind": "latlon", "epsg": 4326, "lonMult": 3, "height": 6, "width": 18, "available": 40, "selected": 18, "coverage": 0.9984, "unionFrac": 1.0, "bw": {"40": 18}}}, {"type": "Feature", "geometry": {"type": "Polygon", "coordinates": [[[144.0, -72.0], [144.0, -66.0], [126.0, -66.0], [126.0, -72.0], [144.0, -72.0]]]}, "properties": {"name": "S72E126_6x18", "kind": "latlon", "epsg": 4326, "lonMult": 3, "height": 6, "width": 18, "available": 45, "selected": 23, "coverage": 0.9991, "unionFrac": 0.9998, "bw": {"40": 22, "5": 1}}}, {"type": "Feature", "geometry": {"type": "Polygon", "coordinates": [[[162.0, -72.0], [162.0, -66.0], [144.0, -66.0], [144.0, -72.0], [162.0, -72.0]]]}, "properties": {"name": "S72E144_6x18", "kind": "latlon", "epsg": 4326, "lonMult": 3, "height": 6, "width": 18, "available": 57, "selected": 26, "coverage": 0.9979, "unionFrac": 0.9997, "bw": {"77": 1, "40": 14, "5": 11}}}, {"type": "Feature", "geometry": {"type": "Polygon", "coordinates": [[[180.0, -72.0], [180.0, -66.0], [162.0, -66.0], [162.0, -72.0], [180.0, -72.0]]]}, "properties": {"name": "S72E162_6x18", "kind": "latlon", "epsg": 4326, "lonMult": 3, "height": 6, "width": 18, "available": 54, "selected": 29, "coverage": 0.9977, "unionFrac": 0.9998, "bw": {"77": 2, "40": 7, "5": 20}}}, {"type": "Feature", "geometry": {"type": "Polygon", "coordinates": [[[-168.0, -66.0], [-168.0, -60.0], [-180.0, -60.0], [-180.0, -66.0], [-168.0, -66.0]]]}, "properties": {"name": "S66W180_6x12", "kind": "latlon", "epsg": 4326, "lonMult": 2, "height": 6, "width": 12, "available": 16, "selected": 10, "coverage": 0.5946, "unionFrac": 0.5946, "bw": {"5": 10}}}, {"type": "Feature", "geometry": {"type": "Polygon", "coordinates": [[[-156.0, -66.0], [-156.0, -60.0], [-168.0, -60.0], [-168.0, -66.0], [-156.0, -66.0]]]}, "properties": {"name": "S66W168_6x12", "kind": "latlon", "epsg": 4326, "lonMult": 2, "height": 6, "width": 12, "available": 26, "selected": 15, "coverage": 0.8767, "unionFrac": 0.8775, "bw": {"5": 15}}}, {"type": "Feature", "geometry": {"type": "Polygon", "coordinates": [[[-144.0, -66.0], [-144.0, -60.0], [-156.0, -60.0], [-156.0, -66.0], [-144.0, -66.0]]]}, "properties": {"name": "S66W156_6x12", "kind": "latlon", "epsg": 4326, "lonMult": 2, "height": 6, "width": 12, "available": 25, "selected": 14, "coverage": 0.9685, "unionFrac": 0.9685, "bw": {"5": 14}}}, {"type": "Feature", "geometry": {"type": "Polygon", "coordinates": [[[-132.0, -66.0], [-132.0, -60.0], [-144.0, -60.0], [-144.0, -66.0], [-132.0, -66.0]]]}, "properties": {"name": "S66W144_6x12", "kind": "latlon", "epsg": 4326, "lonMult": 2, "height": 6, "width": 12, "available": 26, "selected": 15, "coverage": 0.9659, "unionFrac": 0.9659, "bw": {"5": 15}}}, {"type": "Feature", "geometry": {"type": "Polygon", "coordinates": [[[-120.0, -66.0], [-120.0, -60.0], [-132.0, -60.0], [-132.0, -66.0], [-120.0, -66.0]]]}, "properties": {"name": "S66W132_6x12", "kind": "latlon", "epsg": 4326, "lonMult": 2, "height": 6, "width": 12, "available": 20, "selected": 12, "coverage": 0.6434, "unionFrac": 0.6434, "bw": {"5": 12}}}, {"type": "Feature", "geometry": {"type": "Polygon", "coordinates": [[[-108.0, -66.0], [-108.0, -60.0], [-120.0, -60.0], [-120.0, -66.0], [-108.0, -66.0]]]}, "properties": {"name": "S66W120_6x12", "kind": "latlon", "epsg": 4326, "lonMult": 2, "height": 6, "width": 12, "available": 12, "selected": 8, "coverage": 0.3806, "unionFrac": 0.3806, "bw": {"5": 8}}}, {"type": "Feature", "geometry": {"type": "Polygon", "coordinates": [[[-96.0, -66.0], [-96.0, -60.0], [-108.0, -60.0], [-108.0, -66.0], [-96.0, -66.0]]]}, "properties": {"name": "S66W108_6x12", "kind": "latlon", "epsg": 4326, "lonMult": 2, "height": 6, "width": 12, "available": 10, "selected": 6, "coverage": 0.3027, "unionFrac": 0.3032, "bw": {"5": 6}}}, {"type": "Feature", "geometry": {"type": "Polygon", "coordinates": [[[-84.0, -66.0], [-84.0, -60.0], [-96.0, -60.0], [-96.0, -66.0], [-84.0, -66.0]]]}, "properties": {"name": "S66W096_6x12", "kind": "latlon", "epsg": 4326, "lonMult": 2, "height": 6, "width": 12, "available": 16, "selected": 8, "coverage": 0.3963, "unionFrac": 0.3967, "bw": {"5": 8}}}, {"type": "Feature", "geometry": {"type": "Polygon", "coordinates": [[[-72.0, -66.0], [-72.0, -60.0], [-84.0, -60.0], [-84.0, -66.0], [-72.0, -66.0]]]}, "properties": {"name": "S66W084_6x12", "kind": "latlon", "epsg": 4326, "lonMult": 2, "height": 6, "width": 12, "available": 17, "selected": 10, "coverage": 0.5445, "unionFrac": 0.5453, "bw": {"5": 10}}}, {"type": "Feature", "geometry": {"type": "Polygon", "coordinates": [[[-60.0, -66.0], [-60.0, -60.0], [-72.0, -60.0], [-72.0, -66.0], [-60.0, -66.0]]]}, "properties": {"name": "S66W072_6x12", "kind": "latlon", "epsg": 4326, "lonMult": 2, "height": 6, "width": 12, "available": 26, "selected": 15, "coverage": 0.8976, "unionFrac": 0.8998, "bw": {"40": 8, "5": 7}}}, {"type": "Feature", "geometry": {"type": "Polygon", "coordinates": [[[-48.0, -66.0], [-48.0, -60.0], [-60.0, -60.0], [-60.0, -66.0], [-48.0, -66.0]]]}, "properties": {"name": "S66W060_6x12", "kind": "latlon", "epsg": 4326, "lonMult": 2, "height": 6, "width": 12, "available": 29, "selected": 19, "coverage": 0.9398, "unionFrac": 0.9398, "bw": {"77": 1, "40": 5, "5": 13}}}, {"type": "Feature", "geometry": {"type": "Polygon", "coordinates": [[[-36.0, -66.0], [-36.0, -60.0], [-48.0, -60.0], [-48.0, -66.0], [-36.0, -66.0]]]}, "properties": {"name": "S66W048_6x12", "kind": "latlon", "epsg": 4326, "lonMult": 2, "height": 6, "width": 12, "available": 24, "selected": 16, "coverage": 0.9506, "unionFrac": 0.9507, "bw": {"77": 2, "5": 14}}}, {"type": "Feature", "geometry": {"type": "Polygon", "coordinates": [[[-24.0, -66.0], [-24.0, -60.0], [-36.0, -60.0], [-36.0, -66.0], [-24.0, -66.0]]]}, "properties": {"name": "S66W036_6x12", "kind": "latlon", "epsg": 4326, "lonMult": 2, "height": 6, "width": 12, "available": 28, "selected": 15, "coverage": 0.9798, "unionFrac": 0.9808, "bw": {"5": 15}}}, {"type": "Feature", "geometry": {"type": "Polygon", "coordinates": [[[-12.0, -66.0], [-12.0, -60.0], [-24.0, -60.0], [-24.0, -66.0], [-12.0, -66.0]]]}, "properties": {"name": "S66W024_6x12", "kind": "latlon", "epsg": 4326, "lonMult": 2, "height": 6, "width": 12, "available": 26, "selected": 16, "coverage": 0.9681, "unionFrac": 0.9684, "bw": {"5": 16}}}, {"type": "Feature", "geometry": {"type": "Polygon", "coordinates": [[[0.0, -66.0], [0.0, -60.0], [-12.0, -60.0], [-12.0, -66.0], [0.0, -66.0]]]}, "properties": {"name": "S66W012_6x12", "kind": "latlon", "epsg": 4326, "lonMult": 2, "height": 6, "width": 12, "available": 26, "selected": 14, "coverage": 0.9657, "unionFrac": 0.9667, "bw": {"5": 14}}}, {"type": "Feature", "geometry": {"type": "Polygon", "coordinates": [[[12.0, -66.0], [12.0, -60.0], [0.0, -60.0], [0.0, -66.0], [12.0, -66.0]]]}, "properties": {"name": "S66E000_6x12", "kind": "latlon", "epsg": 4326, "lonMult": 2, "height": 6, "width": 12, "available": 25, "selected": 14, "coverage": 0.965, "unionFrac": 0.9655, "bw": {"5": 14}}}, {"type": "Feature", "geometry": {"type": "Polygon", "coordinates": [[[24.0, -66.0], [24.0, -60.0], [12.0, -60.0], [12.0, -66.0], [24.0, -66.0]]]}, "properties": {"name": "S66E012_6x12", "kind": "latlon", "epsg": 4326, "lonMult": 2, "height": 6, "width": 12, "available": 26, "selected": 15, "coverage": 0.9668, "unionFrac": 0.9668, "bw": {"5": 15}}}, {"type": "Feature", "geometry": {"type": "Polygon", "coordinates": [[[36.0, -66.0], [36.0, -60.0], [24.0, -60.0], [24.0, -66.0], [36.0, -66.0]]]}, "properties": {"name": "S66E024_6x12", "kind": "latlon", "epsg": 4326, "lonMult": 2, "height": 6, "width": 12, "available": 25, "selected": 15, "coverage": 0.9655, "unionFrac": 0.9655, "bw": {"5": 15}}}, {"type": "Feature", "geometry": {"type": "Polygon", "coordinates": [[[48.0, -66.0], [48.0, -60.0], [36.0, -60.0], [36.0, -66.0], [48.0, -66.0]]]}, "properties": {"name": "S66E036_6x12", "kind": "latlon", "epsg": 4326, "lonMult": 2, "height": 6, "width": 12, "available": 28, "selected": 17, "coverage": 0.9657, "unionFrac": 0.9657, "bw": {"40": 1, "5": 16}}}, {"type": "Feature", "geometry": {"type": "Polygon", "coordinates": [[[60.0, -66.0], [60.0, -60.0], [48.0, -60.0], [48.0, -66.0], [60.0, -66.0]]]}, "properties": {"name": "S66E048_6x12", "kind": "latlon", "epsg": 4326, "lonMult": 2, "height": 6, "width": 12, "available": 30, "selected": 19, "coverage": 0.9605, "unionFrac": 0.9605, "bw": {"40": 3, "5": 16}}}, {"type": "Feature", "geometry": {"type": "Polygon", "coordinates": [[[72.0, -66.0], [72.0, -60.0], [60.0, -60.0], [60.0, -66.0], [72.0, -66.0]]]}, "properties": {"name": "S66E060_6x12", "kind": "latlon", "epsg": 4326, "lonMult": 2, "height": 6, "width": 12, "available": 26, "selected": 15, "coverage": 0.965, "unionFrac": 0.965, "bw": {"5": 15}}}, {"type": "Feature", "geometry": {"type": "Polygon", "coordinates": [[[84.0, -66.0], [84.0, -60.0], [72.0, -60.0], [72.0, -66.0], [84.0, -66.0]]]}, "properties": {"name": "S66E072_6x12", "kind": "latlon", "epsg": 4326, "lonMult": 2, "height": 6, "width": 12, "available": 26, "selected": 16, "coverage": 0.9661, "unionFrac": 0.9661, "bw": {"40": 1, "5": 15}}}, {"type": "Feature", "geometry": {"type": "Polygon", "coordinates": [[[96.0, -66.0], [96.0, -60.0], [84.0, -60.0], [84.0, -66.0], [96.0, -66.0]]]}, "properties": {"name": "S66E084_6x12", "kind": "latlon", "epsg": 4326, "lonMult": 2, "height": 6, "width": 12, "available": 31, "selected": 20, "coverage": 0.9566, "unionFrac": 0.958, "bw": {"40": 5, "5": 15}}}, {"type": "Feature", "geometry": {"type": "Polygon", "coordinates": [[[108.0, -66.0], [108.0, -60.0], [96.0, -60.0], [96.0, -66.0], [108.0, -66.0]]]}, "properties": {"name": "S66E096_6x12", "kind": "latlon", "epsg": 4326, "lonMult": 2, "height": 6, "width": 12, "available": 27, "selected": 18, "coverage": 0.9556, "unionFrac": 0.9562, "bw": {"40": 5, "5": 13}}}, {"type": "Feature", "geometry": {"type": "Polygon", "coordinates": [[[120.0, -66.0], [120.0, -60.0], [108.0, -60.0], [108.0, -66.0], [120.0, -66.0]]]}, "properties": {"name": "S66E108_6x12", "kind": "latlon", "epsg": 4326, "lonMult": 2, "height": 6, "width": 12, "available": 32, "selected": 18, "coverage": 0.9715, "unionFrac": 0.9734, "bw": {"40": 4, "5": 14}}}, {"type": "Feature", "geometry": {"type": "Polygon", "coordinates": [[[132.0, -66.0], [132.0, -60.0], [120.0, -60.0], [120.0, -66.0], [132.0, -66.0]]]}, "properties": {"name": "S66E120_6x12", "kind": "latlon", "epsg": 4326, "lonMult": 2, "height": 6, "width": 12, "available": 32, "selected": 21, "coverage": 0.918, "unionFrac": 0.9194, "bw": {"40": 5, "5": 16}}}, {"type": "Feature", "geometry": {"type": "Polygon", "coordinates": [[[144.0, -66.0], [144.0, -60.0], [132.0, -60.0], [132.0, -66.0], [144.0, -66.0]]]}, "properties": {"name": "S66E132_6x12", "kind": "latlon", "epsg": 4326, "lonMult": 2, "height": 6, "width": 12, "available": 30, "selected": 17, "coverage": 0.8039, "unionFrac": 0.8041, "bw": {"40": 4, "5": 13}}}, {"type": "Feature", "geometry": {"type": "Polygon", "coordinates": [[[156.0, -66.0], [156.0, -60.0], [144.0, -60.0], [144.0, -66.0], [156.0, -66.0]]]}, "properties": {"name": "S66E144_6x12", "kind": "latlon", "epsg": 4326, "lonMult": 2, "height": 6, "width": 12, "available": 29, "selected": 17, "coverage": 0.9567, "unionFrac": 0.9572, "bw": {"40": 2, "5": 15}}}, {"type": "Feature", "geometry": {"type": "Polygon", "coordinates": [[[168.0, -66.0], [168.0, -60.0], [156.0, -60.0], [156.0, -66.0], [168.0, -66.0]]]}, "properties": {"name": "S66E156_6x12", "kind": "latlon", "epsg": 4326, "lonMult": 2, "height": 6, "width": 12, "available": 25, "selected": 14, "coverage": 0.8805, "unionFrac": 0.8812, "bw": {"5": 14}}}, {"type": "Feature", "geometry": {"type": "Polygon", "coordinates": [[[180.0, -66.0], [180.0, -60.0], [168.0, -60.0], [168.0, -66.0], [180.0, -66.0]]]}, "properties": {"name": "S66E168_6x12", "kind": "latlon", "epsg": 4326, "lonMult": 2, "height": 6, "width": 12, "available": 23, "selected": 14, "coverage": 0.7104, "unionFrac": 0.7104, "bw": {"5": 14}}}, {"type": "Feature", "geometry": {"type": "Polygon", "coordinates": [[[-150.0, -60.0], [-150.0, -54.0], [-156.0, -54.0], [-156.0, -60.0], [-150.0, -60.0]]]}, "properties": {"name": "S60W156_6x6", "kind": "latlon", "epsg": 4326, "lonMult": 1, "height": 6, "width": 6, "available": 1, "selected": 1, "coverage": 0.0041, "unionFrac": 0.0041, "bw": {"5": 1}}}, {"type": "Feature", "geometry": {"type": "Polygon", "coordinates": [[[-72.0, -60.0], [-72.0, -54.0], [-78.0, -54.0], [-78.0, -60.0], [-72.0, -60.0]]]}, "properties": {"name": "S60W078_6x6", "kind": "latlon", "epsg": 4326, "lonMult": 1, "height": 6, "width": 6, "available": 7, "selected": 6, "coverage": 0.2028, "unionFrac": 0.2028, "bw": {"40": 3, "20": 3}}}, {"type": "Feature", "geometry": {"type": "Polygon", "coordinates": [[[-66.0, -60.0], [-66.0, -54.0], [-72.0, -54.0], [-72.0, -60.0], [-66.0, -60.0]]]}, "properties": {"name": "S60W072_6x6", "kind": "latlon", "epsg": 4326, "lonMult": 1, "height": 6, "width": 6, "available": 9, "selected": 6, "coverage": 0.3754, "unionFrac": 0.376, "bw": {"40": 4, "20": 2}}}, {"type": "Feature", "geometry": {"type": "Polygon", "coordinates": [[[-60.0, -60.0], [-60.0, -54.0], [-66.0, -54.0], [-66.0, -60.0], [-60.0, -60.0]]]}, "properties": {"name": "S60W066_6x6", "kind": "latlon", "epsg": 4326, "lonMult": 1, "height": 6, "width": 6, "available": 4, "selected": 4, "coverage": 0.1184, "unionFrac": 0.1184, "bw": {"40": 2, "20": 2}}}, {"type": "Feature", "geometry": {"type": "Polygon", "coordinates": [[[-36.0, -60.0], [-36.0, -54.0], [-42.0, -54.0], [-42.0, -60.0], [-36.0, -60.0]]]}, "properties": {"name": "S60W042_6x6", "kind": "latlon", "epsg": 4326, "lonMult": 1, "height": 6, "width": 6, "available": 3, "selected": 3, "coverage": 0.1644, "unionFrac": 0.1644, "bw": {"20": 3}}}, {"type": "Feature", "geometry": {"type": "Polygon", "coordinates": [[[-30.0, -60.0], [-30.0, -54.0], [-36.0, -54.0], [-36.0, -60.0], [-30.0, -60.0]]]}, "properties": {"name": "S60W036_6x6", "kind": "latlon", "epsg": 4326, "lonMult": 1, "height": 6, "width": 6, "available": 4, "selected": 4, "coverage": 0.131, "unionFrac": 0.131, "bw": {"20": 4}}}, {"type": "Feature", "geometry": {"type": "Polygon", "coordinates": [[[-24.0, -60.0], [-24.0, -54.0], [-30.0, -54.0], [-30.0, -60.0], [-24.0, -60.0]]]}, "properties": {"name": "S60W030_6x6", "kind": "latlon", "epsg": 4326, "lonMult": 1, "height": 6, "width": 6, "available": 7, "selected": 6, "coverage": 0.6204, "unionFrac": 0.6204, "bw": {"20": 4, "5": 2}}}, {"type": "Feature", "geometry": {"type": "Polygon", "coordinates": [[[-18.0, -60.0], [-18.0, -54.0], [-24.0, -54.0], [-24.0, -60.0], [-18.0, -60.0]]]}, "properties": {"name": "S60W024_6x6", "kind": "latlon", "epsg": 4326, "lonMult": 1, "height": 6, "width": 6, "available": 3, "selected": 3, "coverage": 0.0502, "unionFrac": 0.0502, "bw": {"20": 2, "5": 1}}}, {"type": "Feature", "geometry": {"type": "Polygon", "coordinates": [[[6.0, -60.0], [6.0, -54.0], [0.0, -54.0], [0.0, -60.0], [6.0, -60.0]]]}, "properties": {"name": "S60E000_6x6", "kind": "latlon", "epsg": 4326, "lonMult": 1, "height": 6, "width": 6, "available": 2, "selected": 2, "coverage": 0.0899, "unionFrac": 0.0899, "bw": {"20": 2}}}, {"type": "Feature", "geometry": {"type": "Polygon", "coordinates": [[[12.0, -60.0], [12.0, -54.0], [6.0, -54.0], [6.0, -60.0], [12.0, -60.0]]]}, "properties": {"name": "S60E006_6x6", "kind": "latlon", "epsg": 4326, "lonMult": 1, "height": 6, "width": 6, "available": 1, "selected": 1, "coverage": 0.0046, "unionFrac": 0.0046, "bw": {"20": 1}}}, {"type": "Feature", "geometry": {"type": "Polygon", "coordinates": [[[120.0, -60.0], [120.0, -54.0], [114.0, -54.0], [114.0, -60.0], [120.0, -60.0]]]}, "properties": {"name": "S60E114_6x6", "kind": "latlon", "epsg": 4326, "lonMult": 1, "height": 6, "width": 6, "available": 2, "selected": 1, "coverage": 0.0199, "unionFrac": 0.0199, "bw": {"5": 1}}}, {"type": "Feature", "geometry": {"type": "Polygon", "coordinates": [[[126.0, -60.0], [126.0, -54.0], [120.0, -54.0], [120.0, -60.0], [126.0, -60.0]]]}, "properties": {"name": "S60E120_6x6", "kind": "latlon", "epsg": 4326, "lonMult": 1, "height": 6, "width": 6, "available": 3, "selected": 3, "coverage": 0.0334, "unionFrac": 0.0334, "bw": {"5": 3}}}, {"type": "Feature", "geometry": {"type": "Polygon", "coordinates": [[[150.0, -60.0], [150.0, -54.0], [144.0, -54.0], [144.0, -60.0], [150.0, -60.0]]]}, "properties": {"name": "S60E144_6x6", "kind": "latlon", "epsg": 4326, "lonMult": 1, "height": 6, "width": 6, "available": 3, "selected": 1, "coverage": 0.0078, "unionFrac": 0.0082, "bw": {"5": 1}}}, {"type": "Feature", "geometry": {"type": "Polygon", "coordinates": [[[156.0, -60.0], [156.0, -54.0], [150.0, -54.0], [150.0, -60.0], [156.0, -60.0]]]}, "properties": {"name": "S60E150_6x6", "kind": "latlon", "epsg": 4326, "lonMult": 1, "height": 6, "width": 6, "available": 2, "selected": 1, "coverage": 0.039, "unionFrac": 0.039, "bw": {"5": 1}}}, {"type": "Feature", "geometry": {"type": "Polygon", "coordinates": [[[-78.0, -54.0], [-78.0, -48.0], [-84.0, -48.0], [-84.0, -54.0], [-78.0, -54.0]]]}, "properties": {"name": "S54W084_6x6", "kind": "latlon", "epsg": 4326, "lonMult": 1, "height": 6, "width": 6, "available": 1, "selected": 1, "coverage": 0.0068, "unionFrac": 0.0068, "bw": {"20": 1}}}, {"type": "Feature", "geometry": {"type": "Polygon", "coordinates": [[[-72.0, -54.0], [-72.0, -48.0], [-78.0, -48.0], [-78.0, -54.0], [-72.0, -54.0]]]}, "properties": {"name": "S54W078_6x6", "kind": "latlon", "epsg": 4326, "lonMult": 1, "height": 6, "width": 6, "available": 12, "selected": 9, "coverage": 0.8955, "unionFrac": 0.8963, "bw": {"40": 5, "20": 4}}}, {"type": "Feature", "geometry": {"type": "Polygon", "coordinates": [[[-66.0, -54.0], [-66.0, -48.0], [-72.0, -48.0], [-72.0, -54.0], [-66.0, -54.0]]]}, "properties": {"name": "S54W072_6x6", "kind": "latlon", "epsg": 4326, "lonMult": 1, "height": 6, "width": 6, "available": 20, "selected": 14, "coverage": 0.9985, "unionFrac": 0.9985, "bw": {"40": 5, "20": 9}}}, {"type": "Feature", "geometry": {"type": "Polygon", "coordinates": [[[-60.0, -54.0], [-60.0, -48.0], [-66.0, -48.0], [-66.0, -54.0], [-60.0, -54.0]]]}, "properties": {"name": "S54W066_6x6", "kind": "latlon", "epsg": 4326, "lonMult": 1, "height": 6, "width": 6, "available": 10, "selected": 7, "coverage": 0.3705, "unionFrac": 0.3708, "bw": {"20": 7}}}, {"type": "Feature", "geometry": {"type": "Polygon", "coordinates": [[[-54.0, -54.0], [-54.0, -48.0], [-60.0, -48.0], [-60.0, -54.0], [-54.0, -54.0]]]}, "properties": {"name": "S54W060_6x6", "kind": "latlon", "epsg": 4326, "lonMult": 1, "height": 6, "width": 6, "available": 4, "selected": 4, "coverage": 0.1585, "unionFrac": 0.1585, "bw": {"20": 4}}}, {"type": "Feature", "geometry": {"type": "Polygon", "coordinates": [[[-36.0, -54.0], [-36.0, -48.0], [-42.0, -48.0], [-42.0, -54.0], [-36.0, -54.0]]]}, "properties": {"name": "S54W042_6x6", "kind": "latlon", "epsg": 4326, "lonMult": 1, "height": 6, "width": 6, "available": 1, "selected": 1, "coverage": 0.0441, "unionFrac": 0.0441, "bw": {"20": 1}}}, {"type": "Feature", "geometry": {"type": "Polygon", "coordinates": [[[-30.0, -54.0], [-30.0, -48.0], [-36.0, -48.0], [-36.0, -54.0], [-30.0, -54.0]]]}, "properties": {"name": "S54W036_6x6", "kind": "latlon", "epsg": 4326, "lonMult": 1, "height": 6, "width": 6, "available": 2, "selected": 1, "coverage": 0.009, "unionFrac": 0.009, "bw": {"20": 1}}}, {"type": "Feature", "geometry": {"type": "Polygon", "coordinates": [[[6.0, -54.0], [6.0, -48.0], [0.0, -48.0], [0.0, -54.0], [6.0, -54.0]]]}, "properties": {"name": "S54E000_6x6", "kind": "latlon", "epsg": 4326, "lonMult": 1, "height": 6, "width": 6, "available": 1, "selected": 1, "coverage": 0.0034, "unionFrac": 0.0034, "bw": {"20": 1}}}, {"type": "Feature", "geometry": {"type": "Polygon", "coordinates": [[[72.0, -54.0], [72.0, -48.0], [66.0, -48.0], [66.0, -54.0], [72.0, -54.0]]]}, "properties": {"name": "S54E066_6x6", "kind": "latlon", "epsg": 4326, "lonMult": 1, "height": 6, "width": 6, "available": 1, "selected": 1, "coverage": 0.1613, "unionFrac": 0.1613, "bw": {"20": 1}}}, {"type": "Feature", "geometry": {"type": "Polygon", "coordinates": [[[-72.0, -48.0], [-72.0, -42.0], [-78.0, -42.0], [-78.0, -48.0], [-72.0, -48.0]]]}, "properties": {"name": "S48W078_6x6", "kind": "latlon", "epsg": 4326, "lonMult": 1, "height": 6, "width": 6, "available": 13, "selected": 9, "coverage": 0.6668, "unionFrac": 0.6674, "bw": {"40": 5, "20": 4}}}, {"type": "Feature", "geometry": {"type": "Polygon", "coordinates": [[[-66.0, -48.0], [-66.0, -42.0], [-72.0, -42.0], [-72.0, -48.0], [-66.0, -48.0]]]}, "properties": {"name": "S48W072_6x6", "kind": "latlon", "epsg": 4326, "lonMult": 1, "height": 6, "width": 6, "available": 22, "selected": 15, "coverage": 0.9766, "unionFrac": 0.9767, "bw": {"40": 6, "20": 9}}}, {"type": "Feature", "geometry": {"type": "Polygon", "coordinates": [[[-60.0, -48.0], [-60.0, -42.0], [-66.0, -42.0], [-66.0, -48.0], [-60.0, -48.0]]]}, "properties": {"name": "S48W066_6x6", "kind": "latlon", "epsg": 4326, "lonMult": 1, "height": 6, "width": 6, "available": 9, "selected": 8, "coverage": 0.3641, "unionFrac": 0.3641, "bw": {"20": 8}}}, {"type": "Feature", "geometry": {"type": "Polygon", "coordinates": [[[144.0, -48.0], [144.0, -42.0], [138.0, -42.0], [138.0, -48.0], [144.0, -48.0]]]}, "properties": {"name": "S48E138_6x6", "kind": "latlon", "epsg": 4326, "lonMult": 1, "height": 6, "width": 6, "available": 2, "selected": 2, "coverage": 0.0377, "unionFrac": 0.0377, "bw": {"20": 2}}}, {"type": "Feature", "geometry": {"type": "Polygon", "coordinates": [[[150.0, -48.0], [150.0, -42.0], [144.0, -42.0], [144.0, -48.0], [150.0, -48.0]]]}, "properties": {"name": "S48E144_6x6", "kind": "latlon", "epsg": 4326, "lonMult": 1, "height": 6, "width": 6, "available": 6, "selected": 6, "coverage": 0.2894, "unionFrac": 0.2894, "bw": {"20": 6}}}, {"type": "Feature", "geometry": {"type": "Polygon", "coordinates": [[[156.0, -48.0], [156.0, -42.0], [150.0, -42.0], [150.0, -48.0], [156.0, -48.0]]]}, "properties": {"name": "S48E150_6x6", "kind": "latlon", "epsg": 4326, "lonMult": 1, "height": 6, "width": 6, "available": 2, "selected": 1, "coverage": 0.0307, "unionFrac": 0.0307, "bw": {"20": 1}}}, {"type": "Feature", "geometry": {"type": "Polygon", "coordinates": [[[168.0, -48.0], [168.0, -42.0], [162.0, -42.0], [162.0, -48.0], [168.0, -48.0]]]}, "properties": {"name": "S48E162_6x6", "kind": "latlon", "epsg": 4326, "lonMult": 1, "height": 6, "width": 6, "available": 4, "selected": 3, "coverage": 0.2925, "unionFrac": 0.2925, "bw": {"20": 3}}}, {"type": "Feature", "geometry": {"type": "Polygon", "coordinates": [[[174.0, -48.0], [174.0, -42.0], [168.0, -42.0], [168.0, -48.0], [174.0, -48.0]]]}, "properties": {"name": "S48E168_6x6", "kind": "latlon", "epsg": 4326, "lonMult": 1, "height": 6, "width": 6, "available": 9, "selected": 8, "coverage": 0.5737, "unionFrac": 0.5737, "bw": {"20": 8}}}, {"type": "Feature", "geometry": {"type": "Polygon", "coordinates": [[[180.0, -48.0], [180.0, -42.0], [174.0, -42.0], [174.0, -48.0], [180.0, -48.0]]]}, "properties": {"name": "S48E174_6x6", "kind": "latlon", "epsg": 4326, "lonMult": 1, "height": 6, "width": 6, "available": 2, "selected": 2, "coverage": 0.0993, "unionFrac": 0.0993, "bw": {"20": 2}}}, {"type": "Feature", "geometry": {"type": "Polygon", "coordinates": [[[-72.0, -42.0], [-72.0, -36.0], [-78.0, -36.0], [-78.0, -42.0], [-72.0, -42.0]]]}, "properties": {"name": "S42W078_6x6", "kind": "latlon", "epsg": 4326, "lonMult": 1, "height": 6, "width": 6, "available": 11, "selected": 8, "coverage": 0.5668, "unionFrac": 0.5668, "bw": {"40": 2, "20": 6}}}, {"type": "Feature", "geometry": {"type": "Polygon", "coordinates": [[[-66.0, -42.0], [-66.0, -36.0], [-72.0, -36.0], [-72.0, -42.0], [-66.0, -42.0]]]}, "properties": {"name": "S42W072_6x6", "kind": "latlon", "epsg": 4326, "lonMult": 1, "height": 6, "width": 6, "available": 22, "selected": 16, "coverage": 0.9997, "unionFrac": 1.0, "bw": {"40": 4, "20": 12}}}, {"type": "Feature", "geometry": {"type": "Polygon", "coordinates": [[[-60.0, -42.0], [-60.0, -36.0], [-66.0, -36.0], [-66.0, -42.0], [-60.0, -42.0]]]}, "properties": {"name": "S42W066_6x6", "kind": "latlon", "epsg": 4326, "lonMult": 1, "height": 6, "width": 6, "available": 17, "selected": 13, "coverage": 0.831, "unionFrac": 0.831, "bw": {"40": 1, "20": 12}}}, {"type": "Feature", "geometry": {"type": "Polygon", "coordinates": [[[-54.0, -42.0], [-54.0, -36.0], [-60.0, -36.0], [-60.0, -42.0], [-54.0, -42.0]]]}, "properties": {"name": "S42W060_6x6", "kind": "latlon", "epsg": 4326, "lonMult": 1, "height": 6, "width": 6, "available": 10, "selected": 8, "coverage": 0.3486, "unionFrac": 0.3487, "bw": {"40": 4, "20": 4}}}, {"type": "Feature", "geometry": {"type": "Polygon", "coordinates": [[[78.0, -42.0], [78.0, -36.0], [72.0, -36.0], [72.0, -42.0], [78.0, -42.0]]]}, "properties": {"name": "S42E072_6x6", "kind": "latlon", "epsg": 4326, "lonMult": 1, "height": 6, "width": 6, "available": 2, "selected": 2, "coverage": 0.0771, "unionFrac": 0.0771, "bw": {"20": 2}}}, {"type": "Feature", "geometry": {"type": "Polygon", "coordinates": [[[84.0, -42.0], [84.0, -36.0], [78.0, -36.0], [78.0, -42.0], [84.0, -42.0]]]}, "properties": {"name": "S42E078_6x6", "kind": "latlon", "epsg": 4326, "lonMult": 1, "height": 6, "width": 6, "available": 2, "selected": 2, "coverage": 0.0314, "unionFrac": 0.0314, "bw": {"20": 2}}}, {"type": "Feature", "geometry": {"type": "Polygon", "coordinates": [[[138.0, -42.0], [138.0, -36.0], [132.0, -36.0], [132.0, -42.0], [138.0, -42.0]]]}, "properties": {"name": "S42E132_6x6", "kind": "latlon", "epsg": 4326, "lonMult": 1, "height": 6, "width": 6, "available": 5, "selected": 4, "coverage": 0.0317, "unionFrac": 0.0317, "bw": {"40": 1, "20": 3}}}, {"type": "Feature", "geometry": {"type": "Polygon", "coordinates": [[[144.0, -42.0], [144.0, -36.0], [138.0, -36.0], [138.0, -42.0], [144.0, -42.0]]]}, "properties": {"name": "S42E138_6x6", "kind": "latlon", "epsg": 4326, "lonMult": 1, "height": 6, "width": 6, "available": 13, "selected": 11, "coverage": 0.5433, "unionFrac": 0.5435, "bw": {"40": 2, "20": 9}}}, {"type": "Feature", "geometry": {"type": "Polygon", "coordinates": [[[150.0, -42.0], [150.0, -36.0], [144.0, -36.0], [144.0, -42.0], [150.0, -42.0]]]}, "properties": {"name": "S42E144_6x6", "kind": "latlon", "epsg": 4326, "lonMult": 1, "height": 6, "width": 6, "available": 20, "selected": 14, "coverage": 0.9943, "unionFrac": 0.9951, "bw": {"40": 4, "20": 10}}}, {"type": "Feature", "geometry": {"type": "Polygon", "coordinates": [[[156.0, -42.0], [156.0, -36.0], [150.0, -36.0], [150.0, -42.0], [156.0, -42.0]]]}, "properties": {"name": "S42E150_6x6", "kind": "latlon", "epsg": 4326, "lonMult": 1, "height": 6, "width": 6, "available": 6, "selected": 5, "coverage": 0.1262, "unionFrac": 0.1262, "bw": {"40": 1, "20": 4}}}, {"type": "Feature", "geometry": {"type": "Polygon", "coordinates": [[[174.0, -42.0], [174.0, -36.0], [168.0, -36.0], [168.0, -42.0], [174.0, -42.0]]]}, "properties": {"name": "S42E168_6x6", "kind": "latlon", "epsg": 4326, "lonMult": 1, "height": 6, "width": 6, "available": 5, "selected": 5, "coverage": 0.2135, "unionFrac": 0.2135, "bw": {"20": 5}}}, {"type": "Feature", "geometry": {"type": "Polygon", "coordinates": [[[180.0, -42.0], [180.0, -36.0], [174.0, -36.0], [174.0, -42.0], [180.0, -42.0]]]}, "properties": {"name": "S42E174_6x6", "kind": "latlon", "epsg": 4326, "lonMult": 1, "height": 6, "width": 6, "available": 10, "selected": 10, "coverage": 0.6855, "unionFrac": 0.6855, "bw": {"20": 10}}}, {"type": "Feature", "geometry": {"type": "Polygon", "coordinates": [[[-174.0, -36.0], [-174.0, -30.0], [-180.0, -30.0], [-180.0, -36.0], [-174.0, -36.0]]]}, "properties": {"name": "S36W180_6x6", "kind": "latlon", "epsg": 4326, "lonMult": 1, "height": 6, "width": 6, "available": 2, "selected": 2, "coverage": 0.0398, "unionFrac": 0.0398, "bw": {"20": 2}}}, {"type": "Feature", "geometry": {"type": "Polygon", "coordinates": [[[-72.0, -36.0], [-72.0, -30.0], [-78.0, -30.0], [-78.0, -36.0], [-72.0, -36.0]]]}, "properties": {"name": "S36W078_6x6", "kind": "latlon", "epsg": 4326, "lonMult": 1, "height": 6, "width": 6, "available": 6, "selected": 5, "coverage": 0.2278, "unionFrac": 0.2278, "bw": {"20": 5}}}, {"type": "Feature", "geometry": {"type": "Polygon", "coordinates": [[[-66.0, -36.0], [-66.0, -30.0], [-72.0, -30.0], [-72.0, -36.0], [-66.0, -36.0]]]}, "properties": {"name": "S36W072_6x6", "kind": "latlon", "epsg": 4326, "lonMult": 1, "height": 6, "width": 6, "available": 21, "selected": 13, "coverage": 0.9988, "unionFrac": 1.0, "bw": {"20": 13}}}, {"type": "Feature", "geometry": {"type": "Polygon", "coordinates": [[[-60.0, -36.0], [-60.0, -30.0], [-66.0, -30.0], [-66.0, -36.0], [-60.0, -36.0]]]}, "properties": {"name": "S36W066_6x6", "kind": "latlon", "epsg": 4326, "lonMult": 1, "height": 6, "width": 6, "available": 21, "selected": 14, "coverage": 0.9278, "unionFrac": 0.9283, "bw": {"40": 2, "20": 12}}}, {"type": "Feature", "geometry": {"type": "Polygon", "coordinates": [[[-54.0, -36.0], [-54.0, -30.0], [-60.0, -30.0], [-60.0, -36.0], [-54.0, -36.0]]]}, "properties": {"name": "S36W060_6x6", "kind": "latlon", "epsg": 4326, "lonMult": 1, "height": 6, "width": 6, "available": 23, "selected": 15, "coverage": 0.9728, "unionFrac": 0.9736, "bw": {"40": 4, "20": 11}}}, {"type": "Feature", "geometry": {"type": "Polygon", "coordinates": [[[-48.0, -36.0], [-48.0, -30.0], [-54.0, -30.0], [-54.0, -36.0], [-48.0, -36.0]]]}, "properties": {"name": "S36W054_6x6", "kind": "latlon", "epsg": 4326, "lonMult": 1, "height": 6, "width": 6, "available": 8, "selected": 7, "coverage": 0.3442, "unionFrac": 0.3442, "bw": {"20": 7}}}, {"type": "Feature", "geometry": {"type": "Polygon", "coordinates": [[[-42.0, -36.0], [-42.0, -30.0], [-48.0, -30.0], [-48.0, -36.0], [-42.0, -36.0]]]}, "properties": {"name": "S36W048_6x6", "kind": "latlon", "epsg": 4326, "lonMult": 1, "height": 6, "width": 6, "available": 1, "selected": 1, "coverage": 0.0024, "unionFrac": 0.0024, "bw": {"20": 1}}}, {"type": "Feature", "geometry": {"type": "Polygon", "coordinates": [[[18.0, -36.0], [18.0, -30.0], [12.0, -30.0], [12.0, -36.0], [18.0, -36.0]]]}, "properties": {"name": "S36E012_6x6", "kind": "latlon", "epsg": 4326, "lonMult": 1, "height": 6, "width": 6, "available": 4, "selected": 4, "coverage": 0.221, "unionFrac": 0.221, "bw": {"20": 4}}}, {"type": "Feature", "geometry": {"type": "Polygon", "coordinates": [[[24.0, -36.0], [24.0, -30.0], [18.0, -30.0], [18.0, -36.0], [24.0, -36.0]]]}, "properties": {"name": "S36E018_6x6", "kind": "latlon", "epsg": 4326, "lonMult": 1, "height": 6, "width": 6, "available": 16, "selected": 15, "coverage": 0.7973, "unionFrac": 0.7973, "bw": {"20": 15}}}, {"type": "Feature", "geometry": {"type": "Polygon", "coordinates": [[[30.0, -36.0], [30.0, -30.0], [24.0, -30.0], [24.0, -36.0], [30.0, -36.0]]]}, "properties": {"name": "S36E024_6x6", "kind": "latlon", "epsg": 4326, "lonMult": 1, "height": 6, "width": 6, "available": 14, "selected": 10, "coverage": 0.6431, "unionFrac": 0.6432, "bw": {"40": 1, "20": 9}}}, {"type": "Feature", "geometry": {"type": "Polygon", "coordinates": [[[36.0, -36.0], [36.0, -30.0], [30.0, -30.0], [30.0, -36.0], [36.0, -36.0]]]}, "properties": {"name": "S36E030_6x6", "kind": "latlon", "epsg": 4326, "lonMult": 1, "height": 6, "width": 6, "available": 5, "selected": 3, "coverage": 0.1172, "unionFrac": 0.1172, "bw": {"40": 3}}}, {"type": "Feature", "geometry": {"type": "Polygon", "coordinates": [[[114.0, -36.0], [114.0, -30.0], [108.0, -30.0], [108.0, -36.0], [114.0, -36.0]]]}, "properties": {"name": "S36E108_6x6", "kind": "latlon", "epsg": 4326, "lonMult": 1, "height": 6, "width": 6, "available": 5, "selected": 4, "coverage": 0.06, "unionFrac": 0.06, "bw": {"40": 2, "20": 2}}}, {"type": "Feature", "geometry": {"type": "Polygon", "coordinates": [[[120.0, -36.0], [120.0, -30.0], [114.0, -30.0], [114.0, -36.0], [120.0, -36.0]]]}, "properties": {"name": "S36E114_6x6", "kind": "latlon", "epsg": 4326, "lonMult": 1, "height": 6, "width": 6, "available": 16, "selected": 15, "coverage": 0.8346, "unionFrac": 0.8346, "bw": {"40": 4, "20": 11}}}, {"type": "Feature", "geometry": {"type": "Polygon", "coordinates": [[[126.0, -36.0], [126.0, -30.0], [120.0, -30.0], [120.0, -36.0], [126.0, -36.0]]]}, "properties": {"name": "S36E120_6x6", "kind": "latlon", "epsg": 4326, "lonMult": 1, "height": 6, "width": 6, "available": 14, "selected": 13, "coverage": 0.6931, "unionFrac": 0.6932, "bw": {"20": 13}}}, {"type": "Feature", "geometry": {"type": "Polygon", "coordinates": [[[132.0, -36.0], [132.0, -30.0], [126.0, -30.0], [126.0, -36.0], [132.0, -36.0]]]}, "properties": {"name": "S36E126_6x6", "kind": "latlon", "epsg": 4326, "lonMult": 1, "height": 6, "width": 6, "available": 11, "selected": 10, "coverage": 0.4103, "unionFrac": 0.4105, "bw": {"20": 10}}}, {"type": "Feature", "geometry": {"type": "Polygon", "coordinates": [[[138.0, -36.0], [138.0, -30.0], [132.0, -30.0], [132.0, -36.0], [138.0, -36.0]]]}, "properties": {"name": "S36E132_6x6", "kind": "latlon", "epsg": 4326, "lonMult": 1, "height": 6, "width": 6, "available": 17, "selected": 15, "coverage": 0.8235, "unionFrac": 0.824, "bw": {"40": 2, "20": 13}}}, {"type": "Feature", "geometry": {"type": "Polygon", "coordinates": [[[144.0, -36.0], [144.0, -30.0], [138.0, -30.0], [138.0, -36.0], [144.0, -36.0]]]}, "properties": {"name": "S36E138_6x6", "kind": "latlon", "epsg": 4326, "lonMult": 1, "height": 6, "width": 6, "available": 24, "selected": 15, "coverage": 0.9993, "unionFrac": 1.0, "bw": {"40": 3, "20": 12}}}, {"type": "Feature", "geometry": {"type": "Polygon", "coordinates": [[[150.0, -36.0], [150.0, -30.0], [144.0, -30.0], [144.0, -36.0], [150.0, -36.0]]]}, "properties": {"name": "S36E144_6x6", "kind": "latlon", "epsg": 4326, "lonMult": 1, "height": 6, "width": 6, "available": 25, "selected": 19, "coverage": 0.9986, "unionFrac": 0.9988, "bw": {"40": 5, "20": 14}}}, {"type": "Feature", "geometry": {"type": "Polygon", "coordinates": [[[156.0, -36.0], [156.0, -30.0], [150.0, -30.0], [150.0, -36.0], [156.0, -36.0]]]}, "properties": {"name": "S36E150_6x6", "kind": "latlon", "epsg": 4326, "lonMult": 1, "height": 6, "width": 6, "available": 14, "selected": 10, "coverage": 0.5497, "unionFrac": 0.5498, "bw": {"40": 4, "20": 6}}}, {"type": "Feature", "geometry": {"type": "Polygon", "coordinates": [[[174.0, -36.0], [174.0, -30.0], [168.0, -30.0], [168.0, -36.0], [174.0, -36.0]]]}, "properties": {"name": "S36E168_6x6", "kind": "latlon", "epsg": 4326, "lonMult": 1, "height": 6, "width": 6, "available": 1, "selected": 1, "coverage": 0.0323, "unionFrac": 0.0323, "bw": {"20": 1}}}, {"type": "Feature", "geometry": {"type": "Polygon", "coordinates": [[[180.0, -36.0], [180.0, -30.0], [174.0, -30.0], [174.0, -36.0], [180.0, -36.0]]]}, "properties": {"name": "S36E174_6x6", "kind": "latlon", "epsg": 4326, "lonMult": 1, "height": 6, "width": 6, "available": 2, "selected": 2, "coverage": 0.0769, "unionFrac": 0.0769, "bw": {"20": 2}}}, {"type": "Feature", "geometry": {"type": "Polygon", "coordinates": [[[-174.0, -30.0], [-174.0, -24.0], [-180.0, -24.0], [-180.0, -30.0], [-174.0, -30.0]]]}, "properties": {"name": "S30W180_6x6", "kind": "latlon", "epsg": 4326, "lonMult": 1, "height": 6, "width": 6, "available": 2, "selected": 2, "coverage": 0.0641, "unionFrac": 0.0641, "bw": {"20": 2}}}, {"type": "Feature", "geometry": {"type": "Polygon", "coordinates": [[[-72.0, -30.0], [-72.0, -24.0], [-78.0, -24.0], [-78.0, -30.0], [-72.0, -30.0]]]}, "properties": {"name": "S30W078_6x6", "kind": "latlon", "epsg": 4326, "lonMult": 1, "height": 6, "width": 6, "available": 5, "selected": 4, "coverage": 0.1171, "unionFrac": 0.1171, "bw": {"20": 4}}}, {"type": "Feature", "geometry": {"type": "Polygon", "coordinates": [[[-66.0, -30.0], [-66.0, -24.0], [-72.0, -24.0], [-72.0, -30.0], [-66.0, -30.0]]]}, "properties": {"name": "S30W072_6x6", "kind": "latlon", "epsg": 4326, "lonMult": 1, "height": 6, "width": 6, "available": 17, "selected": 13, "coverage": 0.9889, "unionFrac": 0.9895, "bw": {"20": 13}}}, {"type": "Feature", "geometry": {"type": "Polygon", "coordinates": [[[-60.0, -30.0], [-60.0, -24.0], [-66.0, -24.0], [-66.0, -30.0], [-60.0, -30.0]]]}, "properties": {"name": "S30W066_6x6", "kind": "latlon", "epsg": 4326, "lonMult": 1, "height": 6, "width": 6, "available": 18, "selected": 15, "coverage": 0.8688, "unionFrac": 0.8692, "bw": {"20": 15}}}, {"type": "Feature", "geometry": {"type": "Polygon", "coordinates": [[[-54.0, -30.0], [-54.0, -24.0], [-60.0, -24.0], [-60.0, -30.0], [-54.0, -30.0]]]}, "properties": {"name": "S30W060_6x6", "kind": "latlon", "epsg": 4326, "lonMult": 1, "height": 6, "width": 6, "available": 19, "selected": 15, "coverage": 0.9986, "unionFrac": 1.0, "bw": {"40": 2, "20": 13}}}, {"type": "Feature", "geometry": {"type": "Polygon", "coordinates": [[[-48.0, -30.0], [-48.0, -24.0], [-54.0, -24.0], [-54.0, -30.0], [-48.0, -30.0]]]}, "properties": {"name": "S30W054_6x6", "kind": "latlon", "epsg": 4326, "lonMult": 1, "height": 6, "width": 6, "available": 17, "selected": 14, "coverage": 0.748, "unionFrac": 0.748, "bw": {"40": 8, "20": 6}}}, {"type": "Feature", "geometry": {"type": "Polygon", "coordinates": [[[-42.0, -30.0], [-42.0, -24.0], [-48.0, -24.0], [-48.0, -30.0], [-42.0, -30.0]]]}, "properties": {"name": "S30W048_6x6", "kind": "latlon", "epsg": 4326, "lonMult": 1, "height": 6, "width": 6, "available": 13, "selected": 11, "coverage": 0.2563, "unionFrac": 0.257, "bw": {"40": 9, "20": 2}}}, {"type": "Feature", "geometry": {"type": "Polygon", "coordinates": [[[-36.0, -30.0], [-36.0, -24.0], [-42.0, -24.0], [-42.0, -30.0], [-36.0, -30.0]]]}, "properties": {"name": "S30W042_6x6", "kind": "latlon", "epsg": 4326, "lonMult": 1, "height": 6, "width": 6, "available": 2, "selected": 1, "coverage": 0.0139, "unionFrac": 0.0143, "bw": {"40": 1}}}, {"type": "Feature", "geometry": {"type": "Polygon", "coordinates": [[[18.0, -30.0], [18.0, -24.0], [12.0, -24.0], [12.0, -30.0], [18.0, -30.0]]]}, "properties": {"name": "S30E012_6x6", "kind": "latlon", "epsg": 4326, "lonMult": 1, "height": 6, "width": 6, "available": 13, "selected": 10, "coverage": 0.6765, "unionFrac": 0.6769, "bw": {"20": 10}}}, {"type": "Feature", "geometry": {"type": "Polygon", "coordinates": [[[24.0, -30.0], [24.0, -24.0], [18.0, -24.0], [18.0, -30.0], [24.0, -30.0]]]}, "properties": {"name": "S30E018_6x6", "kind": "latlon", "epsg": 4326, "lonMult": 1, "height": 6, "width": 6, "available": 22, "selected": 15, "coverage": 0.9993, "unionFrac": 1.0, "bw": {"20": 15}}}, {"type": "Feature", "geometry": {"type": "Polygon", "coordinates": [[[30.0, -30.0], [30.0, -24.0], [24.0, -24.0], [24.0, -30.0], [30.0, -30.0]]]}, "properties": {"name": "S30E024_6x6", "kind": "latlon", "epsg": 4326, "lonMult": 1, "height": 6, "width": 6, "available": 24, "selected": 15, "coverage": 0.9983, "unionFrac": 1.0, "bw": {"40": 4, "20": 11}}}, {"type": "Feature", "geometry": {"type": "Polygon", "coordinates": [[[36.0, -30.0], [36.0, -24.0], [30.0, -24.0], [30.0, -30.0], [36.0, -30.0]]]}, "properties": {"name": "S30E030_6x6", "kind": "latlon", "epsg": 4326, "lonMult": 1, "height": 6, "width": 6, "available": 18, "selected": 15, "coverage": 0.6785, "unionFrac": 0.6785, "bw": {"40": 8, "20": 7}}}, {"type": "Feature", "geometry": {"type": "Polygon", "coordinates": [[[42.0, -30.0], [42.0, -24.0], [36.0, -24.0], [36.0, -30.0], [42.0, -30.0]]]}, "properties": {"name": "S30E036_6x6", "kind": "latlon", "epsg": 4326, "lonMult": 1, "height": 6, "width": 6, "available": 3, "selected": 2, "coverage": 0.0164, "unionFrac": 0.017, "bw": {"20": 2}}}, {"type": "Feature", "geometry": {"type": "Polygon", "coordinates": [[[48.0, -30.0], [48.0, -24.0], [42.0, -24.0], [42.0, -30.0], [48.0, -30.0]]]}, "properties": {"name": "S30E042_6x6", "kind": "latlon", "epsg": 4326, "lonMult": 1, "height": 6, "width": 6, "available": 6, "selected": 6, "coverage": 0.2748, "unionFrac": 0.2748, "bw": {"20": 6}}}, {"type": "Feature", "geometry": {"type": "Polygon", "coordinates": [[[54.0, -30.0], [54.0, -24.0], [48.0, -24.0], [48.0, -30.0], [54.0, -30.0]]]}, "properties": {"name": "S30E048_6x6", "kind": "latlon", "epsg": 4326, "lonMult": 1, "height": 6, "width": 6, "available": 2, "selected": 1, "coverage": 0.026, "unionFrac": 0.026, "bw": {"20": 1}}}, {"type": "Feature", "geometry": {"type": "Polygon", "coordinates": [[[114.0, -30.0], [114.0, -24.0], [108.0, -24.0], [108.0, -30.0], [114.0, -30.0]]]}, "properties": {"name": "S30E108_6x6", "kind": "latlon", "epsg": 4326, "lonMult": 1, "height": 6, "width": 6, "available": 7, "selected": 7, "coverage": 0.2348, "unionFrac": 0.2348, "bw": {"40": 1, "20": 6}}}, {"type": "Feature", "geometry": {"type": "Polygon", "coordinates": [[[120.0, -30.0], [120.0, -24.0], [114.0, -24.0], [114.0, -30.0], [120.0, -30.0]]]}, "properties": {"name": "S30E114_6x6", "kind": "latlon", "epsg": 4326, "lonMult": 1, "height": 6, "width": 6, "available": 20, "selected": 16, "coverage": 0.9983, "unionFrac": 1.0, "bw": {"40": 2, "20": 14}}}, {"type": "Feature", "geometry": {"type": "Polygon", "coordinates": [[[126.0, -30.0], [126.0, -24.0], [120.0, -24.0], [120.0, -30.0], [126.0, -30.0]]]}, "properties": {"name": "S30E120_6x6", "kind": "latlon", "epsg": 4326, "lonMult": 1, "height": 6, "width": 6, "available": 22, "selected": 15, "coverage": 0.9994, "unionFrac": 1.0, "bw": {"20": 15}}}, {"type": "Feature", "geometry": {"type": "Polygon", "coordinates": [[[132.0, -30.0], [132.0, -24.0], [126.0, -24.0], [126.0, -30.0], [132.0, -30.0]]]}, "properties": {"name": "S30E126_6x6", "kind": "latlon", "epsg": 4326, "lonMult": 1, "height": 6, "width": 6, "available": 22, "selected": 15, "coverage": 0.9989, "unionFrac": 1.0, "bw": {"20": 15}}}, {"type": "Feature", "geometry": {"type": "Polygon", "coordinates": [[[138.0, -30.0], [138.0, -24.0], [132.0, -24.0], [132.0, -30.0], [138.0, -30.0]]]}, "properties": {"name": "S30E132_6x6", "kind": "latlon", "epsg": 4326, "lonMult": 1, "height": 6, "width": 6, "available": 21, "selected": 14, "coverage": 0.9992, "unionFrac": 1.0, "bw": {"20": 14}}}, {"type": "Feature", "geometry": {"type": "Polygon", "coordinates": [[[144.0, -30.0], [144.0, -24.0], [138.0, -24.0], [138.0, -30.0], [144.0, -30.0]]]}, "properties": {"name": "S30E138_6x6", "kind": "latlon", "epsg": 4326, "lonMult": 1, "height": 6, "width": 6, "available": 20, "selected": 14, "coverage": 0.998, "unionFrac": 1.0, "bw": {"20": 14}}}, {"type": "Feature", "geometry": {"type": "Polygon", "coordinates": [[[150.0, -30.0], [150.0, -24.0], [144.0, -24.0], [144.0, -30.0], [150.0, -30.0]]]}, "properties": {"name": "S30E144_6x6", "kind": "latlon", "epsg": 4326, "lonMult": 1, "height": 6, "width": 6, "available": 18, "selected": 16, "coverage": 0.9968, "unionFrac": 0.9973, "bw": {"20": 16}}}, {"type": "Feature", "geometry": {"type": "Polygon", "coordinates": [[[156.0, -30.0], [156.0, -24.0], [150.0, -24.0], [150.0, -30.0], [156.0, -30.0]]]}, "properties": {"name": "S30E150_6x6", "kind": "latlon", "epsg": 4326, "lonMult": 1, "height": 6, "width": 6, "available": 16, "selected": 13, "coverage": 0.808, "unionFrac": 0.8083, "bw": {"40": 4, "20": 9}}}, {"type": "Feature", "geometry": {"type": "Polygon", "coordinates": [[[-174.0, -24.0], [-174.0, -18.0], [-180.0, -18.0], [-180.0, -24.0], [-174.0, -24.0]]]}, "properties": {"name": "S24W180_6x6", "kind": "latlon", "epsg": 4326, "lonMult": 1, "height": 6, "width": 6, "available": 5, "selected": 5, "coverage": 0.2617, "unionFrac": 0.2617, "bw": {"20": 5}}}, {"type": "Feature", "geometry": {"type": "Polygon", "coordinates": [[[-168.0, -24.0], [-168.0, -18.0], [-174.0, -18.0], [-174.0, -24.0], [-168.0, -24.0]]]}, "properties": {"name": "S24W174_6x6", "kind": "latlon", "epsg": 4326, "lonMult": 1, "height": 6, "width": 6, "available": 2, "selected": 1, "coverage": 0.0524, "unionFrac": 0.0524, "bw": {"20": 1}}}, {"type": "Feature", "geometry": {"type": "Polygon", "coordinates": [[[-144.0, -24.0], [-144.0, -18.0], [-150.0, -18.0], [-150.0, -24.0], [-144.0, -24.0]]]}, "properties": {"name": "S24W150_6x6", "kind": "latlon", "epsg": 4326, "lonMult": 1, "height": 6, "width": 6, "available": 2, "selected": 2, "coverage": 0.0117, "unionFrac": 0.0117, "bw": {"20": 2}}}, {"type": "Feature", "geometry": {"type": "Polygon", "coordinates": [[[-138.0, -24.0], [-138.0, -18.0], [-144.0, -18.0], [-144.0, -24.0], [-138.0, -24.0]]]}, "properties": {"name": "S24W144_6x6", "kind": "latlon", "epsg": 4326, "lonMult": 1, "height": 6, "width": 6, "available": 1, "selected": 1, "coverage": 0.0185, "unionFrac": 0.0185, "bw": {"20": 1}}}, {"type": "Feature", "geometry": {"type": "Polygon", "coordinates": [[[-132.0, -24.0], [-132.0, -18.0], [-138.0, -18.0], [-138.0, -24.0], [-132.0, -24.0]]]}, "properties": {"name": "S24W138_6x6", "kind": "latlon", "epsg": 4326, "lonMult": 1, "height": 6, "width": 6, "available": 2, "selected": 2, "coverage": 0.1795, "unionFrac": 0.1795, "bw": {"20": 2}}}, {"type": "Feature", "geometry": {"type": "Polygon", "coordinates": [[[-72.0, -24.0], [-72.0, -18.0], [-78.0, -18.0], [-78.0, -24.0], [-72.0, -24.0]]]}, "properties": {"name": "S24W078_6x6", "kind": "latlon", "epsg": 4326, "lonMult": 1, "height": 6, "width": 6, "available": 1, "selected": 1, "coverage": 0.0163, "unionFrac": 0.0163, "bw": {"20": 1}}}, {"type": "Feature", "geometry": {"type": "Polygon", "coordinates": [[[-66.0, -24.0], [-66.0, -18.0], [-72.0, -18.0], [-72.0, -24.0], [-66.0, -24.0]]]}, "properties": {"name": "S24W072_6x6", "kind": "latlon", "epsg": 4326, "lonMult": 1, "height": 6, "width": 6, "available": 16, "selected": 13, "coverage": 0.8835, "unionFrac": 0.8849, "bw": {"20": 13}}}, {"type": "Feature", "geometry": {"type": "Polygon", "coordinates": [[[-60.0, -24.0], [-60.0, -18.0], [-66.0, -18.0], [-66.0, -24.0], [-60.0, -24.0]]]}, "properties": {"name": "S24W066_6x6", "kind": "latlon", "epsg": 4326, "lonMult": 1, "height": 6, "width": 6, "available": 21, "selected": 16, "coverage": 0.9991, "unionFrac": 0.9997, "bw": {"40": 2, "20": 14}}}, {"type": "Feature", "geometry": {"type": "Polygon", "coordinates": [[[-54.0, -24.0], [-54.0, -18.0], [-60.0, -18.0], [-60.0, -24.0], [-54.0, -24.0]]]}, "properties": {"name": "S24W060_6x6", "kind": "latlon", "epsg": 4326, "lonMult": 1, "height": 6, "width": 6, "available": 19, "selected": 12, "coverage": 0.969, "unionFrac": 0.971, "bw": {"40": 2, "20": 10}}}, {"type": "Feature", "geometry": {"type": "Polygon", "coordinates": [[[-48.0, -24.0], [-48.0, -18.0], [-54.0, -18.0], [-54.0, -24.0], [-48.0, -24.0]]]}, "properties": {"name": "S24W054_6x6", "kind": "latlon", "epsg": 4326, "lonMult": 1, "height": 6, "width": 6, "available": 19, "selected": 15, "coverage": 0.7493, "unionFrac": 0.7494, "bw": {"40": 7, "20": 8}}}, {"type": "Feature", "geometry": {"type": "Polygon", "coordinates": [[[-42.0, -24.0], [-42.0, -18.0], [-48.0, -18.0], [-48.0, -24.0], [-42.0, -24.0]]]}, "properties": {"name": "S24W048_6x6", "kind": "latlon", "epsg": 4326, "lonMult": 1, "height": 6, "width": 6, "available": 27, "selected": 20, "coverage": 0.8491, "unionFrac": 0.8509, "bw": {"40": 14, "20": 6}}}, {"type": "Feature", "geometry": {"type": "Polygon", "coordinates": [[[-36.0, -24.0], [-36.0, -18.0], [-42.0, -18.0], [-42.0, -24.0], [-36.0, -24.0]]]}, "properties": {"name": "S24W042_6x6", "kind": "latlon", "epsg": 4326, "lonMult": 1, "height": 6, "width": 6, "available": 11, "selected": 9, "coverage": 0.423, "unionFrac": 0.4233, "bw": {"40": 5, "20": 4}}}, {"type": "Feature", "geometry": {"type": "Polygon", "coordinates": [[[12.0, -24.0], [12.0, -18.0], [6.0, -18.0], [6.0, -24.0], [12.0, -24.0]]]}, "properties": {"name": "S24E006_6x6", "kind": "latlon", "epsg": 4326, "lonMult": 1, "height": 6, "width": 6, "available": 4, "selected": 3, "coverage": 0.0707, "unionFrac": 0.0714, "bw": {"20": 3}}}, {"type": "Feature", "geometry": {"type": "Polygon", "coordinates": [[[18.0, -24.0], [18.0, -18.0], [12.0, -18.0], [12.0, -24.0], [18.0, -24.0]]]}, "properties": {"name": "S24E012_6x6", "kind": "latlon", "epsg": 4326, "lonMult": 1, "height": 6, "width": 6, "available": 17, "selected": 12, "coverage": 0.9448, "unionFrac": 0.9458, "bw": {"40": 1, "20": 11}}}, {"type": "Feature", "geometry": {"type": "Polygon", "coordinates": [[[24.0, -24.0], [24.0, -18.0], [18.0, -18.0], [18.0, -24.0], [24.0, -24.0]]]}, "properties": {"name": "S24E018_6x6", "kind": "latlon", "epsg": 4326, "lonMult": 1, "height": 6, "width": 6, "available": 19, "selected": 16, "coverage": 0.9985, "unionFrac": 1.0, "bw": {"40": 1, "20": 15}}}, {"type": "Feature", "geometry": {"type": "Polygon", "coordinates": [[[30.0, -24.0], [30.0, -18.0], [24.0, -18.0], [24.0, -24.0], [30.0, -24.0]]]}, "properties": {"name": "S24E024_6x6", "kind": "latlon", "epsg": 4326, "lonMult": 1, "height": 6, "width": 6, "available": 19, "selected": 16, "coverage": 0.9992, "unionFrac": 1.0, "bw": {"40": 1, "20": 15}}}, {"type": "Feature", "geometry": {"type": "Polygon", "coordinates": [[[36.0, -24.0], [36.0, -18.0], [30.0, -18.0], [30.0, -24.0], [36.0, -24.0]]]}, "properties": {"name": "S24E030_6x6", "kind": "latlon", "epsg": 4326, "lonMult": 1, "height": 6, "width": 6, "available": 20, "selected": 15, "coverage": 0.9725, "unionFrac": 0.9729, "bw": {"40": 3, "20": 12}}}, {"type": "Feature", "geometry": {"type": "Polygon", "coordinates": [[[42.0, -24.0], [42.0, -18.0], [36.0, -18.0], [36.0, -24.0], [42.0, -24.0]]]}, "properties": {"name": "S24E036_6x6", "kind": "latlon", "epsg": 4326, "lonMult": 1, "height": 6, "width": 6, "available": 9, "selected": 7, "coverage": 0.1331, "unionFrac": 0.1331, "bw": {"40": 3, "20": 4}}}, {"type": "Feature", "geometry": {"type": "Polygon", "coordinates": [[[48.0, -24.0], [48.0, -18.0], [42.0, -18.0], [42.0, -24.0], [48.0, -24.0]]]}, "properties": {"name": "S24E042_6x6", "kind": "latlon", "epsg": 4326, "lonMult": 1, "height": 6, "width": 6, "available": 20, "selected": 15, "coverage": 0.8909, "unionFrac": 0.8925, "bw": {"40": 6, "20": 9}}}, {"type": "Feature", "geometry": {"type": "Polygon", "coordinates": [[[54.0, -24.0], [54.0, -18.0], [48.0, -18.0], [48.0, -24.0], [54.0, -24.0]]]}, "properties": {"name": "S24E048_6x6", "kind": "latlon", "epsg": 4326, "lonMult": 1, "height": 6, "width": 6, "available": 10, "selected": 8, "coverage": 0.2608, "unionFrac": 0.2608, "bw": {"40": 3, "20": 5}}}, {"type": "Feature", "geometry": {"type": "Polygon", "coordinates": [[[114.0, -24.0], [114.0, -18.0], [108.0, -18.0], [108.0, -24.0], [114.0, -24.0]]]}, "properties": {"name": "S24E108_6x6", "kind": "latlon", "epsg": 4326, "lonMult": 1, "height": 6, "width": 6, "available": 2, "selected": 2, "coverage": 0.1032, "unionFrac": 0.1032, "bw": {"20": 2}}}, {"type": "Feature", "geometry": {"type": "Polygon", "coordinates": [[[120.0, -24.0], [120.0, -18.0], [114.0, -18.0], [114.0, -24.0], [120.0, -24.0]]]}, "properties": {"name": "S24E114_6x6", "kind": "latlon", "epsg": 4326, "lonMult": 1, "height": 6, "width": 6, "available": 12, "selected": 9, "coverage": 0.6206, "unionFrac": 0.6219, "bw": {"20": 9}}}, {"type": "Feature", "geometry": {"type": "Polygon", "coordinates": [[[126.0, -24.0], [126.0, -18.0], [120.0, -18.0], [120.0, -24.0], [126.0, -24.0]]]}, "properties": {"name": "S24E120_6x6", "kind": "latlon", "epsg": 4326, "lonMult": 1, "height": 6, "width": 6, "available": 16, "selected": 13, "coverage": 0.9793, "unionFrac": 0.9804, "bw": {"20": 13}}}, {"type": "Feature", "geometry": {"type": "Polygon", "coordinates": [[[132.0, -24.0], [132.0, -18.0], [126.0, -18.0], [126.0, -24.0], [132.0, -24.0]]]}, "properties": {"name": "S24E126_6x6", "kind": "latlon", "epsg": 4326, "lonMult": 1, "height": 6, "width": 6, "available": 19, "selected": 15, "coverage": 0.9982, "unionFrac": 1.0, "bw": {"20": 15}}}, {"type": "Feature", "geometry": {"type": "Polygon", "coordinates": [[[138.0, -24.0], [138.0, -18.0], [132.0, -18.0], [132.0, -24.0], [138.0, -24.0]]]}, "properties": {"name": "S24E132_6x6", "kind": "latlon", "epsg": 4326, "lonMult": 1, "height": 6, "width": 6, "available": 19, "selected": 15, "coverage": 0.9992, "unionFrac": 1.0, "bw": {"20": 15}}}, {"type": "Feature", "geometry": {"type": "Polygon", "coordinates": [[[144.0, -24.0], [144.0, -18.0], [138.0, -18.0], [138.0, -24.0], [144.0, -24.0]]]}, "properties": {"name": "S24E138_6x6", "kind": "latlon", "epsg": 4326, "lonMult": 1, "height": 6, "width": 6, "available": 21, "selected": 14, "coverage": 0.9978, "unionFrac": 1.0, "bw": {"20": 14}}}, {"type": "Feature", "geometry": {"type": "Polygon", "coordinates": [[[150.0, -24.0], [150.0, -18.0], [144.0, -18.0], [144.0, -24.0], [150.0, -24.0]]]}, "properties": {"name": "S24E144_6x6", "kind": "latlon", "epsg": 4326, "lonMult": 1, "height": 6, "width": 6, "available": 18, "selected": 12, "coverage": 0.9627, "unionFrac": 0.964, "bw": {"20": 12}}}, {"type": "Feature", "geometry": {"type": "Polygon", "coordinates": [[[156.0, -24.0], [156.0, -18.0], [150.0, -18.0], [150.0, -24.0], [156.0, -24.0]]]}, "properties": {"name": "S24E150_6x6", "kind": "latlon", "epsg": 4326, "lonMult": 1, "height": 6, "width": 6, "available": 7, "selected": 6, "coverage": 0.2228, "unionFrac": 0.2232, "bw": {"20": 6}}}, {"type": "Feature", "geometry": {"type": "Polygon", "coordinates": [[[168.0, -24.0], [168.0, -18.0], [162.0, -18.0], [162.0, -24.0], [168.0, -24.0]]]}, "properties": {"name": "S24E162_6x6", "kind": "latlon", "epsg": 4326, "lonMult": 1, "height": 6, "width": 6, "available": 6, "selected": 6, "coverage": 0.319, "unionFrac": 0.319, "bw": {"20": 6}}}, {"type": "Feature", "geometry": {"type": "Polygon", "coordinates": [[[174.0, -24.0], [174.0, -18.0], [168.0, -18.0], [168.0, -24.0], [174.0, -24.0]]]}, "properties": {"name": "S24E168_6x6", "kind": "latlon", "epsg": 4326, "lonMult": 1, "height": 6, "width": 6, "available": 5, "selected": 5, "coverage": 0.2271, "unionFrac": 0.2271, "bw": {"20": 5}}}, {"type": "Feature", "geometry": {"type": "Polygon", "coordinates": [[[180.0, -24.0], [180.0, -18.0], [174.0, -18.0], [174.0, -24.0], [180.0, -24.0]]]}, "properties": {"name": "S24E174_6x6", "kind": "latlon", "epsg": 4326, "lonMult": 1, "height": 6, "width": 6, "available": 4, "selected": 3, "coverage": 0.1215, "unionFrac": 0.1215, "bw": {"20": 3}}}, {"type": "Feature", "geometry": {"type": "Polygon", "coordinates": [[[-174.0, -18.0], [-174.0, -12.0], [-180.0, -12.0], [-180.0, -18.0], [-174.0, -18.0]]]}, "properties": {"name": "S18W180_6x6", "kind": "latlon", "epsg": 4326, "lonMult": 1, "height": 6, "width": 6, "available": 3, "selected": 2, "coverage": 0.1098, "unionFrac": 0.1099, "bw": {"20": 2}}}, {"type": "Feature", "geometry": {"type": "Polygon", "coordinates": [[[-168.0, -18.0], [-168.0, -12.0], [-174.0, -12.0], [-174.0, -18.0], [-168.0, -18.0]]]}, "properties": {"name": "S18W174_6x6", "kind": "latlon", "epsg": 4326, "lonMult": 1, "height": 6, "width": 6, "available": 7, "selected": 7, "coverage": 0.1931, "unionFrac": 0.1931, "bw": {"40": 2, "20": 5}}}, {"type": "Feature", "geometry": {"type": "Polygon", "coordinates": [[[-162.0, -18.0], [-162.0, -12.0], [-168.0, -12.0], [-168.0, -18.0], [-162.0, -18.0]]]}, "properties": {"name": "S18W168_6x6", "kind": "latlon", "epsg": 4326, "lonMult": 1, "height": 6, "width": 6, "available": 3, "selected": 3, "coverage": 0.0129, "unionFrac": 0.0129, "bw": {"40": 2, "20": 1}}}, {"type": "Feature", "geometry": {"type": "Polygon", "coordinates": [[[-144.0, -18.0], [-144.0, -12.0], [-150.0, -12.0], [-150.0, -18.0], [-144.0, -18.0]]]}, "properties": {"name": "S18W150_6x6", "kind": "latlon", "epsg": 4326, "lonMult": 1, "height": 6, "width": 6, "available": 3, "selected": 3, "coverage": 0.2529, "unionFrac": 0.2529, "bw": {"20": 3}}}, {"type": "Feature", "geometry": {"type": "Polygon", "coordinates": [[[-138.0, -18.0], [-138.0, -12.0], [-144.0, -12.0], [-144.0, -18.0], [-138.0, -18.0]]]}, "properties": {"name": "S18W144_6x6", "kind": "latlon", "epsg": 4326, "lonMult": 1, "height": 6, "width": 6, "available": 1, "selected": 1, "coverage": 0.108, "unionFrac": 0.108, "bw": {"20": 1}}}, {"type": "Feature", "geometry": {"type": "Polygon", "coordinates": [[[-78.0, -18.0], [-78.0, -12.0], [-84.0, -12.0], [-84.0, -18.0], [-78.0, -18.0]]]}, "properties": {"name": "S18W084_6x6", "kind": "latlon", "epsg": 4326, "lonMult": 1, "height": 6, "width": 6, "available": 2, "selected": 2, "coverage": 0.0352, "unionFrac": 0.0352, "bw": {"20": 2}}}, {"type": "Feature", "geometry": {"type": "Polygon", "coordinates": [[[-72.0, -18.0], [-72.0, -12.0], [-78.0, -12.0], [-78.0, -18.0], [-72.0, -18.0]]]}, "properties": {"name": "S18W078_6x6", "kind": "latlon", "epsg": 4326, "lonMult": 1, "height": 6, "width": 6, "available": 14, "selected": 12, "coverage": 0.6588, "unionFrac": 0.659, "bw": {"20": 12}}}, {"type": "Feature", "geometry": {"type": "Polygon", "coordinates": [[[-66.0, -18.0], [-66.0, -12.0], [-72.0, -12.0], [-72.0, -18.0], [-66.0, -18.0]]]}, "properties": {"name": "S18W072_6x6", "kind": "latlon", "epsg": 4326, "lonMult": 1, "height": 6, "width": 6, "available": 20, "selected": 15, "coverage": 0.9955, "unionFrac": 0.9963, "bw": {"20": 15}}}, {"type": "Feature", "geometry": {"type": "Polygon", "coordinates": [[[-60.0, -18.0], [-60.0, -12.0], [-66.0, -12.0], [-66.0, -18.0], [-60.0, -18.0]]]}, "properties": {"name": "S18W066_6x6", "kind": "latlon", "epsg": 4326, "lonMult": 1, "height": 6, "width": 6, "available": 22, "selected": 17, "coverage": 0.9995, "unionFrac": 1.0, "bw": {"40": 3, "20": 14}}}, {"type": "Feature", "geometry": {"type": "Polygon", "coordinates": [[[-54.0, -18.0], [-54.0, -12.0], [-60.0, -12.0], [-60.0, -18.0], [-54.0, -18.0]]]}, "properties": {"name": "S18W060_6x6", "kind": "latlon", "epsg": 4326, "lonMult": 1, "height": 6, "width": 6, "available": 17, "selected": 13, "coverage": 0.7979, "unionFrac": 0.7998, "bw": {"40": 2, "20": 11}}}, {"type": "Feature", "geometry": {"type": "Polygon", "coordinates": [[[-48.0, -18.0], [-48.0, -12.0], [-54.0, -12.0], [-54.0, -18.0], [-48.0, -18.0]]]}, "properties": {"name": "S18W054_6x6", "kind": "latlon", "epsg": 4326, "lonMult": 1, "height": 6, "width": 6, "available": 17, "selected": 15, "coverage": 0.8982, "unionFrac": 0.8989, "bw": {"40": 5, "20": 10}}}, {"type": "Feature", "geometry": {"type": "Polygon", "coordinates": [[[-42.0, -18.0], [-42.0, -12.0], [-48.0, -12.0], [-48.0, -18.0], [-42.0, -18.0]]]}, "properties": {"name": "S18W048_6x6", "kind": "latlon", "epsg": 4326, "lonMult": 1, "height": 6, "width": 6, "available": 21, "selected": 19, "coverage": 0.9938, "unionFrac": 0.9941, "bw": {"40": 5, "20": 14}}}, {"type": "Feature", "geometry": {"type": "Polygon", "coordinates": [[[-36.0, -18.0], [-36.0, -12.0], [-42.0, -12.0], [-42.0, -18.0], [-36.0, -18.0]]]}, "properties": {"name": "S18W042_6x6", "kind": "latlon", "epsg": 4326, "lonMult": 1, "height": 6, "width": 6, "available": 15, "selected": 11, "coverage": 0.7237, "unionFrac": 0.7243, "bw": {"40": 3, "20": 8}}}, {"type": "Feature", "geometry": {"type": "Polygon", "coordinates": [[[-30.0, -18.0], [-30.0, -12.0], [-36.0, -12.0], [-36.0, -18.0], [-30.0, -18.0]]]}, "properties": {"name": "S18W036_6x6", "kind": "latlon", "epsg": 4326, "lonMult": 1, "height": 6, "width": 6, "available": 2, "selected": 1, "coverage": 0.0108, "unionFrac": 0.0116, "bw": {"40": 1}}}, {"type": "Feature", "geometry": {"type": "Polygon", "coordinates": [[[12.0, -18.0], [12.0, -12.0], [6.0, -12.0], [6.0, -18.0], [12.0, -18.0]]]}, "properties": {"name": "S18E006_6x6", "kind": "latlon", "epsg": 4326, "lonMult": 1, "height": 6, "width": 6, "available": 5, "selected": 4, "coverage": 0.1605, "unionFrac": 0.1614, "bw": {"20": 4}}}, {"type": "Feature", "geometry": {"type": "Polygon", "coordinates": [[[18.0, -18.0], [18.0, -12.0], [12.0, -12.0], [12.0, -18.0], [18.0, -18.0]]]}, "properties": {"name": "S18E012_6x6", "kind": "latlon", "epsg": 4326, "lonMult": 1, "height": 6, "width": 6, "available": 19, "selected": 15, "coverage": 0.9808, "unionFrac": 0.982, "bw": {"40": 1, "20": 14}}}, {"type": "Feature", "geometry": {"type": "Polygon", "coordinates": [[[24.0, -18.0], [24.0, -12.0], [18.0, -12.0], [18.0, -18.0], [24.0, -18.0]]]}, "properties": {"name": "S18E018_6x6", "kind": "latlon", "epsg": 4326, "lonMult": 1, "height": 6, "width": 6, "available": 21, "selected": 16, "coverage": 0.9988, "unionFrac": 1.0, "bw": {"40": 1, "20": 15}}}, {"type": "Feature", "geometry": {"type": "Polygon", "coordinates": [[[30.0, -18.0], [30.0, -12.0], [24.0, -12.0], [24.0, -18.0], [30.0, -18.0]]]}, "properties": {"name": "S18E024_6x6", "kind": "latlon", "epsg": 4326, "lonMult": 1, "height": 6, "width": 6, "available": 22, "selected": 15, "coverage": 0.9976, "unionFrac": 1.0, "bw": {"40": 1, "20": 14}}}, {"type": "Feature", "geometry": {"type": "Polygon", "coordinates": [[[36.0, -18.0], [36.0, -12.0], [30.0, -12.0], [30.0, -18.0], [36.0, -18.0]]]}, "properties": {"name": "S18E030_6x6", "kind": "latlon", "epsg": 4326, "lonMult": 1, "height": 6, "width": 6, "available": 23, "selected": 17, "coverage": 0.9985, "unionFrac": 1.0, "bw": {"40": 2, "20": 15}}}, {"type": "Feature", "geometry": {"type": "Polygon", "coordinates": [[[42.0, -18.0], [42.0, -12.0], [36.0, -12.0], [36.0, -18.0], [42.0, -18.0]]]}, "properties": {"name": "S18E036_6x6", "kind": "latlon", "epsg": 4326, "lonMult": 1, "height": 6, "width": 6, "available": 21, "selected": 16, "coverage": 0.8769, "unionFrac": 0.8779, "bw": {"40": 5, "20": 11}}}, {"type": "Feature", "geometry": {"type": "Polygon", "coordinates": [[[48.0, -18.0], [48.0, -12.0], [42.0, -12.0], [42.0, -18.0], [48.0, -18.0]]]}, "properties": {"name": "S18E042_6x6", "kind": "latlon", "epsg": 4326, "lonMult": 1, "height": 6, "width": 6, "available": 16, "selected": 14, "coverage": 0.5696, "unionFrac": 0.5706, "bw": {"40": 2, "20": 12}}}, {"type": "Feature", "geometry": {"type": "Polygon", "coordinates": [[[54.0, -18.0], [54.0, -12.0], [48.0, -12.0], [48.0, -18.0], [54.0, -18.0]]]}, "properties": {"name": "S18E048_6x6", "kind": "latlon", "epsg": 4326, "lonMult": 1, "height": 6, "width": 6, "available": 8, "selected": 8, "coverage": 0.4713, "unionFrac": 0.4713, "bw": {"40": 2, "20": 6}}}, {"type": "Feature", "geometry": {"type": "Polygon", "coordinates": [[[126.0, -18.0], [126.0, -12.0], [120.0, -12.0], [120.0, -18.0], [126.0, -18.0]]]}, "properties": {"name": "S18E120_6x6", "kind": "latlon", "epsg": 4326, "lonMult": 1, "height": 6, "width": 6, "available": 9, "selected": 5, "coverage": 0.3738, "unionFrac": 0.375, "bw": {"20": 5}}}, {"type": "Feature", "geometry": {"type": "Polygon", "coordinates": [[[132.0, -18.0], [132.0, -12.0], [126.0, -12.0], [126.0, -18.0], [132.0, -18.0]]]}, "properties": {"name": "S18E126_6x6", "kind": "latlon", "epsg": 4326, "lonMult": 1, "height": 6, "width": 6, "available": 19, "selected": 14, "coverage": 0.8692, "unionFrac": 0.8704, "bw": {"20": 14}}}, {"type": "Feature", "geometry": {"type": "Polygon", "coordinates": [[[138.0, -18.0], [138.0, -12.0], [132.0, -12.0], [132.0, -18.0], [138.0, -18.0]]]}, "properties": {"name": "S18E132_6x6", "kind": "latlon", "epsg": 4326, "lonMult": 1, "height": 6, "width": 6, "available": 18, "selected": 13, "coverage": 0.9878, "unionFrac": 0.9895, "bw": {"20": 13}}}, {"type": "Feature", "geometry": {"type": "Polygon", "coordinates": [[[144.0, -18.0], [144.0, -12.0], [138.0, -12.0], [138.0, -18.0], [144.0, -18.0]]]}, "properties": {"name": "S18E138_6x6", "kind": "latlon", "epsg": 4326, "lonMult": 1, "height": 6, "width": 6, "available": 14, "selected": 11, "coverage": 0.804, "unionFrac": 0.8052, "bw": {"20": 11}}}, {"type": "Feature", "geometry": {"type": "Polygon", "coordinates": [[[150.0, -18.0], [150.0, -12.0], [144.0, -12.0], [144.0, -18.0], [150.0, -18.0]]]}, "properties": {"name": "S18E144_6x6", "kind": "latlon", "epsg": 4326, "lonMult": 1, "height": 6, "width": 6, "available": 9, "selected": 7, "coverage": 0.4413, "unionFrac": 0.442, "bw": {"20": 7}}}, {"type": "Feature", "geometry": {"type": "Polygon", "coordinates": [[[162.0, -18.0], [162.0, -12.0], [156.0, -12.0], [156.0, -18.0], [162.0, -18.0]]]}, "properties": {"name": "S18E156_6x6", "kind": "latlon", "epsg": 4326, "lonMult": 1, "height": 6, "width": 6, "available": 2, "selected": 2, "coverage": 0.0267, "unionFrac": 0.0267, "bw": {"20": 2}}}, {"type": "Feature", "geometry": {"type": "Polygon", "coordinates": [[[168.0, -18.0], [168.0, -12.0], [162.0, -12.0], [162.0, -18.0], [168.0, -18.0]]]}, "properties": {"name": "S18E162_6x6", "kind": "latlon", "epsg": 4326, "lonMult": 1, "height": 6, "width": 6, "available": 6, "selected": 6, "coverage": 0.3203, "unionFrac": 0.3203, "bw": {"20": 6}}}, {"type": "Feature", "geometry": {"type": "Polygon", "coordinates": [[[174.0, -18.0], [174.0, -12.0], [168.0, -12.0], [168.0, -18.0], [174.0, -18.0]]]}, "properties": {"name": "S18E168_6x6", "kind": "latlon", "epsg": 4326, "lonMult": 1, "height": 6, "width": 6, "available": 4, "selected": 4, "coverage": 0.2271, "unionFrac": 0.2271, "bw": {"20": 4}}}, {"type": "Feature", "geometry": {"type": "Polygon", "coordinates": [[[180.0, -18.0], [180.0, -12.0], [174.0, -12.0], [174.0, -18.0], [180.0, -18.0]]]}, "properties": {"name": "S18E174_6x6", "kind": "latlon", "epsg": 4326, "lonMult": 1, "height": 6, "width": 6, "available": 5, "selected": 2, "coverage": 0.1962, "unionFrac": 0.1969, "bw": {"20": 2}}}, {"type": "Feature", "geometry": {"type": "Polygon", "coordinates": [[[-138.0, -12.0], [-138.0, -6.0], [-144.0, -6.0], [-144.0, -12.0], [-138.0, -12.0]]]}, "properties": {"name": "S12W144_6x6", "kind": "latlon", "epsg": 4326, "lonMult": 1, "height": 6, "width": 6, "available": 2, "selected": 2, "coverage": 0.1164, "unionFrac": 0.1164, "bw": {"20": 2}}}, {"type": "Feature", "geometry": {"type": "Polygon", "coordinates": [[[-132.0, -12.0], [-132.0, -6.0], [-138.0, -6.0], [-138.0, -12.0], [-132.0, -12.0]]]}, "properties": {"name": "S12W138_6x6", "kind": "latlon", "epsg": 4326, "lonMult": 1, "height": 6, "width": 6, "available": 2, "selected": 2, "coverage": 0.0351, "unionFrac": 0.0351, "bw": {"20": 2}}}, {"type": "Feature", "geometry": {"type": "Polygon", "coordinates": [[[-78.0, -12.0], [-78.0, -6.0], [-84.0, -6.0], [-84.0, -12.0], [-78.0, -12.0]]]}, "properties": {"name": "S12W084_6x6", "kind": "latlon", "epsg": 4326, "lonMult": 1, "height": 6, "width": 6, "available": 8, "selected": 6, "coverage": 0.3547, "unionFrac": 0.3547, "bw": {"40": 2, "20": 4}}}, {"type": "Feature", "geometry": {"type": "Polygon", "coordinates": [[[-72.0, -12.0], [-72.0, -6.0], [-78.0, -6.0], [-78.0, -12.0], [-72.0, -12.0]]]}, "properties": {"name": "S12W078_6x6", "kind": "latlon", "epsg": 4326, "lonMult": 1, "height": 6, "width": 6, "available": 18, "selected": 15, "coverage": 0.998, "unionFrac": 1.0, "bw": {"40": 3, "20": 12}}}, {"type": "Feature", "geometry": {"type": "Polygon", "coordinates": [[[-66.0, -12.0], [-66.0, -6.0], [-72.0, -6.0], [-72.0, -12.0], [-66.0, -12.0]]]}, "properties": {"name": "S12W072_6x6", "kind": "latlon", "epsg": 4326, "lonMult": 1, "height": 6, "width": 6, "available": 18, "selected": 15, "coverage": 0.9982, "unionFrac": 1.0, "bw": {"20": 15}}}, {"type": "Feature", "geometry": {"type": "Polygon", "coordinates": [[[-60.0, -12.0], [-60.0, -6.0], [-66.0, -6.0], [-66.0, -12.0], [-60.0, -12.0]]]}, "properties": {"name": "S12W066_6x6", "kind": "latlon", "epsg": 4326, "lonMult": 1, "height": 6, "width": 6, "available": 19, "selected": 15, "coverage": 0.9987, "unionFrac": 1.0, "bw": {"20": 15}}}, {"type": "Feature", "geometry": {"type": "Polygon", "coordinates": [[[-54.0, -12.0], [-54.0, -6.0], [-60.0, -6.0], [-60.0, -12.0], [-54.0, -12.0]]]}, "properties": {"name": "S12W060_6x6", "kind": "latlon", "epsg": 4326, "lonMult": 1, "height": 6, "width": 6, "available": 16, "selected": 12, "coverage": 0.7212, "unionFrac": 0.7225, "bw": {"20": 12}}}, {"type": "Feature", "geometry": {"type": "Polygon", "coordinates": [[[-48.0, -12.0], [-48.0, -6.0], [-54.0, -6.0], [-54.0, -12.0], [-48.0, -12.0]]]}, "properties": {"name": "S12W054_6x6", "kind": "latlon", "epsg": 4326, "lonMult": 1, "height": 6, "width": 6, "available": 19, "selected": 15, "coverage": 0.9981, "unionFrac": 0.9999, "bw": {"20": 15}}}, {"type": "Feature", "geometry": {"type": "Polygon", "coordinates": [[[-42.0, -12.0], [-42.0, -6.0], [-48.0, -6.0], [-48.0, -12.0], [-42.0, -12.0]]]}, "properties": {"name": "S12W048_6x6", "kind": "latlon", "epsg": 4326, "lonMult": 1, "height": 6, "width": 6, "available": 21, "selected": 15, "coverage": 0.9977, "unionFrac": 1.0, "bw": {"20": 15}}}, {"type": "Feature", "geometry": {"type": "Polygon", "coordinates": [[[-36.0, -12.0], [-36.0, -6.0], [-42.0, -6.0], [-42.0, -12.0], [-36.0, -12.0]]]}, "properties": {"name": "S12W042_6x6", "kind": "latlon", "epsg": 4326, "lonMult": 1, "height": 6, "width": 6, "available": 22, "selected": 17, "coverage": 0.9981, "unionFrac": 1.0, "bw": {"40": 6, "20": 11}}}, {"type": "Feature", "geometry": {"type": "Polygon", "coordinates": [[[-30.0, -12.0], [-30.0, -6.0], [-36.0, -6.0], [-36.0, -12.0], [-30.0, -12.0]]]}, "properties": {"name": "S12W036_6x6", "kind": "latlon", "epsg": 4326, "lonMult": 1, "height": 6, "width": 6, "available": 8, "selected": 6, "coverage": 0.3177, "unionFrac": 0.3177, "bw": {"40": 6}}}, {"type": "Feature", "geometry": {"type": "Polygon", "coordinates": [[[12.0, -12.0], [12.0, -6.0], [6.0, -6.0], [6.0, -12.0], [12.0, -12.0]]]}, "properties": {"name": "S12E006_6x6", "kind": "latlon", "epsg": 4326, "lonMult": 1, "height": 6, "width": 6, "available": 3, "selected": 3, "coverage": 0.0513, "unionFrac": 0.0513, "bw": {"20": 3}}}, {"type": "Feature", "geometry": {"type": "Polygon", "coordinates": [[[18.0, -12.0], [18.0, -6.0], [12.0, -6.0], [12.0, -12.0], [18.0, -12.0]]]}, "properties": {"name": "S12E012_6x6", "kind": "latlon", "epsg": 4326, "lonMult": 1, "height": 6, "width": 6, "available": 18, "selected": 14, "coverage": 0.9796, "unionFrac": 0.9804, "bw": {"20": 14}}}, {"type": "Feature", "geometry": {"type": "Polygon", "coordinates": [[[24.0, -12.0], [24.0, -6.0], [18.0, -6.0], [18.0, -12.0], [24.0, -12.0]]]}, "properties": {"name": "S12E018_6x6", "kind": "latlon", "epsg": 4326, "lonMult": 1, "height": 6, "width": 6, "available": 20, "selected": 14, "coverage": 0.9981, "unionFrac": 1.0, "bw": {"20": 14}}}, {"type": "Feature", "geometry": {"type": "Polygon", "coordinates": [[[30.0, -12.0], [30.0, -6.0], [24.0, -6.0], [24.0, -12.0], [30.0, -12.0]]]}, "properties": {"name": "S12E024_6x6", "kind": "latlon", "epsg": 4326, "lonMult": 1, "height": 6, "width": 6, "available": 19, "selected": 15, "coverage": 0.9985, "unionFrac": 1.0, "bw": {"20": 15}}}, {"type": "Feature", "geometry": {"type": "Polygon", "coordinates": [[[36.0, -12.0], [36.0, -6.0], [30.0, -6.0], [30.0, -12.0], [36.0, -12.0]]]}, "properties": {"name": "S12E030_6x6", "kind": "latlon", "epsg": 4326, "lonMult": 1, "height": 6, "width": 6, "available": 21, "selected": 17, "coverage": 0.998, "unionFrac": 1.0, "bw": {"40": 3, "20": 14}}}, {"type": "Feature", "geometry": {"type": "Polygon", "coordinates": [[[42.0, -12.0], [42.0, -6.0], [36.0, -6.0], [36.0, -12.0], [42.0, -12.0]]]}, "properties": {"name": "S12E036_6x6", "kind": "latlon", "epsg": 4326, "lonMult": 1, "height": 6, "width": 6, "available": 18, "selected": 13, "coverage": 0.8851, "unionFrac": 0.8873, "bw": {"40": 3, "20": 10}}}, {"type": "Feature", "geometry": {"type": "Polygon", "coordinates": [[[48.0, -12.0], [48.0, -6.0], [42.0, -6.0], [42.0, -12.0], [48.0, -12.0]]]}, "properties": {"name": "S12E042_6x6", "kind": "latlon", "epsg": 4326, "lonMult": 1, "height": 6, "width": 6, "available": 4, "selected": 3, "coverage": 0.0703, "unionFrac": 0.0707, "bw": {"20": 3}}}, {"type": "Feature", "geometry": {"type": "Polygon", "coordinates": [[[54.0, -12.0], [54.0, -6.0], [48.0, -6.0], [48.0, -12.0], [54.0, -12.0]]]}, "properties": {"name": "S12E048_6x6", "kind": "latlon", "epsg": 4326, "lonMult": 1, "height": 6, "width": 6, "available": 1, "selected": 1, "coverage": 0.0057, "unionFrac": 0.0057, "bw": {"20": 1}}}, {"type": "Feature", "geometry": {"type": "Polygon", "coordinates": [[[102.0, -12.0], [102.0, -6.0], [96.0, -6.0], [96.0, -12.0], [102.0, -12.0]]]}, "properties": {"name": "S12E096_6x6", "kind": "latlon", "epsg": 4326, "lonMult": 1, "height": 6, "width": 6, "available": 2, "selected": 1, "coverage": 0.0187, "unionFrac": 0.0187, "bw": {"40": 1}}}, {"type": "Feature", "geometry": {"type": "Polygon", "coordinates": [[[108.0, -12.0], [108.0, -6.0], [102.0, -6.0], [102.0, -12.0], [108.0, -12.0]]]}, "properties": {"name": "S12E102_6x6", "kind": "latlon", "epsg": 4326, "lonMult": 1, "height": 6, "width": 6, "available": 11, "selected": 9, "coverage": 0.3004, "unionFrac": 0.3004, "bw": {"40": 9}}}, {"type": "Feature", "geometry": {"type": "Polygon", "coordinates": [[[114.0, -12.0], [114.0, -6.0], [108.0, -6.0], [108.0, -12.0], [114.0, -12.0]]]}, "properties": {"name": "S12E108_6x6", "kind": "latlon", "epsg": 4326, "lonMult": 1, "height": 6, "width": 6, "available": 15, "selected": 11, "coverage": 0.579, "unionFrac": 0.579, "bw": {"40": 11}}}, {"type": "Feature", "geometry": {"type": "Polygon", "coordinates": [[[120.0, -12.0], [120.0, -6.0], [114.0, -6.0], [114.0, -12.0], [120.0, -12.0]]]}, "properties": {"name": "S12E114_6x6", "kind": "latlon", "epsg": 4326, "lonMult": 1, "height": 6, "width": 6, "available": 17, "selected": 15, "coverage": 0.7282, "unionFrac": 0.7282, "bw": {"40": 11, "20": 4}}}, {"type": "Feature", "geometry": {"type": "Polygon", "coordinates": [[[126.0, -12.0], [126.0, -6.0], [120.0, -6.0], [120.0, -12.0], [126.0, -12.0]]]}, "properties": {"name": "S12E120_6x6", "kind": "latlon", "epsg": 4326, "lonMult": 1, "height": 6, "width": 6, "available": 21, "selected": 18, "coverage": 0.8175, "unionFrac": 0.8175, "bw": {"40": 14, "20": 4}}}, {"type": "Feature", "geometry": {"type": "Polygon", "coordinates": [[[132.0, -12.0], [132.0, -6.0], [126.0, -6.0], [126.0, -12.0], [132.0, -12.0]]]}, "properties": {"name": "S12E126_6x6", "kind": "latlon", "epsg": 4326, "lonMult": 1, "height": 6, "width": 6, "available": 16, "selected": 16, "coverage": 0.6901, "unionFrac": 0.6901, "bw": {"40": 7, "20": 9}}}, {"type": "Feature", "geometry": {"type": "Polygon", "coordinates": [[[138.0, -12.0], [138.0, -6.0], [132.0, -6.0], [132.0, -12.0], [138.0, -12.0]]]}, "properties": {"name": "S12E132_6x6", "kind": "latlon", "epsg": 4326, "lonMult": 1, "height": 6, "width": 6, "available": 15, "selected": 13, "coverage": 0.4719, "unionFrac": 0.4729, "bw": {"20": 13}}}, {"type": "Feature", "geometry": {"type": "Polygon", "coordinates": [[[144.0, -12.0], [144.0, -6.0], [138.0, -6.0], [138.0, -12.0], [144.0, -12.0]]]}, "properties": {"name": "S12E138_6x6", "kind": "latlon", "epsg": 4326, "lonMult": 1, "height": 6, "width": 6, "available": 15, "selected": 14, "coverage": 0.7374, "unionFrac": 0.7375, "bw": {"20": 14}}}, {"type": "Feature", "geometry": {"type": "Polygon", "coordinates": [[[150.0, -12.0], [150.0, -6.0], [144.0, -6.0], [144.0, -12.0], [150.0, -12.0]]]}, "properties": {"name": "S12E144_6x6", "kind": "latlon", "epsg": 4326, "lonMult": 1, "height": 6, "width": 6, "available": 16, "selected": 15, "coverage": 0.6865, "unionFrac": 0.6867, "bw": {"40": 3, "20": 12}}}, {"type": "Feature", "geometry": {"type": "Polygon", "coordinates": [[[156.0, -12.0], [156.0, -6.0], [150.0, -6.0], [150.0, -12.0], [156.0, -12.0]]]}, "properties": {"name": "S12E150_6x6", "kind": "latlon", "epsg": 4326, "lonMult": 1, "height": 6, "width": 6, "available": 8, "selected": 7, "coverage": 0.2512, "unionFrac": 0.2518, "bw": {"20": 7}}}, {"type": "Feature", "geometry": {"type": "Polygon", "coordinates": [[[162.0, -12.0], [162.0, -6.0], [156.0, -6.0], [156.0, -12.0], [162.0, -12.0]]]}, "properties": {"name": "S12E156_6x6", "kind": "latlon", "epsg": 4326, "lonMult": 1, "height": 6, "width": 6, "available": 9, "selected": 9, "coverage": 0.6315, "unionFrac": 0.6315, "bw": {"20": 9}}}, {"type": "Feature", "geometry": {"type": "Polygon", "coordinates": [[[168.0, -12.0], [168.0, -6.0], [162.0, -6.0], [162.0, -12.0], [168.0, -12.0]]]}, "properties": {"name": "S12E162_6x6", "kind": "latlon", "epsg": 4326, "lonMult": 1, "height": 6, "width": 6, "available": 3, "selected": 3, "coverage": 0.1284, "unionFrac": 0.1284, "bw": {"20": 3}}}, {"type": "Feature", "geometry": {"type": "Polygon", "coordinates": [[[-168.0, -6.0], [-168.0, 0.0], [-174.0, 0.0], [-174.0, -6.0], [-168.0, -6.0]]]}, "properties": {"name": "S06W174_6x6", "kind": "latlon", "epsg": 4326, "lonMult": 1, "height": 6, "width": 6, "available": 2, "selected": 2, "coverage": 0.1387, "unionFrac": 0.1387, "bw": {"20": 2}}}, {"type": "Feature", "geometry": {"type": "Polygon", "coordinates": [[[-90.0, -6.0], [-90.0, 0.0], [-96.0, 0.0], [-96.0, -6.0], [-90.0, -6.0]]]}, "properties": {"name": "S06W096_6x6", "kind": "latlon", "epsg": 4326, "lonMult": 1, "height": 6, "width": 6, "available": 2, "selected": 2, "coverage": 0.0911, "unionFrac": 0.0911, "bw": {"20": 2}}}, {"type": "Feature", "geometry": {"type": "Polygon", "coordinates": [[[-84.0, -6.0], [-84.0, 0.0], [-90.0, 0.0], [-90.0, -6.0], [-84.0, -6.0]]]}, "properties": {"name": "S06W090_6x6", "kind": "latlon", "epsg": 4326, "lonMult": 1, "height": 6, "width": 6, "available": 2, "selected": 1, "coverage": 0.0311, "unionFrac": 0.0311, "bw": {"20": 1}}}, {"type": "Feature", "geometry": {"type": "Polygon", "coordinates": [[[-78.0, -6.0], [-78.0, 0.0], [-84.0, 0.0], [-84.0, -6.0], [-78.0, -6.0]]]}, "properties": {"name": "S06W084_6x6", "kind": "latlon", "epsg": 4326, "lonMult": 1, "height": 6, "width": 6, "available": 14, "selected": 12, "coverage": 0.6958, "unionFrac": 0.6958, "bw": {"40": 7, "20": 5}}}, {"type": "Feature", "geometry": {"type": "Polygon", "coordinates": [[[-72.0, -6.0], [-72.0, 0.0], [-78.0, 0.0], [-78.0, -6.0], [-72.0, -6.0]]]}, "properties": {"name": "S06W078_6x6", "kind": "latlon", "epsg": 4326, "lonMult": 1, "height": 6, "width": 6, "available": 22, "selected": 15, "coverage": 0.9968, "unionFrac": 1.0, "bw": {"40": 4, "20": 11}}}, {"type": "Feature", "geometry": {"type": "Polygon", "coordinates": [[[-66.0, -6.0], [-66.0, 0.0], [-72.0, 0.0], [-72.0, -6.0], [-66.0, -6.0]]]}, "properties": {"name": "S06W072_6x6", "kind": "latlon", "epsg": 4326, "lonMult": 1, "height": 6, "width": 6, "available": 21, "selected": 16, "coverage": 0.9986, "unionFrac": 1.0, "bw": {"20": 16}}}, {"type": "Feature", "geometry": {"type": "Polygon", "coordinates": [[[-60.0, -6.0], [-60.0, 0.0], [-66.0, 0.0], [-66.0, -6.0], [-60.0, -6.0]]]}, "properties": {"name": "S06W066_6x6", "kind": "latlon", "epsg": 4326, "lonMult": 1, "height": 6, "width": 6, "available": 21, "selected": 16, "coverage": 0.9984, "unionFrac": 1.0, "bw": {"40": 2, "20": 14}}}, {"type": "Feature", "geometry": {"type": "Polygon", "coordinates": [[[-54.0, -6.0], [-54.0, 0.0], [-60.0, 0.0], [-60.0, -6.0], [-54.0, -6.0]]]}, "properties": {"name": "S06W060_6x6", "kind": "latlon", "epsg": 4326, "lonMult": 1, "height": 6, "width": 6, "available": 17, "selected": 15, "coverage": 0.7569, "unionFrac": 0.7572, "bw": {"40": 2, "20": 13}}}, {"type": "Feature", "geometry": {"type": "Polygon", "coordinates": [[[-48.0, -6.0], [-48.0, 0.0], [-54.0, 0.0], [-54.0, -6.0], [-48.0, -6.0]]]}, "properties": {"name": "S06W054_6x6", "kind": "latlon", "epsg": 4326, "lonMult": 1, "height": 6, "width": 6, "available": 21, "selected": 15, "coverage": 0.9982, "unionFrac": 0.9999, "bw": {"40": 2, "20": 13}}}, {"type": "Feature", "geometry": {"type": "Polygon", "coordinates": [[[-42.0, -6.0], [-42.0, 0.0], [-48.0, 0.0], [-48.0, -6.0], [-42.0, -6.0]]]}, "properties": {"name": "S06W048_6x6", "kind": "latlon", "epsg": 4326, "lonMult": 1, "height": 6, "width": 6, "available": 17, "selected": 14, "coverage": 0.8362, "unionFrac": 0.8377, "bw": {"40": 4, "20": 10}}}, {"type": "Feature", "geometry": {"type": "Polygon", "coordinates": [[[-36.0, -6.0], [-36.0, 0.0], [-42.0, 0.0], [-42.0, -6.0], [-36.0, -6.0]]]}, "properties": {"name": "S06W042_6x6", "kind": "latlon", "epsg": 4326, "lonMult": 1, "height": 6, "width": 6, "available": 10, "selected": 7, "coverage": 0.5221, "unionFrac": 0.5244, "bw": {"40": 2, "20": 5}}}, {"type": "Feature", "geometry": {"type": "Polygon", "coordinates": [[[-30.0, -6.0], [-30.0, 0.0], [-36.0, 0.0], [-36.0, -6.0], [-30.0, -6.0]]]}, "properties": {"name": "S06W036_6x6", "kind": "latlon", "epsg": 4326, "lonMult": 1, "height": 6, "width": 6, "available": 2, "selected": 2, "coverage": 0.0693, "unionFrac": 0.0693, "bw": {"40": 2}}}, {"type": "Feature", "geometry": {"type": "Polygon", "coordinates": [[[6.0, -6.0], [6.0, 0.0], [0.0, 0.0], [0.0, -6.0], [6.0, -6.0]]]}, "properties": {"name": "S06E000_6x6", "kind": "latlon", "epsg": 4326, "lonMult": 1, "height": 6, "width": 6, "available": 1, "selected": 1, "coverage": 0.0015, "unionFrac": 0.0015, "bw": {"20": 1}}}, {"type": "Feature", "geometry": {"type": "Polygon", "coordinates": [[[12.0, -6.0], [12.0, 0.0], [6.0, 0.0], [6.0, -6.0], [12.0, -6.0]]]}, "properties": {"name": "S06E006_6x6", "kind": "latlon", "epsg": 4326, "lonMult": 1, "height": 6, "width": 6, "available": 8, "selected": 8, "coverage": 0.4733, "unionFrac": 0.4733, "bw": {"20": 8}}}, {"type": "Feature", "geometry": {"type": "Polygon", "coordinates": [[[18.0, -6.0], [18.0, 0.0], [12.0, 0.0], [12.0, -6.0], [18.0, -6.0]]]}, "properties": {"name": "S06E012_6x6", "kind": "latlon", "epsg": 4326, "lonMult": 1, "height": 6, "width": 6, "available": 19, "selected": 15, "coverage": 0.9987, "unionFrac": 1.0, "bw": {"20": 15}}}, {"type": "Feature", "geometry": {"type": "Polygon", "coordinates": [[[24.0, -6.0], [24.0, 0.0], [18.0, 0.0], [18.0, -6.0], [24.0, -6.0]]]}, "properties": {"name": "S06E018_6x6", "kind": "latlon", "epsg": 4326, "lonMult": 1, "height": 6, "width": 6, "available": 19, "selected": 15, "coverage": 0.998, "unionFrac": 1.0, "bw": {"20": 15}}}, {"type": "Feature", "geometry": {"type": "Polygon", "coordinates": [[[30.0, -6.0], [30.0, 0.0], [24.0, 0.0], [24.0, -6.0], [30.0, -6.0]]]}, "properties": {"name": "S06E024_6x6", "kind": "latlon", "epsg": 4326, "lonMult": 1, "height": 6, "width": 6, "available": 24, "selected": 14, "coverage": 0.9974, "unionFrac": 1.0, "bw": {"40": 5, "20": 9}}}, {"type": "Feature", "geometry": {"type": "Polygon", "coordinates": [[[36.0, -6.0], [36.0, 0.0], [30.0, 0.0], [30.0, -6.0], [36.0, -6.0]]]}, "properties": {"name": "S06E030_6x6", "kind": "latlon", "epsg": 4326, "lonMult": 1, "height": 6, "width": 6, "available": 23, "selected": 16, "coverage": 0.9978, "unionFrac": 1.0, "bw": {"40": 5, "20": 11}}}, {"type": "Feature", "geometry": {"type": "Polygon", "coordinates": [[[42.0, -6.0], [42.0, 0.0], [36.0, 0.0], [36.0, -6.0], [42.0, -6.0]]]}, "properties": {"name": "S06E036_6x6", "kind": "latlon", "epsg": 4326, "lonMult": 1, "height": 6, "width": 6, "available": 17, "selected": 14, "coverage": 0.7116, "unionFrac": 0.713, "bw": {"40": 5, "20": 9}}}, {"type": "Feature", "geometry": {"type": "Polygon", "coordinates": [[[48.0, -6.0], [48.0, 0.0], [42.0, 0.0], [42.0, -6.0], [48.0, -6.0]]]}, "properties": {"name": "S06E042_6x6", "kind": "latlon", "epsg": 4326, "lonMult": 1, "height": 6, "width": 6, "available": 2, "selected": 2, "coverage": 0.0701, "unionFrac": 0.0701, "bw": {"20": 2}}}, {"type": "Feature", "geometry": {"type": "Polygon", "coordinates": [[[96.0, -6.0], [96.0, 0.0], [90.0, 0.0], [90.0, -6.0], [96.0, -6.0]]]}, "properties": {"name": "S06E090_6x6", "kind": "latlon", "epsg": 4326, "lonMult": 1, "height": 6, "width": 6, "available": 2, "selected": 2, "coverage": 0.0171, "unionFrac": 0.0171, "bw": {"40": 2}}}, {"type": "Feature", "geometry": {"type": "Polygon", "coordinates": [[[102.0, -6.0], [102.0, 0.0], [96.0, 0.0], [96.0, -6.0], [102.0, -6.0]]]}, "properties": {"name": "S06E096_6x6", "kind": "latlon", "epsg": 4326, "lonMult": 1, "height": 6, "width": 6, "available": 12, "selected": 11, "coverage": 0.6063, "unionFrac": 0.6068, "bw": {"40": 11}}}, {"type": "Feature", "geometry": {"type": "Polygon", "coordinates": [[[108.0, -6.0], [108.0, 0.0], [102.0, 0.0], [102.0, -6.0], [108.0, -6.0]]]}, "properties": {"name": "S06E102_6x6", "kind": "latlon", "epsg": 4326, "lonMult": 1, "height": 6, "width": 6, "available": 21, "selected": 16, "coverage": 0.9524, "unionFrac": 0.9553, "bw": {"40": 13, "20": 3}}}, {"type": "Feature", "geometry": {"type": "Polygon", "coordinates": [[[114.0, -6.0], [114.0, 0.0], [108.0, 0.0], [108.0, -6.0], [114.0, -6.0]]]}, "properties": {"name": "S06E108_6x6", "kind": "latlon", "epsg": 4326, "lonMult": 1, "height": 6, "width": 6, "available": 24, "selected": 21, "coverage": 0.8226, "unionFrac": 0.8243, "bw": {"40": 10, "20": 11}}}, {"type": "Feature", "geometry": {"type": "Polygon", "coordinates": [[[120.0, -6.0], [120.0, 0.0], [114.0, 0.0], [114.0, -6.0], [120.0, -6.0]]]}, "properties": {"name": "S06E114_6x6", "kind": "latlon", "epsg": 4326, "lonMult": 1, "height": 6, "width": 6, "available": 23, "selected": 21, "coverage": 0.9492, "unionFrac": 0.9498, "bw": {"40": 8, "20": 13}}}, {"type": "Feature", "geometry": {"type": "Polygon", "coordinates": [[[126.0, -6.0], [126.0, 0.0], [120.0, 0.0], [120.0, -6.0], [126.0, -6.0]]]}, "properties": {"name": "S06E120_6x6", "kind": "latlon", "epsg": 4326, "lonMult": 1, "height": 6, "width": 6, "available": 18, "selected": 16, "coverage": 0.7689, "unionFrac": 0.7691, "bw": {"40": 3, "20": 13}}}, {"type": "Feature", "geometry": {"type": "Polygon", "coordinates": [[[132.0, -6.0], [132.0, 0.0], [126.0, 0.0], [126.0, -6.0], [132.0, -6.0]]]}, "properties": {"name": "S06E126_6x6", "kind": "latlon", "epsg": 4326, "lonMult": 1, "height": 6, "width": 6, "available": 18, "selected": 16, "coverage": 0.7771, "unionFrac": 0.7785, "bw": {"40": 3, "20": 13}}}, {"type": "Feature", "geometry": {"type": "Polygon", "coordinates": [[[138.0, -6.0], [138.0, 0.0], [132.0, 0.0], [132.0, -6.0], [138.0, -6.0]]]}, "properties": {"name": "S06E132_6x6", "kind": "latlon", "epsg": 4326, "lonMult": 1, "height": 6, "width": 6, "available": 17, "selected": 12, "coverage": 0.9503, "unionFrac": 0.9519, "bw": {"20": 12}}}, {"type": "Feature", "geometry": {"type": "Polygon", "coordinates": [[[144.0, -6.0], [144.0, 0.0], [138.0, 0.0], [138.0, -6.0], [144.0, -6.0]]]}, "properties": {"name": "S06E138_6x6", "kind": "latlon", "epsg": 4326, "lonMult": 1, "height": 6, "width": 6, "available": 15, "selected": 10, "coverage": 0.6902, "unionFrac": 0.6913, "bw": {"40": 3, "20": 7}}}, {"type": "Feature", "geometry": {"type": "Polygon", "coordinates": [[[150.0, -6.0], [150.0, 0.0], [144.0, 0.0], [144.0, -6.0], [150.0, -6.0]]]}, "properties": {"name": "S06E144_6x6", "kind": "latlon", "epsg": 4326, "lonMult": 1, "height": 6, "width": 6, "available": 11, "selected": 8, "coverage": 0.438, "unionFrac": 0.4401, "bw": {"20": 8}}}, {"type": "Feature", "geometry": {"type": "Polygon", "coordinates": [[[156.0, -6.0], [156.0, 0.0], [150.0, 0.0], [150.0, -6.0], [156.0, -6.0]]]}, "properties": {"name": "S06E150_6x6", "kind": "latlon", "epsg": 4326, "lonMult": 1, "height": 6, "width": 6, "available": 7, "selected": 6, "coverage": 0.3032, "unionFrac": 0.3039, "bw": {"20": 6}}}, {"type": "Feature", "geometry": {"type": "Polygon", "coordinates": [[[162.0, -6.0], [162.0, 0.0], [156.0, 0.0], [156.0, -6.0], [162.0, -6.0]]]}, "properties": {"name": "S06E156_6x6", "kind": "latlon", "epsg": 4326, "lonMult": 1, "height": 6, "width": 6, "available": 3, "selected": 3, "coverage": 0.1273, "unionFrac": 0.1273, "bw": {"20": 3}}}, {"type": "Feature", "geometry": {"type": "Polygon", "coordinates": [[[174.0, -6.0], [174.0, 0.0], [168.0, 0.0], [168.0, -6.0], [174.0, -6.0]]]}, "properties": {"name": "S06E168_6x6", "kind": "latlon", "epsg": 4326, "lonMult": 1, "height": 6, "width": 6, "available": 1, "selected": 1, "coverage": 0.0524, "unionFrac": 0.0524, "bw": {"20": 1}}}, {"type": "Feature", "geometry": {"type": "Polygon", "coordinates": [[[180.0, -6.0], [180.0, 0.0], [174.0, 0.0], [174.0, -6.0], [180.0, -6.0]]]}, "properties": {"name": "S06E174_6x6", "kind": "latlon", "epsg": 4326, "lonMult": 1, "height": 6, "width": 6, "available": 1, "selected": 1, "coverage": 0.0349, "unionFrac": 0.0349, "bw": {"20": 1}}}, {"type": "Feature", "geometry": {"type": "Polygon", "coordinates": [[[-90.0, 0.0], [-90.0, 6.0], [-96.0, 6.0], [-96.0, 0.0], [-90.0, 0.0]]]}, "properties": {"name": "N00W096_6x6", "kind": "latlon", "epsg": 4326, "lonMult": 1, "height": 6, "width": 6, "available": 2, "selected": 1, "coverage": 0.0431, "unionFrac": 0.0435, "bw": {"20": 1}}}, {"type": "Feature", "geometry": {"type": "Polygon", "coordinates": [[[-84.0, 0.0], [-84.0, 6.0], [-90.0, 6.0], [-90.0, 0.0], [-84.0, 0.0]]]}, "properties": {"name": "N00W090_6x6", "kind": "latlon", "epsg": 4326, "lonMult": 1, "height": 6, "width": 6, "available": 2, "selected": 2, "coverage": 0.0115, "unionFrac": 0.0115, "bw": {"20": 2}}}, {"type": "Feature", "geometry": {"type": "Polygon", "coordinates": [[[-78.0, 0.0], [-78.0, 6.0], [-84.0, 6.0], [-84.0, 0.0], [-78.0, 0.0]]]}, "properties": {"name": "N00W084_6x6", "kind": "latlon", "epsg": 4326, "lonMult": 1, "height": 6, "width": 6, "available": 10, "selected": 8, "coverage": 0.222, "unionFrac": 0.2228, "bw": {"40": 4, "20": 4}}}, {"type": "Feature", "geometry": {"type": "Polygon", "coordinates": [[[-72.0, 0.0], [-72.0, 6.0], [-78.0, 6.0], [-78.0, 0.0], [-72.0, 0.0]]]}, "properties": {"name": "N00W078_6x6", "kind": "latlon", "epsg": 4326, "lonMult": 1, "height": 6, "width": 6, "available": 22, "selected": 16, "coverage": 0.9972, "unionFrac": 0.999, "bw": {"40": 7, "20": 9}}}, {"type": "Feature", "geometry": {"type": "Polygon", "coordinates": [[[-66.0, 0.0], [-66.0, 6.0], [-72.0, 6.0], [-72.0, 0.0], [-66.0, 0.0]]]}, "properties": {"name": "N00W072_6x6", "kind": "latlon", "epsg": 4326, "lonMult": 1, "height": 6, "width": 6, "available": 21, "selected": 17, "coverage": 0.999, "unionFrac": 1.0, "bw": {"40": 4, "20": 13}}}, {"type": "Feature", "geometry": {"type": "Polygon", "coordinates": [[[-60.0, 0.0], [-60.0, 6.0], [-66.0, 6.0], [-66.0, 0.0], [-60.0, 0.0]]]}, "properties": {"name": "N00W066_6x6", "kind": "latlon", "epsg": 4326, "lonMult": 1, "height": 6, "width": 6, "available": 19, "selected": 15, "coverage": 0.9986, "unionFrac": 1.0, "bw": {"40": 1, "20": 14}}}, {"type": "Feature", "geometry": {"type": "Polygon", "coordinates": [[[-54.0, 0.0], [-54.0, 6.0], [-60.0, 6.0], [-60.0, 0.0], [-54.0, 0.0]]]}, "properties": {"name": "N00W060_6x6", "kind": "latlon", "epsg": 4326, "lonMult": 1, "height": 6, "width": 6, "available": 13, "selected": 11, "coverage": 0.7167, "unionFrac": 0.7178, "bw": {"20": 11}}}, {"type": "Feature", "geometry": {"type": "Polygon", "coordinates": [[[-48.0, 0.0], [-48.0, 6.0], [-54.0, 6.0], [-54.0, 0.0], [-48.0, 0.0]]]}, "properties": {"name": "N00W054_6x6", "kind": "latlon", "epsg": 4326, "lonMult": 1, "height": 6, "width": 6, "available": 14, "selected": 10, "coverage": 0.6982, "unionFrac": 0.6996, "bw": {"40": 2, "20": 8}}}, {"type": "Feature", "geometry": {"type": "Polygon", "coordinates": [[[-42.0, 0.0], [-42.0, 6.0], [-48.0, 6.0], [-48.0, 0.0], [-42.0, 0.0]]]}, "properties": {"name": "N00W048_6x6", "kind": "latlon", "epsg": 4326, "lonMult": 1, "height": 6, "width": 6, "available": 5, "selected": 1, "coverage": 0.0013, "unionFrac": 0.0028, "bw": {"40": 1}}}, {"type": "Feature", "geometry": {"type": "Polygon", "coordinates": [[[-12.0, 0.0], [-12.0, 6.0], [-18.0, 6.0], [-18.0, 0.0], [-12.0, 0.0]]]}, "properties": {"name": "N00W018_6x6", "kind": "latlon", "epsg": 4326, "lonMult": 1, "height": 6, "width": 6, "available": 1, "selected": 1, "coverage": 0.0017, "unionFrac": 0.0017, "bw": {"40": 1}}}, {"type": "Feature", "geometry": {"type": "Polygon", "coordinates": [[[-6.0, 0.0], [-6.0, 6.0], [-12.0, 6.0], [-12.0, 0.0], [-6.0, 0.0]]]}, "properties": {"name": "N00W012_6x6", "kind": "latlon", "epsg": 4326, "lonMult": 1, "height": 6, "width": 6, "available": 7, "selected": 7, "coverage": 0.2631, "unionFrac": 0.2631, "bw": {"40": 2, "20": 5}}}, {"type": "Feature", "geometry": {"type": "Polygon", "coordinates": [[[0.0, 0.0], [0.0, 6.0], [-6.0, 6.0], [-6.0, 0.0], [0.0, 0.0]]]}, "properties": {"name": "N00W006_6x6", "kind": "latlon", "epsg": 4326, "lonMult": 1, "height": 6, "width": 6, "available": 9, "selected": 6, "coverage": 0.216, "unionFrac": 0.2165, "bw": {"40": 4, "20": 2}}}, {"type": "Feature", "geometry": {"type": "Polygon", "coordinates": [[[6.0, 0.0], [6.0, 6.0], [0.0, 6.0], [0.0, 0.0], [6.0, 0.0]]]}, "properties": {"name": "N00E000_6x6", "kind": "latlon", "epsg": 4326, "lonMult": 1, "height": 6, "width": 6, "available": 8, "selected": 8, "coverage": 0.1694, "unionFrac": 0.1694, "bw": {"40": 6, "20": 2}}}, {"type": "Feature", "geometry": {"type": "Polygon", "coordinates": [[[12.0, 0.0], [12.0, 6.0], [6.0, 6.0], [6.0, 0.0], [12.0, 0.0]]]}, "properties": {"name": "N00E006_6x6", "kind": "latlon", "epsg": 4326, "lonMult": 1, "height": 6, "width": 6, "available": 19, "selected": 16, "coverage": 0.8669, "unionFrac": 0.8674, "bw": {"40": 8, "20": 8}}}, {"type": "Feature", "geometry": {"type": "Polygon", "coordinates": [[[18.0, 0.0], [18.0, 6.0], [12.0, 6.0], [12.0, 0.0], [18.0, 0.0]]]}, "properties": {"name": "N00E012_6x6", "kind": "latlon", "epsg": 4326, "lonMult": 1, "height": 6, "width": 6, "available": 21, "selected": 16, "coverage": 0.9989, "unionFrac": 1.0, "bw": {"20": 16}}}, {"type": "Feature", "geometry": {"type": "Polygon", "coordinates": [[[24.0, 0.0], [24.0, 6.0], [18.0, 6.0], [18.0, 0.0], [24.0, 0.0]]]}, "properties": {"name": "N00E018_6x6", "kind": "latlon", "epsg": 4326, "lonMult": 1, "height": 6, "width": 6, "available": 21, "selected": 15, "coverage": 0.9991, "unionFrac": 1.0, "bw": {"20": 15}}}, {"type": "Feature", "geometry": {"type": "Polygon", "coordinates": [[[30.0, 0.0], [30.0, 6.0], [24.0, 6.0], [24.0, 0.0], [30.0, 0.0]]]}, "properties": {"name": "N00E024_6x6", "kind": "latlon", "epsg": 4326, "lonMult": 1, "height": 6, "width": 6, "available": 21, "selected": 18, "coverage": 0.9989, "unionFrac": 1.0, "bw": {"40": 3, "20": 15}}}, {"type": "Feature", "geometry": {"type": "Polygon", "coordinates": [[[36.0, 0.0], [36.0, 6.0], [30.0, 6.0], [30.0, 0.0], [36.0, 0.0]]]}, "properties": {"name": "N00E030_6x6", "kind": "latlon", "epsg": 4326, "lonMult": 1, "height": 6, "width": 6, "available": 22, "selected": 15, "coverage": 0.9981, "unionFrac": 1.0, "bw": {"40": 3, "20": 12}}}, {"type": "Feature", "geometry": {"type": "Polygon", "coordinates": [[[42.0, 0.0], [42.0, 6.0], [36.0, 6.0], [36.0, 0.0], [42.0, 0.0]]]}, "properties": {"name": "N00E036_6x6", "kind": "latlon", "epsg": 4326, "lonMult": 1, "height": 6, "width": 6, "available": 14, "selected": 13, "coverage": 0.7105, "unionFrac": 0.7105, "bw": {"40": 2, "20": 11}}}, {"type": "Feature", "geometry": {"type": "Polygon", "coordinates": [[[48.0, 0.0], [48.0, 6.0], [42.0, 6.0], [42.0, 0.0], [48.0, 0.0]]]}, "properties": {"name": "N00E042_6x6", "kind": "latlon", "epsg": 4326, "lonMult": 1, "height": 6, "width": 6, "available": 16, "selected": 14, "coverage": 0.8153, "unionFrac": 0.8153, "bw": {"40": 1, "20": 13}}}, {"type": "Feature", "geometry": {"type": "Polygon", "coordinates": [[[54.0, 0.0], [54.0, 6.0], [48.0, 6.0], [48.0, 0.0], [54.0, 0.0]]]}, "properties": {"name": "N00E048_6x6", "kind": "latlon", "epsg": 4326, "lonMult": 1, "height": 6, "width": 6, "available": 4, "selected": 3, "coverage": 0.0801, "unionFrac": 0.0802, "bw": {"20": 3}}}, {"type": "Feature", "geometry": {"type": "Polygon", "coordinates": [[[78.0, 0.0], [78.0, 6.0], [72.0, 6.0], [72.0, 0.0], [78.0, 0.0]]]}, "properties": {"name": "N00E072_6x6", "kind": "latlon", "epsg": 4326, "lonMult": 1, "height": 6, "width": 6, "available": 5, "selected": 4, "coverage": 0.0677, "unionFrac": 0.0677, "bw": {"20": 4}}}, {"type": "Feature", "geometry": {"type": "Polygon", "coordinates": [[[84.0, 0.0], [84.0, 6.0], [78.0, 6.0], [78.0, 0.0], [84.0, 0.0]]]}, "properties": {"name": "N00E078_6x6", "kind": "latlon", "epsg": 4326, "lonMult": 1, "height": 6, "width": 6, "available": 3, "selected": 2, "coverage": 0.0398, "unionFrac": 0.0398, "bw": {"40": 1, "20": 1}}}, {"type": "Feature", "geometry": {"type": "Polygon", "coordinates": [[[96.0, 0.0], [96.0, 6.0], [90.0, 6.0], [90.0, 0.0], [96.0, 0.0]]]}, "properties": {"name": "N00E090_6x6", "kind": "latlon", "epsg": 4326, "lonMult": 1, "height": 6, "width": 6, "available": 6, "selected": 6, "coverage": 0.3372, "unionFrac": 0.3372, "bw": {"40": 6}}}, {"type": "Feature", "geometry": {"type": "Polygon", "coordinates": [[[102.0, 0.0], [102.0, 6.0], [96.0, 6.0], [96.0, 0.0], [102.0, 0.0]]]}, "properties": {"name": "N00E096_6x6", "kind": "latlon", "epsg": 4326, "lonMult": 1, "height": 6, "width": 6, "available": 19, "selected": 15, "coverage": 0.9968, "unionFrac": 0.9985, "bw": {"40": 13, "20": 2}}}, {"type": "Feature", "geometry": {"type": "Polygon", "coordinates": [[[108.0, 0.0], [108.0, 6.0], [102.0, 6.0], [102.0, 0.0], [108.0, 0.0]]]}, "properties": {"name": "N00E102_6x6", "kind": "latlon", "epsg": 4326, "lonMult": 1, "height": 6, "width": 6, "available": 13, "selected": 11, "coverage": 0.6368, "unionFrac": 0.6371, "bw": {"40": 6, "20": 5}}}, {"type": "Feature", "geometry": {"type": "Polygon", "coordinates": [[[114.0, 0.0], [114.0, 6.0], [108.0, 6.0], [108.0, 0.0], [114.0, 0.0]]]}, "properties": {"name": "N00E108_6x6", "kind": "latlon", "epsg": 4326, "lonMult": 1, "height": 6, "width": 6, "available": 14, "selected": 9, "coverage": 0.6443, "unionFrac": 0.6453, "bw": {"40": 2, "20": 7}}}, {"type": "Feature", "geometry": {"type": "Polygon", "coordinates": [[[120.0, 0.0], [120.0, 6.0], [114.0, 6.0], [114.0, 0.0], [120.0, 0.0]]]}, "properties": {"name": "N00E114_6x6", "kind": "latlon", "epsg": 4326, "lonMult": 1, "height": 6, "width": 6, "available": 16, "selected": 12, "coverage": 0.9586, "unionFrac": 0.9598, "bw": {"40": 1, "20": 11}}}, {"type": "Feature", "geometry": {"type": "Polygon", "coordinates": [[[126.0, 0.0], [126.0, 6.0], [120.0, 6.0], [120.0, 0.0], [126.0, 0.0]]]}, "properties": {"name": "N00E120_6x6", "kind": "latlon", "epsg": 4326, "lonMult": 1, "height": 6, "width": 6, "available": 19, "selected": 16, "coverage": 0.5454, "unionFrac": 0.5467, "bw": {"40": 6, "20": 10}}}, {"type": "Feature", "geometry": {"type": "Polygon", "coordinates": [[[132.0, 0.0], [132.0, 6.0], [126.0, 6.0], [126.0, 0.0], [132.0, 0.0]]]}, "properties": {"name": "N00E126_6x6", "kind": "latlon", "epsg": 4326, "lonMult": 1, "height": 6, "width": 6, "available": 13, "selected": 11, "coverage": 0.5537, "unionFrac": 0.5544, "bw": {"40": 3, "20": 8}}}, {"type": "Feature", "geometry": {"type": "Polygon", "coordinates": [[[138.0, 0.0], [138.0, 6.0], [132.0, 6.0], [132.0, 0.0], [138.0, 0.0]]]}, "properties": {"name": "N00E132_6x6", "kind": "latlon", "epsg": 4326, "lonMult": 1, "height": 6, "width": 6, "available": 4, "selected": 3, "coverage": 0.0227, "unionFrac": 0.0235, "bw": {"20": 3}}}, {"type": "Feature", "geometry": {"type": "Polygon", "coordinates": [[[174.0, 0.0], [174.0, 6.0], [168.0, 6.0], [168.0, 0.0], [174.0, 0.0]]]}, "properties": {"name": "N00E168_6x6", "kind": "latlon", "epsg": 4326, "lonMult": 1, "height": 6, "width": 6, "available": 4, "selected": 4, "coverage": 0.1559, "unionFrac": 0.1559, "bw": {"40": 2, "20": 2}}}, {"type": "Feature", "geometry": {"type": "Polygon", "coordinates": [[[180.0, 0.0], [180.0, 6.0], [174.0, 6.0], [174.0, 0.0], [180.0, 0.0]]]}, "properties": {"name": "N00E174_6x6", "kind": "latlon", "epsg": 4326, "lonMult": 1, "height": 6, "width": 6, "available": 2, "selected": 2, "coverage": 0.0112, "unionFrac": 0.0112, "bw": {"20": 2}}}, {"type": "Feature", "geometry": {"type": "Polygon", "coordinates": [[[-84.0, 6.0], [-84.0, 12.0], [-90.0, 12.0], [-90.0, 6.0], [-84.0, 6.0]]]}, "properties": {"name": "N06W090_6x6", "kind": "latlon", "epsg": 4326, "lonMult": 1, "height": 6, "width": 6, "available": 8, "selected": 6, "coverage": 0.3589, "unionFrac": 0.359, "bw": {"40": 6}}}, {"type": "Feature", "geometry": {"type": "Polygon", "coordinates": [[[-78.0, 6.0], [-78.0, 12.0], [-84.0, 12.0], [-84.0, 6.0], [-78.0, 6.0]]]}, "properties": {"name": "N06W084_6x6", "kind": "latlon", "epsg": 4326, "lonMult": 1, "height": 6, "width": 6, "available": 12, "selected": 12, "coverage": 0.5961, "unionFrac": 0.5961, "bw": {"40": 11, "20": 1}}}, {"type": "Feature", "geometry": {"type": "Polygon", "coordinates": [[[-72.0, 6.0], [-72.0, 12.0], [-78.0, 12.0], [-78.0, 6.0], [-72.0, 6.0]]]}, "properties": {"name": "N06W078_6x6", "kind": "latlon", "epsg": 4326, "lonMult": 1, "height": 6, "width": 6, "available": 19, "selected": 16, "coverage": 0.8978, "unionFrac": 0.8981, "bw": {"40": 11, "20": 5}}}, {"type": "Feature", "geometry": {"type": "Polygon", "coordinates": [[[-66.0, 6.0], [-66.0, 12.0], [-72.0, 12.0], [-72.0, 6.0], [-66.0, 6.0]]]}, "properties": {"name": "N06W072_6x6", "kind": "latlon", "epsg": 4326, "lonMult": 1, "height": 6, "width": 6, "available": 20, "selected": 16, "coverage": 0.9989, "unionFrac": 0.9997, "bw": {"40": 14, "20": 2}}}, {"type": "Feature", "geometry": {"type": "Polygon", "coordinates": [[[-60.0, 6.0], [-60.0, 12.0], [-66.0, 12.0], [-66.0, 6.0], [-60.0, 6.0]]]}, "properties": {"name": "N06W066_6x6", "kind": "latlon", "epsg": 4326, "lonMult": 1, "height": 6, "width": 6, "available": 20, "selected": 12, "coverage": 0.9368, "unionFrac": 0.9381, "bw": {"40": 8, "20": 4}}}, {"type": "Feature", "geometry": {"type": "Polygon", "coordinates": [[[-54.0, 6.0], [-54.0, 12.0], [-60.0, 12.0], [-60.0, 6.0], [-54.0, 6.0]]]}, "properties": {"name": "N06W060_6x6", "kind": "latlon", "epsg": 4326, "lonMult": 1, "height": 6, "width": 6, "available": 7, "selected": 5, "coverage": 0.1206, "unionFrac": 0.1209, "bw": {"20": 5}}}, {"type": "Feature", "geometry": {"type": "Polygon", "coordinates": [[[-48.0, 6.0], [-48.0, 12.0], [-54.0, 12.0], [-54.0, 6.0], [-48.0, 6.0]]]}, "properties": {"name": "N06W054_6x6", "kind": "latlon", "epsg": 4326, "lonMult": 1, "height": 6, "width": 6, "available": 3, "selected": 2, "coverage": 0.0178, "unionFrac": 0.0185, "bw": {"20": 2}}}, {"type": "Feature", "geometry": {"type": "Polygon", "coordinates": [[[-12.0, 6.0], [-12.0, 12.0], [-18.0, 12.0], [-18.0, 6.0], [-12.0, 6.0]]]}, "properties": {"name": "N06W018_6x6", "kind": "latlon", "epsg": 4326, "lonMult": 1, "height": 6, "width": 6, "available": 13, "selected": 12, "coverage": 0.4994, "unionFrac": 0.4994, "bw": {"40": 5, "20": 7}}}, {"type": "Feature", "geometry": {"type": "Polygon", "coordinates": [[[-6.0, 6.0], [-6.0, 12.0], [-12.0, 12.0], [-12.0, 6.0], [-6.0, 6.0]]]}, "properties": {"name": "N06W012_6x6", "kind": "latlon", "epsg": 4326, "lonMult": 1, "height": 6, "width": 6, "available": 21, "selected": 17, "coverage": 0.9994, "unionFrac": 0.9999, "bw": {"40": 3, "20": 14}}}, {"type": "Feature", "geometry": {"type": "Polygon", "coordinates": [[[0.0, 6.0], [0.0, 12.0], [-6.0, 12.0], [-6.0, 6.0], [0.0, 6.0]]]}, "properties": {"name": "N06W006_6x6", "kind": "latlon", "epsg": 4326, "lonMult": 1, "height": 6, "width": 6, "available": 23, "selected": 21, "coverage": 0.9994, "unionFrac": 1.0, "bw": {"40": 7, "20": 14}}}, {"type": "Feature", "geometry": {"type": "Polygon", "coordinates": [[[6.0, 6.0], [6.0, 12.0], [0.0, 12.0], [0.0, 6.0], [6.0, 6.0]]]}, "properties": {"name": "N06E000_6x6", "kind": "latlon", "epsg": 4326, "lonMult": 1, "height": 6, "width": 6, "available": 23, "selected": 18, "coverage": 0.9987, "unionFrac": 0.9994, "bw": {"40": 8, "20": 10}}}, {"type": "Feature", "geometry": {"type": "Polygon", "coordinates": [[[12.0, 6.0], [12.0, 12.0], [6.0, 12.0], [6.0, 6.0], [12.0, 6.0]]]}, "properties": {"name": "N06E006_6x6", "kind": "latlon", "epsg": 4326, "lonMult": 1, "height": 6, "width": 6, "available": 20, "selected": 17, "coverage": 0.9995, "unionFrac": 1.0, "bw": {"40": 5, "20": 12}}}, {"type": "Feature", "geometry": {"type": "Polygon", "coordinates": [[[18.0, 6.0], [18.0, 12.0], [12.0, 12.0], [12.0, 6.0], [18.0, 6.0]]]}, "properties": {"name": "N06E012_6x6", "kind": "latlon", "epsg": 4326, "lonMult": 1, "height": 6, "width": 6, "available": 22, "selected": 16, "coverage": 0.9987, "unionFrac": 1.0, "bw": {"40": 5, "20": 11}}}, {"type": "Feature", "geometry": {"type": "Polygon", "coordinates": [[[24.0, 6.0], [24.0, 12.0], [18.0, 12.0], [18.0, 6.0], [24.0, 6.0]]]}, "properties": {"name": "N06E018_6x6", "kind": "latlon", "epsg": 4326, "lonMult": 1, "height": 6, "width": 6, "available": 19, "selected": 16, "coverage": 0.9995, "unionFrac": 1.0, "bw": {"40": 1, "20": 15}}}, {"type": "Feature", "geometry": {"type": "Polygon", "coordinates": [[[30.0, 6.0], [30.0, 12.0], [24.0, 12.0], [24.0, 6.0], [30.0, 6.0]]]}, "properties": {"name": "N06E024_6x6", "kind": "latlon", "epsg": 4326, "lonMult": 1, "height": 6, "width": 6, "available": 20, "selected": 16, "coverage": 0.9987, "unionFrac": 1.0, "bw": {"40": 2, "20": 14}}}, {"type": "Feature", "geometry": {"type": "Polygon", "coordinates": [[[36.0, 6.0], [36.0, 12.0], [30.0, 12.0], [30.0, 6.0], [36.0, 6.0]]]}, "properties": {"name": "N06E030_6x6", "kind": "latlon", "epsg": 4326, "lonMult": 1, "height": 6, "width": 6, "available": 19, "selected": 15, "coverage": 0.9993, "unionFrac": 1.0, "bw": {"20": 15}}}, {"type": "Feature", "geometry": {"type": "Polygon", "coordinates": [[[42.0, 6.0], [42.0, 12.0], [36.0, 12.0], [36.0, 6.0], [42.0, 6.0]]]}, "properties": {"name": "N06E036_6x6", "kind": "latlon", "epsg": 4326, "lonMult": 1, "height": 6, "width": 6, "available": 16, "selected": 12, "coverage": 0.7149, "unionFrac": 0.7161, "bw": {"20": 12}}}, {"type": "Feature", "geometry": {"type": "Polygon", "coordinates": [[[48.0, 6.0], [48.0, 12.0], [42.0, 12.0], [42.0, 6.0], [48.0, 6.0]]]}, "properties": {"name": "N06E042_6x6", "kind": "latlon", "epsg": 4326, "lonMult": 1, "height": 6, "width": 6, "available": 19, "selected": 13, "coverage": 0.9455, "unionFrac": 0.9472, "bw": {"20": 13}}}, {"type": "Feature", "geometry": {"type": "Polygon", "coordinates": [[[54.0, 6.0], [54.0, 12.0], [48.0, 12.0], [48.0, 6.0], [54.0, 6.0]]]}, "properties": {"name": "N06E048_6x6", "kind": "latlon", "epsg": 4326, "lonMult": 1, "height": 6, "width": 6, "available": 11, "selected": 9, "coverage": 0.5203, "unionFrac": 0.5206, "bw": {"20": 8, "5": 1}}}, {"type": "Feature", "geometry": {"type": "Polygon", "coordinates": [[[60.0, 6.0], [60.0, 12.0], [54.0, 12.0], [54.0, 6.0], [60.0, 6.0]]]}, "properties": {"name": "N06E054_6x6", "kind": "latlon", "epsg": 4326, "lonMult": 1, "height": 6, "width": 6, "available": 1, "selected": 1, "coverage": 0.0086, "unionFrac": 0.0086, "bw": {"5": 1}}}, {"type": "Feature", "geometry": {"type": "Polygon", "coordinates": [[[72.0, 6.0], [72.0, 12.0], [66.0, 12.0], [66.0, 6.0], [72.0, 6.0]]]}, "properties": {"name": "N06E066_6x6", "kind": "latlon", "epsg": 4326, "lonMult": 1, "height": 6, "width": 6, "available": 2, "selected": 2, "coverage": 0.0051, "unionFrac": 0.0051, "bw": {"20": 2}}}, {"type": "Feature", "geometry": {"type": "Polygon", "coordinates": [[[78.0, 6.0], [78.0, 12.0], [72.0, 12.0], [72.0, 6.0], [78.0, 6.0]]]}, "properties": {"name": "N06E072_6x6", "kind": "latlon", "epsg": 4326, "lonMult": 1, "height": 6, "width": 6, "available": 13, "selected": 12, "coverage": 0.8809, "unionFrac": 0.8813, "bw": {"40": 6, "20": 6}}}, {"type": "Feature", "geometry": {"type": "Polygon", "coordinates": [[[84.0, 6.0], [84.0, 12.0], [78.0, 12.0], [78.0, 6.0], [84.0, 6.0]]]}, "properties": {"name": "N06E078_6x6", "kind": "latlon", "epsg": 4326, "lonMult": 1, "height": 6, "width": 6, "available": 14, "selected": 12, "coverage": 0.8195, "unionFrac": 0.8195, "bw": {"40": 8, "20": 4}}}, {"type": "Feature", "geometry": {"type": "Polygon", "coordinates": [[[96.0, 6.0], [96.0, 12.0], [90.0, 12.0], [90.0, 6.0], [96.0, 6.0]]]}, "properties": {"name": "N06E090_6x6", "kind": "latlon", "epsg": 4326, "lonMult": 1, "height": 6, "width": 6, "available": 10, "selected": 8, "coverage": 0.7149, "unionFrac": 0.7153, "bw": {"40": 8}}}, {"type": "Feature", "geometry": {"type": "Polygon", "coordinates": [[[102.0, 6.0], [102.0, 12.0], [96.0, 12.0], [96.0, 6.0], [102.0, 6.0]]]}, "properties": {"name": "N06E096_6x6", "kind": "latlon", "epsg": 4326, "lonMult": 1, "height": 6, "width": 6, "available": 18, "selected": 16, "coverage": 0.7581, "unionFrac": 0.7584, "bw": {"40": 12, "20": 4}}}, {"type": "Feature", "geometry": {"type": "Polygon", "coordinates": [[[108.0, 6.0], [108.0, 12.0], [102.0, 12.0], [102.0, 6.0], [108.0, 6.0]]]}, "properties": {"name": "N06E102_6x6", "kind": "latlon", "epsg": 4326, "lonMult": 1, "height": 6, "width": 6, "available": 21, "selected": 18, "coverage": 0.5082, "unionFrac": 0.5087, "bw": {"40": 12, "20": 6}}}, {"type": "Feature", "geometry": {"type": "Polygon", "coordinates": [[[114.0, 6.0], [114.0, 12.0], [108.0, 12.0], [108.0, 6.0], [114.0, 6.0]]]}, "properties": {"name": "N06E108_6x6", "kind": "latlon", "epsg": 4326, "lonMult": 1, "height": 6, "width": 6, "available": 6, "selected": 5, "coverage": 0.0758, "unionFrac": 0.0758, "bw": {"40": 3, "20": 2}}}, {"type": "Feature", "geometry": {"type": "Polygon", "coordinates": [[[120.0, 6.0], [120.0, 12.0], [114.0, 12.0], [114.0, 6.0], [120.0, 6.0]]]}, "properties": {"name": "N06E114_6x6", "kind": "latlon", "epsg": 4326, "lonMult": 1, "height": 6, "width": 6, "available": 11, "selected": 8, "coverage": 0.4254, "unionFrac": 0.4266, "bw": {"40": 2, "20": 6}}}, {"type": "Feature", "geometry": {"type": "Polygon", "coordinates": [[[126.0, 6.0], [126.0, 12.0], [120.0, 12.0], [120.0, 6.0], [126.0, 6.0]]]}, "properties": {"name": "N06E120_6x6", "kind": "latlon", "epsg": 4326, "lonMult": 1, "height": 6, "width": 6, "available": 19, "selected": 17, "coverage": 0.9242, "unionFrac": 0.9245, "bw": {"40": 11, "20": 6}}}, {"type": "Feature", "geometry": {"type": "Polygon", "coordinates": [[[132.0, 6.0], [132.0, 12.0], [126.0, 12.0], [126.0, 6.0], [132.0, 6.0]]]}, "properties": {"name": "N06E126_6x6", "kind": "latlon", "epsg": 4326, "lonMult": 1, "height": 6, "width": 6, "available": 6, "selected": 4, "coverage": 0.1673, "unionFrac": 0.1673, "bw": {"40": 4}}}, {"type": "Feature", "geometry": {"type": "Polygon", "coordinates": [[[174.0, 6.0], [174.0, 12.0], [168.0, 12.0], [168.0, 6.0], [174.0, 6.0]]]}, "properties": {"name": "N06E168_6x6", "kind": "latlon", "epsg": 4326, "lonMult": 1, "height": 6, "width": 6, "available": 2, "selected": 1, "coverage": 0.1016, "unionFrac": 0.1023, "bw": {"40": 1}}}, {"type": "Feature", "geometry": {"type": "Polygon", "coordinates": [[[-102.0, 12.0], [-102.0, 18.0], [-108.0, 18.0], [-108.0, 12.0], [-102.0, 12.0]]]}, "properties": {"name": "N12W108_6x6", "kind": "latlon", "epsg": 4326, "lonMult": 1, "height": 6, "width": 6, "available": 4, "selected": 4, "coverage": 0.0637, "unionFrac": 0.0637, "bw": {"40": 4}}}, {"type": "Feature", "geometry": {"type": "Polygon", "coordinates": [[[-96.0, 12.0], [-96.0, 18.0], [-102.0, 18.0], [-102.0, 12.0], [-96.0, 12.0]]]}, "properties": {"name": "N12W102_6x6", "kind": "latlon", "epsg": 4326, "lonMult": 1, "height": 6, "width": 6, "available": 12, "selected": 8, "coverage": 0.3832, "unionFrac": 0.3832, "bw": {"40": 8}}}, {"type": "Feature", "geometry": {"type": "Polygon", "coordinates": [[[-90.0, 12.0], [-90.0, 18.0], [-96.0, 18.0], [-96.0, 12.0], [-90.0, 12.0]]]}, "properties": {"name": "N12W096_6x6", "kind": "latlon", "epsg": 4326, "lonMult": 1, "height": 6, "width": 6, "available": 15, "selected": 13, "coverage": 0.6431, "unionFrac": 0.6431, "bw": {"40": 13}}}, {"type": "Feature", "geometry": {"type": "Polygon", "coordinates": [[[-84.0, 12.0], [-84.0, 18.0], [-90.0, 18.0], [-90.0, 12.0], [-84.0, 12.0]]]}, "properties": {"name": "N12W090_6x6", "kind": "latlon", "epsg": 4326, "lonMult": 1, "height": 6, "width": 6, "available": 17, "selected": 14, "coverage": 0.8366, "unionFrac": 0.8371, "bw": {"40": 13, "20": 1}}}, {"type": "Feature", "geometry": {"type": "Polygon", "coordinates": [[[-78.0, 12.0], [-78.0, 18.0], [-84.0, 18.0], [-84.0, 12.0], [-78.0, 12.0]]]}, "properties": {"name": "N12W084_6x6", "kind": "latlon", "epsg": 4326, "lonMult": 1, "height": 6, "width": 6, "available": 8, "selected": 5, "coverage": 0.2479, "unionFrac": 0.2486, "bw": {"40": 3, "20": 2}}}, {"type": "Feature", "geometry": {"type": "Polygon", "coordinates": [[[-72.0, 12.0], [-72.0, 18.0], [-78.0, 18.0], [-78.0, 12.0], [-72.0, 12.0]]]}, "properties": {"name": "N12W078_6x6", "kind": "latlon", "epsg": 4326, "lonMult": 1, "height": 6, "width": 6, "available": 11, "selected": 11, "coverage": 0.1291, "unionFrac": 0.1291, "bw": {"40": 8, "20": 3}}}, {"type": "Feature", "geometry": {"type": "Polygon", "coordinates": [[[-66.0, 12.0], [-66.0, 18.0], [-72.0, 18.0], [-72.0, 12.0], [-66.0, 12.0]]]}, "properties": {"name": "N12W072_6x6", "kind": "latlon", "epsg": 4326, "lonMult": 1, "height": 6, "width": 6, "available": 15, "selected": 11, "coverage": 0.3729, "unionFrac": 0.3732, "bw": {"40": 11}}}, {"type": "Feature", "geometry": {"type": "Polygon", "coordinates": [[[-60.0, 12.0], [-60.0, 18.0], [-66.0, 18.0], [-66.0, 12.0], [-60.0, 12.0]]]}, "properties": {"name": "N12W066_6x6", "kind": "latlon", "epsg": 4326, "lonMult": 1, "height": 6, "width": 6, "available": 12, "selected": 9, "coverage": 0.3515, "unionFrac": 0.3528, "bw": {"40": 9}}}, {"type": "Feature", "geometry": {"type": "Polygon", "coordinates": [[[-54.0, 12.0], [-54.0, 18.0], [-60.0, 18.0], [-60.0, 12.0], [-54.0, 12.0]]]}, "properties": {"name": "N12W060_6x6", "kind": "latlon", "epsg": 4326, "lonMult": 1, "height": 6, "width": 6, "available": 2, "selected": 2, "coverage": 0.0508, "unionFrac": 0.0508, "bw": {"40": 2}}}, {"type": "Feature", "geometry": {"type": "Polygon", "coordinates": [[[-18.0, 12.0], [-18.0, 18.0], [-24.0, 18.0], [-24.0, 12.0], [-18.0, 12.0]]]}, "properties": {"name": "N12W024_6x6", "kind": "latlon", "epsg": 4326, "lonMult": 1, "height": 6, "width": 6, "available": 4, "selected": 2, "coverage": 0.0402, "unionFrac": 0.0412, "bw": {"40": 1, "20": 1}}}, {"type": "Feature", "geometry": {"type": "Polygon", "coordinates": [[[-12.0, 12.0], [-12.0, 18.0], [-18.0, 18.0], [-18.0, 12.0], [-12.0, 12.0]]]}, "properties": {"name": "N12W018_6x6", "kind": "latlon", "epsg": 4326, "lonMult": 1, "height": 6, "width": 6, "available": 19, "selected": 15, "coverage": 0.9478, "unionFrac": 0.9483, "bw": {"40": 5, "20": 10}}}, {"type": "Feature", "geometry": {"type": "Polygon", "coordinates": [[[-6.0, 12.0], [-6.0, 18.0], [-12.0, 18.0], [-12.0, 12.0], [-6.0, 12.0]]]}, "properties": {"name": "N12W012_6x6", "kind": "latlon", "epsg": 4326, "lonMult": 1, "height": 6, "width": 6, "available": 22, "selected": 17, "coverage": 0.9938, "unionFrac": 0.995, "bw": {"20": 13, "5": 4}}}, {"type": "Feature", "geometry": {"type": "Polygon", "coordinates": [[[0.0, 12.0], [0.0, 18.0], [-6.0, 18.0], [-6.0, 12.0], [0.0, 12.0]]]}, "properties": {"name": "N12W006_6x6", "kind": "latlon", "epsg": 4326, "lonMult": 1, "height": 6, "width": 6, "available": 23, "selected": 18, "coverage": 0.9899, "unionFrac": 0.991, "bw": {"40": 3, "20": 12, "5": 3}}}, {"type": "Feature", "geometry": {"type": "Polygon", "coordinates": [[[6.0, 12.0], [6.0, 18.0], [0.0, 18.0], [0.0, 12.0], [6.0, 12.0]]]}, "properties": {"name": "N12E000_6x6", "kind": "latlon", "epsg": 4326, "lonMult": 1, "height": 6, "width": 6, "available": 22, "selected": 14, "coverage": 0.9992, "unionFrac": 1.0, "bw": {"40": 2, "20": 12}}}, {"type": "Feature", "geometry": {"type": "Polygon", "coordinates": [[[12.0, 12.0], [12.0, 18.0], [6.0, 18.0], [6.0, 12.0], [12.0, 12.0]]]}, "properties": {"name": "N12E006_6x6", "kind": "latlon", "epsg": 4326, "lonMult": 1, "height": 6, "width": 6, "available": 19, "selected": 14, "coverage": 0.9248, "unionFrac": 0.9259, "bw": {"20": 14}}}, {"type": "Feature", "geometry": {"type": "Polygon", "coordinates": [[[18.0, 12.0], [18.0, 18.0], [12.0, 18.0], [12.0, 12.0], [18.0, 12.0]]]}, "properties": {"name": "N12E012_6x6", "kind": "latlon", "epsg": 4326, "lonMult": 1, "height": 6, "width": 6, "available": 22, "selected": 20, "coverage": 0.9774, "unionFrac": 0.9774, "bw": {"40": 4, "20": 10, "5": 6}}}, {"type": "Feature", "geometry": {"type": "Polygon", "coordinates": [[[24.0, 12.0], [24.0, 18.0], [18.0, 18.0], [18.0, 12.0], [24.0, 12.0]]]}, "properties": {"name": "N12E018_6x6", "kind": "latlon", "epsg": 4326, "lonMult": 1, "height": 6, "width": 6, "available": 24, "selected": 19, "coverage": 0.9855, "unionFrac": 0.9872, "bw": {"40": 2, "20": 12, "5": 5}}}, {"type": "Feature", "geometry": {"type": "Polygon", "coordinates": [[[30.0, 12.0], [30.0, 18.0], [24.0, 18.0], [24.0, 12.0], [30.0, 12.0]]]}, "properties": {"name": "N12E024_6x6", "kind": "latlon", "epsg": 4326, "lonMult": 1, "height": 6, "width": 6, "available": 27, "selected": 20, "coverage": 0.9708, "unionFrac": 0.9712, "bw": {"40": 3, "20": 13, "5": 4}}}, {"type": "Feature", "geometry": {"type": "Polygon", "coordinates": [[[36.0, 12.0], [36.0, 18.0], [30.0, 18.0], [30.0, 12.0], [36.0, 12.0]]]}, "properties": {"name": "N12E030_6x6", "kind": "latlon", "epsg": 4326, "lonMult": 1, "height": 6, "width": 6, "available": 20, "selected": 17, "coverage": 0.9622, "unionFrac": 0.9627, "bw": {"40": 6, "20": 11}}}, {"type": "Feature", "geometry": {"type": "Polygon", "coordinates": [[[42.0, 12.0], [42.0, 18.0], [36.0, 18.0], [36.0, 12.0], [42.0, 12.0]]]}, "properties": {"name": "N12E036_6x6", "kind": "latlon", "epsg": 4326, "lonMult": 1, "height": 6, "width": 6, "available": 16, "selected": 13, "coverage": 0.6711, "unionFrac": 0.6719, "bw": {"40": 5, "20": 8}}}, {"type": "Feature", "geometry": {"type": "Polygon", "coordinates": [[[48.0, 12.0], [48.0, 18.0], [42.0, 18.0], [42.0, 12.0], [48.0, 12.0]]]}, "properties": {"name": "N12E042_6x6", "kind": "latlon", "epsg": 4326, "lonMult": 1, "height": 6, "width": 6, "available": 21, "selected": 19, "coverage": 0.9256, "unionFrac": 0.9257, "bw": {"40": 5, "20": 14}}}, {"type": "Feature", "geometry": {"type": "Polygon", "coordinates": [[[54.0, 12.0], [54.0, 18.0], [48.0, 18.0], [48.0, 12.0], [54.0, 12.0]]]}, "properties": {"name": "N12E048_6x6", "kind": "latlon", "epsg": 4326, "lonMult": 1, "height": 6, "width": 6, "available": 18, "selected": 14, "coverage": 0.7391, "unionFrac": 0.7398, "bw": {"40": 3, "20": 10, "5": 1}}}, {"type": "Feature", "geometry": {"type": "Polygon", "coordinates": [[[60.0, 12.0], [60.0, 18.0], [54.0, 18.0], [54.0, 12.0], [60.0, 12.0]]]}, "properties": {"name": "N12E054_6x6", "kind": "latlon", "epsg": 4326, "lonMult": 1, "height": 6, "width": 6, "available": 5, "selected": 4, "coverage": 0.1354, "unionFrac": 0.1358, "bw": {"40": 2, "20": 1, "5": 1}}}, {"type": "Feature", "geometry": {"type": "Polygon", "coordinates": [[[72.0, 12.0], [72.0, 18.0], [66.0, 18.0], [66.0, 12.0], [72.0, 12.0]]]}, "properties": {"name": "N12E066_6x6", "kind": "latlon", "epsg": 4326, "lonMult": 1, "height": 6, "width": 6, "available": 7, "selected": 7, "coverage": 0.396, "unionFrac": 0.396, "bw": {"20": 7}}}, {"type": "Feature", "geometry": {"type": "Polygon", "coordinates": [[[78.0, 12.0], [78.0, 18.0], [72.0, 18.0], [72.0, 12.0], [78.0, 12.0]]]}, "properties": {"name": "N12E072_6x6", "kind": "latlon", "epsg": 4326, "lonMult": 1, "height": 6, "width": 6, "available": 19, "selected": 14, "coverage": 0.9982, "unionFrac": 1.0, "bw": {"40": 11, "20": 3}}}, {"type": "Feature", "geometry": {"type": "Polygon", "coordinates": [[[84.0, 12.0], [84.0, 18.0], [78.0, 18.0], [78.0, 12.0], [84.0, 12.0]]]}, "properties": {"name": "N12E078_6x6", "kind": "latlon", "epsg": 4326, "lonMult": 1, "height": 6, "width": 6, "available": 20, "selected": 16, "coverage": 0.8994, "unionFrac": 0.9011, "bw": {"40": 11, "20": 5}}}, {"type": "Feature", "geometry": {"type": "Polygon", "coordinates": [[[90.0, 12.0], [90.0, 18.0], [84.0, 18.0], [84.0, 12.0], [90.0, 12.0]]]}, "properties": {"name": "N12E084_6x6", "kind": "latlon", "epsg": 4326, "lonMult": 1, "height": 6, "width": 6, "available": 7, "selected": 6, "coverage": 0.1947, "unionFrac": 0.1955, "bw": {"40": 1, "20": 5}}}, {"type": "Feature", "geometry": {"type": "Polygon", "coordinates": [[[96.0, 12.0], [96.0, 18.0], [90.0, 18.0], [90.0, 12.0], [96.0, 12.0]]]}, "properties": {"name": "N12E090_6x6", "kind": "latlon", "epsg": 4326, "lonMult": 1, "height": 6, "width": 6, "available": 12, "selected": 10, "coverage": 0.5119, "unionFrac": 0.5126, "bw": {"40": 9, "20": 1}}}, {"type": "Feature", "geometry": {"type": "Polygon", "coordinates": [[[102.0, 12.0], [102.0, 18.0], [96.0, 18.0], [96.0, 12.0], [102.0, 12.0]]]}, "properties": {"name": "N12E096_6x6", "kind": "latlon", "epsg": 4326, "lonMult": 1, "height": 6, "width": 6, "available": 20, "selected": 14, "coverage": 0.9483, "unionFrac": 0.9493, "bw": {"40": 13, "20": 1}}}, {"type": "Feature", "geometry": {"type": "Polygon", "coordinates": [[[108.0, 12.0], [108.0, 18.0], [102.0, 18.0], [102.0, 12.0], [108.0, 12.0]]]}, "properties": {"name": "N12E102_6x6", "kind": "latlon", "epsg": 4326, "lonMult": 1, "height": 6, "width": 6, "available": 27, "selected": 18, "coverage": 0.9992, "unionFrac": 1.0, "bw": {"40": 11, "20": 7}}}, {"type": "Feature", "geometry": {"type": "Polygon", "coordinates": [[[114.0, 12.0], [114.0, 18.0], [108.0, 18.0], [108.0, 12.0], [114.0, 12.0]]]}, "properties": {"name": "N12E108_6x6", "kind": "latlon", "epsg": 4326, "lonMult": 1, "height": 6, "width": 6, "available": 10, "selected": 8, "coverage": 0.4529, "unionFrac": 0.4529, "bw": {"40": 3, "20": 5}}}, {"type": "Feature", "geometry": {"type": "Polygon", "coordinates": [[[120.0, 12.0], [120.0, 18.0], [114.0, 18.0], [114.0, 12.0], [120.0, 12.0]]]}, "properties": {"name": "N12E114_6x6", "kind": "latlon", "epsg": 4326, "lonMult": 1, "height": 6, "width": 6, "available": 5, "selected": 5, "coverage": 0.1934, "unionFrac": 0.1934, "bw": {"40": 4, "20": 1}}}, {"type": "Feature", "geometry": {"type": "Polygon", "coordinates": [[[126.0, 12.0], [126.0, 18.0], [120.0, 18.0], [120.0, 12.0], [126.0, 12.0]]]}, "properties": {"name": "N12E120_6x6", "kind": "latlon", "epsg": 4326, "lonMult": 1, "height": 6, "width": 6, "available": 15, "selected": 10, "coverage": 0.7227, "unionFrac": 0.7238, "bw": {"40": 9, "20": 1}}}, {"type": "Feature", "geometry": {"type": "Polygon", "coordinates": [[[132.0, 12.0], [132.0, 18.0], [126.0, 18.0], [126.0, 12.0], [132.0, 12.0]]]}, "properties": {"name": "N12E126_6x6", "kind": "latlon", "epsg": 4326, "lonMult": 1, "height": 6, "width": 6, "available": 2, "selected": 1, "coverage": 0.0061, "unionFrac": 0.0068, "bw": {"40": 1}}}, {"type": "Feature", "geometry": {"type": "Polygon", "coordinates": [[[144.0, 12.0], [144.0, 18.0], [138.0, 18.0], [138.0, 12.0], [144.0, 12.0]]]}, "properties": {"name": "N12E138_6x6", "kind": "latlon", "epsg": 4326, "lonMult": 1, "height": 6, "width": 6, "available": 3, "selected": 3, "coverage": 0.0198, "unionFrac": 0.0198, "bw": {"40": 1, "20": 2}}}, {"type": "Feature", "geometry": {"type": "Polygon", "coordinates": [[[150.0, 12.0], [150.0, 18.0], [144.0, 18.0], [144.0, 12.0], [150.0, 12.0]]]}, "properties": {"name": "N12E144_6x6", "kind": "latlon", "epsg": 4326, "lonMult": 1, "height": 6, "width": 6, "available": 6, "selected": 6, "coverage": 0.2998, "unionFrac": 0.2998, "bw": {"40": 2, "20": 4}}}, {"type": "Feature", "geometry": {"type": "Polygon", "coordinates": [[[-156.0, 18.0], [-156.0, 24.0], [-162.0, 24.0], [-162.0, 18.0], [-156.0, 18.0]]]}, "properties": {"name": "N18W162_6x6", "kind": "latlon", "epsg": 4326, "lonMult": 1, "height": 6, "width": 6, "available": 5, "selected": 5, "coverage": 0.2596, "unionFrac": 0.2596, "bw": {"40": 5}}}, {"type": "Feature", "geometry": {"type": "Polygon", "coordinates": [[[-150.0, 18.0], [-150.0, 24.0], [-156.0, 24.0], [-156.0, 18.0], [-150.0, 18.0]]]}, "properties": {"name": "N18W156_6x6", "kind": "latlon", "epsg": 4326, "lonMult": 1, "height": 6, "width": 6, "available": 2, "selected": 2, "coverage": 0.1123, "unionFrac": 0.1123, "bw": {"40": 2}}}, {"type": "Feature", "geometry": {"type": "Polygon", "coordinates": [[[-108.0, 18.0], [-108.0, 24.0], [-114.0, 24.0], [-114.0, 18.0], [-108.0, 18.0]]]}, "properties": {"name": "N18W114_6x6", "kind": "latlon", "epsg": 4326, "lonMult": 1, "height": 6, "width": 6, "available": 6, "selected": 5, "coverage": 0.1694, "unionFrac": 0.1694, "bw": {"40": 5}}}, {"type": "Feature", "geometry": {"type": "Polygon", "coordinates": [[[-102.0, 18.0], [-102.0, 24.0], [-108.0, 24.0], [-108.0, 18.0], [-102.0, 18.0]]]}, "properties": {"name": "N18W108_6x6", "kind": "latlon", "epsg": 4326, "lonMult": 1, "height": 6, "width": 6, "available": 18, "selected": 14, "coverage": 0.8542, "unionFrac": 0.8543, "bw": {"40": 13, "20": 1}}}, {"type": "Feature", "geometry": {"type": "Polygon", "coordinates": [[[-96.0, 18.0], [-96.0, 24.0], [-102.0, 24.0], [-102.0, 18.0], [-96.0, 18.0]]]}, "properties": {"name": "N18W102_6x6", "kind": "latlon", "epsg": 4326, "lonMult": 1, "height": 6, "width": 6, "available": 18, "selected": 14, "coverage": 0.898, "unionFrac": 0.898, "bw": {"40": 12, "20": 2}}}, {"type": "Feature", "geometry": {"type": "Polygon", "coordinates": [[[-90.0, 18.0], [-90.0, 24.0], [-96.0, 24.0], [-96.0, 18.0], [-90.0, 18.0]]]}, "properties": {"name": "N18W096_6x6", "kind": "latlon", "epsg": 4326, "lonMult": 1, "height": 6, "width": 6, "available": 12, "selected": 6, "coverage": 0.3258, "unionFrac": 0.326, "bw": {"40": 4, "20": 2}}}, {"type": "Feature", "geometry": {"type": "Polygon", "coordinates": [[[-84.0, 18.0], [-84.0, 24.0], [-90.0, 24.0], [-90.0, 18.0], [-84.0, 18.0]]]}, "properties": {"name": "N18W090_6x6", "kind": "latlon", "epsg": 4326, "lonMult": 1, "height": 6, "width": 6, "available": 10, "selected": 7, "coverage": 0.4512, "unionFrac": 0.4529, "bw": {"40": 6, "20": 1}}}, {"type": "Feature", "geometry": {"type": "Polygon", "coordinates": [[[-78.0, 18.0], [-78.0, 24.0], [-84.0, 24.0], [-84.0, 18.0], [-78.0, 18.0]]]}, "properties": {"name": "N18W084_6x6", "kind": "latlon", "epsg": 4326, "lonMult": 1, "height": 6, "width": 6, "available": 14, "selected": 13, "coverage": 0.5242, "unionFrac": 0.5243, "bw": {"40": 8, "20": 5}}}, {"type": "Feature", "geometry": {"type": "Polygon", "coordinates": [[[-72.0, 18.0], [-72.0, 24.0], [-78.0, 24.0], [-78.0, 18.0], [-72.0, 18.0]]]}, "properties": {"name": "N18W078_6x6", "kind": "latlon", "epsg": 4326, "lonMult": 1, "height": 6, "width": 6, "available": 22, "selected": 15, "coverage": 0.8867, "unionFrac": 0.8867, "bw": {"40": 5, "20": 10}}}, {"type": "Feature", "geometry": {"type": "Polygon", "coordinates": [[[-66.0, 18.0], [-66.0, 24.0], [-72.0, 24.0], [-72.0, 18.0], [-66.0, 18.0]]]}, "properties": {"name": "N18W072_6x6", "kind": "latlon", "epsg": 4326, "lonMult": 1, "height": 6, "width": 6, "available": 10, "selected": 6, "coverage": 0.4262, "unionFrac": 0.4268, "bw": {"40": 4, "20": 2}}}, {"type": "Feature", "geometry": {"type": "Polygon", "coordinates": [[[-60.0, 18.0], [-60.0, 24.0], [-66.0, 24.0], [-66.0, 18.0], [-60.0, 18.0]]]}, "properties": {"name": "N18W066_6x6", "kind": "latlon", "epsg": 4326, "lonMult": 1, "height": 6, "width": 6, "available": 4, "selected": 2, "coverage": 0.1072, "unionFrac": 0.1082, "bw": {"40": 2}}}, {"type": "Feature", "geometry": {"type": "Polygon", "coordinates": [[[-18.0, 18.0], [-18.0, 24.0], [-24.0, 24.0], [-24.0, 18.0], [-18.0, 18.0]]]}, "properties": {"name": "N18W024_6x6", "kind": "latlon", "epsg": 4326, "lonMult": 1, "height": 6, "width": 6, "available": 2, "selected": 2, "coverage": 0.0116, "unionFrac": 0.0116, "bw": {"20": 1, "5": 1}}}, {"type": "Feature", "geometry": {"type": "Polygon", "coordinates": [[[-12.0, 18.0], [-12.0, 24.0], [-18.0, 24.0], [-18.0, 18.0], [-12.0, 18.0]]]}, "properties": {"name": "N18W018_6x6", "kind": "latlon", "epsg": 4326, "lonMult": 1, "height": 6, "width": 6, "available": 18, "selected": 15, "coverage": 0.6746, "unionFrac": 0.6746, "bw": {"40": 2, "20": 6, "5": 7}}}, {"type": "Feature", "geometry": {"type": "Polygon", "coordinates": [[[-6.0, 18.0], [-6.0, 24.0], [-12.0, 24.0], [-12.0, 18.0], [-6.0, 18.0]]]}, "properties": {"name": "N18W012_6x6", "kind": "latlon", "epsg": 4326, "lonMult": 1, "height": 6, "width": 6, "available": 21, "selected": 16, "coverage": 0.9545, "unionFrac": 0.9549, "bw": {"20": 3, "5": 13}}}, {"type": "Feature", "geometry": {"type": "Polygon", "coordinates": [[[0.0, 18.0], [0.0, 24.0], [-6.0, 24.0], [-6.0, 18.0], [0.0, 18.0]]]}, "properties": {"name": "N18W006_6x6", "kind": "latlon", "epsg": 4326, "lonMult": 1, "height": 6, "width": 6, "available": 22, "selected": 17, "coverage": 0.988, "unionFrac": 0.9883, "bw": {"20": 4, "5": 13}}}, {"type": "Feature", "geometry": {"type": "Polygon", "coordinates": [[[6.0, 18.0], [6.0, 24.0], [0.0, 24.0], [0.0, 18.0], [6.0, 18.0]]]}, "properties": {"name": "N18E000_6x6", "kind": "latlon", "epsg": 4326, "lonMult": 1, "height": 6, "width": 6, "available": 21, "selected": 17, "coverage": 0.9747, "unionFrac": 0.9747, "bw": {"20": 11, "5": 6}}}, {"type": "Feature", "geometry": {"type": "Polygon", "coordinates": [[[12.0, 18.0], [12.0, 24.0], [6.0, 24.0], [6.0, 18.0], [12.0, 18.0]]]}, "properties": {"name": "N18E006_6x6", "kind": "latlon", "epsg": 4326, "lonMult": 1, "height": 6, "width": 6, "available": 20, "selected": 16, "coverage": 0.8454, "unionFrac": 0.8459, "bw": {"20": 8, "5": 8}}}, {"type": "Feature", "geometry": {"type": "Polygon", "coordinates": [[[18.0, 18.0], [18.0, 24.0], [12.0, 24.0], [12.0, 18.0], [18.0, 18.0]]]}, "properties": {"name": "N18E012_6x6", "kind": "latlon", "epsg": 4326, "lonMult": 1, "height": 6, "width": 6, "available": 21, "selected": 18, "coverage": 0.9873, "unionFrac": 0.9874, "bw": {"20": 3, "5": 15}}}, {"type": "Feature", "geometry": {"type": "Polygon", "coordinates": [[[24.0, 18.0], [24.0, 24.0], [18.0, 24.0], [18.0, 18.0], [24.0, 18.0]]]}, "properties": {"name": "N18E018_6x6", "kind": "latlon", "epsg": 4326, "lonMult": 1, "height": 6, "width": 6, "available": 17, "selected": 15, "coverage": 0.7296, "unionFrac": 0.7298, "bw": {"20": 3, "5": 12}}}, {"type": "Feature", "geometry": {"type": "Polygon", "coordinates": [[[30.0, 18.0], [30.0, 24.0], [24.0, 24.0], [24.0, 18.0], [30.0, 18.0]]]}, "properties": {"name": "N18E024_6x6", "kind": "latlon", "epsg": 4326, "lonMult": 1, "height": 6, "width": 6, "available": 20, "selected": 16, "coverage": 0.9817, "unionFrac": 0.9818, "bw": {"20": 6, "5": 10}}}, {"type": "Feature", "geometry": {"type": "Polygon", "coordinates": [[[36.0, 18.0], [36.0, 24.0], [30.0, 24.0], [30.0, 18.0], [36.0, 18.0]]]}, "properties": {"name": "N18E030_6x6", "kind": "latlon", "epsg": 4326, "lonMult": 1, "height": 6, "width": 6, "available": 17, "selected": 13, "coverage": 0.7672, "unionFrac": 0.7688, "bw": {"40": 2, "20": 10, "5": 1}}}, {"type": "Feature", "geometry": {"type": "Polygon", "coordinates": [[[42.0, 18.0], [42.0, 24.0], [36.0, 24.0], [36.0, 18.0], [42.0, 18.0]]]}, "properties": {"name": "N18E036_6x6", "kind": "latlon", "epsg": 4326, "lonMult": 1, "height": 6, "width": 6, "available": 16, "selected": 12, "coverage": 0.9083, "unionFrac": 0.9098, "bw": {"40": 5, "20": 7}}}, {"type": "Feature", "geometry": {"type": "Polygon", "coordinates": [[[48.0, 18.0], [48.0, 24.0], [42.0, 24.0], [42.0, 18.0], [48.0, 18.0]]]}, "properties": {"name": "N18E042_6x6", "kind": "latlon", "epsg": 4326, "lonMult": 1, "height": 6, "width": 6, "available": 21, "selected": 16, "coverage": 0.9999, "unionFrac": 1.0, "bw": {"40": 5, "20": 11}}}, {"type": "Feature", "geometry": {"type": "Polygon", "coordinates": [[[54.0, 18.0], [54.0, 24.0], [48.0, 24.0], [48.0, 18.0], [54.0, 18.0]]]}, "properties": {"name": "N18E048_6x6", "kind": "latlon", "epsg": 4326, "lonMult": 1, "height": 6, "width": 6, "available": 25, "selected": 19, "coverage": 0.9993, "unionFrac": 1.0, "bw": {"40": 8, "20": 11}}}, {"type": "Feature", "geometry": {"type": "Polygon", "coordinates": [[[60.0, 18.0], [60.0, 24.0], [54.0, 24.0], [54.0, 18.0], [60.0, 18.0]]]}, "properties": {"name": "N18E054_6x6", "kind": "latlon", "epsg": 4326, "lonMult": 1, "height": 6, "width": 6, "available": 17, "selected": 14, "coverage": 0.7947, "unionFrac": 0.7948, "bw": {"40": 7, "20": 7}}}, {"type": "Feature", "geometry": {"type": "Polygon", "coordinates": [[[66.0, 18.0], [66.0, 24.0], [60.0, 24.0], [60.0, 18.0], [66.0, 18.0]]]}, "properties": {"name": "N18E060_6x6", "kind": "latlon", "epsg": 4326, "lonMult": 1, "height": 6, "width": 6, "available": 6, "selected": 6, "coverage": 0.2226, "unionFrac": 0.2226, "bw": {"20": 6}}}, {"type": "Feature", "geometry": {"type": "Polygon", "coordinates": [[[72.0, 18.0], [72.0, 24.0], [66.0, 24.0], [66.0, 18.0], [72.0, 18.0]]]}, "properties": {"name": "N18E066_6x6", "kind": "latlon", "epsg": 4326, "lonMult": 1, "height": 6, "width": 6, "available": 18, "selected": 17, "coverage": 0.9443, "unionFrac": 0.9444, "bw": {"40": 9, "20": 8}}}, {"type": "Feature", "geometry": {"type": "Polygon", "coordinates": [[[78.0, 18.0], [78.0, 24.0], [72.0, 24.0], [72.0, 18.0], [78.0, 18.0]]]}, "properties": {"name": "N18E072_6x6", "kind": "latlon", "epsg": 4326, "lonMult": 1, "height": 6, "width": 6, "available": 20, "selected": 15, "coverage": 0.9999, "unionFrac": 1.0, "bw": {"40": 14, "20": 1}}}, {"type": "Feature", "geometry": {"type": "Polygon", "coordinates": [[[84.0, 18.0], [84.0, 24.0], [78.0, 24.0], [78.0, 18.0], [84.0, 18.0]]]}, "properties": {"name": "N18E078_6x6", "kind": "latlon", "epsg": 4326, "lonMult": 1, "height": 6, "width": 6, "available": 17, "selected": 13, "coverage": 0.9901, "unionFrac": 0.9904, "bw": {"40": 13}}}, {"type": "Feature", "geometry": {"type": "Polygon", "coordinates": [[[90.0, 18.0], [90.0, 24.0], [84.0, 24.0], [84.0, 18.0], [90.0, 18.0]]]}, "properties": {"name": "N18E084_6x6", "kind": "latlon", "epsg": 4326, "lonMult": 1, "height": 6, "width": 6, "available": 16, "selected": 14, "coverage": 0.7208, "unionFrac": 0.7216, "bw": {"40": 10, "20": 4}}}, {"type": "Feature", "geometry": {"type": "Polygon", "coordinates": [[[96.0, 18.0], [96.0, 24.0], [90.0, 24.0], [90.0, 18.0], [96.0, 18.0]]]}, "properties": {"name": "N18E090_6x6", "kind": "latlon", "epsg": 4326, "lonMult": 1, "height": 6, "width": 6, "available": 20, "selected": 16, "coverage": 0.8918, "unionFrac": 0.8918, "bw": {"40": 12, "20": 4}}}, {"type": "Feature", "geometry": {"type": "Polygon", "coordinates": [[[102.0, 18.0], [102.0, 24.0], [96.0, 24.0], [96.0, 18.0], [102.0, 18.0]]]}, "properties": {"name": "N18E096_6x6", "kind": "latlon", "epsg": 4326, "lonMult": 1, "height": 6, "width": 6, "available": 24, "selected": 18, "coverage": 0.9194, "unionFrac": 0.9194, "bw": {"40": 14, "20": 4}}}, {"type": "Feature", "geometry": {"type": "Polygon", "coordinates": [[[108.0, 18.0], [108.0, 24.0], [102.0, 24.0], [102.0, 18.0], [108.0, 18.0]]]}, "properties": {"name": "N18E102_6x6", "kind": "latlon", "epsg": 4326, "lonMult": 1, "height": 6, "width": 6, "available": 25, "selected": 20, "coverage": 1.0, "unionFrac": 1.0, "bw": {"40": 6, "20": 14}}}, {"type": "Feature", "geometry": {"type": "Polygon", "coordinates": [[[114.0, 18.0], [114.0, 24.0], [108.0, 24.0], [108.0, 18.0], [114.0, 18.0]]]}, "properties": {"name": "N18E108_6x6", "kind": "latlon", "epsg": 4326, "lonMult": 1, "height": 6, "width": 6, "available": 17, "selected": 13, "coverage": 0.7649, "unionFrac": 0.7651, "bw": {"40": 1, "20": 12}}}, {"type": "Feature", "geometry": {"type": "Polygon", "coordinates": [[[120.0, 18.0], [120.0, 24.0], [114.0, 24.0], [114.0, 18.0], [120.0, 18.0]]]}, "properties": {"name": "N18E114_6x6", "kind": "latlon", "epsg": 4326, "lonMult": 1, "height": 6, "width": 6, "available": 13, "selected": 10, "coverage": 0.2878, "unionFrac": 0.288, "bw": {"40": 3, "20": 7}}}, {"type": "Feature", "geometry": {"type": "Polygon", "coordinates": [[[126.0, 18.0], [126.0, 24.0], [120.0, 24.0], [120.0, 18.0], [126.0, 18.0]]]}, "properties": {"name": "N18E120_6x6", "kind": "latlon", "epsg": 4326, "lonMult": 1, "height": 6, "width": 6, "available": 14, "selected": 10, "coverage": 0.4133, "unionFrac": 0.4139, "bw": {"40": 6, "20": 4}}}, {"type": "Feature", "geometry": {"type": "Polygon", "coordinates": [[[150.0, 18.0], [150.0, 24.0], [144.0, 24.0], [144.0, 18.0], [150.0, 18.0]]]}, "properties": {"name": "N18E144_6x6", "kind": "latlon", "epsg": 4326, "lonMult": 1, "height": 6, "width": 6, "available": 3, "selected": 2, "coverage": 0.1998, "unionFrac": 0.2003, "bw": {"20": 2}}}, {"type": "Feature", "geometry": {"type": "Polygon", "coordinates": [[[-120.0, 24.0], [-120.0, 30.0], [-126.0, 30.0], [-126.0, 24.0], [-120.0, 24.0]]]}, "properties": {"name": "N24W126_6x6", "kind": "latlon", "epsg": 4326, "lonMult": 1, "height": 6, "width": 6, "available": 1, "selected": 1, "coverage": 0.0078, "unionFrac": 0.0078, "bw": {"20": 1}}}, {"type": "Feature", "geometry": {"type": "Polygon", "coordinates": [[[-114.0, 24.0], [-114.0, 30.0], [-120.0, 30.0], [-120.0, 24.0], [-114.0, 24.0]]]}, "properties": {"name": "N24W120_6x6", "kind": "latlon", "epsg": 4326, "lonMult": 1, "height": 6, "width": 6, "available": 6, "selected": 4, "coverage": 0.2741, "unionFrac": 0.2741, "bw": {"40": 3, "20": 1}}}, {"type": "Feature", "geometry": {"type": "Polygon", "coordinates": [[[-108.0, 24.0], [-108.0, 30.0], [-114.0, 30.0], [-114.0, 24.0], [-108.0, 24.0]]]}, "properties": {"name": "N24W114_6x6", "kind": "latlon", "epsg": 4326, "lonMult": 1, "height": 6, "width": 6, "available": 19, "selected": 14, "coverage": 0.9281, "unionFrac": 0.9281, "bw": {"40": 14}}}, {"type": "Feature", "geometry": {"type": "Polygon", "coordinates": [[[-102.0, 24.0], [-102.0, 30.0], [-108.0, 30.0], [-108.0, 24.0], [-102.0, 24.0]]]}, "properties": {"name": "N24W108_6x6", "kind": "latlon", "epsg": 4326, "lonMult": 1, "height": 6, "width": 6, "available": 22, "selected": 14, "coverage": 0.9994, "unionFrac": 1.0, "bw": {"40": 14}}}, {"type": "Feature", "geometry": {"type": "Polygon", "coordinates": [[[-96.0, 24.0], [-96.0, 30.0], [-102.0, 30.0], [-102.0, 24.0], [-96.0, 24.0]]]}, "properties": {"name": "N24W102_6x6", "kind": "latlon", "epsg": 4326, "lonMult": 1, "height": 6, "width": 6, "available": 19, "selected": 14, "coverage": 0.9727, "unionFrac": 0.9732, "bw": {"40": 14}}}, {"type": "Feature", "geometry": {"type": "Polygon", "coordinates": [[[-90.0, 24.0], [-90.0, 30.0], [-96.0, 30.0], [-96.0, 24.0], [-90.0, 24.0]]]}, "properties": {"name": "N24W096_6x6", "kind": "latlon", "epsg": 4326, "lonMult": 1, "height": 6, "width": 6, "available": 12, "selected": 11, "coverage": 0.4084, "unionFrac": 0.4092, "bw": {"40": 11}}}, {"type": "Feature", "geometry": {"type": "Polygon", "coordinates": [[[-84.0, 24.0], [-84.0, 30.0], [-90.0, 30.0], [-90.0, 24.0], [-84.0, 24.0]]]}, "properties": {"name": "N24W090_6x6", "kind": "latlon", "epsg": 4326, "lonMult": 1, "height": 6, "width": 6, "available": 9, "selected": 9, "coverage": 0.281, "unionFrac": 0.281, "bw": {"40": 9}}}, {"type": "Feature", "geometry": {"type": "Polygon", "coordinates": [[[-78.0, 24.0], [-78.0, 30.0], [-84.0, 30.0], [-84.0, 24.0], [-78.0, 24.0]]]}, "properties": {"name": "N24W084_6x6", "kind": "latlon", "epsg": 4326, "lonMult": 1, "height": 6, "width": 6, "available": 14, "selected": 12, "coverage": 0.7583, "unionFrac": 0.7588, "bw": {"40": 11, "20": 1}}}, {"type": "Feature", "geometry": {"type": "Polygon", "coordinates": [[[-72.0, 24.0], [-72.0, 30.0], [-78.0, 30.0], [-78.0, 24.0], [-72.0, 24.0]]]}, "properties": {"name": "N24W078_6x6", "kind": "latlon", "epsg": 4326, "lonMult": 1, "height": 6, "width": 6, "available": 10, "selected": 5, "coverage": 0.3098, "unionFrac": 0.3102, "bw": {"40": 2, "20": 3}}}, {"type": "Feature", "geometry": {"type": "Polygon", "coordinates": [[[-18.0, 24.0], [-18.0, 30.0], [-24.0, 30.0], [-24.0, 24.0], [-18.0, 24.0]]]}, "properties": {"name": "N24W024_6x6", "kind": "latlon", "epsg": 4326, "lonMult": 1, "height": 6, "width": 6, "available": 3, "selected": 3, "coverage": 0.0956, "unionFrac": 0.0956, "bw": {"40": 1, "20": 2}}}, {"type": "Feature", "geometry": {"type": "Polygon", "coordinates": [[[-12.0, 24.0], [-12.0, 30.0], [-18.0, 30.0], [-18.0, 24.0], [-12.0, 24.0]]]}, "properties": {"name": "N24W018_6x6", "kind": "latlon", "epsg": 4326, "lonMult": 1, "height": 6, "width": 6, "available": 14, "selected": 12, "coverage": 0.5447, "unionFrac": 0.5451, "bw": {"40": 2, "20": 5, "5": 5}}}, {"type": "Feature", "geometry": {"type": "Polygon", "coordinates": [[[-6.0, 24.0], [-6.0, 30.0], [-12.0, 30.0], [-12.0, 24.0], [-6.0, 24.0]]]}, "properties": {"name": "N24W012_6x6", "kind": "latlon", "epsg": 4326, "lonMult": 1, "height": 6, "width": 6, "available": 23, "selected": 19, "coverage": 0.973, "unionFrac": 0.973, "bw": {"40": 1, "20": 6, "5": 12}}}, {"type": "Feature", "geometry": {"type": "Polygon", "coordinates": [[[0.0, 24.0], [0.0, 30.0], [-6.0, 30.0], [-6.0, 24.0], [0.0, 24.0]]]}, "properties": {"name": "N24W006_6x6", "kind": "latlon", "epsg": 4326, "lonMult": 1, "height": 6, "width": 6, "available": 29, "selected": 21, "coverage": 0.9709, "unionFrac": 0.9709, "bw": {"20": 10, "5": 11}}}, {"type": "Feature", "geometry": {"type": "Polygon", "coordinates": [[[6.0, 24.0], [6.0, 30.0], [0.0, 30.0], [0.0, 24.0], [6.0, 24.0]]]}, "properties": {"name": "N24E000_6x6", "kind": "latlon", "epsg": 4326, "lonMult": 1, "height": 6, "width": 6, "available": 19, "selected": 14, "coverage": 0.9002, "unionFrac": 0.9007, "bw": {"20": 6, "5": 8}}}, {"type": "Feature", "geometry": {"type": "Polygon", "coordinates": [[[12.0, 24.0], [12.0, 30.0], [6.0, 30.0], [6.0, 24.0], [12.0, 24.0]]]}, "properties": {"name": "N24E006_6x6", "kind": "latlon", "epsg": 4326, "lonMult": 1, "height": 6, "width": 6, "available": 17, "selected": 14, "coverage": 0.8301, "unionFrac": 0.8301, "bw": {"20": 2, "5": 12}}}, {"type": "Feature", "geometry": {"type": "Polygon", "coordinates": [[[18.0, 24.0], [18.0, 30.0], [12.0, 30.0], [12.0, 24.0], [18.0, 24.0]]]}, "properties": {"name": "N24E012_6x6", "kind": "latlon", "epsg": 4326, "lonMult": 1, "height": 6, "width": 6, "available": 26, "selected": 22, "coverage": 0.9714, "unionFrac": 0.9714, "bw": {"40": 4, "20": 3, "5": 15}}}, {"type": "Feature", "geometry": {"type": "Polygon", "coordinates": [[[24.0, 24.0], [24.0, 30.0], [18.0, 30.0], [18.0, 24.0], [24.0, 24.0]]]}, "properties": {"name": "N24E018_6x6", "kind": "latlon", "epsg": 4326, "lonMult": 1, "height": 6, "width": 6, "available": 23, "selected": 18, "coverage": 0.8029, "unionFrac": 0.8033, "bw": {"40": 4, "20": 6, "5": 8}}}, {"type": "Feature", "geometry": {"type": "Polygon", "coordinates": [[[30.0, 24.0], [30.0, 30.0], [24.0, 30.0], [24.0, 24.0], [30.0, 24.0]]]}, "properties": {"name": "N24E024_6x6", "kind": "latlon", "epsg": 4326, "lonMult": 1, "height": 6, "width": 6, "available": 22, "selected": 17, "coverage": 0.9773, "unionFrac": 0.9773, "bw": {"40": 2, "20": 8, "5": 7}}}, {"type": "Feature", "geometry": {"type": "Polygon", "coordinates": [[[36.0, 24.0], [36.0, 30.0], [30.0, 30.0], [30.0, 24.0], [36.0, 24.0]]]}, "properties": {"name": "N24E030_6x6", "kind": "latlon", "epsg": 4326, "lonMult": 1, "height": 6, "width": 6, "available": 17, "selected": 11, "coverage": 0.7573, "unionFrac": 0.7583, "bw": {"40": 4, "20": 6, "5": 1}}}, {"type": "Feature", "geometry": {"type": "Polygon", "coordinates": [[[42.0, 24.0], [42.0, 30.0], [36.0, 30.0], [36.0, 24.0], [42.0, 24.0]]]}, "properties": {"name": "N24E036_6x6", "kind": "latlon", "epsg": 4326, "lonMult": 1, "height": 6, "width": 6, "available": 22, "selected": 14, "coverage": 0.9996, "unionFrac": 1.0, "bw": {"40": 1, "20": 13}}}, {"type": "Feature", "geometry": {"type": "Polygon", "coordinates": [[[48.0, 24.0], [48.0, 30.0], [42.0, 30.0], [42.0, 24.0], [48.0, 24.0]]]}, "properties": {"name": "N24E042_6x6", "kind": "latlon", "epsg": 4326, "lonMult": 1, "height": 6, "width": 6, "available": 23, "selected": 18, "coverage": 1.0, "unionFrac": 1.0, "bw": {"40": 7, "20": 11}}}, {"type": "Feature", "geometry": {"type": "Polygon", "coordinates": [[[54.0, 24.0], [54.0, 30.0], [48.0, 30.0], [48.0, 24.0], [54.0, 24.0]]]}, "properties": {"name": "N24E048_6x6", "kind": "latlon", "epsg": 4326, "lonMult": 1, "height": 6, "width": 6, "available": 27, "selected": 18, "coverage": 0.9999, "unionFrac": 1.0, "bw": {"40": 9, "20": 9}}}, {"type": "Feature", "geometry": {"type": "Polygon", "coordinates": [[[60.0, 24.0], [60.0, 30.0], [54.0, 30.0], [54.0, 24.0], [60.0, 24.0]]]}, "properties": {"name": "N24E054_6x6", "kind": "latlon", "epsg": 4326, "lonMult": 1, "height": 6, "width": 6, "available": 19, "selected": 13, "coverage": 0.7755, "unionFrac": 0.7759, "bw": {"40": 4, "20": 9}}}, {"type": "Feature", "geometry": {"type": "Polygon", "coordinates": [[[66.0, 24.0], [66.0, 30.0], [60.0, 30.0], [60.0, 24.0], [66.0, 24.0]]]}, "properties": {"name": "N24E060_6x6", "kind": "latlon", "epsg": 4326, "lonMult": 1, "height": 6, "width": 6, "available": 20, "selected": 18, "coverage": 0.9425, "unionFrac": 0.9427, "bw": {"40": 13, "20": 5}}}, {"type": "Feature", "geometry": {"type": "Polygon", "coordinates": [[[72.0, 24.0], [72.0, 30.0], [66.0, 30.0], [66.0, 24.0], [72.0, 24.0]]]}, "properties": {"name": "N24E066_6x6", "kind": "latlon", "epsg": 4326, "lonMult": 1, "height": 6, "width": 6, "available": 21, "selected": 15, "coverage": 0.9992, "unionFrac": 0.9997, "bw": {"40": 14, "20": 1}}}, {"type": "Feature", "geometry": {"type": "Polygon", "coordinates": [[[78.0, 24.0], [78.0, 30.0], [72.0, 30.0], [72.0, 24.0], [78.0, 24.0]]]}, "properties": {"name": "N24E072_6x6", "kind": "latlon", "epsg": 4326, "lonMult": 1, "height": 6, "width": 6, "available": 21, "selected": 15, "coverage": 0.9991, "unionFrac": 1.0, "bw": {"40": 15}}}, {"type": "Feature", "geometry": {"type": "Polygon", "coordinates": [[[84.0, 24.0], [84.0, 30.0], [78.0, 30.0], [78.0, 24.0], [84.0, 24.0]]]}, "properties": {"name": "N24E078_6x6", "kind": "latlon", "epsg": 4326, "lonMult": 1, "height": 6, "width": 6, "available": 16, "selected": 12, "coverage": 0.822, "unionFrac": 0.8224, "bw": {"40": 12}}}, {"type": "Feature", "geometry": {"type": "Polygon", "coordinates": [[[90.0, 24.0], [90.0, 30.0], [84.0, 30.0], [84.0, 24.0], [90.0, 24.0]]]}, "properties": {"name": "N24E084_6x6", "kind": "latlon", "epsg": 4326, "lonMult": 1, "height": 6, "width": 6, "available": 16, "selected": 12, "coverage": 0.9306, "unionFrac": 0.9308, "bw": {"40": 12}}}, {"type": "Feature", "geometry": {"type": "Polygon", "coordinates": [[[96.0, 24.0], [96.0, 30.0], [90.0, 30.0], [90.0, 24.0], [96.0, 24.0]]]}, "properties": {"name": "N24E090_6x6", "kind": "latlon", "epsg": 4326, "lonMult": 1, "height": 6, "width": 6, "available": 22, "selected": 15, "coverage": 1.0, "unionFrac": 1.0, "bw": {"40": 15}}}, {"type": "Feature", "geometry": {"type": "Polygon", "coordinates": [[[102.0, 24.0], [102.0, 30.0], [96.0, 30.0], [96.0, 24.0], [102.0, 24.0]]]}, "properties": {"name": "N24E096_6x6", "kind": "latlon", "epsg": 4326, "lonMult": 1, "height": 6, "width": 6, "available": 24, "selected": 15, "coverage": 1.0, "unionFrac": 1.0, "bw": {"40": 7, "20": 8}}}, {"type": "Feature", "geometry": {"type": "Polygon", "coordinates": [[[108.0, 24.0], [108.0, 30.0], [102.0, 30.0], [102.0, 24.0], [108.0, 24.0]]]}, "properties": {"name": "N24E102_6x6", "kind": "latlon", "epsg": 4326, "lonMult": 1, "height": 6, "width": 6, "available": 20, "selected": 14, "coverage": 1.0, "unionFrac": 1.0, "bw": {"20": 14}}}, {"type": "Feature", "geometry": {"type": "Polygon", "coordinates": [[[114.0, 24.0], [114.0, 30.0], [108.0, 30.0], [108.0, 24.0], [114.0, 24.0]]]}, "properties": {"name": "N24E108_6x6", "kind": "latlon", "epsg": 4326, "lonMult": 1, "height": 6, "width": 6, "available": 20, "selected": 15, "coverage": 1.0, "unionFrac": 1.0, "bw": {"20": 15}}}, {"type": "Feature", "geometry": {"type": "Polygon", "coordinates": [[[120.0, 24.0], [120.0, 30.0], [114.0, 30.0], [114.0, 24.0], [120.0, 24.0]]]}, "properties": {"name": "N24E114_6x6", "kind": "latlon", "epsg": 4326, "lonMult": 1, "height": 6, "width": 6, "available": 21, "selected": 16, "coverage": 0.9996, "unionFrac": 1.0, "bw": {"40": 1, "20": 15}}}, {"type": "Feature", "geometry": {"type": "Polygon", "coordinates": [[[126.0, 24.0], [126.0, 30.0], [120.0, 30.0], [120.0, 24.0], [126.0, 24.0]]]}, "properties": {"name": "N24E120_6x6", "kind": "latlon", "epsg": 4326, "lonMult": 1, "height": 6, "width": 6, "available": 12, "selected": 9, "coverage": 0.3882, "unionFrac": 0.3884, "bw": {"40": 2, "20": 7}}}, {"type": "Feature", "geometry": {"type": "Polygon", "coordinates": [[[132.0, 24.0], [132.0, 30.0], [126.0, 30.0], [126.0, 24.0], [132.0, 24.0]]]}, "properties": {"name": "N24E126_6x6", "kind": "latlon", "epsg": 4326, "lonMult": 1, "height": 6, "width": 6, "available": 3, "selected": 3, "coverage": 0.2326, "unionFrac": 0.2326, "bw": {"20": 3}}}, {"type": "Feature", "geometry": {"type": "Polygon", "coordinates": [[[144.0, 24.0], [144.0, 30.0], [138.0, 30.0], [138.0, 24.0], [144.0, 24.0]]]}, "properties": {"name": "N24E138_6x6", "kind": "latlon", "epsg": 4326, "lonMult": 1, "height": 6, "width": 6, "available": 2, "selected": 2, "coverage": 0.2024, "unionFrac": 0.2024, "bw": {"20": 2}}}, {"type": "Feature", "geometry": {"type": "Polygon", "coordinates": [[[-120.0, 30.0], [-120.0, 36.0], [-126.0, 36.0], [-126.0, 30.0], [-120.0, 30.0]]]}, "properties": {"name": "N30W126_6x6", "kind": "latlon", "epsg": 4326, "lonMult": 1, "height": 6, "width": 6, "available": 6, "selected": 3, "coverage": 0.2111, "unionFrac": 0.212, "bw": {"40": 3}}}, {"type": "Feature", "geometry": {"type": "Polygon", "coordinates": [[[-114.0, 30.0], [-114.0, 36.0], [-120.0, 36.0], [-120.0, 30.0], [-114.0, 30.0]]]}, "properties": {"name": "N30W120_6x6", "kind": "latlon", "epsg": 4326, "lonMult": 1, "height": 6, "width": 6, "available": 19, "selected": 13, "coverage": 0.86, "unionFrac": 0.8606, "bw": {"40": 13}}}, {"type": "Feature", "geometry": {"type": "Polygon", "coordinates": [[[-108.0, 30.0], [-108.0, 36.0], [-114.0, 36.0], [-114.0, 30.0], [-108.0, 30.0]]]}, "properties": {"name": "N30W114_6x6", "kind": "latlon", "epsg": 4326, "lonMult": 1, "height": 6, "width": 6, "available": 22, "selected": 14, "coverage": 0.9993, "unionFrac": 1.0, "bw": {"40": 14}}}, {"type": "Feature", "geometry": {"type": "Polygon", "coordinates": [[[-102.0, 30.0], [-102.0, 36.0], [-108.0, 36.0], [-108.0, 30.0], [-102.0, 30.0]]]}, "properties": {"name": "N30W108_6x6", "kind": "latlon", "epsg": 4326, "lonMult": 1, "height": 6, "width": 6, "available": 21, "selected": 14, "coverage": 1.0, "unionFrac": 1.0, "bw": {"40": 14}}}, {"type": "Feature", "geometry": {"type": "Polygon", "coordinates": [[[-96.0, 30.0], [-96.0, 36.0], [-102.0, 36.0], [-102.0, 30.0], [-96.0, 30.0]]]}, "properties": {"name": "N30W102_6x6", "kind": "latlon", "epsg": 4326, "lonMult": 1, "height": 6, "width": 6, "available": 21, "selected": 14, "coverage": 0.9999, "unionFrac": 1.0, "bw": {"40": 14}}}, {"type": "Feature", "geometry": {"type": "Polygon", "coordinates": [[[-90.0, 30.0], [-90.0, 36.0], [-96.0, 36.0], [-96.0, 30.0], [-90.0, 30.0]]]}, "properties": {"name": "N30W096_6x6", "kind": "latlon", "epsg": 4326, "lonMult": 1, "height": 6, "width": 6, "available": 21, "selected": 15, "coverage": 0.9998, "unionFrac": 1.0, "bw": {"40": 15}}}, {"type": "Feature", "geometry": {"type": "Polygon", "coordinates": [[[-84.0, 30.0], [-84.0, 36.0], [-90.0, 36.0], [-90.0, 30.0], [-84.0, 30.0]]]}, "properties": {"name": "N30W090_6x6", "kind": "latlon", "epsg": 4326, "lonMult": 1, "height": 6, "width": 6, "available": 22, "selected": 15, "coverage": 1.0, "unionFrac": 1.0, "bw": {"40": 15}}}, {"type": "Feature", "geometry": {"type": "Polygon", "coordinates": [[[-78.0, 30.0], [-78.0, 36.0], [-84.0, 36.0], [-84.0, 30.0], [-78.0, 30.0]]]}, "properties": {"name": "N30W084_6x6", "kind": "latlon", "epsg": 4326, "lonMult": 1, "height": 6, "width": 6, "available": 21, "selected": 14, "coverage": 0.887, "unionFrac": 0.888, "bw": {"40": 14}}}, {"type": "Feature", "geometry": {"type": "Polygon", "coordinates": [[[-72.0, 30.0], [-72.0, 36.0], [-78.0, 36.0], [-78.0, 30.0], [-72.0, 30.0]]]}, "properties": {"name": "N30W078_6x6", "kind": "latlon", "epsg": 4326, "lonMult": 1, "height": 6, "width": 6, "available": 8, "selected": 5, "coverage": 0.2499, "unionFrac": 0.2499, "bw": {"40": 5}}}, {"type": "Feature", "geometry": {"type": "Polygon", "coordinates": [[[-6.0, 30.0], [-6.0, 36.0], [-12.0, 36.0], [-12.0, 30.0], [-6.0, 30.0]]]}, "properties": {"name": "N30W012_6x6", "kind": "latlon", "epsg": 4326, "lonMult": 1, "height": 6, "width": 6, "available": 15, "selected": 11, "coverage": 0.6094, "unionFrac": 0.6099, "bw": {"40": 4, "20": 5, "5": 2}}}, {"type": "Feature", "geometry": {"type": "Polygon", "coordinates": [[[0.0, 30.0], [0.0, 36.0], [-6.0, 36.0], [-6.0, 30.0], [0.0, 30.0]]]}, "properties": {"name": "N30W006_6x6", "kind": "latlon", "epsg": 4326, "lonMult": 1, "height": 6, "width": 6, "available": 26, "selected": 20, "coverage": 0.9933, "unionFrac": 0.9933, "bw": {"40": 8, "20": 10, "5": 2}}}, {"type": "Feature", "geometry": {"type": "Polygon", "coordinates": [[[6.0, 30.0], [6.0, 36.0], [0.0, 36.0], [0.0, 30.0], [6.0, 30.0]]]}, "properties": {"name": "N30E000_6x6", "kind": "latlon", "epsg": 4326, "lonMult": 1, "height": 6, "width": 6, "available": 22, "selected": 14, "coverage": 0.8021, "unionFrac": 0.8027, "bw": {"40": 6, "20": 5, "5": 3}}}, {"type": "Feature", "geometry": {"type": "Polygon", "coordinates": [[[12.0, 30.0], [12.0, 36.0], [6.0, 36.0], [6.0, 30.0], [12.0, 30.0]]]}, "properties": {"name": "N30E006_6x6", "kind": "latlon", "epsg": 4326, "lonMult": 1, "height": 6, "width": 6, "available": 22, "selected": 18, "coverage": 0.9639, "unionFrac": 0.9639, "bw": {"40": 9, "20": 3, "5": 6}}}, {"type": "Feature", "geometry": {"type": "Polygon", "coordinates": [[[18.0, 30.0], [18.0, 36.0], [12.0, 36.0], [12.0, 30.0], [18.0, 30.0]]]}, "properties": {"name": "N30E012_6x6", "kind": "latlon", "epsg": 4326, "lonMult": 1, "height": 6, "width": 6, "available": 17, "selected": 11, "coverage": 0.636, "unionFrac": 0.6361, "bw": {"40": 6, "20": 3, "5": 2}}}, {"type": "Feature", "geometry": {"type": "Polygon", "coordinates": [[[24.0, 30.0], [24.0, 36.0], [18.0, 36.0], [18.0, 30.0], [24.0, 30.0]]]}, "properties": {"name": "N30E018_6x6", "kind": "latlon", "epsg": 4326, "lonMult": 1, "height": 6, "width": 6, "available": 19, "selected": 13, "coverage": 0.5269, "unionFrac": 0.5269, "bw": {"40": 7, "20": 4, "5": 2}}}, {"type": "Feature", "geometry": {"type": "Polygon", "coordinates": [[[30.0, 30.0], [30.0, 36.0], [24.0, 36.0], [24.0, 30.0], [30.0, 30.0]]]}, "properties": {"name": "N30E024_6x6", "kind": "latlon", "epsg": 4326, "lonMult": 1, "height": 6, "width": 6, "available": 16, "selected": 14, "coverage": 0.5571, "unionFrac": 0.5571, "bw": {"40": 3, "20": 10, "5": 1}}}, {"type": "Feature", "geometry": {"type": "Polygon", "coordinates": [[[36.0, 30.0], [36.0, 36.0], [30.0, 36.0], [30.0, 30.0], [36.0, 30.0]]]}, "properties": {"name": "N30E030_6x6", "kind": "latlon", "epsg": 4326, "lonMult": 1, "height": 6, "width": 6, "available": 14, "selected": 9, "coverage": 0.6352, "unionFrac": 0.6363, "bw": {"40": 1, "20": 8}}}, {"type": "Feature", "geometry": {"type": "Polygon", "coordinates": [[[42.0, 30.0], [42.0, 36.0], [36.0, 36.0], [36.0, 30.0], [42.0, 30.0]]]}, "properties": {"name": "N30E036_6x6", "kind": "latlon", "epsg": 4326, "lonMult": 1, "height": 6, "width": 6, "available": 23, "selected": 14, "coverage": 0.9994, "unionFrac": 1.0, "bw": {"20": 14}}}, {"type": "Feature", "geometry": {"type": "Polygon", "coordinates": [[[48.0, 30.0], [48.0, 36.0], [42.0, 36.0], [42.0, 30.0], [48.0, 30.0]]]}, "properties": {"name": "N30E042_6x6", "kind": "latlon", "epsg": 4326, "lonMult": 1, "height": 6, "width": 6, "available": 25, "selected": 15, "coverage": 0.9999, "unionFrac": 1.0, "bw": {"40": 4, "20": 11}}}, {"type": "Feature", "geometry": {"type": "Polygon", "coordinates": [[[54.0, 30.0], [54.0, 36.0], [48.0, 36.0], [48.0, 30.0], [54.0, 30.0]]]}, "properties": {"name": "N30E048_6x6", "kind": "latlon", "epsg": 4326, "lonMult": 1, "height": 6, "width": 6, "available": 21, "selected": 15, "coverage": 1.0, "unionFrac": 1.0, "bw": {"40": 3, "20": 12}}}, {"type": "Feature", "geometry": {"type": "Polygon", "coordinates": [[[60.0, 30.0], [60.0, 36.0], [54.0, 36.0], [54.0, 30.0], [60.0, 30.0]]]}, "properties": {"name": "N30E054_6x6", "kind": "latlon", "epsg": 4326, "lonMult": 1, "height": 6, "width": 6, "available": 17, "selected": 13, "coverage": 0.8105, "unionFrac": 0.8107, "bw": {"40": 3, "20": 10}}}, {"type": "Feature", "geometry": {"type": "Polygon", "coordinates": [[[66.0, 30.0], [66.0, 36.0], [60.0, 36.0], [60.0, 30.0], [66.0, 30.0]]]}, "properties": {"name": "N30E060_6x6", "kind": "latlon", "epsg": 4326, "lonMult": 1, "height": 6, "width": 6, "available": 23, "selected": 16, "coverage": 0.9999, "unionFrac": 1.0, "bw": {"40": 13, "20": 3}}}, {"type": "Feature", "geometry": {"type": "Polygon", "coordinates": [[[72.0, 30.0], [72.0, 36.0], [66.0, 36.0], [66.0, 30.0], [72.0, 30.0]]]}, "properties": {"name": "N30E066_6x6", "kind": "latlon", "epsg": 4326, "lonMult": 1, "height": 6, "width": 6, "available": 20, "selected": 15, "coverage": 1.0, "unionFrac": 1.0, "bw": {"40": 15}}}, {"type": "Feature", "geometry": {"type": "Polygon", "coordinates": [[[78.0, 30.0], [78.0, 36.0], [72.0, 36.0], [72.0, 30.0], [78.0, 30.0]]]}, "properties": {"name": "N30E072_6x6", "kind": "latlon", "epsg": 4326, "lonMult": 1, "height": 6, "width": 6, "available": 22, "selected": 16, "coverage": 0.9997, "unionFrac": 1.0, "bw": {"40": 16}}}, {"type": "Feature", "geometry": {"type": "Polygon", "coordinates": [[[84.0, 30.0], [84.0, 36.0], [78.0, 36.0], [78.0, 30.0], [84.0, 30.0]]]}, "properties": {"name": "N30E078_6x6", "kind": "latlon", "epsg": 4326, "lonMult": 1, "height": 6, "width": 6, "available": 18, "selected": 11, "coverage": 0.8055, "unionFrac": 0.8066, "bw": {"40": 9, "20": 2}}}, {"type": "Feature", "geometry": {"type": "Polygon", "coordinates": [[[90.0, 30.0], [90.0, 36.0], [84.0, 36.0], [84.0, 30.0], [90.0, 30.0]]]}, "properties": {"name": "N30E084_6x6", "kind": "latlon", "epsg": 4326, "lonMult": 1, "height": 6, "width": 6, "available": 24, "selected": 18, "coverage": 1.0, "unionFrac": 1.0, "bw": {"40": 9, "20": 9}}}, {"type": "Feature", "geometry": {"type": "Polygon", "coordinates": [[[96.0, 30.0], [96.0, 36.0], [90.0, 36.0], [90.0, 30.0], [96.0, 30.0]]]}, "properties": {"name": "N30E090_6x6", "kind": "latlon", "epsg": 4326, "lonMult": 1, "height": 6, "width": 6, "available": 25, "selected": 16, "coverage": 0.9995, "unionFrac": 1.0, "bw": {"40": 5, "20": 11}}}, {"type": "Feature", "geometry": {"type": "Polygon", "coordinates": [[[102.0, 30.0], [102.0, 36.0], [96.0, 36.0], [96.0, 30.0], [102.0, 30.0]]]}, "properties": {"name": "N30E096_6x6", "kind": "latlon", "epsg": 4326, "lonMult": 1, "height": 6, "width": 6, "available": 23, "selected": 15, "coverage": 1.0, "unionFrac": 1.0, "bw": {"40": 1, "20": 14}}}, {"type": "Feature", "geometry": {"type": "Polygon", "coordinates": [[[108.0, 30.0], [108.0, 36.0], [102.0, 36.0], [102.0, 30.0], [108.0, 30.0]]]}, "properties": {"name": "N30E102_6x6", "kind": "latlon", "epsg": 4326, "lonMult": 1, "height": 6, "width": 6, "available": 21, "selected": 14, "coverage": 1.0, "unionFrac": 1.0, "bw": {"20": 14}}}, {"type": "Feature", "geometry": {"type": "Polygon", "coordinates": [[[114.0, 30.0], [114.0, 36.0], [108.0, 36.0], [108.0, 30.0], [114.0, 30.0]]]}, "properties": {"name": "N30E108_6x6", "kind": "latlon", "epsg": 4326, "lonMult": 1, "height": 6, "width": 6, "available": 21, "selected": 14, "coverage": 0.9991, "unionFrac": 1.0, "bw": {"20": 14}}}, {"type": "Feature", "geometry": {"type": "Polygon", "coordinates": [[[120.0, 30.0], [120.0, 36.0], [114.0, 36.0], [114.0, 30.0], [120.0, 30.0]]]}, "properties": {"name": "N30E114_6x6", "kind": "latlon", "epsg": 4326, "lonMult": 1, "height": 6, "width": 6, "available": 20, "selected": 15, "coverage": 1.0, "unionFrac": 1.0, "bw": {"20": 15}}}, {"type": "Feature", "geometry": {"type": "Polygon", "coordinates": [[[126.0, 30.0], [126.0, 36.0], [120.0, 36.0], [120.0, 30.0], [126.0, 30.0]]]}, "properties": {"name": "N30E120_6x6", "kind": "latlon", "epsg": 4326, "lonMult": 1, "height": 6, "width": 6, "available": 14, "selected": 9, "coverage": 0.4741, "unionFrac": 0.4743, "bw": {"40": 3, "20": 6}}}, {"type": "Feature", "geometry": {"type": "Polygon", "coordinates": [[[132.0, 30.0], [132.0, 36.0], [126.0, 36.0], [126.0, 30.0], [132.0, 30.0]]]}, "properties": {"name": "N30E126_6x6", "kind": "latlon", "epsg": 4326, "lonMult": 1, "height": 6, "width": 6, "available": 19, "selected": 16, "coverage": 0.7819, "unionFrac": 0.7822, "bw": {"40": 12, "20": 4}}}, {"type": "Feature", "geometry": {"type": "Polygon", "coordinates": [[[138.0, 30.0], [138.0, 36.0], [132.0, 36.0], [132.0, 30.0], [138.0, 30.0]]]}, "properties": {"name": "N30E132_6x6", "kind": "latlon", "epsg": 4326, "lonMult": 1, "height": 6, "width": 6, "available": 17, "selected": 11, "coverage": 0.5667, "unionFrac": 0.5677, "bw": {"40": 10, "20": 1}}}, {"type": "Feature", "geometry": {"type": "Polygon", "coordinates": [[[144.0, 30.0], [144.0, 36.0], [138.0, 36.0], [138.0, 30.0], [144.0, 30.0]]]}, "properties": {"name": "N30E138_6x6", "kind": "latlon", "epsg": 4326, "lonMult": 1, "height": 6, "width": 6, "available": 8, "selected": 6, "coverage": 0.3238, "unionFrac": 0.3242, "bw": {"40": 4, "20": 2}}}, {"type": "Feature", "geometry": {"type": "Polygon", "coordinates": [[[-126.0, 36.0], [-126.0, 42.0], [-132.0, 42.0], [-132.0, 36.0], [-126.0, 36.0]]]}, "properties": {"name": "N36W132_6x6", "kind": "latlon", "epsg": 4326, "lonMult": 1, "height": 6, "width": 6, "available": 2, "selected": 2, "coverage": 0.038, "unionFrac": 0.038, "bw": {"40": 2}}}, {"type": "Feature", "geometry": {"type": "Polygon", "coordinates": [[[-120.0, 36.0], [-120.0, 42.0], [-126.0, 42.0], [-126.0, 36.0], [-120.0, 36.0]]]}, "properties": {"name": "N36W126_6x6", "kind": "latlon", "epsg": 4326, "lonMult": 1, "height": 6, "width": 6, "available": 14, "selected": 11, "coverage": 0.8365, "unionFrac": 0.837, "bw": {"40": 11}}}, {"type": "Feature", "geometry": {"type": "Polygon", "coordinates": [[[-114.0, 36.0], [-114.0, 42.0], [-120.0, 42.0], [-120.0, 36.0], [-114.0, 36.0]]]}, "properties": {"name": "N36W120_6x6", "kind": "latlon", "epsg": 4326, "lonMult": 1, "height": 6, "width": 6, "available": 19, "selected": 14, "coverage": 0.9992, "unionFrac": 1.0, "bw": {"40": 14}}}, {"type": "Feature", "geometry": {"type": "Polygon", "coordinates": [[[-108.0, 36.0], [-108.0, 42.0], [-114.0, 42.0], [-114.0, 36.0], [-108.0, 36.0]]]}, "properties": {"name": "N36W114_6x6", "kind": "latlon", "epsg": 4326, "lonMult": 1, "height": 6, "width": 6, "available": 21, "selected": 13, "coverage": 0.9989, "unionFrac": 0.9992, "bw": {"40": 13}}}, {"type": "Feature", "geometry": {"type": "Polygon", "coordinates": [[[-102.0, 36.0], [-102.0, 42.0], [-108.0, 42.0], [-108.0, 36.0], [-102.0, 36.0]]]}, "properties": {"name": "N36W108_6x6", "kind": "latlon", "epsg": 4326, "lonMult": 1, "height": 6, "width": 6, "available": 22, "selected": 13, "coverage": 0.9999, "unionFrac": 1.0, "bw": {"40": 13}}}, {"type": "Feature", "geometry": {"type": "Polygon", "coordinates": [[[-96.0, 36.0], [-96.0, 42.0], [-102.0, 42.0], [-102.0, 36.0], [-96.0, 36.0]]]}, "properties": {"name": "N36W102_6x6", "kind": "latlon", "epsg": 4326, "lonMult": 1, "height": 6, "width": 6, "available": 22, "selected": 14, "coverage": 1.0, "unionFrac": 1.0, "bw": {"40": 14}}}, {"type": "Feature", "geometry": {"type": "Polygon", "coordinates": [[[-90.0, 36.0], [-90.0, 42.0], [-96.0, 42.0], [-96.0, 36.0], [-90.0, 36.0]]]}, "properties": {"name": "N36W096_6x6", "kind": "latlon", "epsg": 4326, "lonMult": 1, "height": 6, "width": 6, "available": 28, "selected": 17, "coverage": 1.0, "unionFrac": 1.0, "bw": {"40": 11, "20": 6}}}, {"type": "Feature", "geometry": {"type": "Polygon", "coordinates": [[[-84.0, 36.0], [-84.0, 42.0], [-90.0, 42.0], [-90.0, 36.0], [-84.0, 36.0]]]}, "properties": {"name": "N36W090_6x6", "kind": "latlon", "epsg": 4326, "lonMult": 1, "height": 6, "width": 6, "available": 31, "selected": 19, "coverage": 1.0, "unionFrac": 1.0, "bw": {"40": 8, "20": 11}}}, {"type": "Feature", "geometry": {"type": "Polygon", "coordinates": [[[-78.0, 36.0], [-78.0, 42.0], [-84.0, 42.0], [-84.0, 36.0], [-78.0, 36.0]]]}, "properties": {"name": "N36W084_6x6", "kind": "latlon", "epsg": 4326, "lonMult": 1, "height": 6, "width": 6, "available": 28, "selected": 15, "coverage": 0.9917, "unionFrac": 0.9917, "bw": {"40": 13, "20": 2}}}, {"type": "Feature", "geometry": {"type": "Polygon", "coordinates": [[[-72.0, 36.0], [-72.0, 42.0], [-78.0, 42.0], [-78.0, 36.0], [-72.0, 36.0]]]}, "properties": {"name": "N36W078_6x6", "kind": "latlon", "epsg": 4326, "lonMult": 1, "height": 6, "width": 6, "available": 16, "selected": 13, "coverage": 0.8372, "unionFrac": 0.8375, "bw": {"40": 13}}}, {"type": "Feature", "geometry": {"type": "Polygon", "coordinates": [[[-66.0, 36.0], [-66.0, 42.0], [-72.0, 42.0], [-72.0, 36.0], [-66.0, 36.0]]]}, "properties": {"name": "N36W072_6x6", "kind": "latlon", "epsg": 4326, "lonMult": 1, "height": 6, "width": 6, "available": 3, "selected": 3, "coverage": 0.0976, "unionFrac": 0.0976, "bw": {"40": 3}}}, {"type": "Feature", "geometry": {"type": "Polygon", "coordinates": [[[-24.0, 36.0], [-24.0, 42.0], [-30.0, 42.0], [-30.0, 36.0], [-24.0, 36.0]]]}, "properties": {"name": "N36W030_6x6", "kind": "latlon", "epsg": 4326, "lonMult": 1, "height": 6, "width": 6, "available": 2, "selected": 2, "coverage": 0.1753, "unionFrac": 0.1753, "bw": {"20": 2}}}, {"type": "Feature", "geometry": {"type": "Polygon", "coordinates": [[[-6.0, 36.0], [-6.0, 42.0], [-12.0, 42.0], [-12.0, 36.0], [-6.0, 36.0]]]}, "properties": {"name": "N36W012_6x6", "kind": "latlon", "epsg": 4326, "lonMult": 1, "height": 6, "width": 6, "available": 12, "selected": 10, "coverage": 0.7476, "unionFrac": 0.7476, "bw": {"40": 1, "20": 9}}}, {"type": "Feature", "geometry": {"type": "Polygon", "coordinates": [[[0.0, 36.0], [0.0, 42.0], [-6.0, 42.0], [-6.0, 36.0], [0.0, 36.0]]]}, "properties": {"name": "N36W006_6x6", "kind": "latlon", "epsg": 4326, "lonMult": 1, "height": 6, "width": 6, "available": 24, "selected": 16, "coverage": 0.9982, "unionFrac": 0.9988, "bw": {"40": 4, "20": 12}}}, {"type": "Feature", "geometry": {"type": "Polygon", "coordinates": [[[6.0, 36.0], [6.0, 42.0], [0.0, 42.0], [0.0, 36.0], [6.0, 36.0]]]}, "properties": {"name": "N36E000_6x6", "kind": "latlon", "epsg": 4326, "lonMult": 1, "height": 6, "width": 6, "available": 15, "selected": 8, "coverage": 0.4056, "unionFrac": 0.4056, "bw": {"40": 4, "20": 4}}}, {"type": "Feature", "geometry": {"type": "Polygon", "coordinates": [[[12.0, 36.0], [12.0, 42.0], [6.0, 42.0], [6.0, 36.0], [12.0, 36.0]]]}, "properties": {"name": "N36E006_6x6", "kind": "latlon", "epsg": 4326, "lonMult": 1, "height": 6, "width": 6, "available": 17, "selected": 11, "coverage": 0.7942, "unionFrac": 0.7942, "bw": {"40": 3, "20": 8}}}, {"type": "Feature", "geometry": {"type": "Polygon", "coordinates": [[[18.0, 36.0], [18.0, 42.0], [12.0, 42.0], [12.0, 36.0], [18.0, 36.0]]]}, "properties": {"name": "N36E012_6x6", "kind": "latlon", "epsg": 4326, "lonMult": 1, "height": 6, "width": 6, "available": 18, "selected": 15, "coverage": 0.8416, "unionFrac": 0.8424, "bw": {"20": 15}}}, {"type": "Feature", "geometry": {"type": "Polygon", "coordinates": [[[24.0, 36.0], [24.0, 42.0], [18.0, 42.0], [18.0, 36.0], [24.0, 36.0]]]}, "properties": {"name": "N36E018_6x6", "kind": "latlon", "epsg": 4326, "lonMult": 1, "height": 6, "width": 6, "available": 16, "selected": 13, "coverage": 0.9152, "unionFrac": 0.9159, "bw": {"20": 13}}}, {"type": "Feature", "geometry": {"type": "Polygon", "coordinates": [[[30.0, 36.0], [30.0, 42.0], [24.0, 42.0], [24.0, 36.0], [30.0, 36.0]]]}, "properties": {"name": "N36E024_6x6", "kind": "latlon", "epsg": 4326, "lonMult": 1, "height": 6, "width": 6, "available": 19, "selected": 15, "coverage": 0.9988, "unionFrac": 0.9995, "bw": {"20": 15}}}, {"type": "Feature", "geometry": {"type": "Polygon", "coordinates": [[[36.0, 36.0], [36.0, 42.0], [30.0, 42.0], [30.0, 36.0], [36.0, 36.0]]]}, "properties": {"name": "N36E030_6x6", "kind": "latlon", "epsg": 4326, "lonMult": 1, "height": 6, "width": 6, "available": 19, "selected": 15, "coverage": 0.9916, "unionFrac": 0.9917, "bw": {"20": 15}}}, {"type": "Feature", "geometry": {"type": "Polygon", "coordinates": [[[42.0, 36.0], [42.0, 42.0], [36.0, 42.0], [36.0, 36.0], [42.0, 36.0]]]}, "properties": {"name": "N36E036_6x6", "kind": "latlon", "epsg": 4326, "lonMult": 1, "height": 6, "width": 6, "available": 19, "selected": 13, "coverage": 0.9695, "unionFrac": 0.9695, "bw": {"20": 13}}}, {"type": "Feature", "geometry": {"type": "Polygon", "coordinates": [[[48.0, 36.0], [48.0, 42.0], [42.0, 42.0], [42.0, 36.0], [48.0, 36.0]]]}, "properties": {"name": "N36E042_6x6", "kind": "latlon", "epsg": 4326, "lonMult": 1, "height": 6, "width": 6, "available": 22, "selected": 14, "coverage": 0.9996, "unionFrac": 1.0, "bw": {"40": 5, "20": 9}}}, {"type": "Feature", "geometry": {"type": "Polygon", "coordinates": [[[54.0, 36.0], [54.0, 42.0], [48.0, 42.0], [48.0, 36.0], [54.0, 36.0]]]}, "properties": {"name": "N36E048_6x6", "kind": "latlon", "epsg": 4326, "lonMult": 1, "height": 6, "width": 6, "available": 20, "selected": 15, "coverage": 0.9357, "unionFrac": 0.9357, "bw": {"40": 5, "20": 10}}}, {"type": "Feature", "geometry": {"type": "Polygon", "coordinates": [[[60.0, 36.0], [60.0, 42.0], [54.0, 42.0], [54.0, 36.0], [60.0, 36.0]]]}, "properties": {"name": "N36E054_6x6", "kind": "latlon", "epsg": 4326, "lonMult": 1, "height": 6, "width": 6, "available": 17, "selected": 13, "coverage": 0.9082, "unionFrac": 0.9082, "bw": {"20": 13}}}, {"type": "Feature", "geometry": {"type": "Polygon", "coordinates": [[[66.0, 36.0], [66.0, 42.0], [60.0, 42.0], [60.0, 36.0], [66.0, 36.0]]]}, "properties": {"name": "N36E060_6x6", "kind": "latlon", "epsg": 4326, "lonMult": 1, "height": 6, "width": 6, "available": 26, "selected": 17, "coverage": 0.9999, "unionFrac": 1.0, "bw": {"40": 4, "20": 13}}}, {"type": "Feature", "geometry": {"type": "Polygon", "coordinates": [[[72.0, 36.0], [72.0, 42.0], [66.0, 42.0], [66.0, 36.0], [72.0, 36.0]]]}, "properties": {"name": "N36E066_6x6", "kind": "latlon", "epsg": 4326, "lonMult": 1, "height": 6, "width": 6, "available": 26, "selected": 17, "coverage": 1.0, "unionFrac": 1.0, "bw": {"40": 7, "20": 10}}}, {"type": "Feature", "geometry": {"type": "Polygon", "coordinates": [[[78.0, 36.0], [78.0, 42.0], [72.0, 42.0], [72.0, 36.0], [78.0, 36.0]]]}, "properties": {"name": "N36E072_6x6", "kind": "latlon", "epsg": 4326, "lonMult": 1, "height": 6, "width": 6, "available": 20, "selected": 16, "coverage": 0.9821, "unionFrac": 0.9821, "bw": {"40": 6, "20": 10}}}, {"type": "Feature", "geometry": {"type": "Polygon", "coordinates": [[[84.0, 36.0], [84.0, 42.0], [78.0, 42.0], [78.0, 36.0], [84.0, 36.0]]]}, "properties": {"name": "N36E078_6x6", "kind": "latlon", "epsg": 4326, "lonMult": 1, "height": 6, "width": 6, "available": 17, "selected": 13, "coverage": 0.8618, "unionFrac": 0.8623, "bw": {"40": 1, "20": 12}}}, {"type": "Feature", "geometry": {"type": "Polygon", "coordinates": [[[90.0, 36.0], [90.0, 42.0], [84.0, 42.0], [84.0, 36.0], [90.0, 36.0]]]}, "properties": {"name": "N36E084_6x6", "kind": "latlon", "epsg": 4326, "lonMult": 1, "height": 6, "width": 6, "available": 19, "selected": 14, "coverage": 0.9992, "unionFrac": 1.0, "bw": {"20": 14}}}, {"type": "Feature", "geometry": {"type": "Polygon", "coordinates": [[[96.0, 36.0], [96.0, 42.0], [90.0, 42.0], [90.0, 36.0], [96.0, 36.0]]]}, "properties": {"name": "N36E090_6x6", "kind": "latlon", "epsg": 4326, "lonMult": 1, "height": 6, "width": 6, "available": 22, "selected": 14, "coverage": 1.0, "unionFrac": 1.0, "bw": {"20": 14}}}, {"type": "Feature", "geometry": {"type": "Polygon", "coordinates": [[[102.0, 36.0], [102.0, 42.0], [96.0, 42.0], [96.0, 36.0], [102.0, 36.0]]]}, "properties": {"name": "N36E096_6x6", "kind": "latlon", "epsg": 4326, "lonMult": 1, "height": 6, "width": 6, "available": 22, "selected": 13, "coverage": 1.0, "unionFrac": 1.0, "bw": {"20": 13}}}, {"type": "Feature", "geometry": {"type": "Polygon", "coordinates": [[[108.0, 36.0], [108.0, 42.0], [102.0, 42.0], [102.0, 36.0], [108.0, 36.0]]]}, "properties": {"name": "N36E102_6x6", "kind": "latlon", "epsg": 4326, "lonMult": 1, "height": 6, "width": 6, "available": 22, "selected": 14, "coverage": 1.0, "unionFrac": 1.0, "bw": {"20": 14}}}, {"type": "Feature", "geometry": {"type": "Polygon", "coordinates": [[[114.0, 36.0], [114.0, 42.0], [108.0, 42.0], [108.0, 36.0], [114.0, 36.0]]]}, "properties": {"name": "N36E108_6x6", "kind": "latlon", "epsg": 4326, "lonMult": 1, "height": 6, "width": 6, "available": 23, "selected": 14, "coverage": 1.0, "unionFrac": 1.0, "bw": {"20": 14}}}, {"type": "Feature", "geometry": {"type": "Polygon", "coordinates": [[[120.0, 36.0], [120.0, 42.0], [114.0, 42.0], [114.0, 36.0], [120.0, 36.0]]]}, "properties": {"name": "N36E114_6x6", "kind": "latlon", "epsg": 4326, "lonMult": 1, "height": 6, "width": 6, "available": 21, "selected": 14, "coverage": 1.0, "unionFrac": 1.0, "bw": {"20": 14}}}, {"type": "Feature", "geometry": {"type": "Polygon", "coordinates": [[[126.0, 36.0], [126.0, 42.0], [120.0, 42.0], [120.0, 36.0], [126.0, 36.0]]]}, "properties": {"name": "N36E120_6x6", "kind": "latlon", "epsg": 4326, "lonMult": 1, "height": 6, "width": 6, "available": 19, "selected": 16, "coverage": 0.9311, "unionFrac": 0.9319, "bw": {"40": 5, "20": 11}}}, {"type": "Feature", "geometry": {"type": "Polygon", "coordinates": [[[132.0, 36.0], [132.0, 42.0], [126.0, 42.0], [126.0, 36.0], [132.0, 36.0]]]}, "properties": {"name": "N36E126_6x6", "kind": "latlon", "epsg": 4326, "lonMult": 1, "height": 6, "width": 6, "available": 21, "selected": 14, "coverage": 0.8539, "unionFrac": 0.8543, "bw": {"40": 5, "20": 9}}}, {"type": "Feature", "geometry": {"type": "Polygon", "coordinates": [[[138.0, 36.0], [138.0, 42.0], [132.0, 42.0], [132.0, 36.0], [138.0, 36.0]]]}, "properties": {"name": "N36E132_6x6", "kind": "latlon", "epsg": 4326, "lonMult": 1, "height": 6, "width": 6, "available": 14, "selected": 11, "coverage": 0.4026, "unionFrac": 0.4026, "bw": {"40": 9, "20": 2}}}, {"type": "Feature", "geometry": {"type": "Polygon", "coordinates": [[[144.0, 36.0], [144.0, 42.0], [138.0, 42.0], [138.0, 36.0], [144.0, 36.0]]]}, "properties": {"name": "N36E138_6x6", "kind": "latlon", "epsg": 4326, "lonMult": 1, "height": 6, "width": 6, "available": 12, "selected": 8, "coverage": 0.5745, "unionFrac": 0.5745, "bw": {"40": 8}}}, {"type": "Feature", "geometry": {"type": "Polygon", "coordinates": [[[150.0, 36.0], [150.0, 42.0], [144.0, 42.0], [144.0, 36.0], [150.0, 36.0]]]}, "properties": {"name": "N36E144_6x6", "kind": "latlon", "epsg": 4326, "lonMult": 1, "height": 6, "width": 6, "available": 3, "selected": 1, "coverage": 0.0339, "unionFrac": 0.0347, "bw": {"40": 1}}}, {"type": "Feature", "geometry": {"type": "Polygon", "coordinates": [[[-126.0, 42.0], [-126.0, 48.0], [-132.0, 48.0], [-132.0, 42.0], [-126.0, 42.0]]]}, "properties": {"name": "N42W132_6x6", "kind": "latlon", "epsg": 4326, "lonMult": 1, "height": 6, "width": 6, "available": 5, "selected": 5, "coverage": 0.0373, "unionFrac": 0.0373, "bw": {"40": 5}}}, {"type": "Feature", "geometry": {"type": "Polygon", "coordinates": [[[-120.0, 42.0], [-120.0, 48.0], [-126.0, 48.0], [-126.0, 42.0], [-120.0, 42.0]]]}, "properties": {"name": "N42W126_6x6", "kind": "latlon", "epsg": 4326, "lonMult": 1, "height": 6, "width": 6, "available": 17, "selected": 13, "coverage": 0.9413, "unionFrac": 0.9413, "bw": {"40": 13}}}, {"type": "Feature", "geometry": {"type": "Polygon", "coordinates": [[[-114.0, 42.0], [-114.0, 48.0], [-120.0, 48.0], [-120.0, 42.0], [-114.0, 42.0]]]}, "properties": {"name": "N42W120_6x6", "kind": "latlon", "epsg": 4326, "lonMult": 1, "height": 6, "width": 6, "available": 19, "selected": 14, "coverage": 1.0, "unionFrac": 1.0, "bw": {"40": 14}}}, {"type": "Feature", "geometry": {"type": "Polygon", "coordinates": [[[-108.0, 42.0], [-108.0, 48.0], [-114.0, 48.0], [-114.0, 42.0], [-108.0, 42.0]]]}, "properties": {"name": "N42W114_6x6", "kind": "latlon", "epsg": 4326, "lonMult": 1, "height": 6, "width": 6, "available": 20, "selected": 14, "coverage": 0.9999, "unionFrac": 1.0, "bw": {"40": 14}}}, {"type": "Feature", "geometry": {"type": "Polygon", "coordinates": [[[-102.0, 42.0], [-102.0, 48.0], [-108.0, 48.0], [-108.0, 42.0], [-102.0, 42.0]]]}, "properties": {"name": "N42W108_6x6", "kind": "latlon", "epsg": 4326, "lonMult": 1, "height": 6, "width": 6, "available": 19, "selected": 15, "coverage": 0.9999, "unionFrac": 1.0, "bw": {"40": 15}}}, {"type": "Feature", "geometry": {"type": "Polygon", "coordinates": [[[-96.0, 42.0], [-96.0, 48.0], [-102.0, 48.0], [-102.0, 42.0], [-96.0, 42.0]]]}, "properties": {"name": "N42W102_6x6", "kind": "latlon", "epsg": 4326, "lonMult": 1, "height": 6, "width": 6, "available": 18, "selected": 13, "coverage": 0.9964, "unionFrac": 0.9964, "bw": {"40": 13}}}, {"type": "Feature", "geometry": {"type": "Polygon", "coordinates": [[[-90.0, 42.0], [-90.0, 48.0], [-96.0, 48.0], [-96.0, 42.0], [-90.0, 42.0]]]}, "properties": {"name": "N42W096_6x6", "kind": "latlon", "epsg": 4326, "lonMult": 1, "height": 6, "width": 6, "available": 27, "selected": 16, "coverage": 1.0, "unionFrac": 1.0, "bw": {"40": 11, "20": 5}}}, {"type": "Feature", "geometry": {"type": "Polygon", "coordinates": [[[-84.0, 42.0], [-84.0, 48.0], [-90.0, 48.0], [-90.0, 42.0], [-84.0, 42.0]]]}, "properties": {"name": "N42W090_6x6", "kind": "latlon", "epsg": 4326, "lonMult": 1, "height": 6, "width": 6, "available": 33, "selected": 16, "coverage": 1.0, "unionFrac": 1.0, "bw": {"40": 5, "20": 11}}}, {"type": "Feature", "geometry": {"type": "Polygon", "coordinates": [[[-78.0, 42.0], [-78.0, 48.0], [-84.0, 48.0], [-84.0, 42.0], [-78.0, 42.0]]]}, "properties": {"name": "N42W084_6x6", "kind": "latlon", "epsg": 4326, "lonMult": 1, "height": 6, "width": 6, "available": 29, "selected": 16, "coverage": 0.9667, "unionFrac": 0.9667, "bw": {"40": 11, "20": 5}}}, {"type": "Feature", "geometry": {"type": "Polygon", "coordinates": [[[-72.0, 42.0], [-72.0, 48.0], [-78.0, 48.0], [-78.0, 42.0], [-72.0, 42.0]]]}, "properties": {"name": "N42W078_6x6", "kind": "latlon", "epsg": 4326, "lonMult": 1, "height": 6, "width": 6, "available": 16, "selected": 14, "coverage": 0.9718, "unionFrac": 0.9718, "bw": {"40": 14}}}, {"type": "Feature", "geometry": {"type": "Polygon", "coordinates": [[[-66.0, 42.0], [-66.0, 48.0], [-72.0, 48.0], [-72.0, 42.0], [-66.0, 42.0]]]}, "properties": {"name": "N42W072_6x6", "kind": "latlon", "epsg": 4326, "lonMult": 1, "height": 6, "width": 6, "available": 13, "selected": 12, "coverage": 0.7896, "unionFrac": 0.7896, "bw": {"40": 12}}}, {"type": "Feature", "geometry": {"type": "Polygon", "coordinates": [[[-60.0, 42.0], [-60.0, 48.0], [-66.0, 48.0], [-66.0, 42.0], [-60.0, 42.0]]]}, "properties": {"name": "N42W066_6x6", "kind": "latlon", "epsg": 4326, "lonMult": 1, "height": 6, "width": 6, "available": 12, "selected": 9, "coverage": 0.617, "unionFrac": 0.617, "bw": {"40": 9}}}, {"type": "Feature", "geometry": {"type": "Polygon", "coordinates": [[[-54.0, 42.0], [-54.0, 48.0], [-60.0, 48.0], [-60.0, 42.0], [-54.0, 42.0]]]}, "properties": {"name": "N42W060_6x6", "kind": "latlon", "epsg": 4326, "lonMult": 1, "height": 6, "width": 6, "available": 8, "selected": 8, "coverage": 0.3124, "unionFrac": 0.3124, "bw": {"40": 8}}}, {"type": "Feature", "geometry": {"type": "Polygon", "coordinates": [[[-48.0, 42.0], [-48.0, 48.0], [-54.0, 48.0], [-54.0, 42.0], [-48.0, 42.0]]]}, "properties": {"name": "N42W054_6x6", "kind": "latlon", "epsg": 4326, "lonMult": 1, "height": 6, "width": 6, "available": 3, "selected": 2, "coverage": 0.0847, "unionFrac": 0.0847, "bw": {"40": 2}}}, {"type": "Feature", "geometry": {"type": "Polygon", "coordinates": [[[-6.0, 42.0], [-6.0, 48.0], [-12.0, 48.0], [-12.0, 42.0], [-6.0, 42.0]]]}, "properties": {"name": "N42W012_6x6", "kind": "latlon", "epsg": 4326, "lonMult": 1, "height": 6, "width": 6, "available": 5, "selected": 5, "coverage": 0.2007, "unionFrac": 0.2007, "bw": {"20": 5}}}, {"type": "Feature", "geometry": {"type": "Polygon", "coordinates": [[[0.0, 42.0], [0.0, 48.0], [-6.0, 48.0], [-6.0, 42.0], [0.0, 42.0]]]}, "properties": {"name": "N42W006_6x6", "kind": "latlon", "epsg": 4326, "lonMult": 1, "height": 6, "width": 6, "available": 12, "selected": 11, "coverage": 0.8219, "unionFrac": 0.8219, "bw": {"20": 11}}}, {"type": "Feature", "geometry": {"type": "Polygon", "coordinates": [[[6.0, 42.0], [6.0, 48.0], [0.0, 48.0], [0.0, 42.0], [6.0, 42.0]]]}, "properties": {"name": "N42E000_6x6", "kind": "latlon", "epsg": 4326, "lonMult": 1, "height": 6, "width": 6, "available": 15, "selected": 13, "coverage": 0.8561, "unionFrac": 0.8561, "bw": {"40": 1, "20": 12}}}, {"type": "Feature", "geometry": {"type": "Polygon", "coordinates": [[[12.0, 42.0], [12.0, 48.0], [6.0, 48.0], [6.0, 42.0], [12.0, 42.0]]]}, "properties": {"name": "N42E006_6x6", "kind": "latlon", "epsg": 4326, "lonMult": 1, "height": 6, "width": 6, "available": 23, "selected": 17, "coverage": 0.9482, "unionFrac": 0.9488, "bw": {"40": 9, "20": 8}}}, {"type": "Feature", "geometry": {"type": "Polygon", "coordinates": [[[18.0, 42.0], [18.0, 48.0], [12.0, 48.0], [12.0, 42.0], [18.0, 42.0]]]}, "properties": {"name": "N42E012_6x6", "kind": "latlon", "epsg": 4326, "lonMult": 1, "height": 6, "width": 6, "available": 22, "selected": 16, "coverage": 0.9714, "unionFrac": 0.9719, "bw": {"40": 4, "20": 12}}}, {"type": "Feature", "geometry": {"type": "Polygon", "coordinates": [[[24.0, 42.0], [24.0, 48.0], [18.0, 48.0], [18.0, 42.0], [24.0, 42.0]]]}, "properties": {"name": "N42E018_6x6", "kind": "latlon", "epsg": 4326, "lonMult": 1, "height": 6, "width": 6, "available": 20, "selected": 14, "coverage": 0.9999, "unionFrac": 1.0, "bw": {"20": 14}}}, {"type": "Feature", "geometry": {"type": "Polygon", "coordinates": [[[30.0, 42.0], [30.0, 48.0], [24.0, 48.0], [24.0, 42.0], [30.0, 42.0]]]}, "properties": {"name": "N42E024_6x6", "kind": "latlon", "epsg": 4326, "lonMult": 1, "height": 6, "width": 6, "available": 18, "selected": 14, "coverage": 0.9995, "unionFrac": 0.9995, "bw": {"20": 14}}}, {"type": "Feature", "geometry": {"type": "Polygon", "coordinates": [[[36.0, 42.0], [36.0, 48.0], [30.0, 48.0], [30.0, 42.0], [36.0, 42.0]]]}, "properties": {"name": "N42E030_6x6", "kind": "latlon", "epsg": 4326, "lonMult": 1, "height": 6, "width": 6, "available": 18, "selected": 15, "coverage": 0.7574, "unionFrac": 0.7574, "bw": {"20": 15}}}, {"type": "Feature", "geometry": {"type": "Polygon", "coordinates": [[[42.0, 42.0], [42.0, 48.0], [36.0, 48.0], [36.0, 42.0], [42.0, 42.0]]]}, "properties": {"name": "N42E036_6x6", "kind": "latlon", "epsg": 4326, "lonMult": 1, "height": 6, "width": 6, "available": 19, "selected": 14, "coverage": 0.868, "unionFrac": 0.8687, "bw": {"40": 1, "20": 13}}}, {"type": "Feature", "geometry": {"type": "Polygon", "coordinates": [[[48.0, 42.0], [48.0, 48.0], [42.0, 48.0], [42.0, 42.0], [48.0, 42.0]]]}, "properties": {"name": "N42E042_6x6", "kind": "latlon", "epsg": 4326, "lonMult": 1, "height": 6, "width": 6, "available": 20, "selected": 16, "coverage": 0.9997, "unionFrac": 1.0, "bw": {"40": 6, "20": 10}}}, {"type": "Feature", "geometry": {"type": "Polygon", "coordinates": [[[54.0, 42.0], [54.0, 48.0], [48.0, 48.0], [48.0, 42.0], [54.0, 42.0]]]}, "properties": {"name": "N42E048_6x6", "kind": "latlon", "epsg": 4326, "lonMult": 1, "height": 6, "width": 6, "available": 15, "selected": 11, "coverage": 0.9169, "unionFrac": 0.9169, "bw": {"40": 1, "20": 10}}}, {"type": "Feature", "geometry": {"type": "Polygon", "coordinates": [[[60.0, 42.0], [60.0, 48.0], [54.0, 48.0], [54.0, 42.0], [60.0, 42.0]]]}, "properties": {"name": "N42E054_6x6", "kind": "latlon", "epsg": 4326, "lonMult": 1, "height": 6, "width": 6, "available": 18, "selected": 13, "coverage": 0.9992, "unionFrac": 1.0, "bw": {"20": 13}}}, {"type": "Feature", "geometry": {"type": "Polygon", "coordinates": [[[66.0, 42.0], [66.0, 48.0], [60.0, 48.0], [60.0, 42.0], [66.0, 42.0]]]}, "properties": {"name": "N42E060_6x6", "kind": "latlon", "epsg": 4326, "lonMult": 1, "height": 6, "width": 6, "available": 19, "selected": 13, "coverage": 1.0, "unionFrac": 1.0, "bw": {"20": 13}}}, {"type": "Feature", "geometry": {"type": "Polygon", "coordinates": [[[72.0, 42.0], [72.0, 48.0], [66.0, 48.0], [66.0, 42.0], [72.0, 42.0]]]}, "properties": {"name": "N42E066_6x6", "kind": "latlon", "epsg": 4326, "lonMult": 1, "height": 6, "width": 6, "available": 20, "selected": 13, "coverage": 0.9996, "unionFrac": 1.0, "bw": {"20": 13}}}, {"type": "Feature", "geometry": {"type": "Polygon", "coordinates": [[[78.0, 42.0], [78.0, 48.0], [72.0, 48.0], [72.0, 42.0], [78.0, 42.0]]]}, "properties": {"name": "N42E072_6x6", "kind": "latlon", "epsg": 4326, "lonMult": 1, "height": 6, "width": 6, "available": 16, "selected": 11, "coverage": 0.9127, "unionFrac": 0.9134, "bw": {"20": 11}}}, {"type": "Feature", "geometry": {"type": "Polygon", "coordinates": [[[84.0, 42.0], [84.0, 48.0], [78.0, 48.0], [78.0, 42.0], [84.0, 42.0]]]}, "properties": {"name": "N42E078_6x6", "kind": "latlon", "epsg": 4326, "lonMult": 1, "height": 6, "width": 6, "available": 18, "selected": 13, "coverage": 0.9963, "unionFrac": 0.9963, "bw": {"20": 13}}}, {"type": "Feature", "geometry": {"type": "Polygon", "coordinates": [[[90.0, 42.0], [90.0, 48.0], [84.0, 48.0], [84.0, 42.0], [90.0, 42.0]]]}, "properties": {"name": "N42E084_6x6", "kind": "latlon", "epsg": 4326, "lonMult": 1, "height": 6, "width": 6, "available": 18, "selected": 14, "coverage": 1.0, "unionFrac": 1.0, "bw": {"20": 14}}}, {"type": "Feature", "geometry": {"type": "Polygon", "coordinates": [[[96.0, 42.0], [96.0, 48.0], [90.0, 48.0], [90.0, 42.0], [96.0, 42.0]]]}, "properties": {"name": "N42E090_6x6", "kind": "latlon", "epsg": 4326, "lonMult": 1, "height": 6, "width": 6, "available": 20, "selected": 14, "coverage": 1.0, "unionFrac": 1.0, "bw": {"20": 14}}}, {"type": "Feature", "geometry": {"type": "Polygon", "coordinates": [[[102.0, 42.0], [102.0, 48.0], [96.0, 48.0], [96.0, 42.0], [102.0, 42.0]]]}, "properties": {"name": "N42E096_6x6", "kind": "latlon", "epsg": 4326, "lonMult": 1, "height": 6, "width": 6, "available": 20, "selected": 14, "coverage": 0.9985, "unionFrac": 1.0, "bw": {"20": 14}}}, {"type": "Feature", "geometry": {"type": "Polygon", "coordinates": [[[108.0, 42.0], [108.0, 48.0], [102.0, 48.0], [102.0, 42.0], [108.0, 42.0]]]}, "properties": {"name": "N42E102_6x6", "kind": "latlon", "epsg": 4326, "lonMult": 1, "height": 6, "width": 6, "available": 19, "selected": 14, "coverage": 0.9997, "unionFrac": 1.0, "bw": {"20": 14}}}, {"type": "Feature", "geometry": {"type": "Polygon", "coordinates": [[[114.0, 42.0], [114.0, 48.0], [108.0, 48.0], [108.0, 42.0], [114.0, 42.0]]]}, "properties": {"name": "N42E108_6x6", "kind": "latlon", "epsg": 4326, "lonMult": 1, "height": 6, "width": 6, "available": 18, "selected": 13, "coverage": 0.9999, "unionFrac": 1.0, "bw": {"20": 13}}}, {"type": "Feature", "geometry": {"type": "Polygon", "coordinates": [[[120.0, 42.0], [120.0, 48.0], [114.0, 48.0], [114.0, 42.0], [120.0, 42.0]]]}, "properties": {"name": "N42E114_6x6", "kind": "latlon", "epsg": 4326, "lonMult": 1, "height": 6, "width": 6, "available": 20, "selected": 13, "coverage": 1.0, "unionFrac": 1.0, "bw": {"20": 13}}}, {"type": "Feature", "geometry": {"type": "Polygon", "coordinates": [[[126.0, 42.0], [126.0, 48.0], [120.0, 48.0], [120.0, 42.0], [126.0, 42.0]]]}, "properties": {"name": "N42E120_6x6", "kind": "latlon", "epsg": 4326, "lonMult": 1, "height": 6, "width": 6, "available": 21, "selected": 14, "coverage": 0.9993, "unionFrac": 1.0, "bw": {"40": 1, "20": 13}}}, {"type": "Feature", "geometry": {"type": "Polygon", "coordinates": [[[132.0, 42.0], [132.0, 48.0], [126.0, 48.0], [126.0, 42.0], [132.0, 42.0]]]}, "properties": {"name": "N42E126_6x6", "kind": "latlon", "epsg": 4326, "lonMult": 1, "height": 6, "width": 6, "available": 20, "selected": 14, "coverage": 0.9926, "unionFrac": 0.9929, "bw": {"20": 14}}}, {"type": "Feature", "geometry": {"type": "Polygon", "coordinates": [[[138.0, 42.0], [138.0, 48.0], [132.0, 48.0], [132.0, 42.0], [138.0, 42.0]]]}, "properties": {"name": "N42E132_6x6", "kind": "latlon", "epsg": 4326, "lonMult": 1, "height": 6, "width": 6, "available": 17, "selected": 14, "coverage": 0.8106, "unionFrac": 0.8106, "bw": {"40": 1, "20": 13}}}, {"type": "Feature", "geometry": {"type": "Polygon", "coordinates": [[[144.0, 42.0], [144.0, 48.0], [138.0, 48.0], [138.0, 42.0], [144.0, 42.0]]]}, "properties": {"name": "N42E138_6x6", "kind": "latlon", "epsg": 4326, "lonMult": 1, "height": 6, "width": 6, "available": 16, "selected": 12, "coverage": 0.8327, "unionFrac": 0.8327, "bw": {"40": 6, "20": 6}}}, {"type": "Feature", "geometry": {"type": "Polygon", "coordinates": [[[150.0, 42.0], [150.0, 48.0], [144.0, 48.0], [144.0, 42.0], [150.0, 42.0]]]}, "properties": {"name": "N42E144_6x6", "kind": "latlon", "epsg": 4326, "lonMult": 1, "height": 6, "width": 6, "available": 7, "selected": 6, "coverage": 0.4195, "unionFrac": 0.4196, "bw": {"40": 5, "20": 1}}}, {"type": "Feature", "geometry": {"type": "Polygon", "coordinates": [[[156.0, 42.0], [156.0, 48.0], [150.0, 48.0], [150.0, 42.0], [156.0, 42.0]]]}, "properties": {"name": "N42E150_6x6", "kind": "latlon", "epsg": 4326, "lonMult": 1, "height": 6, "width": 6, "available": 3, "selected": 3, "coverage": 0.166, "unionFrac": 0.166, "bw": {"20": 3}}}, {"type": "Feature", "geometry": {"type": "Polygon", "coordinates": [[[-168.0, 48.0], [-168.0, 54.0], [-174.0, 54.0], [-174.0, 48.0], [-168.0, 48.0]]]}, "properties": {"name": "N48W174_6x6", "kind": "latlon", "epsg": 4326, "lonMult": 1, "height": 6, "width": 6, "available": 2, "selected": 2, "coverage": 0.0089, "unionFrac": 0.0089, "bw": {"40": 1, "20": 1}}}, {"type": "Feature", "geometry": {"type": "Polygon", "coordinates": [[[-162.0, 48.0], [-162.0, 54.0], [-168.0, 54.0], [-168.0, 48.0], [-162.0, 48.0]]]}, "properties": {"name": "N48W168_6x6", "kind": "latlon", "epsg": 4326, "lonMult": 1, "height": 6, "width": 6, "available": 5, "selected": 4, "coverage": 0.0802, "unionFrac": 0.0802, "bw": {"40": 2, "20": 2}}}, {"type": "Feature", "geometry": {"type": "Polygon", "coordinates": [[[-132.0, 48.0], [-132.0, 54.0], [-138.0, 54.0], [-138.0, 48.0], [-132.0, 48.0]]]}, "properties": {"name": "N48W138_6x6", "kind": "latlon", "epsg": 4326, "lonMult": 1, "height": 6, "width": 6, "available": 4, "selected": 2, "coverage": 0.1734, "unionFrac": 0.1734, "bw": {"40": 2}}}, {"type": "Feature", "geometry": {"type": "Polygon", "coordinates": [[[-126.0, 48.0], [-126.0, 54.0], [-132.0, 54.0], [-132.0, 48.0], [-126.0, 48.0]]]}, "properties": {"name": "N48W132_6x6", "kind": "latlon", "epsg": 4326, "lonMult": 1, "height": 6, "width": 6, "available": 15, "selected": 11, "coverage": 0.6989, "unionFrac": 0.6989, "bw": {"40": 10, "5": 1}}}, {"type": "Feature", "geometry": {"type": "Polygon", "coordinates": [[[-120.0, 48.0], [-120.0, 54.0], [-126.0, 54.0], [-126.0, 48.0], [-120.0, 48.0]]]}, "properties": {"name": "N48W126_6x6", "kind": "latlon", "epsg": 4326, "lonMult": 1, "height": 6, "width": 6, "available": 18, "selected": 13, "coverage": 0.995, "unionFrac": 0.995, "bw": {"40": 13}}}, {"type": "Feature", "geometry": {"type": "Polygon", "coordinates": [[[-114.0, 48.0], [-114.0, 54.0], [-120.0, 54.0], [-120.0, 48.0], [-114.0, 48.0]]]}, "properties": {"name": "N48W120_6x6", "kind": "latlon", "epsg": 4326, "lonMult": 1, "height": 6, "width": 6, "available": 20, "selected": 13, "coverage": 0.9952, "unionFrac": 0.9952, "bw": {"40": 13}}}, {"type": "Feature", "geometry": {"type": "Polygon", "coordinates": [[[-108.0, 48.0], [-108.0, 54.0], [-114.0, 54.0], [-114.0, 48.0], [-108.0, 48.0]]]}, "properties": {"name": "N48W114_6x6", "kind": "latlon", "epsg": 4326, "lonMult": 1, "height": 6, "width": 6, "available": 21, "selected": 12, "coverage": 1.0, "unionFrac": 1.0, "bw": {"40": 12}}}, {"type": "Feature", "geometry": {"type": "Polygon", "coordinates": [[[-102.0, 48.0], [-102.0, 54.0], [-108.0, 54.0], [-108.0, 48.0], [-102.0, 48.0]]]}, "properties": {"name": "N48W108_6x6", "kind": "latlon", "epsg": 4326, "lonMult": 1, "height": 6, "width": 6, "available": 19, "selected": 11, "coverage": 0.9989, "unionFrac": 0.9996, "bw": {"40": 11}}}, {"type": "Feature", "geometry": {"type": "Polygon", "coordinates": [[[-96.0, 48.0], [-96.0, 54.0], [-102.0, 54.0], [-102.0, 48.0], [-96.0, 48.0]]]}, "properties": {"name": "N48W102_6x6", "kind": "latlon", "epsg": 4326, "lonMult": 1, "height": 6, "width": 6, "available": 19, "selected": 12, "coverage": 0.9798, "unionFrac": 0.9802, "bw": {"40": 12}}}, {"type": "Feature", "geometry": {"type": "Polygon", "coordinates": [[[-90.0, 48.0], [-90.0, 54.0], [-96.0, 54.0], [-96.0, 48.0], [-90.0, 48.0]]]}, "properties": {"name": "N48W096_6x6", "kind": "latlon", "epsg": 4326, "lonMult": 1, "height": 6, "width": 6, "available": 21, "selected": 14, "coverage": 1.0, "unionFrac": 1.0, "bw": {"40": 14}}}, {"type": "Feature", "geometry": {"type": "Polygon", "coordinates": [[[-84.0, 48.0], [-84.0, 54.0], [-90.0, 54.0], [-90.0, 48.0], [-84.0, 48.0]]]}, "properties": {"name": "N48W090_6x6", "kind": "latlon", "epsg": 4326, "lonMult": 1, "height": 6, "width": 6, "available": 25, "selected": 14, "coverage": 1.0, "unionFrac": 1.0, "bw": {"40": 14}}}, {"type": "Feature", "geometry": {"type": "Polygon", "coordinates": [[[-78.0, 48.0], [-78.0, 54.0], [-84.0, 54.0], [-84.0, 48.0], [-78.0, 48.0]]]}, "properties": {"name": "N48W084_6x6", "kind": "latlon", "epsg": 4326, "lonMult": 1, "height": 6, "width": 6, "available": 21, "selected": 12, "coverage": 0.9991, "unionFrac": 1.0, "bw": {"40": 12}}}, {"type": "Feature", "geometry": {"type": "Polygon", "coordinates": [[[-72.0, 48.0], [-72.0, 54.0], [-78.0, 54.0], [-78.0, 48.0], [-72.0, 48.0]]]}, "properties": {"name": "N48W078_6x6", "kind": "latlon", "epsg": 4326, "lonMult": 1, "height": 6, "width": 6, "available": 16, "selected": 11, "coverage": 0.9744, "unionFrac": 0.9744, "bw": {"40": 11}}}, {"type": "Feature", "geometry": {"type": "Polygon", "coordinates": [[[-66.0, 48.0], [-66.0, 54.0], [-72.0, 54.0], [-72.0, 48.0], [-66.0, 48.0]]]}, "properties": {"name": "N48W072_6x6", "kind": "latlon", "epsg": 4326, "lonMult": 1, "height": 6, "width": 6, "available": 19, "selected": 12, "coverage": 1.0, "unionFrac": 1.0, "bw": {"40": 12}}}, {"type": "Feature", "geometry": {"type": "Polygon", "coordinates": [[[-60.0, 48.0], [-60.0, 54.0], [-66.0, 54.0], [-66.0, 48.0], [-60.0, 48.0]]]}, "properties": {"name": "N48W066_6x6", "kind": "latlon", "epsg": 4326, "lonMult": 1, "height": 6, "width": 6, "available": 20, "selected": 12, "coverage": 0.9828, "unionFrac": 0.9831, "bw": {"40": 12}}}, {"type": "Feature", "geometry": {"type": "Polygon", "coordinates": [[[-54.0, 48.0], [-54.0, 54.0], [-60.0, 54.0], [-60.0, 48.0], [-54.0, 48.0]]]}, "properties": {"name": "N48W060_6x6", "kind": "latlon", "epsg": 4326, "lonMult": 1, "height": 6, "width": 6, "available": 13, "selected": 10, "coverage": 0.9012, "unionFrac": 0.9012, "bw": {"40": 10}}}, {"type": "Feature", "geometry": {"type": "Polygon", "coordinates": [[[-48.0, 48.0], [-48.0, 54.0], [-54.0, 54.0], [-54.0, 48.0], [-48.0, 48.0]]]}, "properties": {"name": "N48W054_6x6", "kind": "latlon", "epsg": 4326, "lonMult": 1, "height": 6, "width": 6, "available": 2, "selected": 2, "coverage": 0.0726, "unionFrac": 0.0726, "bw": {"40": 2}}}, {"type": "Feature", "geometry": {"type": "Polygon", "coordinates": [[[-12.0, 48.0], [-12.0, 54.0], [-18.0, 54.0], [-18.0, 48.0], [-12.0, 48.0]]]}, "properties": {"name": "N48W018_6x6", "kind": "latlon", "epsg": 4326, "lonMult": 1, "height": 6, "width": 6, "available": 2, "selected": 2, "coverage": 0.0335, "unionFrac": 0.0335, "bw": {"20": 2}}}, {"type": "Feature", "geometry": {"type": "Polygon", "coordinates": [[[-6.0, 48.0], [-6.0, 54.0], [-12.0, 54.0], [-12.0, 48.0], [-6.0, 48.0]]]}, "properties": {"name": "N48W012_6x6", "kind": "latlon", "epsg": 4326, "lonMult": 1, "height": 6, "width": 6, "available": 10, "selected": 9, "coverage": 0.5668, "unionFrac": 0.5668, "bw": {"20": 9}}}, {"type": "Feature", "geometry": {"type": "Polygon", "coordinates": [[[0.0, 48.0], [0.0, 54.0], [-6.0, 54.0], [-6.0, 48.0], [0.0, 48.0]]]}, "properties": {"name": "N48W006_6x6", "kind": "latlon", "epsg": 4326, "lonMult": 1, "height": 6, "width": 6, "available": 13, "selected": 11, "coverage": 0.8959, "unionFrac": 0.8959, "bw": {"20": 11}}}, {"type": "Feature", "geometry": {"type": "Polygon", "coordinates": [[[6.0, 48.0], [6.0, 54.0], [0.0, 54.0], [0.0, 48.0], [6.0, 48.0]]]}, "properties": {"name": "N48E000_6x6", "kind": "latlon", "epsg": 4326, "lonMult": 1, "height": 6, "width": 6, "available": 15, "selected": 12, "coverage": 0.9269, "unionFrac": 0.9274, "bw": {"20": 12}}}, {"type": "Feature", "geometry": {"type": "Polygon", "coordinates": [[[12.0, 48.0], [12.0, 54.0], [6.0, 54.0], [6.0, 48.0], [12.0, 48.0]]]}, "properties": {"name": "N48E006_6x6", "kind": "latlon", "epsg": 4326, "lonMult": 1, "height": 6, "width": 6, "available": 22, "selected": 15, "coverage": 0.9932, "unionFrac": 0.9935, "bw": {"40": 2, "20": 13}}}, {"type": "Feature", "geometry": {"type": "Polygon", "coordinates": [[[18.0, 48.0], [18.0, 54.0], [12.0, 54.0], [12.0, 48.0], [18.0, 48.0]]]}, "properties": {"name": "N48E012_6x6", "kind": "latlon", "epsg": 4326, "lonMult": 1, "height": 6, "width": 6, "available": 24, "selected": 16, "coverage": 1.0, "unionFrac": 1.0, "bw": {"40": 2, "20": 14}}}, {"type": "Feature", "geometry": {"type": "Polygon", "coordinates": [[[24.0, 48.0], [24.0, 54.0], [18.0, 54.0], [18.0, 48.0], [24.0, 48.0]]]}, "properties": {"name": "N48E018_6x6", "kind": "latlon", "epsg": 4326, "lonMult": 1, "height": 6, "width": 6, "available": 21, "selected": 14, "coverage": 1.0, "unionFrac": 1.0, "bw": {"20": 14}}}, {"type": "Feature", "geometry": {"type": "Polygon", "coordinates": [[[30.0, 48.0], [30.0, 54.0], [24.0, 54.0], [24.0, 48.0], [30.0, 48.0]]]}, "properties": {"name": "N48E024_6x6", "kind": "latlon", "epsg": 4326, "lonMult": 1, "height": 6, "width": 6, "available": 20, "selected": 13, "coverage": 1.0, "unionFrac": 1.0, "bw": {"20": 13}}}, {"type": "Feature", "geometry": {"type": "Polygon", "coordinates": [[[36.0, 48.0], [36.0, 54.0], [30.0, 54.0], [30.0, 48.0], [36.0, 48.0]]]}, "properties": {"name": "N48E030_6x6", "kind": "latlon", "epsg": 4326, "lonMult": 1, "height": 6, "width": 6, "available": 20, "selected": 12, "coverage": 0.9999, "unionFrac": 1.0, "bw": {"20": 12}}}, {"type": "Feature", "geometry": {"type": "Polygon", "coordinates": [[[42.0, 48.0], [42.0, 54.0], [36.0, 54.0], [36.0, 48.0], [42.0, 48.0]]]}, "properties": {"name": "N48E036_6x6", "kind": "latlon", "epsg": 4326, "lonMult": 1, "height": 6, "width": 6, "available": 21, "selected": 12, "coverage": 0.9997, "unionFrac": 1.0, "bw": {"20": 12}}}, {"type": "Feature", "geometry": {"type": "Polygon", "coordinates": [[[48.0, 48.0], [48.0, 54.0], [42.0, 54.0], [42.0, 48.0], [48.0, 48.0]]]}, "properties": {"name": "N48E042_6x6", "kind": "latlon", "epsg": 4326, "lonMult": 1, "height": 6, "width": 6, "available": 18, "selected": 13, "coverage": 0.9998, "unionFrac": 0.9998, "bw": {"40": 2, "20": 11}}}, {"type": "Feature", "geometry": {"type": "Polygon", "coordinates": [[[54.0, 48.0], [54.0, 54.0], [48.0, 54.0], [48.0, 48.0], [54.0, 48.0]]]}, "properties": {"name": "N48E048_6x6", "kind": "latlon", "epsg": 4326, "lonMult": 1, "height": 6, "width": 6, "available": 16, "selected": 11, "coverage": 0.9875, "unionFrac": 0.9877, "bw": {"20": 11}}}, {"type": "Feature", "geometry": {"type": "Polygon", "coordinates": [[[60.0, 48.0], [60.0, 54.0], [54.0, 54.0], [54.0, 48.0], [60.0, 48.0]]]}, "properties": {"name": "N48E054_6x6", "kind": "latlon", "epsg": 4326, "lonMult": 1, "height": 6, "width": 6, "available": 20, "selected": 13, "coverage": 0.9993, "unionFrac": 1.0, "bw": {"20": 13}}}, {"type": "Feature", "geometry": {"type": "Polygon", "coordinates": [[[66.0, 48.0], [66.0, 54.0], [60.0, 54.0], [60.0, 48.0], [66.0, 48.0]]]}, "properties": {"name": "N48E060_6x6", "kind": "latlon", "epsg": 4326, "lonMult": 1, "height": 6, "width": 6, "available": 19, "selected": 14, "coverage": 1.0, "unionFrac": 1.0, "bw": {"20": 14}}}, {"type": "Feature", "geometry": {"type": "Polygon", "coordinates": [[[72.0, 48.0], [72.0, 54.0], [66.0, 54.0], [66.0, 48.0], [72.0, 48.0]]]}, "properties": {"name": "N48E066_6x6", "kind": "latlon", "epsg": 4326, "lonMult": 1, "height": 6, "width": 6, "available": 18, "selected": 14, "coverage": 1.0, "unionFrac": 1.0, "bw": {"20": 14}}}, {"type": "Feature", "geometry": {"type": "Polygon", "coordinates": [[[78.0, 48.0], [78.0, 54.0], [72.0, 54.0], [72.0, 48.0], [78.0, 48.0]]]}, "properties": {"name": "N48E072_6x6", "kind": "latlon", "epsg": 4326, "lonMult": 1, "height": 6, "width": 6, "available": 17, "selected": 11, "coverage": 0.9861, "unionFrac": 0.9861, "bw": {"20": 11}}}, {"type": "Feature", "geometry": {"type": "Polygon", "coordinates": [[[84.0, 48.0], [84.0, 54.0], [78.0, 54.0], [78.0, 48.0], [84.0, 48.0]]]}, "properties": {"name": "N48E078_6x6", "kind": "latlon", "epsg": 4326, "lonMult": 1, "height": 6, "width": 6, "available": 20, "selected": 11, "coverage": 0.9992, "unionFrac": 1.0, "bw": {"20": 11}}}, {"type": "Feature", "geometry": {"type": "Polygon", "coordinates": [[[90.0, 48.0], [90.0, 54.0], [84.0, 54.0], [84.0, 48.0], [90.0, 48.0]]]}, "properties": {"name": "N48E084_6x6", "kind": "latlon", "epsg": 4326, "lonMult": 1, "height": 6, "width": 6, "available": 21, "selected": 12, "coverage": 1.0, "unionFrac": 1.0, "bw": {"20": 12}}}, {"type": "Feature", "geometry": {"type": "Polygon", "coordinates": [[[96.0, 48.0], [96.0, 54.0], [90.0, 54.0], [90.0, 48.0], [96.0, 48.0]]]}, "properties": {"name": "N48E090_6x6", "kind": "latlon", "epsg": 4326, "lonMult": 1, "height": 6, "width": 6, "available": 22, "selected": 11, "coverage": 0.9991, "unionFrac": 1.0, "bw": {"20": 11}}}, {"type": "Feature", "geometry": {"type": "Polygon", "coordinates": [[[102.0, 48.0], [102.0, 54.0], [96.0, 54.0], [96.0, 48.0], [102.0, 48.0]]]}, "properties": {"name": "N48E096_6x6", "kind": "latlon", "epsg": 4326, "lonMult": 1, "height": 6, "width": 6, "available": 21, "selected": 12, "coverage": 0.9994, "unionFrac": 1.0, "bw": {"20": 12}}}, {"type": "Feature", "geometry": {"type": "Polygon", "coordinates": [[[108.0, 48.0], [108.0, 54.0], [102.0, 54.0], [102.0, 48.0], [108.0, 48.0]]]}, "properties": {"name": "N48E102_6x6", "kind": "latlon", "epsg": 4326, "lonMult": 1, "height": 6, "width": 6, "available": 20, "selected": 12, "coverage": 1.0, "unionFrac": 1.0, "bw": {"20": 12}}}, {"type": "Feature", "geometry": {"type": "Polygon", "coordinates": [[[114.0, 48.0], [114.0, 54.0], [108.0, 54.0], [108.0, 48.0], [114.0, 48.0]]]}, "properties": {"name": "N48E108_6x6", "kind": "latlon", "epsg": 4326, "lonMult": 1, "height": 6, "width": 6, "available": 20, "selected": 13, "coverage": 0.9999, "unionFrac": 1.0, "bw": {"20": 13}}}, {"type": "Feature", "geometry": {"type": "Polygon", "coordinates": [[[120.0, 48.0], [120.0, 54.0], [114.0, 54.0], [114.0, 48.0], [120.0, 48.0]]]}, "properties": {"name": "N48E114_6x6", "kind": "latlon", "epsg": 4326, "lonMult": 1, "height": 6, "width": 6, "available": 21, "selected": 14, "coverage": 1.0, "unionFrac": 1.0, "bw": {"20": 14}}}, {"type": "Feature", "geometry": {"type": "Polygon", "coordinates": [[[126.0, 48.0], [126.0, 54.0], [120.0, 54.0], [120.0, 48.0], [126.0, 48.0]]]}, "properties": {"name": "N48E120_6x6", "kind": "latlon", "epsg": 4326, "lonMult": 1, "height": 6, "width": 6, "available": 21, "selected": 12, "coverage": 0.9997, "unionFrac": 1.0, "bw": {"20": 12}}}, {"type": "Feature", "geometry": {"type": "Polygon", "coordinates": [[[132.0, 48.0], [132.0, 54.0], [126.0, 54.0], [126.0, 48.0], [132.0, 48.0]]]}, "properties": {"name": "N48E126_6x6", "kind": "latlon", "epsg": 4326, "lonMult": 1, "height": 6, "width": 6, "available": 21, "selected": 12, "coverage": 0.9994, "unionFrac": 1.0, "bw": {"20": 12}}}, {"type": "Feature", "geometry": {"type": "Polygon", "coordinates": [[[138.0, 48.0], [138.0, 54.0], [132.0, 54.0], [132.0, 48.0], [138.0, 48.0]]]}, "properties": {"name": "N48E132_6x6", "kind": "latlon", "epsg": 4326, "lonMult": 1, "height": 6, "width": 6, "available": 22, "selected": 14, "coverage": 0.9999, "unionFrac": 1.0, "bw": {"40": 3, "20": 11}}}, {"type": "Feature", "geometry": {"type": "Polygon", "coordinates": [[[144.0, 48.0], [144.0, 54.0], [138.0, 54.0], [138.0, 48.0], [144.0, 48.0]]]}, "properties": {"name": "N48E138_6x6", "kind": "latlon", "epsg": 4326, "lonMult": 1, "height": 6, "width": 6, "available": 19, "selected": 14, "coverage": 0.9821, "unionFrac": 0.9829, "bw": {"40": 3, "20": 11}}}, {"type": "Feature", "geometry": {"type": "Polygon", "coordinates": [[[150.0, 48.0], [150.0, 54.0], [144.0, 54.0], [144.0, 48.0], [150.0, 48.0]]]}, "properties": {"name": "N48E144_6x6", "kind": "latlon", "epsg": 4326, "lonMult": 1, "height": 6, "width": 6, "available": 5, "selected": 3, "coverage": 0.1988, "unionFrac": 0.1988, "bw": {"20": 3}}}, {"type": "Feature", "geometry": {"type": "Polygon", "coordinates": [[[156.0, 48.0], [156.0, 54.0], [150.0, 54.0], [150.0, 48.0], [156.0, 48.0]]]}, "properties": {"name": "N48E150_6x6", "kind": "latlon", "epsg": 4326, "lonMult": 1, "height": 6, "width": 6, "available": 10, "selected": 10, "coverage": 0.4816, "unionFrac": 0.4816, "bw": {"40": 2, "20": 8}}}, {"type": "Feature", "geometry": {"type": "Polygon", "coordinates": [[[162.0, 48.0], [162.0, 54.0], [156.0, 54.0], [156.0, 48.0], [162.0, 48.0]]]}, "properties": {"name": "N48E156_6x6", "kind": "latlon", "epsg": 4326, "lonMult": 1, "height": 6, "width": 6, "available": 15, "selected": 11, "coverage": 0.4747, "unionFrac": 0.4751, "bw": {"40": 5, "20": 6}}}, {"type": "Feature", "geometry": {"type": "Polygon", "coordinates": [[[168.0, 48.0], [168.0, 54.0], [162.0, 54.0], [162.0, 48.0], [168.0, 48.0]]]}, "properties": {"name": "N48E162_6x6", "kind": "latlon", "epsg": 4326, "lonMult": 1, "height": 6, "width": 6, "available": 2, "selected": 2, "coverage": 0.0325, "unionFrac": 0.0325, "bw": {"20": 2}}}, {"type": "Feature", "geometry": {"type": "Polygon", "coordinates": [[[174.0, 48.0], [174.0, 54.0], [168.0, 54.0], [168.0, 48.0], [174.0, 48.0]]]}, "properties": {"name": "N48E168_6x6", "kind": "latlon", "epsg": 4326, "lonMult": 1, "height": 6, "width": 6, "available": 1, "selected": 1, "coverage": 0.1294, "unionFrac": 0.1294, "bw": {"20": 1}}}, {"type": "Feature", "geometry": {"type": "Polygon", "coordinates": [[[180.0, 48.0], [180.0, 54.0], [174.0, 54.0], [174.0, 48.0], [180.0, 48.0]]]}, "properties": {"name": "N48E174_6x6", "kind": "latlon", "epsg": 4326, "lonMult": 1, "height": 6, "width": 6, "available": 3, "selected": 2, "coverage": 0.2359, "unionFrac": 0.2368, "bw": {"20": 2}}}, {"type": "Feature", "geometry": {"type": "Polygon", "coordinates": [[[-168.0, 54.0], [-168.0, 60.0], [-174.0, 60.0], [-174.0, 54.0], [-168.0, 54.0]]]}, "properties": {"name": "N54W174_6x6", "kind": "latlon", "epsg": 4326, "lonMult": 1, "height": 6, "width": 6, "available": 2, "selected": 1, "coverage": 0.0179, "unionFrac": 0.018, "bw": {"40": 1}}}, {"type": "Feature", "geometry": {"type": "Polygon", "coordinates": [[[-162.0, 54.0], [-162.0, 60.0], [-168.0, 60.0], [-168.0, 54.0], [-162.0, 54.0]]]}, "properties": {"name": "N54W168_6x6", "kind": "latlon", "epsg": 4326, "lonMult": 1, "height": 6, "width": 6, "available": 19, "selected": 10, "coverage": 0.5655, "unionFrac": 0.5656, "bw": {"40": 8, "20": 2}}}, {"type": "Feature", "geometry": {"type": "Polygon", "coordinates": [[[-156.0, 54.0], [-156.0, 60.0], [-162.0, 60.0], [-162.0, 54.0], [-156.0, 54.0]]]}, "properties": {"name": "N54W162_6x6", "kind": "latlon", "epsg": 4326, "lonMult": 1, "height": 6, "width": 6, "available": 23, "selected": 12, "coverage": 0.869, "unionFrac": 0.869, "bw": {"40": 10, "20": 2}}}, {"type": "Feature", "geometry": {"type": "Polygon", "coordinates": [[[-150.0, 54.0], [-150.0, 60.0], [-156.0, 60.0], [-156.0, 54.0], [-150.0, 54.0]]]}, "properties": {"name": "N54W156_6x6", "kind": "latlon", "epsg": 4326, "lonMult": 1, "height": 6, "width": 6, "available": 13, "selected": 9, "coverage": 0.6921, "unionFrac": 0.6921, "bw": {"40": 9}}}, {"type": "Feature", "geometry": {"type": "Polygon", "coordinates": [[[-144.0, 54.0], [-144.0, 60.0], [-150.0, 60.0], [-150.0, 54.0], [-144.0, 54.0]]]}, "properties": {"name": "N54W150_6x6", "kind": "latlon", "epsg": 4326, "lonMult": 1, "height": 6, "width": 6, "available": 8, "selected": 6, "coverage": 0.2471, "unionFrac": 0.2471, "bw": {"40": 6}}}, {"type": "Feature", "geometry": {"type": "Polygon", "coordinates": [[[-138.0, 54.0], [-138.0, 60.0], [-144.0, 60.0], [-144.0, 54.0], [-138.0, 54.0]]]}, "properties": {"name": "N54W144_6x6", "kind": "latlon", "epsg": 4326, "lonMult": 1, "height": 6, "width": 6, "available": 9, "selected": 6, "coverage": 0.4421, "unionFrac": 0.443, "bw": {"40": 6}}}, {"type": "Feature", "geometry": {"type": "Polygon", "coordinates": [[[-132.0, 54.0], [-132.0, 60.0], [-138.0, 60.0], [-138.0, 54.0], [-132.0, 54.0]]]}, "properties": {"name": "N54W138_6x6", "kind": "latlon", "epsg": 4326, "lonMult": 1, "height": 6, "width": 6, "available": 16, "selected": 10, "coverage": 0.8863, "unionFrac": 0.8863, "bw": {"40": 10}}}, {"type": "Feature", "geometry": {"type": "Polygon", "coordinates": [[[-126.0, 54.0], [-126.0, 60.0], [-132.0, 60.0], [-132.0, 54.0], [-126.0, 54.0]]]}, "properties": {"name": "N54W132_6x6", "kind": "latlon", "epsg": 4326, "lonMult": 1, "height": 6, "width": 6, "available": 18, "selected": 11, "coverage": 1.0, "unionFrac": 1.0, "bw": {"40": 11}}}, {"type": "Feature", "geometry": {"type": "Polygon", "coordinates": [[[-120.0, 54.0], [-120.0, 60.0], [-126.0, 60.0], [-126.0, 54.0], [-120.0, 54.0]]]}, "properties": {"name": "N54W126_6x6", "kind": "latlon", "epsg": 4326, "lonMult": 1, "height": 6, "width": 6, "available": 17, "selected": 10, "coverage": 1.0, "unionFrac": 1.0, "bw": {"40": 10}}}, {"type": "Feature", "geometry": {"type": "Polygon", "coordinates": [[[-114.0, 54.0], [-114.0, 60.0], [-120.0, 60.0], [-120.0, 54.0], [-114.0, 54.0]]]}, "properties": {"name": "N54W120_6x6", "kind": "latlon", "epsg": 4326, "lonMult": 1, "height": 6, "width": 6, "available": 16, "selected": 11, "coverage": 1.0, "unionFrac": 1.0, "bw": {"40": 11}}}, {"type": "Feature", "geometry": {"type": "Polygon", "coordinates": [[[-108.0, 54.0], [-108.0, 60.0], [-114.0, 60.0], [-114.0, 54.0], [-108.0, 54.0]]]}, "properties": {"name": "N54W114_6x6", "kind": "latlon", "epsg": 4326, "lonMult": 1, "height": 6, "width": 6, "available": 15, "selected": 8, "coverage": 0.8457, "unionFrac": 0.8457, "bw": {"40": 8}}}, {"type": "Feature", "geometry": {"type": "Polygon", "coordinates": [[[-102.0, 54.0], [-102.0, 60.0], [-108.0, 60.0], [-108.0, 54.0], [-102.0, 54.0]]]}, "properties": {"name": "N54W108_6x6", "kind": "latlon", "epsg": 4326, "lonMult": 1, "height": 6, "width": 6, "available": 16, "selected": 11, "coverage": 1.0, "unionFrac": 1.0, "bw": {"40": 11}}}, {"type": "Feature", "geometry": {"type": "Polygon", "coordinates": [[[-96.0, 54.0], [-96.0, 60.0], [-102.0, 60.0], [-102.0, 54.0], [-96.0, 54.0]]]}, "properties": {"name": "N54W102_6x6", "kind": "latlon", "epsg": 4326, "lonMult": 1, "height": 6, "width": 6, "available": 16, "selected": 9, "coverage": 0.9993, "unionFrac": 1.0, "bw": {"40": 9}}}, {"type": "Feature", "geometry": {"type": "Polygon", "coordinates": [[[-90.0, 54.0], [-90.0, 60.0], [-96.0, 60.0], [-96.0, 54.0], [-90.0, 54.0]]]}, "properties": {"name": "N54W096_6x6", "kind": "latlon", "epsg": 4326, "lonMult": 1, "height": 6, "width": 6, "available": 20, "selected": 13, "coverage": 0.9614, "unionFrac": 0.9614, "bw": {"40": 11, "5": 2}}}, {"type": "Feature", "geometry": {"type": "Polygon", "coordinates": [[[-84.0, 54.0], [-84.0, 60.0], [-90.0, 60.0], [-90.0, 54.0], [-84.0, 54.0]]]}, "properties": {"name": "N54W090_6x6", "kind": "latlon", "epsg": 4326, "lonMult": 1, "height": 6, "width": 6, "available": 15, "selected": 11, "coverage": 0.6029, "unionFrac": 0.6029, "bw": {"40": 9, "5": 2}}}, {"type": "Feature", "geometry": {"type": "Polygon", "coordinates": [[[-78.0, 54.0], [-78.0, 60.0], [-84.0, 60.0], [-84.0, 54.0], [-78.0, 54.0]]]}, "properties": {"name": "N54W084_6x6", "kind": "latlon", "epsg": 4326, "lonMult": 1, "height": 6, "width": 6, "available": 16, "selected": 14, "coverage": 0.7681, "unionFrac": 0.7681, "bw": {"40": 9, "5": 5}}}, {"type": "Feature", "geometry": {"type": "Polygon", "coordinates": [[[-72.0, 54.0], [-72.0, 60.0], [-78.0, 60.0], [-78.0, 54.0], [-72.0, 54.0]]]}, "properties": {"name": "N54W078_6x6", "kind": "latlon", "epsg": 4326, "lonMult": 1, "height": 6, "width": 6, "available": 19, "selected": 9, "coverage": 0.9989, "unionFrac": 1.0, "bw": {"40": 9}}}, {"type": "Feature", "geometry": {"type": "Polygon", "coordinates": [[[-66.0, 54.0], [-66.0, 60.0], [-72.0, 60.0], [-72.0, 54.0], [-66.0, 54.0]]]}, "properties": {"name": "N54W072_6x6", "kind": "latlon", "epsg": 4326, "lonMult": 1, "height": 6, "width": 6, "available": 22, "selected": 14, "coverage": 1.0, "unionFrac": 1.0, "bw": {"40": 12, "5": 2}}}, {"type": "Feature", "geometry": {"type": "Polygon", "coordinates": [[[-60.0, 54.0], [-60.0, 60.0], [-66.0, 60.0], [-66.0, 54.0], [-60.0, 54.0]]]}, "properties": {"name": "N54W066_6x6", "kind": "latlon", "epsg": 4326, "lonMult": 1, "height": 6, "width": 6, "available": 19, "selected": 11, "coverage": 0.9997, "unionFrac": 0.9998, "bw": {"40": 10, "5": 1}}}, {"type": "Feature", "geometry": {"type": "Polygon", "coordinates": [[[-54.0, 54.0], [-54.0, 60.0], [-60.0, 60.0], [-60.0, 54.0], [-54.0, 54.0]]]}, "properties": {"name": "N54W060_6x6", "kind": "latlon", "epsg": 4326, "lonMult": 1, "height": 6, "width": 6, "available": 6, "selected": 4, "coverage": 0.3583, "unionFrac": 0.3583, "bw": {"40": 3, "5": 1}}}, {"type": "Feature", "geometry": {"type": "Polygon", "coordinates": [[[-48.0, 54.0], [-48.0, 60.0], [-54.0, 60.0], [-54.0, 54.0], [-48.0, 54.0]]]}, "properties": {"name": "N54W054_6x6", "kind": "latlon", "epsg": 4326, "lonMult": 1, "height": 6, "width": 6, "available": 1, "selected": 1, "coverage": 0.0129, "unionFrac": 0.0129, "bw": {"77": 1}}}, {"type": "Feature", "geometry": {"type": "Polygon", "coordinates": [[[-42.0, 54.0], [-42.0, 60.0], [-48.0, 60.0], [-48.0, 54.0], [-42.0, 54.0]]]}, "properties": {"name": "N54W048_6x6", "kind": "latlon", "epsg": 4326, "lonMult": 1, "height": 6, "width": 6, "available": 4, "selected": 4, "coverage": 0.1171, "unionFrac": 0.1171, "bw": {"77": 4}}}, {"type": "Feature", "geometry": {"type": "Polygon", "coordinates": [[[-36.0, 54.0], [-36.0, 60.0], [-42.0, 60.0], [-42.0, 54.0], [-36.0, 54.0]]]}, "properties": {"name": "N54W042_6x6", "kind": "latlon", "epsg": 4326, "lonMult": 1, "height": 6, "width": 6, "available": 1, "selected": 1, "coverage": 0.0157, "unionFrac": 0.0157, "bw": {"77": 1}}}, {"type": "Feature", "geometry": {"type": "Polygon", "coordinates": [[[-6.0, 54.0], [-6.0, 60.0], [-12.0, 60.0], [-12.0, 54.0], [-6.0, 54.0]]]}, "properties": {"name": "N54W012_6x6", "kind": "latlon", "epsg": 4326, "lonMult": 1, "height": 6, "width": 6, "available": 6, "selected": 5, "coverage": 0.2796, "unionFrac": 0.2796, "bw": {"20": 5}}}, {"type": "Feature", "geometry": {"type": "Polygon", "coordinates": [[[0.0, 54.0], [0.0, 60.0], [-6.0, 60.0], [-6.0, 54.0], [0.0, 54.0]]]}, "properties": {"name": "N54W006_6x6", "kind": "latlon", "epsg": 4326, "lonMult": 1, "height": 6, "width": 6, "available": 7, "selected": 7, "coverage": 0.7964, "unionFrac": 0.7964, "bw": {"20": 7}}}, {"type": "Feature", "geometry": {"type": "Polygon", "coordinates": [[[6.0, 54.0], [6.0, 60.0], [0.0, 60.0], [0.0, 54.0], [6.0, 54.0]]]}, "properties": {"name": "N54E000_6x6", "kind": "latlon", "epsg": 4326, "lonMult": 1, "height": 6, "width": 6, "available": 4, "selected": 4, "coverage": 0.2179, "unionFrac": 0.2179, "bw": {"20": 4}}}, {"type": "Feature", "geometry": {"type": "Polygon", "coordinates": [[[12.0, 54.0], [12.0, 60.0], [6.0, 60.0], [6.0, 54.0], [12.0, 54.0]]]}, "properties": {"name": "N54E006_6x6", "kind": "latlon", "epsg": 4326, "lonMult": 1, "height": 6, "width": 6, "available": 13, "selected": 9, "coverage": 0.9133, "unionFrac": 0.9133, "bw": {"20": 9}}}, {"type": "Feature", "geometry": {"type": "Polygon", "coordinates": [[[18.0, 54.0], [18.0, 60.0], [12.0, 60.0], [12.0, 54.0], [18.0, 54.0]]]}, "properties": {"name": "N54E012_6x6", "kind": "latlon", "epsg": 4326, "lonMult": 1, "height": 6, "width": 6, "available": 14, "selected": 10, "coverage": 1.0, "unionFrac": 1.0, "bw": {"20": 10}}}, {"type": "Feature", "geometry": {"type": "Polygon", "coordinates": [[[24.0, 54.0], [24.0, 60.0], [18.0, 60.0], [18.0, 54.0], [24.0, 54.0]]]}, "properties": {"name": "N54E018_6x6", "kind": "latlon", "epsg": 4326, "lonMult": 1, "height": 6, "width": 6, "available": 15, "selected": 9, "coverage": 1.0, "unionFrac": 1.0, "bw": {"20": 9}}}, {"type": "Feature", "geometry": {"type": "Polygon", "coordinates": [[[30.0, 54.0], [30.0, 60.0], [24.0, 60.0], [24.0, 54.0], [30.0, 54.0]]]}, "properties": {"name": "N54E024_6x6", "kind": "latlon", "epsg": 4326, "lonMult": 1, "height": 6, "width": 6, "available": 20, "selected": 10, "coverage": 0.9997, "unionFrac": 1.0, "bw": {"40": 2, "20": 8}}}, {"type": "Feature", "geometry": {"type": "Polygon", "coordinates": [[[36.0, 54.0], [36.0, 60.0], [30.0, 60.0], [30.0, 54.0], [36.0, 54.0]]]}, "properties": {"name": "N54E030_6x6", "kind": "latlon", "epsg": 4326, "lonMult": 1, "height": 6, "width": 6, "available": 22, "selected": 11, "coverage": 1.0, "unionFrac": 1.0, "bw": {"40": 3, "20": 8}}}, {"type": "Feature", "geometry": {"type": "Polygon", "coordinates": [[[42.0, 54.0], [42.0, 60.0], [36.0, 60.0], [36.0, 54.0], [42.0, 54.0]]]}, "properties": {"name": "N54E036_6x6", "kind": "latlon", "epsg": 4326, "lonMult": 1, "height": 6, "width": 6, "available": 19, "selected": 12, "coverage": 1.0, "unionFrac": 1.0, "bw": {"40": 2, "20": 10}}}, {"type": "Feature", "geometry": {"type": "Polygon", "coordinates": [[[48.0, 54.0], [48.0, 60.0], [42.0, 60.0], [42.0, 54.0], [48.0, 54.0]]]}, "properties": {"name": "N54E042_6x6", "kind": "latlon", "epsg": 4326, "lonMult": 1, "height": 6, "width": 6, "available": 14, "selected": 9, "coverage": 1.0, "unionFrac": 1.0, "bw": {"20": 9}}}, {"type": "Feature", "geometry": {"type": "Polygon", "coordinates": [[[54.0, 54.0], [54.0, 60.0], [48.0, 60.0], [48.0, 54.0], [54.0, 54.0]]]}, "properties": {"name": "N54E048_6x6", "kind": "latlon", "epsg": 4326, "lonMult": 1, "height": 6, "width": 6, "available": 15, "selected": 11, "coverage": 1.0, "unionFrac": 1.0, "bw": {"20": 11}}}, {"type": "Feature", "geometry": {"type": "Polygon", "coordinates": [[[60.0, 54.0], [60.0, 60.0], [54.0, 60.0], [54.0, 54.0], [60.0, 54.0]]]}, "properties": {"name": "N54E054_6x6", "kind": "latlon", "epsg": 4326, "lonMult": 1, "height": 6, "width": 6, "available": 17, "selected": 10, "coverage": 1.0, "unionFrac": 1.0, "bw": {"20": 10}}}, {"type": "Feature", "geometry": {"type": "Polygon", "coordinates": [[[66.0, 54.0], [66.0, 60.0], [60.0, 60.0], [60.0, 54.0], [66.0, 54.0]]]}, "properties": {"name": "N54E060_6x6", "kind": "latlon", "epsg": 4326, "lonMult": 1, "height": 6, "width": 6, "available": 16, "selected": 9, "coverage": 1.0, "unionFrac": 1.0, "bw": {"20": 9}}}, {"type": "Feature", "geometry": {"type": "Polygon", "coordinates": [[[72.0, 54.0], [72.0, 60.0], [66.0, 60.0], [66.0, 54.0], [72.0, 54.0]]]}, "properties": {"name": "N54E066_6x6", "kind": "latlon", "epsg": 4326, "lonMult": 1, "height": 6, "width": 6, "available": 13, "selected": 10, "coverage": 0.8912, "unionFrac": 0.8912, "bw": {"20": 10}}}, {"type": "Feature", "geometry": {"type": "Polygon", "coordinates": [[[78.0, 54.0], [78.0, 60.0], [72.0, 60.0], [72.0, 54.0], [78.0, 54.0]]]}, "properties": {"name": "N54E072_6x6", "kind": "latlon", "epsg": 4326, "lonMult": 1, "height": 6, "width": 6, "available": 15, "selected": 9, "coverage": 0.9995, "unionFrac": 1.0, "bw": {"20": 9}}}, {"type": "Feature", "geometry": {"type": "Polygon", "coordinates": [[[84.0, 54.0], [84.0, 60.0], [78.0, 60.0], [78.0, 54.0], [84.0, 54.0]]]}, "properties": {"name": "N54E078_6x6", "kind": "latlon", "epsg": 4326, "lonMult": 1, "height": 6, "width": 6, "available": 17, "selected": 10, "coverage": 0.9997, "unionFrac": 1.0, "bw": {"20": 10}}}, {"type": "Feature", "geometry": {"type": "Polygon", "coordinates": [[[90.0, 54.0], [90.0, 60.0], [84.0, 60.0], [84.0, 54.0], [90.0, 54.0]]]}, "properties": {"name": "N54E084_6x6", "kind": "latlon", "epsg": 4326, "lonMult": 1, "height": 6, "width": 6, "available": 16, "selected": 10, "coverage": 0.9999, "unionFrac": 1.0, "bw": {"20": 10}}}, {"type": "Feature", "geometry": {"type": "Polygon", "coordinates": [[[96.0, 54.0], [96.0, 60.0], [90.0, 60.0], [90.0, 54.0], [96.0, 54.0]]]}, "properties": {"name": "N54E090_6x6", "kind": "latlon", "epsg": 4326, "lonMult": 1, "height": 6, "width": 6, "available": 16, "selected": 9, "coverage": 1.0, "unionFrac": 1.0, "bw": {"20": 9}}}, {"type": "Feature", "geometry": {"type": "Polygon", "coordinates": [[[102.0, 54.0], [102.0, 60.0], [96.0, 60.0], [96.0, 54.0], [102.0, 54.0]]]}, "properties": {"name": "N54E096_6x6", "kind": "latlon", "epsg": 4326, "lonMult": 1, "height": 6, "width": 6, "available": 16, "selected": 11, "coverage": 1.0, "unionFrac": 1.0, "bw": {"20": 11}}}, {"type": "Feature", "geometry": {"type": "Polygon", "coordinates": [[[108.0, 54.0], [108.0, 60.0], [102.0, 60.0], [102.0, 54.0], [108.0, 54.0]]]}, "properties": {"name": "N54E102_6x6", "kind": "latlon", "epsg": 4326, "lonMult": 1, "height": 6, "width": 6, "available": 17, "selected": 9, "coverage": 0.9998, "unionFrac": 1.0, "bw": {"20": 9}}}, {"type": "Feature", "geometry": {"type": "Polygon", "coordinates": [[[114.0, 54.0], [114.0, 60.0], [108.0, 60.0], [108.0, 54.0], [114.0, 54.0]]]}, "properties": {"name": "N54E108_6x6", "kind": "latlon", "epsg": 4326, "lonMult": 1, "height": 6, "width": 6, "available": 16, "selected": 10, "coverage": 1.0, "unionFrac": 1.0, "bw": {"20": 10}}}, {"type": "Feature", "geometry": {"type": "Polygon", "coordinates": [[[120.0, 54.0], [120.0, 60.0], [114.0, 60.0], [114.0, 54.0], [120.0, 54.0]]]}, "properties": {"name": "N54E114_6x6", "kind": "latlon", "epsg": 4326, "lonMult": 1, "height": 6, "width": 6, "available": 16, "selected": 10, "coverage": 1.0, "unionFrac": 1.0, "bw": {"20": 10}}}, {"type": "Feature", "geometry": {"type": "Polygon", "coordinates": [[[126.0, 54.0], [126.0, 60.0], [120.0, 60.0], [120.0, 54.0], [126.0, 54.0]]]}, "properties": {"name": "N54E120_6x6", "kind": "latlon", "epsg": 4326, "lonMult": 1, "height": 6, "width": 6, "available": 16, "selected": 9, "coverage": 1.0, "unionFrac": 1.0, "bw": {"20": 9}}}, {"type": "Feature", "geometry": {"type": "Polygon", "coordinates": [[[132.0, 54.0], [132.0, 60.0], [126.0, 60.0], [126.0, 54.0], [132.0, 54.0]]]}, "properties": {"name": "N54E126_6x6", "kind": "latlon", "epsg": 4326, "lonMult": 1, "height": 6, "width": 6, "available": 16, "selected": 10, "coverage": 0.9999, "unionFrac": 1.0, "bw": {"20": 10}}}, {"type": "Feature", "geometry": {"type": "Polygon", "coordinates": [[[138.0, 54.0], [138.0, 60.0], [132.0, 60.0], [132.0, 54.0], [138.0, 54.0]]]}, "properties": {"name": "N54E132_6x6", "kind": "latlon", "epsg": 4326, "lonMult": 1, "height": 6, "width": 6, "available": 16, "selected": 9, "coverage": 0.9991, "unionFrac": 1.0, "bw": {"20": 9}}}, {"type": "Feature", "geometry": {"type": "Polygon", "coordinates": [[[144.0, 54.0], [144.0, 60.0], [138.0, 60.0], [138.0, 54.0], [144.0, 54.0]]]}, "properties": {"name": "N54E138_6x6", "kind": "latlon", "epsg": 4326, "lonMult": 1, "height": 6, "width": 6, "available": 10, "selected": 10, "coverage": 0.6409, "unionFrac": 0.6409, "bw": {"20": 10}}}, {"type": "Feature", "geometry": {"type": "Polygon", "coordinates": [[[150.0, 54.0], [150.0, 60.0], [144.0, 60.0], [144.0, 54.0], [150.0, 54.0]]]}, "properties": {"name": "N54E144_6x6", "kind": "latlon", "epsg": 4326, "lonMult": 1, "height": 6, "width": 6, "available": 4, "selected": 3, "coverage": 0.2715, "unionFrac": 0.2715, "bw": {"20": 3}}}, {"type": "Feature", "geometry": {"type": "Polygon", "coordinates": [[[156.0, 54.0], [156.0, 60.0], [150.0, 60.0], [150.0, 54.0], [156.0, 54.0]]]}, "properties": {"name": "N54E150_6x6", "kind": "latlon", "epsg": 4326, "lonMult": 1, "height": 6, "width": 6, "available": 9, "selected": 6, "coverage": 0.5479, "unionFrac": 0.5483, "bw": {"20": 6}}}, {"type": "Feature", "geometry": {"type": "Polygon", "coordinates": [[[162.0, 54.0], [162.0, 60.0], [156.0, 60.0], [156.0, 54.0], [162.0, 54.0]]]}, "properties": {"name": "N54E156_6x6", "kind": "latlon", "epsg": 4326, "lonMult": 1, "height": 6, "width": 6, "available": 16, "selected": 10, "coverage": 0.8953, "unionFrac": 0.8953, "bw": {"20": 10}}}, {"type": "Feature", "geometry": {"type": "Polygon", "coordinates": [[[168.0, 54.0], [168.0, 60.0], [162.0, 60.0], [162.0, 54.0], [168.0, 54.0]]]}, "properties": {"name": "N54E162_6x6", "kind": "latlon", "epsg": 4326, "lonMult": 1, "height": 6, "width": 6, "available": 11, "selected": 8, "coverage": 0.7497, "unionFrac": 0.7497, "bw": {"20": 8}}}, {"type": "Feature", "geometry": {"type": "Polygon", "coordinates": [[[174.0, 54.0], [174.0, 60.0], [168.0, 60.0], [168.0, 54.0], [174.0, 54.0]]]}, "properties": {"name": "N54E168_6x6", "kind": "latlon", "epsg": 4326, "lonMult": 1, "height": 6, "width": 6, "available": 3, "selected": 3, "coverage": 0.0367, "unionFrac": 0.0367, "bw": {"20": 3}}}, {"type": "Feature", "geometry": {"type": "Polygon", "coordinates": [[[-168.0, 60.0], [-168.0, 66.0], [-180.0, 66.0], [-180.0, 60.0], [-168.0, 60.0]]]}, "properties": {"name": "N60W180_6x12", "kind": "latlon", "epsg": 4326, "lonMult": 2, "height": 6, "width": 12, "available": 25, "selected": 15, "coverage": 0.4568, "unionFrac": 0.4568, "bw": {"40": 2, "20": 7, "5": 6}}}, {"type": "Feature", "geometry": {"type": "Polygon", "coordinates": [[[-156.0, 60.0], [-156.0, 66.0], [-168.0, 66.0], [-168.0, 60.0], [-156.0, 60.0]]]}, "properties": {"name": "N60W168_6x12", "kind": "latlon", "epsg": 4326, "lonMult": 2, "height": 6, "width": 12, "available": 34, "selected": 17, "coverage": 0.974, "unionFrac": 0.9743, "bw": {"40": 14, "20": 2, "5": 1}}}, {"type": "Feature", "geometry": {"type": "Polygon", "coordinates": [[[-144.0, 60.0], [-144.0, 66.0], [-156.0, 66.0], [-156.0, 60.0], [-144.0, 60.0]]]}, "properties": {"name": "N60W156_6x12", "kind": "latlon", "epsg": 4326, "lonMult": 2, "height": 6, "width": 12, "available": 40, "selected": 17, "coverage": 1.0, "unionFrac": 1.0, "bw": {"40": 17}}}, {"type": "Feature", "geometry": {"type": "Polygon", "coordinates": [[[-132.0, 60.0], [-132.0, 66.0], [-144.0, 66.0], [-144.0, 60.0], [-132.0, 60.0]]]}, "properties": {"name": "N60W144_6x12", "kind": "latlon", "epsg": 4326, "lonMult": 2, "height": 6, "width": 12, "available": 33, "selected": 18, "coverage": 0.999, "unionFrac": 1.0, "bw": {"40": 18}}}, {"type": "Feature", "geometry": {"type": "Polygon", "coordinates": [[[-120.0, 60.0], [-120.0, 66.0], [-132.0, 66.0], [-132.0, 60.0], [-120.0, 60.0]]]}, "properties": {"name": "N60W132_6x12", "kind": "latlon", "epsg": 4326, "lonMult": 2, "height": 6, "width": 12, "available": 24, "selected": 15, "coverage": 0.9986, "unionFrac": 0.9986, "bw": {"40": 15}}}, {"type": "Feature", "geometry": {"type": "Polygon", "coordinates": [[[-108.0, 60.0], [-108.0, 66.0], [-120.0, 66.0], [-120.0, 60.0], [-108.0, 60.0]]]}, "properties": {"name": "N60W120_6x12", "kind": "latlon", "epsg": 4326, "lonMult": 2, "height": 6, "width": 12, "available": 24, "selected": 17, "coverage": 0.999, "unionFrac": 0.999, "bw": {"40": 17}}}, {"type": "Feature", "geometry": {"type": "Polygon", "coordinates": [[[-96.0, 60.0], [-96.0, 66.0], [-108.0, 66.0], [-108.0, 60.0], [-96.0, 60.0]]]}, "properties": {"name": "N60W108_6x12", "kind": "latlon", "epsg": 4326, "lonMult": 2, "height": 6, "width": 12, "available": 22, "selected": 16, "coverage": 1.0, "unionFrac": 1.0, "bw": {"40": 16}}}, {"type": "Feature", "geometry": {"type": "Polygon", "coordinates": [[[-84.0, 60.0], [-84.0, 66.0], [-96.0, 66.0], [-96.0, 60.0], [-84.0, 60.0]]]}, "properties": {"name": "N60W096_6x12", "kind": "latlon", "epsg": 4326, "lonMult": 2, "height": 6, "width": 12, "available": 34, "selected": 19, "coverage": 0.9439, "unionFrac": 0.9455, "bw": {"40": 13, "5": 6}}}, {"type": "Feature", "geometry": {"type": "Polygon", "coordinates": [[[-72.0, 60.0], [-72.0, 66.0], [-84.0, 66.0], [-84.0, 60.0], [-72.0, 60.0]]]}, "properties": {"name": "N60W084_6x12", "kind": "latlon", "epsg": 4326, "lonMult": 2, "height": 6, "width": 12, "available": 43, "selected": 21, "coverage": 0.988, "unionFrac": 0.9899, "bw": {"40": 14, "5": 7}}}, {"type": "Feature", "geometry": {"type": "Polygon", "coordinates": [[[-60.0, 60.0], [-60.0, 66.0], [-72.0, 66.0], [-72.0, 60.0], [-60.0, 60.0]]]}, "properties": {"name": "N60W072_6x12", "kind": "latlon", "epsg": 4326, "lonMult": 2, "height": 6, "width": 12, "available": 39, "selected": 19, "coverage": 0.9901, "unionFrac": 0.991, "bw": {"77": 1, "40": 9, "5": 9}}}, {"type": "Feature", "geometry": {"type": "Polygon", "coordinates": [[[-48.0, 60.0], [-48.0, 66.0], [-60.0, 66.0], [-60.0, 60.0], [-48.0, 60.0]]]}, "properties": {"name": "N60W060_6x12", "kind": "latlon", "epsg": 4326, "lonMult": 2, "height": 6, "width": 12, "available": 23, "selected": 16, "coverage": 0.576, "unionFrac": 0.5762, "bw": {"77": 9, "5": 7}}}, {"type": "Feature", "geometry": {"type": "Polygon", "coordinates": [[[-36.0, 60.0], [-36.0, 66.0], [-48.0, 66.0], [-48.0, 60.0], [-36.0, 60.0]]]}, "properties": {"name": "N60W048_6x12", "kind": "latlon", "epsg": 4326, "lonMult": 2, "height": 6, "width": 12, "available": 24, "selected": 22, "coverage": 0.7587, "unionFrac": 0.7587, "bw": {"77": 22}}}, {"type": "Feature", "geometry": {"type": "Polygon", "coordinates": [[[-24.0, 60.0], [-24.0, 66.0], [-36.0, 66.0], [-36.0, 60.0], [-24.0, 60.0]]]}, "properties": {"name": "N60W036_6x12", "kind": "latlon", "epsg": 4326, "lonMult": 2, "height": 6, "width": 12, "available": 15, "selected": 9, "coverage": 0.2411, "unionFrac": 0.2411, "bw": {"77": 2, "40": 5, "5": 2}}}, {"type": "Feature", "geometry": {"type": "Polygon", "coordinates": [[[-12.0, 60.0], [-12.0, 66.0], [-24.0, 66.0], [-24.0, 60.0], [-12.0, 60.0]]]}, "properties": {"name": "N60W024_6x12", "kind": "latlon", "epsg": 4326, "lonMult": 2, "height": 6, "width": 12, "available": 19, "selected": 9, "coverage": 0.4576, "unionFrac": 0.4584, "bw": {"40": 9}}}, {"type": "Feature", "geometry": {"type": "Polygon", "coordinates": [[[0.0, 60.0], [0.0, 66.0], [-12.0, 66.0], [-12.0, 60.0], [0.0, 60.0]]]}, "properties": {"name": "N60W012_6x12", "kind": "latlon", "epsg": 4326, "lonMult": 2, "height": 6, "width": 12, "available": 2, "selected": 2, "coverage": 0.0297, "unionFrac": 0.0297, "bw": {"40": 2}}}, {"type": "Feature", "geometry": {"type": "Polygon", "coordinates": [[[12.0, 60.0], [12.0, 66.0], [0.0, 66.0], [0.0, 60.0], [12.0, 60.0]]]}, "properties": {"name": "N60E000_6x12", "kind": "latlon", "epsg": 4326, "lonMult": 2, "height": 6, "width": 12, "available": 10, "selected": 10, "coverage": 0.4804, "unionFrac": 0.4804, "bw": {"20": 10}}}, {"type": "Feature", "geometry": {"type": "Polygon", "coordinates": [[[24.0, 60.0], [24.0, 66.0], [12.0, 66.0], [12.0, 60.0], [24.0, 60.0]]]}, "properties": {"name": "N60E012_6x12", "kind": "latlon", "epsg": 4326, "lonMult": 2, "height": 6, "width": 12, "available": 21, "selected": 15, "coverage": 0.9991, "unionFrac": 1.0, "bw": {"20": 15}}}, {"type": "Feature", "geometry": {"type": "Polygon", "coordinates": [[[36.0, 60.0], [36.0, 66.0], [24.0, 66.0], [24.0, 60.0], [36.0, 60.0]]]}, "properties": {"name": "N60E024_6x12", "kind": "latlon", "epsg": 4326, "lonMult": 2, "height": 6, "width": 12, "available": 30, "selected": 14, "coverage": 1.0, "unionFrac": 1.0, "bw": {"40": 1, "20": 13}}}, {"type": "Feature", "geometry": {"type": "Polygon", "coordinates": [[[48.0, 60.0], [48.0, 66.0], [36.0, 66.0], [36.0, 60.0], [48.0, 60.0]]]}, "properties": {"name": "N60E036_6x12", "kind": "latlon", "epsg": 4326, "lonMult": 2, "height": 6, "width": 12, "available": 30, "selected": 14, "coverage": 0.9999, "unionFrac": 1.0, "bw": {"20": 14}}}, {"type": "Feature", "geometry": {"type": "Polygon", "coordinates": [[[60.0, 60.0], [60.0, 66.0], [48.0, 66.0], [48.0, 60.0], [60.0, 60.0]]]}, "properties": {"name": "N60E048_6x12", "kind": "latlon", "epsg": 4326, "lonMult": 2, "height": 6, "width": 12, "available": 20, "selected": 16, "coverage": 0.9995, "unionFrac": 1.0, "bw": {"20": 16}}}, {"type": "Feature", "geometry": {"type": "Polygon", "coordinates": [[[72.0, 60.0], [72.0, 66.0], [60.0, 66.0], [60.0, 60.0], [72.0, 60.0]]]}, "properties": {"name": "N60E060_6x12", "kind": "latlon", "epsg": 4326, "lonMult": 2, "height": 6, "width": 12, "available": 21, "selected": 13, "coverage": 0.987, "unionFrac": 0.9872, "bw": {"20": 13}}}, {"type": "Feature", "geometry": {"type": "Polygon", "coordinates": [[[84.0, 60.0], [84.0, 66.0], [72.0, 66.0], [72.0, 60.0], [84.0, 60.0]]]}, "properties": {"name": "N60E072_6x12", "kind": "latlon", "epsg": 4326, "lonMult": 2, "height": 6, "width": 12, "available": 23, "selected": 14, "coverage": 1.0, "unionFrac": 1.0, "bw": {"20": 14}}}, {"type": "Feature", "geometry": {"type": "Polygon", "coordinates": [[[96.0, 60.0], [96.0, 66.0], [84.0, 66.0], [84.0, 60.0], [96.0, 60.0]]]}, "properties": {"name": "N60E084_6x12", "kind": "latlon", "epsg": 4326, "lonMult": 2, "height": 6, "width": 12, "available": 23, "selected": 14, "coverage": 1.0, "unionFrac": 1.0, "bw": {"20": 14}}}, {"type": "Feature", "geometry": {"type": "Polygon", "coordinates": [[[108.0, 60.0], [108.0, 66.0], [96.0, 66.0], [96.0, 60.0], [108.0, 60.0]]]}, "properties": {"name": "N60E096_6x12", "kind": "latlon", "epsg": 4326, "lonMult": 2, "height": 6, "width": 12, "available": 21, "selected": 15, "coverage": 0.9994, "unionFrac": 1.0, "bw": {"20": 15}}}, {"type": "Feature", "geometry": {"type": "Polygon", "coordinates": [[[120.0, 60.0], [120.0, 66.0], [108.0, 66.0], [108.0, 60.0], [120.0, 60.0]]]}, "properties": {"name": "N60E108_6x12", "kind": "latlon", "epsg": 4326, "lonMult": 2, "height": 6, "width": 12, "available": 21, "selected": 16, "coverage": 1.0, "unionFrac": 1.0, "bw": {"20": 16}}}, {"type": "Feature", "geometry": {"type": "Polygon", "coordinates": [[[132.0, 60.0], [132.0, 66.0], [120.0, 66.0], [120.0, 60.0], [132.0, 60.0]]]}, "properties": {"name": "N60E120_6x12", "kind": "latlon", "epsg": 4326, "lonMult": 2, "height": 6, "width": 12, "available": 21, "selected": 15, "coverage": 0.9999, "unionFrac": 1.0, "bw": {"20": 15}}}, {"type": "Feature", "geometry": {"type": "Polygon", "coordinates": [[[144.0, 60.0], [144.0, 66.0], [132.0, 66.0], [132.0, 60.0], [144.0, 60.0]]]}, "properties": {"name": "N60E132_6x12", "kind": "latlon", "epsg": 4326, "lonMult": 2, "height": 6, "width": 12, "available": 21, "selected": 15, "coverage": 0.9998, "unionFrac": 1.0, "bw": {"20": 15}}}, {"type": "Feature", "geometry": {"type": "Polygon", "coordinates": [[[156.0, 60.0], [156.0, 66.0], [144.0, 66.0], [144.0, 60.0], [156.0, 60.0]]]}, "properties": {"name": "N60E144_6x12", "kind": "latlon", "epsg": 4326, "lonMult": 2, "height": 6, "width": 12, "available": 21, "selected": 15, "coverage": 0.9974, "unionFrac": 0.9974, "bw": {"20": 15}}}, {"type": "Feature", "geometry": {"type": "Polygon", "coordinates": [[[168.0, 60.0], [168.0, 66.0], [156.0, 66.0], [156.0, 60.0], [168.0, 60.0]]]}, "properties": {"name": "N60E156_6x12", "kind": "latlon", "epsg": 4326, "lonMult": 2, "height": 6, "width": 12, "available": 22, "selected": 18, "coverage": 0.9821, "unionFrac": 0.9821, "bw": {"20": 18}}}, {"type": "Feature", "geometry": {"type": "Polygon", "coordinates": [[[180.0, 60.0], [180.0, 66.0], [168.0, 66.0], [168.0, 60.0], [180.0, 60.0]]]}, "properties": {"name": "N60E168_6x12", "kind": "latlon", "epsg": 4326, "lonMult": 2, "height": 6, "width": 12, "available": 21, "selected": 15, "coverage": 0.8261, "unionFrac": 0.8261, "bw": {"20": 14, "5": 1}}}, {"type": "Feature", "geometry": {"type": "Polygon", "coordinates": [[[-162.0, 66.0], [-162.0, 72.0], [-180.0, 72.0], [-180.0, 66.0], [-162.0, 66.0]]]}, "properties": {"name": "N66W180_6x18", "kind": "latlon", "epsg": 4326, "lonMult": 3, "height": 6, "width": 18, "available": 63, "selected": 21, "coverage": 0.8826, "unionFrac": 0.8836, "bw": {"40": 6, "20": 2, "5": 13}}}, {"type": "Feature", "geometry": {"type": "Polygon", "coordinates": [[[-144.0, 66.0], [-144.0, 72.0], [-162.0, 72.0], [-162.0, 66.0], [-144.0, 66.0]]]}, "properties": {"name": "N66W162_6x18", "kind": "latlon", "epsg": 4326, "lonMult": 3, "height": 6, "width": 18, "available": 83, "selected": 24, "coverage": 0.9994, "unionFrac": 1.0, "bw": {"40": 18, "5": 6}}}, {"type": "Feature", "geometry": {"type": "Polygon", "coordinates": [[[-126.0, 66.0], [-126.0, 72.0], [-144.0, 72.0], [-144.0, 66.0], [-126.0, 66.0]]]}, "properties": {"name": "N66W144_6x18", "kind": "latlon", "epsg": 4326, "lonMult": 3, "height": 6, "width": 18, "available": 72, "selected": 21, "coverage": 0.9992, "unionFrac": 1.0, "bw": {"40": 14, "5": 7}}}, {"type": "Feature", "geometry": {"type": "Polygon", "coordinates": [[[-108.0, 66.0], [-108.0, 72.0], [-126.0, 72.0], [-126.0, 66.0], [-108.0, 66.0]]]}, "properties": {"name": "N66W126_6x18", "kind": "latlon", "epsg": 4326, "lonMult": 3, "height": 6, "width": 18, "available": 61, "selected": 20, "coverage": 0.9558, "unionFrac": 0.9558, "bw": {"40": 18, "5": 2}}}, {"type": "Feature", "geometry": {"type": "Polygon", "coordinates": [[[-90.0, 66.0], [-90.0, 72.0], [-108.0, 72.0], [-108.0, 66.0], [-90.0, 66.0]]]}, "properties": {"name": "N66W108_6x18", "kind": "latlon", "epsg": 4326, "lonMult": 3, "height": 6, "width": 18, "available": 69, "selected": 22, "coverage": 0.9982, "unionFrac": 1.0, "bw": {"40": 21, "5": 1}}}, {"type": "Feature", "geometry": {"type": "Polygon", "coordinates": [[[-72.0, 66.0], [-72.0, 72.0], [-90.0, 72.0], [-90.0, 66.0], [-72.0, 66.0]]]}, "properties": {"name": "N66W090_6x18", "kind": "latlon", "epsg": 4326, "lonMult": 3, "height": 6, "width": 18, "available": 78, "selected": 29, "coverage": 0.9989, "unionFrac": 0.999, "bw": {"77": 4, "40": 20, "5": 5}}}, {"type": "Feature", "geometry": {"type": "Polygon", "coordinates": [[[-54.0, 66.0], [-54.0, 72.0], [-72.0, 72.0], [-72.0, 66.0], [-54.0, 66.0]]]}, "properties": {"name": "N66W072_6x18", "kind": "latlon", "epsg": 4326, "lonMult": 3, "height": 6, "width": 18, "available": 71, "selected": 39, "coverage": 0.9655, "unionFrac": 0.9669, "bw": {"77": 17, "40": 9, "5": 13}}}, {"type": "Feature", "geometry": {"type": "Polygon", "coordinates": [[[-36.0, 66.0], [-36.0, 72.0], [-54.0, 72.0], [-54.0, 66.0], [-36.0, 66.0]]]}, "properties": {"name": "N66W054_6x18", "kind": "latlon", "epsg": 4326, "lonMult": 3, "height": 6, "width": 18, "available": 53, "selected": 37, "coverage": 0.9921, "unionFrac": 0.9945, "bw": {"77": 37}}}, {"type": "Feature", "geometry": {"type": "Polygon", "coordinates": [[[-18.0, 66.0], [-18.0, 72.0], [-36.0, 72.0], [-36.0, 66.0], [-18.0, 66.0]]]}, "properties": {"name": "N66W036_6x18", "kind": "latlon", "epsg": 4326, "lonMult": 3, "height": 6, "width": 18, "available": 71, "selected": 35, "coverage": 0.9784, "unionFrac": 0.9814, "bw": {"77": 22, "40": 4, "5": 9}}}, {"type": "Feature", "geometry": {"type": "Polygon", "coordinates": [[[0.0, 66.0], [0.0, 72.0], [-18.0, 72.0], [-18.0, 66.0], [0.0, 66.0]]]}, "properties": {"name": "N66W018_6x18", "kind": "latlon", "epsg": 4326, "lonMult": 3, "height": 6, "width": 18, "available": 31, "selected": 9, "coverage": 0.2988, "unionFrac": 0.2993, "bw": {"40": 3, "5": 6}}}, {"type": "Feature", "geometry": {"type": "Polygon", "coordinates": [[[18.0, 66.0], [18.0, 72.0], [0.0, 72.0], [0.0, 66.0], [18.0, 66.0]]]}, "properties": {"name": "N66E000_6x18", "kind": "latlon", "epsg": 4326, "lonMult": 3, "height": 6, "width": 18, "available": 10, "selected": 8, "coverage": 0.3521, "unionFrac": 0.3525, "bw": {"20": 6, "5": 2}}}, {"type": "Feature", "geometry": {"type": "Polygon", "coordinates": [[[36.0, 66.0], [36.0, 72.0], [18.0, 72.0], [18.0, 66.0], [36.0, 66.0]]]}, "properties": {"name": "N66E018_6x18", "kind": "latlon", "epsg": 4326, "lonMult": 3, "height": 6, "width": 18, "available": 26, "selected": 18, "coverage": 0.8604, "unionFrac": 0.8611, "bw": {"20": 18}}}, {"type": "Feature", "geometry": {"type": "Polygon", "coordinates": [[[54.0, 66.0], [54.0, 72.0], [36.0, 72.0], [36.0, 66.0], [54.0, 66.0]]]}, "properties": {"name": "N66E036_6x18", "kind": "latlon", "epsg": 4326, "lonMult": 3, "height": 6, "width": 18, "available": 42, "selected": 18, "coverage": 0.7127, "unionFrac": 0.7136, "bw": {"20": 15, "5": 3}}}, {"type": "Feature", "geometry": {"type": "Polygon", "coordinates": [[[72.0, 66.0], [72.0, 72.0], [54.0, 72.0], [54.0, 66.0], [72.0, 66.0]]]}, "properties": {"name": "N66E054_6x18", "kind": "latlon", "epsg": 4326, "lonMult": 3, "height": 6, "width": 18, "available": 61, "selected": 19, "coverage": 1.0, "unionFrac": 1.0, "bw": {"20": 17, "5": 2}}}, {"type": "Feature", "geometry": {"type": "Polygon", "coordinates": [[[90.0, 66.0], [90.0, 72.0], [72.0, 72.0], [72.0, 66.0], [90.0, 66.0]]]}, "properties": {"name": "N66E072_6x18", "kind": "latlon", "epsg": 4326, "lonMult": 3, "height": 6, "width": 18, "available": 51, "selected": 21, "coverage": 1.0, "unionFrac": 1.0, "bw": {"20": 21}}}, {"type": "Feature", "geometry": {"type": "Polygon", "coordinates": [[[108.0, 66.0], [108.0, 72.0], [90.0, 72.0], [90.0, 66.0], [108.0, 66.0]]]}, "properties": {"name": "N66E090_6x18", "kind": "latlon", "epsg": 4326, "lonMult": 3, "height": 6, "width": 18, "available": 32, "selected": 21, "coverage": 0.9991, "unionFrac": 1.0, "bw": {"20": 21}}}, {"type": "Feature", "geometry": {"type": "Polygon", "coordinates": [[[126.0, 66.0], [126.0, 72.0], [108.0, 72.0], [108.0, 66.0], [126.0, 66.0]]]}, "properties": {"name": "N66E108_6x18", "kind": "latlon", "epsg": 4326, "lonMult": 3, "height": 6, "width": 18, "available": 43, "selected": 18, "coverage": 0.9997, "unionFrac": 1.0, "bw": {"20": 18}}}, {"type": "Feature", "geometry": {"type": "Polygon", "coordinates": [[[144.0, 66.0], [144.0, 72.0], [126.0, 72.0], [126.0, 66.0], [144.0, 66.0]]]}, "properties": {"name": "N66E126_6x18", "kind": "latlon", "epsg": 4326, "lonMult": 3, "height": 6, "width": 18, "available": 50, "selected": 22, "coverage": 0.9993, "unionFrac": 1.0, "bw": {"20": 21, "5": 1}}}, {"type": "Feature", "geometry": {"type": "Polygon", "coordinates": [[[162.0, 66.0], [162.0, 72.0], [144.0, 72.0], [144.0, 66.0], [162.0, 66.0]]]}, "properties": {"name": "N66E144_6x18", "kind": "latlon", "epsg": 4326, "lonMult": 3, "height": 6, "width": 18, "available": 57, "selected": 21, "coverage": 0.998, "unionFrac": 1.0, "bw": {"20": 19, "5": 2}}}, {"type": "Feature", "geometry": {"type": "Polygon", "coordinates": [[[180.0, 66.0], [180.0, 72.0], [162.0, 72.0], [162.0, 66.0], [180.0, 66.0]]]}, "properties": {"name": "N66E162_6x18", "kind": "latlon", "epsg": 4326, "lonMult": 3, "height": 6, "width": 18, "available": 68, "selected": 24, "coverage": 0.9992, "unionFrac": 1.0, "bw": {"20": 16, "5": 8}}}, {"type": "Feature", "geometry": {"type": "Polygon", "coordinates": [[[-156.0, 72.0], [-156.0, 77.5], [-180.0, 77.5], [-180.0, 72.0], [-156.0, 72.0]]]}, "properties": {"name": "N72W180_6x24", "kind": "latlon", "epsg": 4326, "lonMult": 4, "height": 6, "width": 24, "available": 95, "selected": 17, "coverage": 0.928, "unionFrac": 0.9294, "bw": {"5": 17}}}, {"type": "Feature", "geometry": {"type": "Polygon", "coordinates": [[[-132.0, 72.0], [-132.0, 77.5], [-156.0, 77.5], [-156.0, 72.0], [-132.0, 72.0]]]}, "properties": {"name": "N72W156_6x24", "kind": "latlon", "epsg": 4326, "lonMult": 4, "height": 6, "width": 24, "available": 133, "selected": 17, "coverage": 0.997, "unionFrac": 1.0, "bw": {"5": 17}}}, {"type": "Feature", "geometry": {"type": "Polygon", "coordinates": [[[-108.0, 72.0], [-108.0, 77.5], [-132.0, 77.5], [-132.0, 72.0], [-108.0, 72.0]]]}, "properties": {"name": "N72W132_6x24", "kind": "latlon", "epsg": 4326, "lonMult": 4, "height": 6, "width": 24, "available": 161, "selected": 24, "coverage": 0.9973, "unionFrac": 1.0, "bw": {"40": 14, "5": 10}}}, {"type": "Feature", "geometry": {"type": "Polygon", "coordinates": [[[-84.0, 72.0], [-84.0, 77.5], [-108.0, 77.5], [-108.0, 72.0], [-84.0, 72.0]]]}, "properties": {"name": "N72W108_6x24", "kind": "latlon", "epsg": 4326, "lonMult": 4, "height": 6, "width": 24, "available": 150, "selected": 26, "coverage": 0.9999, "unionFrac": 1.0, "bw": {"77": 2, "40": 19, "5": 5}}}, {"type": "Feature", "geometry": {"type": "Polygon", "coordinates": [[[-60.0, 72.0], [-60.0, 77.5], [-84.0, 77.5], [-84.0, 72.0], [-60.0, 72.0]]]}, "properties": {"name": "N72W084_6x24", "kind": "latlon", "epsg": 4326, "lonMult": 4, "height": 6, "width": 24, "available": 146, "selected": 35, "coverage": 0.9984, "unionFrac": 1.0, "bw": {"77": 14, "40": 10, "5": 11}}}, {"type": "Feature", "geometry": {"type": "Polygon", "coordinates": [[[-36.0, 72.0], [-36.0, 77.5], [-60.0, 77.5], [-60.0, 72.0], [-36.0, 72.0]]]}, "properties": {"name": "N72W060_6x24", "kind": "latlon", "epsg": 4326, "lonMult": 4, "height": 6, "width": 24, "available": 83, "selected": 37, "coverage": 0.9787, "unionFrac": 0.9799, "bw": {"77": 33, "5": 4}}}, {"type": "Feature", "geometry": {"type": "Polygon", "coordinates": [[[-12.0, 72.0], [-12.0, 77.5], [-36.0, 77.5], [-36.0, 72.0], [-12.0, 72.0]]]}, "properties": {"name": "N72W036_6x24", "kind": "latlon", "epsg": 4326, "lonMult": 4, "height": 6, "width": 24, "available": 97, "selected": 27, "coverage": 0.9761, "unionFrac": 0.9789, "bw": {"77": 22, "5": 5}}}, {"type": "Feature", "geometry": {"type": "Polygon", "coordinates": [[[12.0, 72.0], [12.0, 77.5], [-12.0, 77.5], [-12.0, 72.0], [12.0, 72.0]]]}, "properties": {"name": "N72W012_6x24", "kind": "latlon", "epsg": 4326, "lonMult": 4, "height": 6, "width": 24, "available": 69, "selected": 12, "coverage": 0.5707, "unionFrac": 0.5749, "bw": {"5": 12}}}, {"type": "Feature", "geometry": {"type": "Polygon", "coordinates": [[[36.0, 72.0], [36.0, 77.5], [12.0, 77.5], [12.0, 72.0], [36.0, 72.0]]]}, "properties": {"name": "N72E012_6x24", "kind": "latlon", "epsg": 4326, "lonMult": 4, "height": 6, "width": 24, "available": 59, "selected": 18, "coverage": 0.5973, "unionFrac": 0.5984, "bw": {"77": 3, "20": 1, "5": 14}}}, {"type": "Feature", "geometry": {"type": "Polygon", "coordinates": [[[60.0, 72.0], [60.0, 77.5], [36.0, 77.5], [36.0, 72.0], [60.0, 72.0]]]}, "properties": {"name": "N72E036_6x24", "kind": "latlon", "epsg": 4326, "lonMult": 4, "height": 6, "width": 24, "available": 92, "selected": 17, "coverage": 0.7882, "unionFrac": 0.7901, "bw": {"20": 6, "5": 11}}}, {"type": "Feature", "geometry": {"type": "Polygon", "coordinates": [[[84.0, 72.0], [84.0, 77.5], [60.0, 77.5], [60.0, 72.0], [84.0, 72.0]]]}, "properties": {"name": "N72E060_6x24", "kind": "latlon", "epsg": 4326, "lonMult": 4, "height": 6, "width": 24, "available": 130, "selected": 25, "coverage": 0.9996, "unionFrac": 1.0, "bw": {"20": 12, "5": 13}}}, {"type": "Feature", "geometry": {"type": "Polygon", "coordinates": [[[108.0, 72.0], [108.0, 77.5], [84.0, 77.5], [84.0, 72.0], [108.0, 72.0]]]}, "properties": {"name": "N72E084_6x24", "kind": "latlon", "epsg": 4326, "lonMult": 4, "height": 6, "width": 24, "available": 106, "selected": 22, "coverage": 0.9991, "unionFrac": 1.0, "bw": {"20": 18, "5": 4}}}, {"type": "Feature", "geometry": {"type": "Polygon", "coordinates": [[[132.0, 72.0], [132.0, 77.5], [108.0, 77.5], [108.0, 72.0], [132.0, 72.0]]]}, "properties": {"name": "N72E108_6x24", "kind": "latlon", "epsg": 4326, "lonMult": 4, "height": 6, "width": 24, "available": 110, "selected": 17, "coverage": 0.999, "unionFrac": 1.0, "bw": {"20": 11, "5": 6}}}, {"type": "Feature", "geometry": {"type": "Polygon", "coordinates": [[[156.0, 72.0], [156.0, 77.5], [132.0, 77.5], [132.0, 72.0], [156.0, 72.0]]]}, "properties": {"name": "N72E132_6x24", "kind": "latlon", "epsg": 4326, "lonMult": 4, "height": 6, "width": 24, "available": 135, "selected": 26, "coverage": 0.9989, "unionFrac": 1.0, "bw": {"20": 14, "5": 12}}}, {"type": "Feature", "geometry": {"type": "Polygon", "coordinates": [[[180.0, 72.0], [180.0, 77.5], [156.0, 77.5], [156.0, 72.0], [180.0, 72.0]]]}, "properties": {"name": "N72E156_6x24", "kind": "latlon", "epsg": 4326, "lonMult": 4, "height": 6, "width": 24, "available": 148, "selected": 20, "coverage": 0.9972, "unionFrac": 1.0, "bw": {"20": 1, "5": 19}}}, {"type": "Feature", "geometry": {"type": "Polygon", "coordinates": [[[180.0, -90.0], [180.0, -84.0], [-180.0, -84.0], [-180.0, -90.0], [180.0, -90.0]]]}, "properties": {"name": "S84PS3031", "kind": "ps", "epsg": 3031, "halfWidthM": 652487, "lonMult": null, "height": null, "width": null, "available": 133, "selected": 58, "coverage": 0.8464, "unionFrac": 0.8554, "bw": {"40": 58}}}]}