{"type": "FeatureCollection", "features": [{"type": "Feature", "geometry": {"type": "Polygon", "coordinates": [[[-120.0, -84.0], [-120.0, -78.0], [-180.0, -78.0], [-180.0, -84.0], [-120.0, -84.0]]]}, "properties": {"name": "S84W180_6x60", "kind": "latlon", "epsg": 4326, "lonMult": 6, "height": 6, "width": 60, "available": 262, "selected": 34, "coverage": 0.9902, "unionFrac": 0.9908, "bw": {"40": 34}}}, {"type": "Feature", "geometry": {"type": "Polygon", "coordinates": [[[-60.0, -84.0], [-60.0, -78.0], [-120.0, -78.0], [-120.0, -84.0], [-60.0, -84.0]]]}, "properties": {"name": "S84W120_6x60", "kind": "latlon", "epsg": 4326, "lonMult": 6, "height": 6, "width": 60, "available": 247, "selected": 27, "coverage": 0.9971, "unionFrac": 1.0, "bw": {"40": 27}}}, {"type": "Feature", "geometry": {"type": "Polygon", "coordinates": [[[0.0, -84.0], [0.0, -78.0], [-60.0, -78.0], [-60.0, -84.0], [0.0, -84.0]]]}, "properties": {"name": "S84W060_6x60", "kind": "latlon", "epsg": 4326, "lonMult": 6, "height": 6, "width": 60, "available": 218, "selected": 29, "coverage": 0.9919, "unionFrac": 0.9962, "bw": {"40": 29}}}, {"type": "Feature", "geometry": {"type": "Polygon", "coordinates": [[[60.0, -84.0], [60.0, -78.0], [0.0, -78.0], [0.0, -84.0], [60.0, -84.0]]]}, "properties": {"name": "S84E000_6x60", "kind": "latlon", "epsg": 4326, "lonMult": 6, "height": 6, "width": 60, "available": 189, "selected": 29, "coverage": 0.9987, "unionFrac": 1.0, "bw": {"40": 29}}}, {"type": "Feature", "geometry": {"type": "Polygon", "coordinates": [[[120.0, -84.0], [120.0, -78.0], [60.0, -78.0], [60.0, -84.0], [120.0, -84.0]]]}, "properties": {"name": "S84E060_6x60", "kind": "latlon", "epsg": 4326, "lonMult": 6, "height": 6, "width": 60, "available": 180, "selected": 30, "coverage": 0.9972, "unionFrac": 1.0, "bw": {"40": 30}}}, {"type": "Feature", "geometry": {"type": "Polygon", "coordinates": [[[180.0, -84.0], [180.0, -78.0], [120.0, -78.0], [120.0, -84.0], [180.0, -84.0]]]}, "properties": {"name": "S84E120_6x60", "kind": "latlon", "epsg": 4326, "lonMult": 6, "height": 6, "width": 60, "available": 216, "selected": 30, "coverage": 0.9907, "unionFrac": 0.9908, "bw": {"40": 30}}}, {"type": "Feature", "geometry": {"type": "Polygon", "coordinates": [[[-156.0, -78.0], [-156.0, -72.0], [-180.0, -72.0], [-180.0, -78.0], [-156.0, -78.0]]]}, "properties": {"name": "S78W180_6x24", "kind": "latlon", "epsg": 4326, "lonMult": 4, "height": 6, "width": 24, "available": 36, "selected": 5, "coverage": 0.1362, "unionFrac": 0.1381, "bw": {"40": 5}}}, {"type": "Feature", "geometry": {"type": "Polygon", "coordinates": [[[-132.0, -78.0], [-132.0, -72.0], [-156.0, -72.0], [-156.0, -78.0], [-132.0, -78.0]]]}, "properties": {"name": "S78W156_6x24", "kind": "latlon", "epsg": 4326, "lonMult": 4, "height": 6, "width": 24, "available": 81, "selected": 18, "coverage": 0.5389, "unionFrac": 0.5396, "bw": {"40": 18}}}, {"type": "Feature", "geometry": {"type": "Polygon", "coordinates": [[[-108.0, -78.0], [-108.0, -72.0], [-132.0, -72.0], [-132.0, -78.0], [-108.0, -78.0]]]}, "properties": {"name": "S78W132_6x24", "kind": "latlon", "epsg": 4326, "lonMult": 4, "height": 6, "width": 24, "available": 120, "selected": 20, "coverage": 0.8145, "unionFrac": 0.8151, "bw": {"40": 20}}}, {"type": "Feature", "geometry": {"type": "Polygon", "coordinates": [[[-84.0, -78.0], [-84.0, -72.0], [-108.0, -72.0], [-108.0, -78.0], [-84.0, -78.0]]]}, "properties": {"name": "S78W108_6x24", "kind": "latlon", "epsg": 4326, "lonMult": 4, "height": 6, "width": 24, "available": 141, "selected": 22, "coverage": 0.9845, "unionFrac": 0.9857, "bw": {"40": 22}}}, {"type": "Feature", "geometry": {"type": "Polygon", "coordinates": [[[-60.0, -78.0], [-60.0, -72.0], [-84.0, -72.0], [-84.0, -78.0], [-60.0, -78.0]]]}, "properties": {"name": "S78W084_6x24", "kind": "latlon", "epsg": 4326, "lonMult": 4, "height": 6, "width": 24, "available": 137, "selected": 20, "coverage": 0.9991, "unionFrac": 1.0, "bw": {"40": 20}}}, {"type": "Feature", "geometry": {"type": "Polygon", "coordinates": [[[-36.0, -78.0], [-36.0, -72.0], [-60.0, -72.0], [-60.0, -78.0], [-36.0, -78.0]]]}, "properties": {"name": "S78W060_6x24", "kind": "latlon", "epsg": 4326, "lonMult": 4, "height": 6, "width": 24, "available": 44, "selected": 12, "coverage": 0.4345, "unionFrac": 0.4345, "bw": {"40": 12}}}, {"type": "Feature", "geometry": {"type": "Polygon", "coordinates": [[[-12.0, -78.0], [-12.0, -72.0], [-36.0, -72.0], [-36.0, -78.0], [-12.0, -78.0]]]}, "properties": {"name": "S78W036_6x24", "kind": "latlon", "epsg": 4326, "lonMult": 4, "height": 6, "width": 24, "available": 57, "selected": 10, "coverage": 0.6671, "unionFrac": 0.668, "bw": {"40": 10}}}, {"type": "Feature", "geometry": {"type": "Polygon", "coordinates": [[[12.0, -78.0], [12.0, -72.0], [-12.0, -72.0], [-12.0, -78.0], [12.0, -78.0]]]}, "properties": {"name": "S78W012_6x24", "kind": "latlon", "epsg": 4326, "lonMult": 4, "height": 6, "width": 24, "available": 123, "selected": 19, "coverage": 0.9998, "unionFrac": 1.0, "bw": {"40": 19}}}, {"type": "Feature", "geometry": {"type": "Polygon", "coordinates": [[[36.0, -78.0], [36.0, -72.0], [12.0, -72.0], [12.0, -78.0], [36.0, -78.0]]]}, "properties": {"name": "S78E012_6x24", "kind": "latlon", "epsg": 4326, "lonMult": 4, "height": 6, "width": 24, "available": 117, "selected": 19, "coverage": 0.9986, "unionFrac": 1.0, "bw": {"40": 19}}}, {"type": "Feature", "geometry": {"type": "Polygon", "coordinates": [[[60.0, -78.0], [60.0, -72.0], [36.0, -72.0], [36.0, -78.0], [60.0, -78.0]]]}, "properties": {"name": "S78E036_6x24", "kind": "latlon", "epsg": 4326, "lonMult": 4, "height": 6, "width": 24, "available": 109, "selected": 20, "coverage": 0.9991, "unionFrac": 1.0, "bw": {"40": 20}}}, {"type": "Feature", "geometry": {"type": "Polygon", "coordinates": [[[84.0, -78.0], [84.0, -72.0], [60.0, -72.0], [60.0, -78.0], [84.0, -78.0]]]}, "properties": {"name": "S78E060_6x24", "kind": "latlon", "epsg": 4326, "lonMult": 4, "height": 6, "width": 24, "available": 126, "selected": 19, "coverage": 0.9994, "unionFrac": 1.0, "bw": {"40": 19}}}, {"type": "Feature", "geometry": {"type": "Polygon", "coordinates": [[[108.0, -78.0], [108.0, -72.0], [84.0, -72.0], [84.0, -78.0], [108.0, -78.0]]]}, "properties": {"name": "S78E084_6x24", "kind": "latlon", "epsg": 4326, "lonMult": 4, "height": 6, "width": 24, "available": 111, "selected": 20, "coverage": 0.9993, "unionFrac": 1.0, "bw": {"40": 20}}}, {"type": "Feature", "geometry": {"type": "Polygon", "coordinates": [[[132.0, -78.0], [132.0, -72.0], [108.0, -72.0], [108.0, -78.0], [132.0, -78.0]]]}, "properties": {"name": "S78E108_6x24", "kind": "latlon", "epsg": 4326, "lonMult": 4, "height": 6, "width": 24, "available": 99, "selected": 19, "coverage": 0.999, "unionFrac": 1.0, "bw": {"40": 19}}}, {"type": "Feature", "geometry": {"type": "Polygon", "coordinates": [[[156.0, -78.0], [156.0, -72.0], [132.0, -72.0], [132.0, -78.0], [156.0, -78.0]]]}, "properties": {"name": "S78E132_6x24", "kind": "latlon", "epsg": 4326, "lonMult": 4, "height": 6, "width": 24, "available": 124, "selected": 23, "coverage": 0.998, "unionFrac": 1.0, "bw": {"40": 23}}}, {"type": "Feature", "geometry": {"type": "Polygon", "coordinates": [[[180.0, -78.0], [180.0, -72.0], [156.0, -72.0], [156.0, -78.0], [180.0, -78.0]]]}, "properties": {"name": "S78E156_6x24", "kind": "latlon", "epsg": 4326, "lonMult": 4, "height": 6, "width": 24, "available": 115, "selected": 16, "coverage": 0.8264, "unionFrac": 0.8276, "bw": {"40": 16}}}, {"type": "Feature", "geometry": {"type": "Polygon", "coordinates": [[[-90.0, -72.0], [-90.0, -66.0], [-108.0, -66.0], [-108.0, -72.0], [-90.0, -72.0]]]}, "properties": {"name": "S72W108_6x18", "kind": "latlon", "epsg": 4326, "lonMult": 3, "height": 6, "width": 18, "available": 24, "selected": 6, "coverage": 0.1112, "unionFrac": 0.1116, "bw": {"40": 4, "77": 2}}}, {"type": "Feature", "geometry": {"type": "Polygon", "coordinates": [[[-72.0, -72.0], [-72.0, -66.0], [-90.0, -66.0], [-90.0, -72.0], [-72.0, -72.0]]]}, "properties": {"name": "S72W090_6x18", "kind": "latlon", "epsg": 4326, "lonMult": 3, "height": 6, "width": 18, "available": 33, "selected": 7, "coverage": 0.2229, "unionFrac": 0.2245, "bw": {"40": 7}}}, {"type": "Feature", "geometry": {"type": "Polygon", "coordinates": [[[-54.0, -72.0], [-54.0, -66.0], [-72.0, -66.0], [-72.0, -72.0], [-54.0, -72.0]]]}, "properties": {"name": "S72W072_6x18", "kind": "latlon", "epsg": 4326, "lonMult": 3, "height": 6, "width": 18, "available": 86, "selected": 15, "coverage": 0.9268, "unionFrac": 0.9274, "bw": {"40": 15}}}, {"type": "Feature", "geometry": {"type": "Polygon", "coordinates": [[[-36.0, -72.0], [-36.0, -66.0], [-54.0, -66.0], [-54.0, -72.0], [-36.0, -72.0]]]}, "properties": {"name": "S72W054_6x18", "kind": "latlon", "epsg": 4326, "lonMult": 3, "height": 6, "width": 18, "available": 3, "selected": 1, "coverage": 0.0022, "unionFrac": 0.0023, "bw": {"40": 1}}}, {"type": "Feature", "geometry": {"type": "Polygon", "coordinates": [[[-18.0, -72.0], [-18.0, -66.0], [-36.0, -66.0], [-36.0, -72.0], [-18.0, -72.0]]]}, "properties": {"name": "S72W036_6x18", "kind": "latlon", "epsg": 4326, "lonMult": 3, "height": 6, "width": 18, "available": 3, "selected": 1, "coverage": 0.0058, "unionFrac": 0.0058, "bw": {"40": 1}}}, {"type": "Feature", "geometry": {"type": "Polygon", "coordinates": [[[0.0, -72.0], [0.0, -66.0], [-18.0, -66.0], [-18.0, -72.0], [0.0, -72.0]]]}, "properties": {"name": "S72W018_6x18", "kind": "latlon", "epsg": 4326, "lonMult": 3, "height": 6, "width": 18, "available": 27, "selected": 7, "coverage": 0.3211, "unionFrac": 0.3216, "bw": {"40": 7}}}, {"type": "Feature", "geometry": {"type": "Polygon", "coordinates": [[[18.0, -72.0], [18.0, -66.0], [0.0, -66.0], [0.0, -72.0], [18.0, -72.0]]]}, "properties": {"name": "S72E000_6x18", "kind": "latlon", "epsg": 4326, "lonMult": 3, "height": 6, "width": 18, "available": 41, "selected": 12, "coverage": 0.4591, "unionFrac": 0.4591, "bw": {"40": 12}}}, {"type": "Feature", "geometry": {"type": "Polygon", "coordinates": [[[36.0, -72.0], [36.0, -66.0], [18.0, -66.0], [18.0, -72.0], [36.0, -72.0]]]}, "properties": {"name": "S72E018_6x18", "kind": "latlon", "epsg": 4326, "lonMult": 3, "height": 6, "width": 18, "available": 48, "selected": 12, "coverage": 0.5372, "unionFrac": 0.5386, "bw": {"40": 12}}}, {"type": "Feature", "geometry": {"type": "Polygon", "coordinates": [[[54.0, -72.0], [54.0, -66.0], [36.0, -66.0], [36.0, -72.0], [54.0, -72.0]]]}, "properties": {"name": "S72E036_6x18", "kind": "latlon", "epsg": 4326, "lonMult": 3, "height": 6, "width": 18, "available": 77, "selected": 16, "coverage": 0.807, "unionFrac": 0.8081, "bw": {"40": 16}}}, {"type": "Feature", "geometry": {"type": "Polygon", "coordinates": [[[72.0, -72.0], [72.0, -66.0], [54.0, -66.0], [54.0, -72.0], [72.0, -72.0]]]}, "properties": {"name": "S72E054_6x18", "kind": "latlon", "epsg": 4326, "lonMult": 3, "height": 6, "width": 18, "available": 80, "selected": 19, "coverage": 0.8919, "unionFrac": 0.8927, "bw": {"40": 19}}}, {"type": "Feature", "geometry": {"type": "Polygon", "coordinates": [[[90.0, -72.0], [90.0, -66.0], [72.0, -66.0], [72.0, -72.0], [90.0, -72.0]]]}, "properties": {"name": "S72E072_6x18", "kind": "latlon", "epsg": 4326, "lonMult": 3, "height": 6, "width": 18, "available": 99, "selected": 20, "coverage": 0.881, "unionFrac": 0.8817, "bw": {"40": 20}}}, {"type": "Feature", "geometry": {"type": "Polygon", "coordinates": [[[108.0, -72.0], [108.0, -66.0], [90.0, -66.0], [90.0, -72.0], [108.0, -72.0]]]}, "properties": {"name": "S72E090_6x18", "kind": "latlon", "epsg": 4326, "lonMult": 3, "height": 6, "width": 18, "available": 130, "selected": 24, "coverage": 0.9995, "unionFrac": 1.0, "bw": {"40": 24}}}, {"type": "Feature", "geometry": {"type": "Polygon", "coordinates": [[[126.0, -72.0], [126.0, -66.0], [108.0, -66.0], [108.0, -72.0], [126.0, -72.0]]]}, "properties": {"name": "S72E108_6x18", "kind": "latlon", "epsg": 4326, "lonMult": 3, "height": 6, "width": 18, "available": 117, "selected": 25, "coverage": 0.9975, "unionFrac": 0.9978, "bw": {"40": 25}}}, {"type": "Feature", "geometry": {"type": "Polygon", "coordinates": [[[144.0, -72.0], [144.0, -66.0], [126.0, -66.0], [126.0, -72.0], [144.0, -72.0]]]}, "properties": {"name": "S72E126_6x18", "kind": "latlon", "epsg": 4326, "lonMult": 3, "height": 6, "width": 18, "available": 114, "selected": 20, "coverage": 0.9921, "unionFrac": 0.9932, "bw": {"40": 20}}}, {"type": "Feature", "geometry": {"type": "Polygon", "coordinates": [[[162.0, -72.0], [162.0, -66.0], [144.0, -66.0], [144.0, -72.0], [162.0, -72.0]]]}, "properties": {"name": "S72E144_6x18", "kind": "latlon", "epsg": 4326, "lonMult": 3, "height": 6, "width": 18, "available": 93, "selected": 17, "coverage": 0.7515, "unionFrac": 0.7543, "bw": {"77": 1, "40": 16}}}, {"type": "Feature", "geometry": {"type": "Polygon", "coordinates": [[[180.0, -72.0], [180.0, -66.0], [162.0, -66.0], [162.0, -72.0], [180.0, -72.0]]]}, "properties": {"name": "S72E162_6x18", "kind": "latlon", "epsg": 4326, "lonMult": 3, "height": 6, "width": 18, "available": 45, "selected": 11, "coverage": 0.3044, "unionFrac": 0.3068, "bw": {"77": 2, "40": 9}}}, {"type": "Feature", "geometry": {"type": "Polygon", "coordinates": [[[-60.0, -66.0], [-60.0, -60.0], [-72.0, -60.0], [-72.0, -66.0], [-60.0, -66.0]]]}, "properties": {"name": "S66W072_6x12", "kind": "latlon", "epsg": 4326, "lonMult": 2, "height": 6, "width": 12, "available": 31, "selected": 8, "coverage": 0.4112, "unionFrac": 0.4112, "bw": {"40": 8}}}, {"type": "Feature", "geometry": {"type": "Polygon", "coordinates": [[[-48.0, -66.0], [-48.0, -60.0], [-60.0, -60.0], [-60.0, -66.0], [-48.0, -66.0]]]}, "properties": {"name": "S66W060_6x12", "kind": "latlon", "epsg": 4326, "lonMult": 2, "height": 6, "width": 12, "available": 37, "selected": 9, "coverage": 0.4666, "unionFrac": 0.4676, "bw": {"77": 1, "40": 8}}}, {"type": "Feature", "geometry": {"type": "Polygon", "coordinates": [[[-36.0, -66.0], [-36.0, -60.0], [-48.0, -60.0], [-48.0, -66.0], [-36.0, -66.0]]]}, "properties": {"name": "S66W048_6x12", "kind": "latlon", "epsg": 4326, "lonMult": 2, "height": 6, "width": 12, "available": 6, "selected": 3, "coverage": 0.0491, "unionFrac": 0.0503, "bw": {"77": 3}}}, {"type": "Feature", "geometry": {"type": "Polygon", "coordinates": [[[-24.0, -66.0], [-24.0, -60.0], [-36.0, -60.0], [-36.0, -66.0], [-24.0, -66.0]]]}, "properties": {"name": "S66W036_6x12", "kind": "latlon", "epsg": 4326, "lonMult": 2, "height": 6, "width": 12, "available": 1, "selected": 1, "coverage": 0.0012, "unionFrac": 0.0012, "bw": {"20": 1}}}, {"type": "Feature", "geometry": {"type": "Polygon", "coordinates": [[[48.0, -66.0], [48.0, -60.0], [36.0, -60.0], [36.0, -66.0], [48.0, -66.0]]]}, "properties": {"name": "S66E036_6x12", "kind": "latlon", "epsg": 4326, "lonMult": 2, "height": 6, "width": 12, "available": 2, "selected": 1, "coverage": 0.0011, "unionFrac": 0.0013, "bw": {"40": 1}}}, {"type": "Feature", "geometry": {"type": "Polygon", "coordinates": [[[60.0, -66.0], [60.0, -60.0], [48.0, -60.0], [48.0, -66.0], [60.0, -66.0]]]}, "properties": {"name": "S66E048_6x12", "kind": "latlon", "epsg": 4326, "lonMult": 2, "height": 6, "width": 12, "available": 7, "selected": 3, "coverage": 0.1002, "unionFrac": 0.1007, "bw": {"40": 3}}}, {"type": "Feature", "geometry": {"type": "Polygon", "coordinates": [[[84.0, -66.0], [84.0, -60.0], [72.0, -60.0], [72.0, -66.0], [84.0, -66.0]]]}, "properties": {"name": "S66E072_6x12", "kind": "latlon", "epsg": 4326, "lonMult": 2, "height": 6, "width": 12, "available": 4, "selected": 1, "coverage": 0.0141, "unionFrac": 0.0149, "bw": {"40": 1}}}, {"type": "Feature", "geometry": {"type": "Polygon", "coordinates": [[[96.0, -66.0], [96.0, -60.0], [84.0, -60.0], [84.0, -66.0], [96.0, -66.0]]]}, "properties": {"name": "S66E084_6x12", "kind": "latlon", "epsg": 4326, "lonMult": 2, "height": 6, "width": 12, "available": 21, "selected": 6, "coverage": 0.1125, "unionFrac": 0.1132, "bw": {"40": 6}}}, {"type": "Feature", "geometry": {"type": "Polygon", "coordinates": [[[108.0, -66.0], [108.0, -60.0], [96.0, -60.0], [96.0, -66.0], [108.0, -66.0]]]}, "properties": {"name": "S66E096_6x12", "kind": "latlon", "epsg": 4326, "lonMult": 2, "height": 6, "width": 12, "available": 30, "selected": 5, "coverage": 0.2427, "unionFrac": 0.2437, "bw": {"40": 5}}}, {"type": "Feature", "geometry": {"type": "Polygon", "coordinates": [[[120.0, -66.0], [120.0, -60.0], [108.0, -60.0], [108.0, -66.0], [120.0, -66.0]]]}, "properties": {"name": "S66E108_6x12", "kind": "latlon", "epsg": 4326, "lonMult": 2, "height": 6, "width": 12, "available": 18, "selected": 5, "coverage": 0.1066, "unionFrac": 0.1078, "bw": {"40": 5}}}, {"type": "Feature", "geometry": {"type": "Polygon", "coordinates": [[[132.0, -66.0], [132.0, -60.0], [120.0, -60.0], [120.0, -66.0], [132.0, -66.0]]]}, "properties": {"name": "S66E120_6x12", "kind": "latlon", "epsg": 4326, "lonMult": 2, "height": 6, "width": 12, "available": 21, "selected": 5, "coverage": 0.0617, "unionFrac": 0.0626, "bw": {"40": 5}}}, {"type": "Feature", "geometry": {"type": "Polygon", "coordinates": [[[144.0, -66.0], [144.0, -60.0], [132.0, -60.0], [132.0, -66.0], [144.0, -66.0]]]}, "properties": {"name": "S66E132_6x12", "kind": "latlon", "epsg": 4326, "lonMult": 2, "height": 6, "width": 12, "available": 12, "selected": 3, "coverage": 0.0766, "unionFrac": 0.0766, "bw": {"40": 3}}}, {"type": "Feature", "geometry": {"type": "Polygon", "coordinates": [[[-72.0, -60.0], [-72.0, -54.0], [-78.0, -54.0], [-78.0, -60.0], [-72.0, -60.0]]]}, "properties": {"name": "S60W078_6x6", "kind": "latlon", "epsg": 4326, "lonMult": 1, "height": 6, "width": 6, "available": 12, "selected": 5, "coverage": 0.1117, "unionFrac": 0.1117, "bw": {"40": 3, "20": 2}}}, {"type": "Feature", "geometry": {"type": "Polygon", "coordinates": [[[-66.0, -60.0], [-66.0, -54.0], [-72.0, -54.0], [-72.0, -60.0], [-66.0, -60.0]]]}, "properties": {"name": "S60W072_6x6", "kind": "latlon", "epsg": 4326, "lonMult": 1, "height": 6, "width": 6, "available": 15, "selected": 5, "coverage": 0.3211, "unionFrac": 0.3221, "bw": {"40": 2, "20": 3}}}, {"type": "Feature", "geometry": {"type": "Polygon", "coordinates": [[[-36.0, -60.0], [-36.0, -54.0], [-42.0, -54.0], [-42.0, -60.0], [-36.0, -60.0]]]}, "properties": {"name": "S60W042_6x6", "kind": "latlon", "epsg": 4326, "lonMult": 1, "height": 6, "width": 6, "available": 3, "selected": 2, "coverage": 0.087, "unionFrac": 0.087, "bw": {"20": 2}}}, {"type": "Feature", "geometry": {"type": "Polygon", "coordinates": [[[-30.0, -60.0], [-30.0, -54.0], [-36.0, -54.0], [-36.0, -60.0], [-30.0, -60.0]]]}, "properties": {"name": "S60W036_6x6", "kind": "latlon", "epsg": 4326, "lonMult": 1, "height": 6, "width": 6, "available": 9, "selected": 6, "coverage": 0.0781, "unionFrac": 0.0788, "bw": {"20": 6}}}, {"type": "Feature", "geometry": {"type": "Polygon", "coordinates": [[[-24.0, -60.0], [-24.0, -54.0], [-30.0, -54.0], [-30.0, -60.0], [-24.0, -60.0]]]}, "properties": {"name": "S60W030_6x6", "kind": "latlon", "epsg": 4326, "lonMult": 1, "height": 6, "width": 6, "available": 14, "selected": 8, "coverage": 0.5708, "unionFrac": 0.5715, "bw": {"20": 8}}}, {"type": "Feature", "geometry": {"type": "Polygon", "coordinates": [[[-18.0, -60.0], [-18.0, -54.0], [-24.0, -54.0], [-24.0, -60.0], [-18.0, -60.0]]]}, "properties": {"name": "S60W024_6x6", "kind": "latlon", "epsg": 4326, "lonMult": 1, "height": 6, "width": 6, "available": 6, "selected": 2, "coverage": 0.0498, "unionFrac": 0.0502, "bw": {"20": 2}}}, {"type": "Feature", "geometry": {"type": "Polygon", "coordinates": [[[6.0, -60.0], [6.0, -54.0], [0.0, -54.0], [0.0, -60.0], [6.0, -60.0]]]}, "properties": {"name": "S60E000_6x6", "kind": "latlon", "epsg": 4326, "lonMult": 1, "height": 6, "width": 6, "available": 6, "selected": 4, "coverage": 0.0934, "unionFrac": 0.0934, "bw": {"20": 4}}}, {"type": "Feature", "geometry": {"type": "Polygon", "coordinates": [[[12.0, -60.0], [12.0, -54.0], [6.0, -54.0], [6.0, -60.0], [12.0, -60.0]]]}, "properties": {"name": "S60E006_6x6", "kind": "latlon", "epsg": 4326, "lonMult": 1, "height": 6, "width": 6, "available": 3, "selected": 1, "coverage": 0.0112, "unionFrac": 0.0121, "bw": {"20": 1}}}, {"type": "Feature", "geometry": {"type": "Polygon", "coordinates": [[[-78.0, -54.0], [-78.0, -48.0], [-84.0, -48.0], [-84.0, -54.0], [-78.0, -54.0]]]}, "properties": {"name": "S54W084_6x6", "kind": "latlon", "epsg": 4326, "lonMult": 1, "height": 6, "width": 6, "available": 3, "selected": 1, "coverage": 0.0044, "unionFrac": 0.0048, "bw": {"20": 1}}}, {"type": "Feature", "geometry": {"type": "Polygon", "coordinates": [[[-72.0, -54.0], [-72.0, -48.0], [-78.0, -48.0], [-78.0, -54.0], [-72.0, -54.0]]]}, "properties": {"name": "S54W078_6x6", "kind": "latlon", "epsg": 4326, "lonMult": 1, "height": 6, "width": 6, "available": 43, "selected": 15, "coverage": 0.8542, "unionFrac": 0.8542, "bw": {"40": 6, "20": 9}}}, {"type": "Feature", "geometry": {"type": "Polygon", "coordinates": [[[-66.0, -54.0], [-66.0, -48.0], [-72.0, -48.0], [-72.0, -54.0], [-66.0, -54.0]]]}, "properties": {"name": "S54W072_6x6", "kind": "latlon", "epsg": 4326, "lonMult": 1, "height": 6, "width": 6, "available": 52, "selected": 15, "coverage": 0.9965, "unionFrac": 0.9966, "bw": {"40": 4, "20": 11}}}, {"type": "Feature", "geometry": {"type": "Polygon", "coordinates": [[[-60.0, -54.0], [-60.0, -48.0], [-66.0, -48.0], [-66.0, -54.0], [-60.0, -54.0]]]}, "properties": {"name": "S54W066_6x6", "kind": "latlon", "epsg": 4326, "lonMult": 1, "height": 6, "width": 6, "available": 24, "selected": 9, "coverage": 0.2843, "unionFrac": 0.2852, "bw": {"20": 9}}}, {"type": "Feature", "geometry": {"type": "Polygon", "coordinates": [[[-54.0, -54.0], [-54.0, -48.0], [-60.0, -48.0], [-60.0, -54.0], [-54.0, -54.0]]]}, "properties": {"name": "S54W060_6x6", "kind": "latlon", "epsg": 4326, "lonMult": 1, "height": 6, "width": 6, "available": 15, "selected": 7, "coverage": 0.2402, "unionFrac": 0.2402, "bw": {"20": 7}}}, {"type": "Feature", "geometry": {"type": "Polygon", "coordinates": [[[-36.0, -54.0], [-36.0, -48.0], [-42.0, -48.0], [-42.0, -54.0], [-36.0, -54.0]]]}, "properties": {"name": "S54W042_6x6", "kind": "latlon", "epsg": 4326, "lonMult": 1, "height": 6, "width": 6, "available": 3, "selected": 2, "coverage": 0.0073, "unionFrac": 0.0073, "bw": {"20": 2}}}, {"type": "Feature", "geometry": {"type": "Polygon", "coordinates": [[[6.0, -54.0], [6.0, -48.0], [0.0, -48.0], [0.0, -54.0], [6.0, -54.0]]]}, "properties": {"name": "S54E000_6x6", "kind": "latlon", "epsg": 4326, "lonMult": 1, "height": 6, "width": 6, "available": 3, "selected": 1, "coverage": 0.0057, "unionFrac": 0.0057, "bw": {"20": 1}}}, {"type": "Feature", "geometry": {"type": "Polygon", "coordinates": [[[72.0, -54.0], [72.0, -48.0], [66.0, -48.0], [66.0, -54.0], [72.0, -54.0]]]}, "properties": {"name": "S54E066_6x6", "kind": "latlon", "epsg": 4326, "lonMult": 1, "height": 6, "width": 6, "available": 6, "selected": 4, "coverage": 0.2238, "unionFrac": 0.2247, "bw": {"20": 4}}}, {"type": "Feature", "geometry": {"type": "Polygon", "coordinates": [[[78.0, -54.0], [78.0, -48.0], [72.0, -48.0], [72.0, -54.0], [78.0, -54.0]]]}, "properties": {"name": "S54E072_6x6", "kind": "latlon", "epsg": 4326, "lonMult": 1, "height": 6, "width": 6, "available": 3, "selected": 1, "coverage": 0.0163, "unionFrac": 0.0167, "bw": {"20": 1}}}, {"type": "Feature", "geometry": {"type": "Polygon", "coordinates": [[[-72.0, -48.0], [-72.0, -42.0], [-78.0, -42.0], [-78.0, -48.0], [-72.0, -48.0]]]}, "properties": {"name": "S48W078_6x6", "kind": "latlon", "epsg": 4326, "lonMult": 1, "height": 6, "width": 6, "available": 33, "selected": 11, "coverage": 0.6283, "unionFrac": 0.6284, "bw": {"20": 7, "40": 4}}}, {"type": "Feature", "geometry": {"type": "Polygon", "coordinates": [[[-66.0, -48.0], [-66.0, -42.0], [-72.0, -42.0], [-72.0, -48.0], [-66.0, -48.0]]]}, "properties": {"name": "S48W072_6x6", "kind": "latlon", "epsg": 4326, "lonMult": 1, "height": 6, "width": 6, "available": 51, "selected": 17, "coverage": 1.0, "unionFrac": 1.0, "bw": {"20": 13, "40": 4}}}, {"type": "Feature", "geometry": {"type": "Polygon", "coordinates": [[[-60.0, -48.0], [-60.0, -42.0], [-66.0, -42.0], [-66.0, -48.0], [-60.0, -48.0]]]}, "properties": {"name": "S48W066_6x6", "kind": "latlon", "epsg": 4326, "lonMult": 1, "height": 6, "width": 6, "available": 20, "selected": 7, "coverage": 0.3953, "unionFrac": 0.396, "bw": {"20": 7}}}, {"type": "Feature", "geometry": {"type": "Polygon", "coordinates": [[[144.0, -48.0], [144.0, -42.0], [138.0, -42.0], [138.0, -48.0], [144.0, -48.0]]]}, "properties": {"name": "S48E138_6x6", "kind": "latlon", "epsg": 4326, "lonMult": 1, "height": 6, "width": 6, "available": 2, "selected": 1, "coverage": 0.0327, "unionFrac": 0.0328, "bw": {"20": 1}}}, {"type": "Feature", "geometry": {"type": "Polygon", "coordinates": [[[150.0, -48.0], [150.0, -42.0], [144.0, -42.0], [144.0, -48.0], [150.0, -48.0]]]}, "properties": {"name": "S48E144_6x6", "kind": "latlon", "epsg": 4326, "lonMult": 1, "height": 6, "width": 6, "available": 15, "selected": 8, "coverage": 0.3053, "unionFrac": 0.3053, "bw": {"20": 8}}}, {"type": "Feature", "geometry": {"type": "Polygon", "coordinates": [[[156.0, -48.0], [156.0, -42.0], [150.0, -42.0], [150.0, -48.0], [156.0, -48.0]]]}, "properties": {"name": "S48E150_6x6", "kind": "latlon", "epsg": 4326, "lonMult": 1, "height": 6, "width": 6, "available": 6, "selected": 2, "coverage": 0.036, "unionFrac": 0.0366, "bw": {"20": 2}}}, {"type": "Feature", "geometry": {"type": "Polygon", "coordinates": [[[168.0, -48.0], [168.0, -42.0], [162.0, -42.0], [162.0, -48.0], [168.0, -48.0]]]}, "properties": {"name": "S48E162_6x6", "kind": "latlon", "epsg": 4326, "lonMult": 1, "height": 6, "width": 6, "available": 10, "selected": 4, "coverage": 0.1747, "unionFrac": 0.1759, "bw": {"20": 4}}}, {"type": "Feature", "geometry": {"type": "Polygon", "coordinates": [[[174.0, -48.0], [174.0, -42.0], [168.0, -42.0], [168.0, -48.0], [174.0, -48.0]]]}, "properties": {"name": "S48E168_6x6", "kind": "latlon", "epsg": 4326, "lonMult": 1, "height": 6, "width": 6, "available": 28, "selected": 9, "coverage": 0.6974, "unionFrac": 0.6993, "bw": {"20": 9}}}, {"type": "Feature", "geometry": {"type": "Polygon", "coordinates": [[[180.0, -48.0], [180.0, -42.0], [174.0, -42.0], [174.0, -48.0], [180.0, -48.0]]]}, "properties": {"name": "S48E174_6x6", "kind": "latlon", "epsg": 4326, "lonMult": 1, "height": 6, "width": 6, "available": 9, "selected": 5, "coverage": 0.0627, "unionFrac": 0.0627, "bw": {"20": 5}}}, {"type": "Feature", "geometry": {"type": "Polygon", "coordinates": [[[-72.0, -42.0], [-72.0, -36.0], [-78.0, -36.0], [-78.0, -42.0], [-72.0, -42.0]]]}, "properties": {"name": "S42W078_6x6", "kind": "latlon", "epsg": 4326, "lonMult": 1, "height": 6, "width": 6, "available": 23, "selected": 7, "coverage": 0.3798, "unionFrac": 0.3798, "bw": {"40": 2, "20": 5}}}, {"type": "Feature", "geometry": {"type": "Polygon", "coordinates": [[[-66.0, -42.0], [-66.0, -36.0], [-72.0, -36.0], [-72.0, -42.0], [-66.0, -42.0]]]}, "properties": {"name": "S42W072_6x6", "kind": "latlon", "epsg": 4326, "lonMult": 1, "height": 6, "width": 6, "available": 55, "selected": 21, "coverage": 0.9999, "unionFrac": 1.0, "bw": {"40": 3, "20": 18}}}, {"type": "Feature", "geometry": {"type": "Polygon", "coordinates": [[[-60.0, -42.0], [-60.0, -36.0], [-66.0, -36.0], [-66.0, -42.0], [-60.0, -42.0]]]}, "properties": {"name": "S42W066_6x6", "kind": "latlon", "epsg": 4326, "lonMult": 1, "height": 6, "width": 6, "available": 49, "selected": 17, "coverage": 0.9038, "unionFrac": 0.9039, "bw": {"40": 3, "20": 14}}}, {"type": "Feature", "geometry": {"type": "Polygon", "coordinates": [[[-54.0, -42.0], [-54.0, -36.0], [-60.0, -36.0], [-60.0, -42.0], [-54.0, -42.0]]]}, "properties": {"name": "S42W060_6x6", "kind": "latlon", "epsg": 4326, "lonMult": 1, "height": 6, "width": 6, "available": 27, "selected": 11, "coverage": 0.4203, "unionFrac": 0.4204, "bw": {"40": 2, "20": 9}}}, {"type": "Feature", "geometry": {"type": "Polygon", "coordinates": [[[78.0, -42.0], [78.0, -36.0], [72.0, -36.0], [72.0, -42.0], [78.0, -42.0]]]}, "properties": {"name": "S42E072_6x6", "kind": "latlon", "epsg": 4326, "lonMult": 1, "height": 6, "width": 6, "available": 3, "selected": 2, "coverage": 0.0601, "unionFrac": 0.0601, "bw": {"20": 2}}}, {"type": "Feature", "geometry": {"type": "Polygon", "coordinates": [[[84.0, -42.0], [84.0, -36.0], [78.0, -36.0], [78.0, -42.0], [84.0, -42.0]]]}, "properties": {"name": "S42E078_6x6", "kind": "latlon", "epsg": 4326, "lonMult": 1, "height": 6, "width": 6, "available": 3, "selected": 2, "coverage": 0.0194, "unionFrac": 0.0194, "bw": {"20": 2}}}, {"type": "Feature", "geometry": {"type": "Polygon", "coordinates": [[[138.0, -42.0], [138.0, -36.0], [132.0, -36.0], [132.0, -42.0], [138.0, -42.0]]]}, "properties": {"name": "S42E132_6x6", "kind": "latlon", "epsg": 4326, "lonMult": 1, "height": 6, "width": 6, "available": 2, "selected": 2, "coverage": 0.0206, "unionFrac": 0.0206, "bw": {"40": 1, "20": 1}}}, {"type": "Feature", "geometry": {"type": "Polygon", "coordinates": [[[144.0, -42.0], [144.0, -36.0], [138.0, -36.0], [138.0, -42.0], [144.0, -42.0]]]}, "properties": {"name": "S42E138_6x6", "kind": "latlon", "epsg": 4326, "lonMult": 1, "height": 6, "width": 6, "available": 31, "selected": 15, "coverage": 0.4946, "unionFrac": 0.4955, "bw": {"20": 14, "40": 1}}}, {"type": "Feature", "geometry": {"type": "Polygon", "coordinates": [[[150.0, -42.0], [150.0, -36.0], [144.0, -36.0], [144.0, -42.0], [150.0, -42.0]]]}, "properties": {"name": "S42E144_6x6", "kind": "latlon", "epsg": 4326, "lonMult": 1, "height": 6, "width": 6, "available": 52, "selected": 17, "coverage": 0.9179, "unionFrac": 0.9188, "bw": {"40": 4, "20": 13}}}, {"type": "Feature", "geometry": {"type": "Polygon", "coordinates": [[[156.0, -42.0], [156.0, -36.0], [150.0, -36.0], [150.0, -42.0], [156.0, -42.0]]]}, "properties": {"name": "S42E150_6x6", "kind": "latlon", "epsg": 4326, "lonMult": 1, "height": 6, "width": 6, "available": 9, "selected": 4, "coverage": 0.1666, "unionFrac": 0.1666, "bw": {"40": 1, "20": 3}}}, {"type": "Feature", "geometry": {"type": "Polygon", "coordinates": [[[174.0, -42.0], [174.0, -36.0], [168.0, -36.0], [168.0, -42.0], [174.0, -42.0]]]}, "properties": {"name": "S42E168_6x6", "kind": "latlon", "epsg": 4326, "lonMult": 1, "height": 6, "width": 6, "available": 27, "selected": 10, "coverage": 0.2644, "unionFrac": 0.2651, "bw": {"20": 10}}}, {"type": "Feature", "geometry": {"type": "Polygon", "coordinates": [[[180.0, -42.0], [180.0, -36.0], [174.0, -36.0], [174.0, -42.0], [180.0, -42.0]]]}, "properties": {"name": "S42E174_6x6", "kind": "latlon", "epsg": 4326, "lonMult": 1, "height": 6, "width": 6, "available": 30, "selected": 9, "coverage": 0.6634, "unionFrac": 0.6651, "bw": {"20": 9}}}, {"type": "Feature", "geometry": {"type": "Polygon", "coordinates": [[[-174.0, -36.0], [-174.0, -30.0], [-180.0, -30.0], [-180.0, -36.0], [-174.0, -36.0]]]}, "properties": {"name": "S36W180_6x6", "kind": "latlon", "epsg": 4326, "lonMult": 1, "height": 6, "width": 6, "available": 3, "selected": 2, "coverage": 0.0277, "unionFrac": 0.0277, "bw": {"20": 2}}}, {"type": "Feature", "geometry": {"type": "Polygon", "coordinates": [[[-72.0, -36.0], [-72.0, -30.0], [-78.0, -30.0], [-78.0, -36.0], [-72.0, -36.0]]]}, "properties": {"name": "S36W078_6x6", "kind": "latlon", "epsg": 4326, "lonMult": 1, "height": 6, "width": 6, "available": 9, "selected": 4, "coverage": 0.1916, "unionFrac": 0.1918, "bw": {"20": 4}}}, {"type": "Feature", "geometry": {"type": "Polygon", "coordinates": [[[-66.0, -36.0], [-66.0, -30.0], [-72.0, -30.0], [-72.0, -36.0], [-66.0, -36.0]]]}, "properties": {"name": "S36W072_6x6", "kind": "latlon", "epsg": 4326, "lonMult": 1, "height": 6, "width": 6, "available": 38, "selected": 15, "coverage": 0.9984, "unionFrac": 1.0, "bw": {"20": 15}}}, {"type": "Feature", "geometry": {"type": "Polygon", "coordinates": [[[-60.0, -36.0], [-60.0, -30.0], [-66.0, -30.0], [-66.0, -36.0], [-60.0, -36.0]]]}, "properties": {"name": "S36W066_6x6", "kind": "latlon", "epsg": 4326, "lonMult": 1, "height": 6, "width": 6, "available": 56, "selected": 16, "coverage": 0.9988, "unionFrac": 1.0, "bw": {"20": 16}}}, {"type": "Feature", "geometry": {"type": "Polygon", "coordinates": [[[-54.0, -36.0], [-54.0, -30.0], [-60.0, -30.0], [-60.0, -36.0], [-54.0, -36.0]]]}, "properties": {"name": "S36W060_6x6", "kind": "latlon", "epsg": 4326, "lonMult": 1, "height": 6, "width": 6, "available": 69, "selected": 18, "coverage": 0.9322, "unionFrac": 0.9333, "bw": {"40": 4, "20": 14}}}, {"type": "Feature", "geometry": {"type": "Polygon", "coordinates": [[[-48.0, -36.0], [-48.0, -30.0], [-54.0, -30.0], [-54.0, -36.0], [-48.0, -36.0]]]}, "properties": {"name": "S36W054_6x6", "kind": "latlon", "epsg": 4326, "lonMult": 1, "height": 6, "width": 6, "available": 29, "selected": 10, "coverage": 0.522, "unionFrac": 0.5223, "bw": {"40": 3, "20": 7}}}, {"type": "Feature", "geometry": {"type": "Polygon", "coordinates": [[[18.0, -36.0], [18.0, -30.0], [12.0, -30.0], [12.0, -36.0], [18.0, -36.0]]]}, "properties": {"name": "S36E012_6x6", "kind": "latlon", "epsg": 4326, "lonMult": 1, "height": 6, "width": 6, "available": 12, "selected": 6, "coverage": 0.1996, "unionFrac": 0.1997, "bw": {"20": 6}}}, {"type": "Feature", "geometry": {"type": "Polygon", "coordinates": [[[24.0, -36.0], [24.0, -30.0], [18.0, -30.0], [18.0, -36.0], [24.0, -36.0]]]}, "properties": {"name": "S36E018_6x6", "kind": "latlon", "epsg": 4326, "lonMult": 1, "height": 6, "width": 6, "available": 41, "selected": 16, "coverage": 0.8086, "unionFrac": 0.8099, "bw": {"20": 16}}}, {"type": "Feature", "geometry": {"type": "Polygon", "coordinates": [[[30.0, -36.0], [30.0, -30.0], [24.0, -30.0], [24.0, -36.0], [30.0, -36.0]]]}, "properties": {"name": "S36E024_6x6", "kind": "latlon", "epsg": 4326, "lonMult": 1, "height": 6, "width": 6, "available": 36, "selected": 12, "coverage": 0.6865, "unionFrac": 0.6869, "bw": {"20": 12}}}, {"type": "Feature", "geometry": {"type": "Polygon", "coordinates": [[[36.0, -36.0], [36.0, -30.0], [30.0, -30.0], [30.0, -36.0], [36.0, -36.0]]]}, "properties": {"name": "S36E030_6x6", "kind": "latlon", "epsg": 4326, "lonMult": 1, "height": 6, "width": 6, "available": 12, "selected": 5, "coverage": 0.125, "unionFrac": 0.125, "bw": {"20": 2, "40": 3}}}, {"type": "Feature", "geometry": {"type": "Polygon", "coordinates": [[[114.0, -36.0], [114.0, -30.0], [108.0, -30.0], [108.0, -36.0], [114.0, -36.0]]]}, "properties": {"name": "S36E108_6x6", "kind": "latlon", "epsg": 4326, "lonMult": 1, "height": 6, "width": 6, "available": 8, "selected": 4, "coverage": 0.0327, "unionFrac": 0.0328, "bw": {"20": 4}}}, {"type": "Feature", "geometry": {"type": "Polygon", "coordinates": [[[120.0, -36.0], [120.0, -30.0], [114.0, -30.0], [114.0, -36.0], [120.0, -36.0]]]}, "properties": {"name": "S36E114_6x6", "kind": "latlon", "epsg": 4326, "lonMult": 1, "height": 6, "width": 6, "available": 41, "selected": 17, "coverage": 0.7916, "unionFrac": 0.7916, "bw": {"40": 3, "20": 14}}}, {"type": "Feature", "geometry": {"type": "Polygon", "coordinates": [[[126.0, -36.0], [126.0, -30.0], [120.0, -30.0], [120.0, -36.0], [126.0, -36.0]]]}, "properties": {"name": "S36E120_6x6", "kind": "latlon", "epsg": 4326, "lonMult": 1, "height": 6, "width": 6, "available": 42, "selected": 15, "coverage": 0.7172, "unionFrac": 0.7178, "bw": {"20": 15}}}, {"type": "Feature", "geometry": {"type": "Polygon", "coordinates": [[[132.0, -36.0], [132.0, -30.0], [126.0, -30.0], [126.0, -36.0], [132.0, -36.0]]]}, "properties": {"name": "S36E126_6x6", "kind": "latlon", "epsg": 4326, "lonMult": 1, "height": 6, "width": 6, "available": 33, "selected": 12, "coverage": 0.4306, "unionFrac": 0.4307, "bw": {"20": 12}}}, {"type": "Feature", "geometry": {"type": "Polygon", "coordinates": [[[138.0, -36.0], [138.0, -30.0], [132.0, -30.0], [132.0, -36.0], [138.0, -36.0]]]}, "properties": {"name": "S36E132_6x6", "kind": "latlon", "epsg": 4326, "lonMult": 1, "height": 6, "width": 6, "available": 30, "selected": 10, "coverage": 0.5483, "unionFrac": 0.5501, "bw": {"20": 9, "40": 1}}}, {"type": "Feature", "geometry": {"type": "Polygon", "coordinates": [[[144.0, -36.0], [144.0, -30.0], [138.0, -30.0], [138.0, -36.0], [144.0, -36.0]]]}, "properties": {"name": "S36E138_6x6", "kind": "latlon", "epsg": 4326, "lonMult": 1, "height": 6, "width": 6, "available": 54, "selected": 15, "coverage": 0.9992, "unionFrac": 1.0, "bw": {"20": 14, "40": 1}}}, {"type": "Feature", "geometry": {"type": "Polygon", "coordinates": [[[150.0, -36.0], [150.0, -30.0], [144.0, -30.0], [144.0, -36.0], [150.0, -36.0]]]}, "properties": {"name": "S36E144_6x6", "kind": "latlon", "epsg": 4326, "lonMult": 1, "height": 6, "width": 6, "available": 70, "selected": 20, "coverage": 0.9988, "unionFrac": 0.9992, "bw": {"40": 6, "20": 14}}}, {"type": "Feature", "geometry": {"type": "Polygon", "coordinates": [[[156.0, -36.0], [156.0, -30.0], [150.0, -30.0], [150.0, -36.0], [156.0, -36.0]]]}, "properties": {"name": "S36E150_6x6", "kind": "latlon", "epsg": 4326, "lonMult": 1, "height": 6, "width": 6, "available": 40, "selected": 11, "coverage": 0.6076, "unionFrac": 0.6081, "bw": {"40": 4, "20": 7}}}, {"type": "Feature", "geometry": {"type": "Polygon", "coordinates": [[[174.0, -36.0], [174.0, -30.0], [168.0, -30.0], [168.0, -36.0], [174.0, -36.0]]]}, "properties": {"name": "S36E168_6x6", "kind": "latlon", "epsg": 4326, "lonMult": 1, "height": 6, "width": 6, "available": 6, "selected": 2, "coverage": 0.0798, "unionFrac": 0.0804, "bw": {"20": 2}}}, {"type": "Feature", "geometry": {"type": "Polygon", "coordinates": [[[180.0, -36.0], [180.0, -30.0], [174.0, -30.0], [174.0, -36.0], [180.0, -36.0]]]}, "properties": {"name": "S36E174_6x6", "kind": "latlon", "epsg": 4326, "lonMult": 1, "height": 6, "width": 6, "available": 9, "selected": 4, "coverage": 0.0584, "unionFrac": 0.0591, "bw": {"20": 4}}}, {"type": "Feature", "geometry": {"type": "Polygon", "coordinates": [[[-174.0, -30.0], [-174.0, -24.0], [-180.0, -24.0], [-180.0, -30.0], [-174.0, -30.0]]]}, "properties": {"name": "S30W180_6x6", "kind": "latlon", "epsg": 4326, "lonMult": 1, "height": 6, "width": 6, "available": 3, "selected": 1, "coverage": 0.0824, "unionFrac": 0.0825, "bw": {"20": 1}}}, {"type": "Feature", "geometry": {"type": "Polygon", "coordinates": [[[-72.0, -30.0], [-72.0, -24.0], [-78.0, -24.0], [-78.0, -30.0], [-72.0, -30.0]]]}, "properties": {"name": "S30W078_6x6", "kind": "latlon", "epsg": 4326, "lonMult": 1, "height": 6, "width": 6, "available": 4, "selected": 2, "coverage": 0.0153, "unionFrac": 0.0153, "bw": {"20": 2}}}, {"type": "Feature", "geometry": {"type": "Polygon", "coordinates": [[[-66.0, -30.0], [-66.0, -24.0], [-72.0, -24.0], [-72.0, -30.0], [-66.0, -30.0]]]}, "properties": {"name": "S30W072_6x6", "kind": "latlon", "epsg": 4326, "lonMult": 1, "height": 6, "width": 6, "available": 31, "selected": 13, "coverage": 0.8593, "unionFrac": 0.8607, "bw": {"20": 13}}}, {"type": "Feature", "geometry": {"type": "Polygon", "coordinates": [[[-60.0, -30.0], [-60.0, -24.0], [-66.0, -24.0], [-66.0, -30.0], [-60.0, -30.0]]]}, "properties": {"name": "S30W066_6x6", "kind": "latlon", "epsg": 4326, "lonMult": 1, "height": 6, "width": 6, "available": 44, "selected": 16, "coverage": 0.9981, "unionFrac": 1.0, "bw": {"20": 16}}}, {"type": "Feature", "geometry": {"type": "Polygon", "coordinates": [[[-54.0, -30.0], [-54.0, -24.0], [-60.0, -24.0], [-60.0, -30.0], [-54.0, -30.0]]]}, "properties": {"name": "S30W060_6x6", "kind": "latlon", "epsg": 4326, "lonMult": 1, "height": 6, "width": 6, "available": 57, "selected": 16, "coverage": 0.9986, "unionFrac": 1.0, "bw": {"20": 15, "40": 1}}}, {"type": "Feature", "geometry": {"type": "Polygon", "coordinates": [[[-48.0, -30.0], [-48.0, -24.0], [-54.0, -24.0], [-54.0, -30.0], [-48.0, -30.0]]]}, "properties": {"name": "S30W054_6x6", "kind": "latlon", "epsg": 4326, "lonMult": 1, "height": 6, "width": 6, "available": 62, "selected": 22, "coverage": 0.9718, "unionFrac": 0.9724, "bw": {"40": 10, "20": 12}}}, {"type": "Feature", "geometry": {"type": "Polygon", "coordinates": [[[-42.0, -30.0], [-42.0, -24.0], [-48.0, -24.0], [-48.0, -30.0], [-42.0, -30.0]]]}, "properties": {"name": "S30W048_6x6", "kind": "latlon", "epsg": 4326, "lonMult": 1, "height": 6, "width": 6, "available": 23, "selected": 10, "coverage": 0.2562, "unionFrac": 0.257, "bw": {"40": 5, "20": 5}}}, {"type": "Feature", "geometry": {"type": "Polygon", "coordinates": [[[-36.0, -30.0], [-36.0, -24.0], [-42.0, -24.0], [-42.0, -30.0], [-36.0, -30.0]]]}, "properties": {"name": "S30W042_6x6", "kind": "latlon", "epsg": 4326, "lonMult": 1, "height": 6, "width": 6, "available": 1, "selected": 1, "coverage": 0.0108, "unionFrac": 0.0108, "bw": {"40": 1}}}, {"type": "Feature", "geometry": {"type": "Polygon", "coordinates": [[[18.0, -30.0], [18.0, -24.0], [12.0, -24.0], [12.0, -30.0], [18.0, -30.0]]]}, "properties": {"name": "S30E012_6x6", "kind": "latlon", "epsg": 4326, "lonMult": 1, "height": 6, "width": 6, "available": 30, "selected": 11, "coverage": 0.6383, "unionFrac": 0.6389, "bw": {"20": 11}}}, {"type": "Feature", "geometry": {"type": "Polygon", "coordinates": [[[24.0, -30.0], [24.0, -24.0], [18.0, -24.0], [18.0, -30.0], [24.0, -30.0]]]}, "properties": {"name": "S30E018_6x6", "kind": "latlon", "epsg": 4326, "lonMult": 1, "height": 6, "width": 6, "available": 64, "selected": 15, "coverage": 0.9989, "unionFrac": 1.0, "bw": {"20": 15}}}, {"type": "Feature", "geometry": {"type": "Polygon", "coordinates": [[[30.0, -30.0], [30.0, -24.0], [24.0, -24.0], [24.0, -30.0], [30.0, -30.0]]]}, "properties": {"name": "S30E024_6x6", "kind": "latlon", "epsg": 4326, "lonMult": 1, "height": 6, "width": 6, "available": 69, "selected": 17, "coverage": 0.9991, "unionFrac": 1.0, "bw": {"40": 3, "20": 14}}}, {"type": "Feature", "geometry": {"type": "Polygon", "coordinates": [[[36.0, -30.0], [36.0, -24.0], [30.0, -24.0], [30.0, -30.0], [36.0, -30.0]]]}, "properties": {"name": "S30E030_6x6", "kind": "latlon", "epsg": 4326, "lonMult": 1, "height": 6, "width": 6, "available": 43, "selected": 13, "coverage": 0.7815, "unionFrac": 0.7822, "bw": {"20": 10, "40": 3}}}, {"type": "Feature", "geometry": {"type": "Polygon", "coordinates": [[[42.0, -30.0], [42.0, -24.0], [36.0, -24.0], [36.0, -30.0], [42.0, -30.0]]]}, "properties": {"name": "S30E036_6x6", "kind": "latlon", "epsg": 4326, "lonMult": 1, "height": 6, "width": 6, "available": 3, "selected": 1, "coverage": 0.0088, "unionFrac": 0.0096, "bw": {"20": 1}}}, {"type": "Feature", "geometry": {"type": "Polygon", "coordinates": [[[48.0, -30.0], [48.0, -24.0], [42.0, -24.0], [42.0, -30.0], [48.0, -30.0]]]}, "properties": {"name": "S30E042_6x6", "kind": "latlon", "epsg": 4326, "lonMult": 1, "height": 6, "width": 6, "available": 18, "selected": 9, "coverage": 0.2611, "unionFrac": 0.2612, "bw": {"20": 9}}}, {"type": "Feature", "geometry": {"type": "Polygon", "coordinates": [[[54.0, -30.0], [54.0, -24.0], [48.0, -24.0], [48.0, -30.0], [54.0, -30.0]]]}, "properties": {"name": "S30E048_6x6", "kind": "latlon", "epsg": 4326, "lonMult": 1, "height": 6, "width": 6, "available": 6, "selected": 2, "coverage": 0.0051, "unionFrac": 0.0051, "bw": {"20": 2}}}, {"type": "Feature", "geometry": {"type": "Polygon", "coordinates": [[[114.0, -30.0], [114.0, -24.0], [108.0, -24.0], [108.0, -30.0], [114.0, -30.0]]]}, "properties": {"name": "S30E108_6x6", "kind": "latlon", "epsg": 4326, "lonMult": 1, "height": 6, "width": 6, "available": 20, "selected": 7, "coverage": 0.2419, "unionFrac": 0.242, "bw": {"20": 7}}}, {"type": "Feature", "geometry": {"type": "Polygon", "coordinates": [[[120.0, -30.0], [120.0, -24.0], [114.0, -24.0], [114.0, -30.0], [120.0, -30.0]]]}, "properties": {"name": "S30E114_6x6", "kind": "latlon", "epsg": 4326, "lonMult": 1, "height": 6, "width": 6, "available": 65, "selected": 17, "coverage": 0.9986, "unionFrac": 1.0, "bw": {"40": 2, "20": 15}}}, {"type": "Feature", "geometry": {"type": "Polygon", "coordinates": [[[126.0, -30.0], [126.0, -24.0], [120.0, -24.0], [120.0, -30.0], [126.0, -30.0]]]}, "properties": {"name": "S30E120_6x6", "kind": "latlon", "epsg": 4326, "lonMult": 1, "height": 6, "width": 6, "available": 66, "selected": 18, "coverage": 0.9999, "unionFrac": 1.0, "bw": {"20": 18}}}, {"type": "Feature", "geometry": {"type": "Polygon", "coordinates": [[[132.0, -30.0], [132.0, -24.0], [126.0, -24.0], [126.0, -30.0], [132.0, -30.0]]]}, "properties": {"name": "S30E126_6x6", "kind": "latlon", "epsg": 4326, "lonMult": 1, "height": 6, "width": 6, "available": 63, "selected": 18, "coverage": 0.9995, "unionFrac": 1.0, "bw": {"20": 18}}}, {"type": "Feature", "geometry": {"type": "Polygon", "coordinates": [[[138.0, -30.0], [138.0, -24.0], [132.0, -24.0], [132.0, -30.0], [138.0, -30.0]]]}, "properties": {"name": "S30E132_6x6", "kind": "latlon", "epsg": 4326, "lonMult": 1, "height": 6, "width": 6, "available": 48, "selected": 16, "coverage": 0.8441, "unionFrac": 0.8444, "bw": {"20": 16}}}, {"type": "Feature", "geometry": {"type": "Polygon", "coordinates": [[[144.0, -30.0], [144.0, -24.0], [138.0, -24.0], [138.0, -30.0], [144.0, -30.0]]]}, "properties": {"name": "S30E138_6x6", "kind": "latlon", "epsg": 4326, "lonMult": 1, "height": 6, "width": 6, "available": 42, "selected": 13, "coverage": 0.9058, "unionFrac": 0.9066, "bw": {"20": 13}}}, {"type": "Feature", "geometry": {"type": "Polygon", "coordinates": [[[150.0, -30.0], [150.0, -24.0], [144.0, -24.0], [144.0, -30.0], [150.0, -30.0]]]}, "properties": {"name": "S30E144_6x6", "kind": "latlon", "epsg": 4326, "lonMult": 1, "height": 6, "width": 6, "available": 52, "selected": 17, "coverage": 0.9986, "unionFrac": 0.9995, "bw": {"20": 17}}}, {"type": "Feature", "geometry": {"type": "Polygon", "coordinates": [[[156.0, -30.0], [156.0, -24.0], [150.0, -24.0], [150.0, -30.0], [156.0, -30.0]]]}, "properties": {"name": "S30E150_6x6", "kind": "latlon", "epsg": 4326, "lonMult": 1, "height": 6, "width": 6, "available": 43, "selected": 12, "coverage": 0.7686, "unionFrac": 0.7693, "bw": {"40": 4, "20": 8}}}, {"type": "Feature", "geometry": {"type": "Polygon", "coordinates": [[[180.0, -30.0], [180.0, -24.0], [174.0, -24.0], [174.0, -30.0], [180.0, -30.0]]]}, "properties": {"name": "S30E174_6x6", "kind": "latlon", "epsg": 4326, "lonMult": 1, "height": 6, "width": 6, "available": 3, "selected": 1, "coverage": 0.0085, "unionFrac": 0.0085, "bw": {"20": 1}}}, {"type": "Feature", "geometry": {"type": "Polygon", "coordinates": [[[-174.0, -24.0], [-174.0, -18.0], [-180.0, -18.0], [-180.0, -24.0], [-174.0, -24.0]]]}, "properties": {"name": "S24W180_6x6", "kind": "latlon", "epsg": 4326, "lonMult": 1, "height": 6, "width": 6, "available": 13, "selected": 7, "coverage": 0.2372, "unionFrac": 0.2381, "bw": {"40": 2, "20": 5}}}, {"type": "Feature", "geometry": {"type": "Polygon", "coordinates": [[[-168.0, -24.0], [-168.0, -18.0], [-174.0, -18.0], [-174.0, -24.0], [-168.0, -24.0]]]}, "properties": {"name": "S24W174_6x6", "kind": "latlon", "epsg": 4326, "lonMult": 1, "height": 6, "width": 6, "available": 7, "selected": 3, "coverage": 0.0348, "unionFrac": 0.0358, "bw": {"40": 1, "20": 2}}}, {"type": "Feature", "geometry": {"type": "Polygon", "coordinates": [[[-72.0, -24.0], [-72.0, -18.0], [-78.0, -18.0], [-78.0, -24.0], [-72.0, -24.0]]]}, "properties": {"name": "S24W078_6x6", "kind": "latlon", "epsg": 4326, "lonMult": 1, "height": 6, "width": 6, "available": 2, "selected": 2, "coverage": 0.0121, "unionFrac": 0.0121, "bw": {"20": 2}}}, {"type": "Feature", "geometry": {"type": "Polygon", "coordinates": [[[-66.0, -24.0], [-66.0, -18.0], [-72.0, -18.0], [-72.0, -24.0], [-66.0, -24.0]]]}, "properties": {"name": "S24W072_6x6", "kind": "latlon", "epsg": 4326, "lonMult": 1, "height": 6, "width": 6, "available": 30, "selected": 14, "coverage": 0.8698, "unionFrac": 0.8715, "bw": {"20": 14}}}, {"type": "Feature", "geometry": {"type": "Polygon", "coordinates": [[[-60.0, -24.0], [-60.0, -18.0], [-66.0, -18.0], [-66.0, -24.0], [-60.0, -24.0]]]}, "properties": {"name": "S24W066_6x6", "kind": "latlon", "epsg": 4326, "lonMult": 1, "height": 6, "width": 6, "available": 49, "selected": 17, "coverage": 0.9331, "unionFrac": 0.9349, "bw": {"40": 1, "20": 16}}}, {"type": "Feature", "geometry": {"type": "Polygon", "coordinates": [[[-54.0, -24.0], [-54.0, -18.0], [-60.0, -18.0], [-60.0, -24.0], [-54.0, -24.0]]]}, "properties": {"name": "S24W060_6x6", "kind": "latlon", "epsg": 4326, "lonMult": 1, "height": 6, "width": 6, "available": 69, "selected": 18, "coverage": 0.973, "unionFrac": 0.974, "bw": {"40": 2, "20": 16}}}, {"type": "Feature", "geometry": {"type": "Polygon", "coordinates": [[[-48.0, -24.0], [-48.0, -18.0], [-54.0, -18.0], [-54.0, -24.0], [-48.0, -24.0]]]}, "properties": {"name": "S24W054_6x6", "kind": "latlon", "epsg": 4326, "lonMult": 1, "height": 6, "width": 6, "available": 65, "selected": 21, "coverage": 1.0, "unionFrac": 1.0, "bw": {"40": 9, "20": 12}}}, {"type": "Feature", "geometry": {"type": "Polygon", "coordinates": [[[-42.0, -24.0], [-42.0, -18.0], [-48.0, -18.0], [-48.0, -24.0], [-42.0, -24.0]]]}, "properties": {"name": "S24W048_6x6", "kind": "latlon", "epsg": 4326, "lonMult": 1, "height": 6, "width": 6, "available": 45, "selected": 20, "coverage": 0.9984, "unionFrac": 0.9984, "bw": {"40": 11, "20": 9}}}, {"type": "Feature", "geometry": {"type": "Polygon", "coordinates": [[[-36.0, -24.0], [-36.0, -18.0], [-42.0, -18.0], [-42.0, -24.0], [-36.0, -24.0]]]}, "properties": {"name": "S24W042_6x6", "kind": "latlon", "epsg": 4326, "lonMult": 1, "height": 6, "width": 6, "available": 29, "selected": 11, "coverage": 0.476, "unionFrac": 0.476, "bw": {"40": 4, "20": 7}}}, {"type": "Feature", "geometry": {"type": "Polygon", "coordinates": [[[12.0, -24.0], [12.0, -18.0], [6.0, -18.0], [6.0, -24.0], [12.0, -24.0]]]}, "properties": {"name": "S24E006_6x6", "kind": "latlon", "epsg": 4326, "lonMult": 1, "height": 6, "width": 6, "available": 3, "selected": 2, "coverage": 0.0555, "unionFrac": 0.0555, "bw": {"20": 2}}}, {"type": "Feature", "geometry": {"type": "Polygon", "coordinates": [[[18.0, -24.0], [18.0, -18.0], [12.0, -18.0], [12.0, -24.0], [18.0, -24.0]]]}, "properties": {"name": "S24E012_6x6", "kind": "latlon", "epsg": 4326, "lonMult": 1, "height": 6, "width": 6, "available": 43, "selected": 15, "coverage": 0.9356, "unionFrac": 0.9365, "bw": {"40": 1, "20": 14}}}, {"type": "Feature", "geometry": {"type": "Polygon", "coordinates": [[[24.0, -24.0], [24.0, -18.0], [18.0, -18.0], [18.0, -24.0], [24.0, -24.0]]]}, "properties": {"name": "S24E018_6x6", "kind": "latlon", "epsg": 4326, "lonMult": 1, "height": 6, "width": 6, "available": 66, "selected": 19, "coverage": 1.0, "unionFrac": 1.0, "bw": {"40": 1, "20": 18}}}, {"type": "Feature", "geometry": {"type": "Polygon", "coordinates": [[[30.0, -24.0], [30.0, -18.0], [24.0, -18.0], [24.0, -24.0], [30.0, -24.0]]]}, "properties": {"name": "S24E024_6x6", "kind": "latlon", "epsg": 4326, "lonMult": 1, "height": 6, "width": 6, "available": 70, "selected": 18, "coverage": 0.9996, "unionFrac": 0.9998, "bw": {"40": 2, "20": 16}}}, {"type": "Feature", "geometry": {"type": "Polygon", "coordinates": [[[36.0, -24.0], [36.0, -18.0], [30.0, -18.0], [30.0, -24.0], [36.0, -24.0]]]}, "properties": {"name": "S24E030_6x6", "kind": "latlon", "epsg": 4326, "lonMult": 1, "height": 6, "width": 6, "available": 56, "selected": 17, "coverage": 0.9864, "unionFrac": 0.987, "bw": {"40": 3, "20": 14}}}, {"type": "Feature", "geometry": {"type": "Polygon", "coordinates": [[[42.0, -24.0], [42.0, -18.0], [36.0, -18.0], [36.0, -24.0], [42.0, -24.0]]]}, "properties": {"name": "S24E036_6x6", "kind": "latlon", "epsg": 4326, "lonMult": 1, "height": 6, "width": 6, "available": 30, "selected": 11, "coverage": 0.1232, "unionFrac": 0.1233, "bw": {"40": 5, "20": 6}}}, {"type": "Feature", "geometry": {"type": "Polygon", "coordinates": [[[48.0, -24.0], [48.0, -18.0], [42.0, -18.0], [42.0, -24.0], [48.0, -24.0]]]}, "properties": {"name": "S24E042_6x6", "kind": "latlon", "epsg": 4326, "lonMult": 1, "height": 6, "width": 6, "available": 51, "selected": 14, "coverage": 0.9574, "unionFrac": 0.9584, "bw": {"20": 12, "40": 2}}}, {"type": "Feature", "geometry": {"type": "Polygon", "coordinates": [[[54.0, -24.0], [54.0, -18.0], [48.0, -18.0], [48.0, -24.0], [54.0, -24.0]]]}, "properties": {"name": "S24E048_6x6", "kind": "latlon", "epsg": 4326, "lonMult": 1, "height": 6, "width": 6, "available": 27, "selected": 9, "coverage": 0.2853, "unionFrac": 0.2854, "bw": {"20": 6, "40": 3}}}, {"type": "Feature", "geometry": {"type": "Polygon", "coordinates": [[[114.0, -24.0], [114.0, -18.0], [108.0, -18.0], [108.0, -24.0], [114.0, -24.0]]]}, "properties": {"name": "S24E108_6x6", "kind": "latlon", "epsg": 4326, "lonMult": 1, "height": 6, "width": 6, "available": 9, "selected": 3, "coverage": 0.1194, "unionFrac": 0.1194, "bw": {"20": 3}}}, {"type": "Feature", "geometry": {"type": "Polygon", "coordinates": [[[120.0, -24.0], [120.0, -18.0], [114.0, -18.0], [114.0, -24.0], [120.0, -24.0]]]}, "properties": {"name": "S24E114_6x6", "kind": "latlon", "epsg": 4326, "lonMult": 1, "height": 6, "width": 6, "available": 36, "selected": 11, "coverage": 0.6528, "unionFrac": 0.6553, "bw": {"20": 11}}}, {"type": "Feature", "geometry": {"type": "Polygon", "coordinates": [[[126.0, -24.0], [126.0, -18.0], [120.0, -18.0], [120.0, -24.0], [126.0, -24.0]]]}, "properties": {"name": "S24E120_6x6", "kind": "latlon", "epsg": 4326, "lonMult": 1, "height": 6, "width": 6, "available": 52, "selected": 16, "coverage": 0.9892, "unionFrac": 0.9895, "bw": {"20": 16}}}, {"type": "Feature", "geometry": {"type": "Polygon", "coordinates": [[[132.0, -24.0], [132.0, -18.0], [126.0, -18.0], [126.0, -24.0], [132.0, -24.0]]]}, "properties": {"name": "S24E126_6x6", "kind": "latlon", "epsg": 4326, "lonMult": 1, "height": 6, "width": 6, "available": 63, "selected": 16, "coverage": 0.999, "unionFrac": 1.0, "bw": {"20": 16}}}, {"type": "Feature", "geometry": {"type": "Polygon", "coordinates": [[[138.0, -24.0], [138.0, -18.0], [132.0, -18.0], [132.0, -24.0], [138.0, -24.0]]]}, "properties": {"name": "S24E132_6x6", "kind": "latlon", "epsg": 4326, "lonMult": 1, "height": 6, "width": 6, "available": 51, "selected": 16, "coverage": 0.9033, "unionFrac": 0.9042, "bw": {"20": 16}}}, {"type": "Feature", "geometry": {"type": "Polygon", "coordinates": [[[144.0, -24.0], [144.0, -18.0], [138.0, -18.0], [138.0, -24.0], [144.0, -24.0]]]}, "properties": {"name": "S24E138_6x6", "kind": "latlon", "epsg": 4326, "lonMult": 1, "height": 6, "width": 6, "available": 51, "selected": 13, "coverage": 0.7576, "unionFrac": 0.7595, "bw": {"20": 13}}}, {"type": "Feature", "geometry": {"type": "Polygon", "coordinates": [[[150.0, -24.0], [150.0, -18.0], [144.0, -18.0], [144.0, -24.0], [150.0, -24.0]]]}, "properties": {"name": "S24E144_6x6", "kind": "latlon", "epsg": 4326, "lonMult": 1, "height": 6, "width": 6, "available": 52, "selected": 15, "coverage": 0.8805, "unionFrac": 0.8812, "bw": {"20": 15}}}, {"type": "Feature", "geometry": {"type": "Polygon", "coordinates": [[[156.0, -24.0], [156.0, -18.0], [150.0, -18.0], [150.0, -24.0], [156.0, -24.0]]]}, "properties": {"name": "S24E150_6x6", "kind": "latlon", "epsg": 4326, "lonMult": 1, "height": 6, "width": 6, "available": 12, "selected": 5, "coverage": 0.1695, "unionFrac": 0.17, "bw": {"20": 5}}}, {"type": "Feature", "geometry": {"type": "Polygon", "coordinates": [[[168.0, -24.0], [168.0, -18.0], [162.0, -18.0], [162.0, -24.0], [168.0, -24.0]]]}, "properties": {"name": "S24E162_6x6", "kind": "latlon", "epsg": 4326, "lonMult": 1, "height": 6, "width": 6, "available": 12, "selected": 8, "coverage": 0.3138, "unionFrac": 0.3147, "bw": {"20": 8}}}, {"type": "Feature", "geometry": {"type": "Polygon", "coordinates": [[[174.0, -24.0], [174.0, -18.0], [168.0, -18.0], [168.0, -24.0], [174.0, -24.0]]]}, "properties": {"name": "S24E168_6x6", "kind": "latlon", "epsg": 4326, "lonMult": 1, "height": 6, "width": 6, "available": 9, "selected": 5, "coverage": 0.1464, "unionFrac": 0.1465, "bw": {"20": 5}}}, {"type": "Feature", "geometry": {"type": "Polygon", "coordinates": [[[180.0, -24.0], [180.0, -18.0], [174.0, -18.0], [174.0, -24.0], [180.0, -24.0]]]}, "properties": {"name": "S24E174_6x6", "kind": "latlon", "epsg": 4326, "lonMult": 1, "height": 6, "width": 6, "available": 6, "selected": 3, "coverage": 0.1051, "unionFrac": 0.1051, "bw": {"20": 3}}}, {"type": "Feature", "geometry": {"type": "Polygon", "coordinates": [[[-174.0, -18.0], [-174.0, -12.0], [-180.0, -12.0], [-180.0, -18.0], [-174.0, -18.0]]]}, "properties": {"name": "S18W180_6x6", "kind": "latlon", "epsg": 4326, "lonMult": 1, "height": 6, "width": 6, "available": 6, "selected": 3, "coverage": 0.0408, "unionFrac": 0.0415, "bw": {"20": 3}}}, {"type": "Feature", "geometry": {"type": "Polygon", "coordinates": [[[-168.0, -18.0], [-168.0, -12.0], [-174.0, -12.0], [-174.0, -18.0], [-168.0, -18.0]]]}, "properties": {"name": "S18W174_6x6", "kind": "latlon", "epsg": 4326, "lonMult": 1, "height": 6, "width": 6, "available": 5, "selected": 3, "coverage": 0.0778, "unionFrac": 0.0778, "bw": {"40": 1, "20": 2}}}, {"type": "Feature", "geometry": {"type": "Polygon", "coordinates": [[[-78.0, -18.0], [-78.0, -12.0], [-84.0, -12.0], [-84.0, -18.0], [-78.0, -18.0]]]}, "properties": {"name": "S18W084_6x6", "kind": "latlon", "epsg": 4326, "lonMult": 1, "height": 6, "width": 6, "available": 3, "selected": 1, "coverage": 0.0016, "unionFrac": 0.0016, "bw": {"20": 1}}}, {"type": "Feature", "geometry": {"type": "Polygon", "coordinates": [[[-72.0, -18.0], [-72.0, -12.0], [-78.0, -12.0], [-78.0, -18.0], [-72.0, -18.0]]]}, "properties": {"name": "S18W078_6x6", "kind": "latlon", "epsg": 4326, "lonMult": 1, "height": 6, "width": 6, "available": 20, "selected": 9, "coverage": 0.4865, "unionFrac": 0.4866, "bw": {"20": 9}}}, {"type": "Feature", "geometry": {"type": "Polygon", "coordinates": [[[-66.0, -18.0], [-66.0, -12.0], [-72.0, -12.0], [-72.0, -18.0], [-66.0, -18.0]]]}, "properties": {"name": "S18W072_6x6", "kind": "latlon", "epsg": 4326, "lonMult": 1, "height": 6, "width": 6, "available": 32, "selected": 17, "coverage": 0.9774, "unionFrac": 0.9774, "bw": {"20": 17}}}, {"type": "Feature", "geometry": {"type": "Polygon", "coordinates": [[[-60.0, -18.0], [-60.0, -12.0], [-66.0, -12.0], [-66.0, -18.0], [-60.0, -18.0]]]}, "properties": {"name": "S18W066_6x6", "kind": "latlon", "epsg": 4326, "lonMult": 1, "height": 6, "width": 6, "available": 42, "selected": 18, "coverage": 0.9988, "unionFrac": 0.9988, "bw": {"40": 2, "20": 16}}}, {"type": "Feature", "geometry": {"type": "Polygon", "coordinates": [[[-54.0, -18.0], [-54.0, -12.0], [-60.0, -12.0], [-60.0, -18.0], [-54.0, -18.0]]]}, "properties": {"name": "S18W060_6x6", "kind": "latlon", "epsg": 4326, "lonMult": 1, "height": 6, "width": 6, "available": 62, "selected": 19, "coverage": 1.0, "unionFrac": 1.0, "bw": {"40": 3, "20": 16}}}, {"type": "Feature", "geometry": {"type": "Polygon", "coordinates": [[[-48.0, -18.0], [-48.0, -12.0], [-54.0, -12.0], [-54.0, -18.0], [-48.0, -18.0]]]}, "properties": {"name": "S18W054_6x6", "kind": "latlon", "epsg": 4326, "lonMult": 1, "height": 6, "width": 6, "available": 58, "selected": 18, "coverage": 0.9989, "unionFrac": 1.0, "bw": {"40": 2, "20": 16}}}, {"type": "Feature", "geometry": {"type": "Polygon", "coordinates": [[[-42.0, -18.0], [-42.0, -12.0], [-48.0, -12.0], [-48.0, -18.0], [-42.0, -18.0]]]}, "properties": {"name": "S18W048_6x6", "kind": "latlon", "epsg": 4326, "lonMult": 1, "height": 6, "width": 6, "available": 51, "selected": 19, "coverage": 0.9999, "unionFrac": 1.0, "bw": {"20": 18, "40": 1}}}, {"type": "Feature", "geometry": {"type": "Polygon", "coordinates": [[[-36.0, -18.0], [-36.0, -12.0], [-42.0, -12.0], [-42.0, -18.0], [-36.0, -18.0]]]}, "properties": {"name": "S18W042_6x6", "kind": "latlon", "epsg": 4326, "lonMult": 1, "height": 6, "width": 6, "available": 42, "selected": 13, "coverage": 0.7402, "unionFrac": 0.7412, "bw": {"40": 2, "20": 11}}}, {"type": "Feature", "geometry": {"type": "Polygon", "coordinates": [[[12.0, -18.0], [12.0, -12.0], [6.0, -12.0], [6.0, -18.0], [12.0, -18.0]]]}, "properties": {"name": "S18E006_6x6", "kind": "latlon", "epsg": 4326, "lonMult": 1, "height": 6, "width": 6, "available": 12, "selected": 4, "coverage": 0.1429, "unionFrac": 0.1433, "bw": {"20": 4}}}, {"type": "Feature", "geometry": {"type": "Polygon", "coordinates": [[[18.0, -18.0], [18.0, -12.0], [12.0, -12.0], [12.0, -18.0], [18.0, -18.0]]]}, "properties": {"name": "S18E012_6x6", "kind": "latlon", "epsg": 4326, "lonMult": 1, "height": 6, "width": 6, "available": 54, "selected": 15, "coverage": 0.9678, "unionFrac": 0.9685, "bw": {"40": 1, "20": 14}}}, {"type": "Feature", "geometry": {"type": "Polygon", "coordinates": [[[24.0, -18.0], [24.0, -12.0], [18.0, -12.0], [18.0, -18.0], [24.0, -18.0]]]}, "properties": {"name": "S18E018_6x6", "kind": "latlon", "epsg": 4326, "lonMult": 1, "height": 6, "width": 6, "available": 59, "selected": 19, "coverage": 0.9999, "unionFrac": 1.0, "bw": {"40": 1, "20": 18}}}, {"type": "Feature", "geometry": {"type": "Polygon", "coordinates": [[[30.0, -18.0], [30.0, -12.0], [24.0, -12.0], [24.0, -18.0], [30.0, -18.0]]]}, "properties": {"name": "S18E024_6x6", "kind": "latlon", "epsg": 4326, "lonMult": 1, "height": 6, "width": 6, "available": 58, "selected": 19, "coverage": 1.0, "unionFrac": 1.0, "bw": {"40": 2, "20": 17}}}, {"type": "Feature", "geometry": {"type": "Polygon", "coordinates": [[[36.0, -18.0], [36.0, -12.0], [30.0, -12.0], [30.0, -18.0], [36.0, -18.0]]]}, "properties": {"name": "S18E030_6x6", "kind": "latlon", "epsg": 4326, "lonMult": 1, "height": 6, "width": 6, "available": 60, "selected": 19, "coverage": 1.0, "unionFrac": 1.0, "bw": {"40": 3, "20": 16}}}, {"type": "Feature", "geometry": {"type": "Polygon", "coordinates": [[[42.0, -18.0], [42.0, -12.0], [36.0, -12.0], [36.0, -18.0], [42.0, -18.0]]]}, "properties": {"name": "S18E036_6x6", "kind": "latlon", "epsg": 4326, "lonMult": 1, "height": 6, "width": 6, "available": 44, "selected": 15, "coverage": 0.8202, "unionFrac": 0.8202, "bw": {"40": 8, "20": 7}}}, {"type": "Feature", "geometry": {"type": "Polygon", "coordinates": [[[48.0, -18.0], [48.0, -12.0], [42.0, -12.0], [42.0, -18.0], [48.0, -18.0]]]}, "properties": {"name": "S18E042_6x6", "kind": "latlon", "epsg": 4326, "lonMult": 1, "height": 6, "width": 6, "available": 36, "selected": 12, "coverage": 0.4236, "unionFrac": 0.4242, "bw": {"20": 10, "40": 2}}}, {"type": "Feature", "geometry": {"type": "Polygon", "coordinates": [[[54.0, -18.0], [54.0, -12.0], [48.0, -12.0], [48.0, -18.0], [54.0, -18.0]]]}, "properties": {"name": "S18E048_6x6", "kind": "latlon", "epsg": 4326, "lonMult": 1, "height": 6, "width": 6, "available": 27, "selected": 8, "coverage": 0.5721, "unionFrac": 0.5722, "bw": {"20": 7, "40": 1}}}, {"type": "Feature", "geometry": {"type": "Polygon", "coordinates": [[[120.0, -18.0], [120.0, -12.0], [114.0, -12.0], [114.0, -18.0], [120.0, -18.0]]]}, "properties": {"name": "S18E114_6x6", "kind": "latlon", "epsg": 4326, "lonMult": 1, "height": 6, "width": 6, "available": 3, "selected": 1, "coverage": 0.0013, "unionFrac": 0.0013, "bw": {"20": 1}}}, {"type": "Feature", "geometry": {"type": "Polygon", "coordinates": [[[126.0, -18.0], [126.0, -12.0], [120.0, -12.0], [120.0, -18.0], [126.0, -18.0]]]}, "properties": {"name": "S18E120_6x6", "kind": "latlon", "epsg": 4326, "lonMult": 1, "height": 6, "width": 6, "available": 28, "selected": 9, "coverage": 0.4044, "unionFrac": 0.4045, "bw": {"20": 9}}}, {"type": "Feature", "geometry": {"type": "Polygon", "coordinates": [[[132.0, -18.0], [132.0, -12.0], [126.0, -12.0], [126.0, -18.0], [132.0, -18.0]]]}, "properties": {"name": "S18E126_6x6", "kind": "latlon", "epsg": 4326, "lonMult": 1, "height": 6, "width": 6, "available": 47, "selected": 15, "coverage": 0.8555, "unionFrac": 0.8564, "bw": {"20": 15}}}, {"type": "Feature", "geometry": {"type": "Polygon", "coordinates": [[[138.0, -18.0], [138.0, -12.0], [132.0, -12.0], [132.0, -18.0], [138.0, -18.0]]]}, "properties": {"name": "S18E132_6x6", "kind": "latlon", "epsg": 4326, "lonMult": 1, "height": 6, "width": 6, "available": 44, "selected": 14, "coverage": 0.9374, "unionFrac": 0.9388, "bw": {"20": 14}}}, {"type": "Feature", "geometry": {"type": "Polygon", "coordinates": [[[144.0, -18.0], [144.0, -12.0], [138.0, -12.0], [138.0, -18.0], [144.0, -18.0]]]}, "properties": {"name": "S18E138_6x6", "kind": "latlon", "epsg": 4326, "lonMult": 1, "height": 6, "width": 6, "available": 30, "selected": 11, "coverage": 0.5563, "unionFrac": 0.5568, "bw": {"20": 11}}}, {"type": "Feature", "geometry": {"type": "Polygon", "coordinates": [[[150.0, -18.0], [150.0, -12.0], [144.0, -12.0], [144.0, -18.0], [150.0, -18.0]]]}, "properties": {"name": "S18E144_6x6", "kind": "latlon", "epsg": 4326, "lonMult": 1, "height": 6, "width": 6, "available": 21, "selected": 9, "coverage": 0.3342, "unionFrac": 0.3342, "bw": {"20": 9}}}, {"type": "Feature", "geometry": {"type": "Polygon", "coordinates": [[[162.0, -18.0], [162.0, -12.0], [156.0, -12.0], [156.0, -18.0], [162.0, -18.0]]]}, "properties": {"name": "S18E156_6x6", "kind": "latlon", "epsg": 4326, "lonMult": 1, "height": 6, "width": 6, "available": 1, "selected": 1, "coverage": 0.0054, "unionFrac": 0.0054, "bw": {"20": 1}}}, {"type": "Feature", "geometry": {"type": "Polygon", "coordinates": [[[168.0, -18.0], [168.0, -12.0], [162.0, -12.0], [162.0, -18.0], [168.0, -18.0]]]}, "properties": {"name": "S18E162_6x6", "kind": "latlon", "epsg": 4326, "lonMult": 1, "height": 6, "width": 6, "available": 10, "selected": 5, "coverage": 0.1437, "unionFrac": 0.1438, "bw": {"20": 5}}}, {"type": "Feature", "geometry": {"type": "Polygon", "coordinates": [[[174.0, -18.0], [174.0, -12.0], [168.0, -12.0], [168.0, -18.0], [174.0, -18.0]]]}, "properties": {"name": "S18E168_6x6", "kind": "latlon", "epsg": 4326, "lonMult": 1, "height": 6, "width": 6, "available": 9, "selected": 4, "coverage": 0.1545, "unionFrac": 0.1552, "bw": {"20": 4}}}, {"type": "Feature", "geometry": {"type": "Polygon", "coordinates": [[[180.0, -18.0], [180.0, -12.0], [174.0, -12.0], [174.0, -18.0], [180.0, -18.0]]]}, "properties": {"name": "S18E174_6x6", "kind": "latlon", "epsg": 4326, "lonMult": 1, "height": 6, "width": 6, "available": 6, "selected": 3, "coverage": 0.1053, "unionFrac": 0.1053, "bw": {"20": 3}}}, {"type": "Feature", "geometry": {"type": "Polygon", "coordinates": [[[-78.0, -12.0], [-78.0, -6.0], [-84.0, -6.0], [-84.0, -12.0], [-78.0, -12.0]]]}, "properties": {"name": "S12W084_6x6", "kind": "latlon", "epsg": 4326, "lonMult": 1, "height": 6, "width": 6, "available": 25, "selected": 8, "coverage": 0.3079, "unionFrac": 0.3082, "bw": {"40": 6, "20": 2}}}, {"type": "Feature", "geometry": {"type": "Polygon", "coordinates": [[[-72.0, -12.0], [-72.0, -6.0], [-78.0, -6.0], [-78.0, -12.0], [-72.0, -12.0]]]}, "properties": {"name": "S12W078_6x6", "kind": "latlon", "epsg": 4326, "lonMult": 1, "height": 6, "width": 6, "available": 57, "selected": 19, "coverage": 0.9997, "unionFrac": 0.9997, "bw": {"40": 3, "20": 16}}}, {"type": "Feature", "geometry": {"type": "Polygon", "coordinates": [[[-66.0, -12.0], [-66.0, -6.0], [-72.0, -6.0], [-72.0, -12.0], [-66.0, -12.0]]]}, "properties": {"name": "S12W072_6x6", "kind": "latlon", "epsg": 4326, "lonMult": 1, "height": 6, "width": 6, "available": 50, "selected": 17, "coverage": 0.9984, "unionFrac": 1.0, "bw": {"20": 17}}}, {"type": "Feature", "geometry": {"type": "Polygon", "coordinates": [[[-60.0, -12.0], [-60.0, -6.0], [-66.0, -6.0], [-66.0, -12.0], [-60.0, -12.0]]]}, "properties": {"name": "S12W066_6x6", "kind": "latlon", "epsg": 4326, "lonMult": 1, "height": 6, "width": 6, "available": 44, "selected": 19, "coverage": 0.9992, "unionFrac": 1.0, "bw": {"20": 19}}}, {"type": "Feature", "geometry": {"type": "Polygon", "coordinates": [[[-54.0, -12.0], [-54.0, -6.0], [-60.0, -6.0], [-60.0, -12.0], [-54.0, -12.0]]]}, "properties": {"name": "S12W060_6x6", "kind": "latlon", "epsg": 4326, "lonMult": 1, "height": 6, "width": 6, "available": 47, "selected": 18, "coverage": 1.0, "unionFrac": 1.0, "bw": {"20": 18}}}, {"type": "Feature", "geometry": {"type": "Polygon", "coordinates": [[[-48.0, -12.0], [-48.0, -6.0], [-54.0, -6.0], [-54.0, -12.0], [-48.0, -12.0]]]}, "properties": {"name": "S12W054_6x6", "kind": "latlon", "epsg": 4326, "lonMult": 1, "height": 6, "width": 6, "available": 54, "selected": 18, "coverage": 1.0, "unionFrac": 1.0, "bw": {"20": 18}}}, {"type": "Feature", "geometry": {"type": "Polygon", "coordinates": [[[-42.0, -12.0], [-42.0, -6.0], [-48.0, -6.0], [-48.0, -12.0], [-42.0, -12.0]]]}, "properties": {"name": "S12W048_6x6", "kind": "latlon", "epsg": 4326, "lonMult": 1, "height": 6, "width": 6, "available": 44, "selected": 18, "coverage": 1.0, "unionFrac": 1.0, "bw": {"20": 18}}}, {"type": "Feature", "geometry": {"type": "Polygon", "coordinates": [[[-36.0, -12.0], [-36.0, -6.0], [-42.0, -6.0], [-42.0, -12.0], [-36.0, -12.0]]]}, "properties": {"name": "S12W042_6x6", "kind": "latlon", "epsg": 4326, "lonMult": 1, "height": 6, "width": 6, "available": 54, "selected": 16, "coverage": 0.9555, "unionFrac": 0.9573, "bw": {"40": 5, "20": 11}}}, {"type": "Feature", "geometry": {"type": "Polygon", "coordinates": [[[-30.0, -12.0], [-30.0, -6.0], [-36.0, -6.0], [-36.0, -12.0], [-30.0, -12.0]]]}, "properties": {"name": "S12W036_6x6", "kind": "latlon", "epsg": 4326, "lonMult": 1, "height": 6, "width": 6, "available": 15, "selected": 6, "coverage": 0.243, "unionFrac": 0.2431, "bw": {"20": 1, "40": 5}}}, {"type": "Feature", "geometry": {"type": "Polygon", "coordinates": [[[12.0, -12.0], [12.0, -6.0], [6.0, -6.0], [6.0, -12.0], [12.0, -12.0]]]}, "properties": {"name": "S12E006_6x6", "kind": "latlon", "epsg": 4326, "lonMult": 1, "height": 6, "width": 6, "available": 6, "selected": 3, "coverage": 0.0665, "unionFrac": 0.0665, "bw": {"20": 3}}}, {"type": "Feature", "geometry": {"type": "Polygon", "coordinates": [[[18.0, -12.0], [18.0, -6.0], [12.0, -6.0], [12.0, -12.0], [18.0, -12.0]]]}, "properties": {"name": "S12E012_6x6", "kind": "latlon", "epsg": 4326, "lonMult": 1, "height": 6, "width": 6, "available": 51, "selected": 17, "coverage": 0.9498, "unionFrac": 0.9509, "bw": {"20": 17}}}, {"type": "Feature", "geometry": {"type": "Polygon", "coordinates": [[[24.0, -12.0], [24.0, -6.0], [18.0, -6.0], [18.0, -12.0], [24.0, -12.0]]]}, "properties": {"name": "S12E018_6x6", "kind": "latlon", "epsg": 4326, "lonMult": 1, "height": 6, "width": 6, "available": 61, "selected": 17, "coverage": 0.9987, "unionFrac": 1.0, "bw": {"20": 17}}}, {"type": "Feature", "geometry": {"type": "Polygon", "coordinates": [[[30.0, -12.0], [30.0, -6.0], [24.0, -6.0], [24.0, -12.0], [30.0, -12.0]]]}, "properties": {"name": "S12E024_6x6", "kind": "latlon", "epsg": 4326, "lonMult": 1, "height": 6, "width": 6, "available": 63, "selected": 18, "coverage": 0.9992, "unionFrac": 1.0, "bw": {"20": 18}}}, {"type": "Feature", "geometry": {"type": "Polygon", "coordinates": [[[36.0, -12.0], [36.0, -6.0], [30.0, -6.0], [30.0, -12.0], [36.0, -12.0]]]}, "properties": {"name": "S12E030_6x6", "kind": "latlon", "epsg": 4326, "lonMult": 1, "height": 6, "width": 6, "available": 70, "selected": 20, "coverage": 0.9985, "unionFrac": 1.0, "bw": {"40": 3, "20": 17}}}, {"type": "Feature", "geometry": {"type": "Polygon", "coordinates": [[[42.0, -12.0], [42.0, -6.0], [36.0, -6.0], [36.0, -12.0], [42.0, -12.0]]]}, "properties": {"name": "S12E036_6x6", "kind": "latlon", "epsg": 4326, "lonMult": 1, "height": 6, "width": 6, "available": 54, "selected": 17, "coverage": 0.8724, "unionFrac": 0.8729, "bw": {"20": 14, "40": 3}}}, {"type": "Feature", "geometry": {"type": "Polygon", "coordinates": [[[48.0, -12.0], [48.0, -6.0], [42.0, -6.0], [42.0, -12.0], [48.0, -12.0]]]}, "properties": {"name": "S12E042_6x6", "kind": "latlon", "epsg": 4326, "lonMult": 1, "height": 6, "width": 6, "available": 3, "selected": 2, "coverage": 0.0219, "unionFrac": 0.0219, "bw": {"20": 2}}}, {"type": "Feature", "geometry": {"type": "Polygon", "coordinates": [[[54.0, -12.0], [54.0, -6.0], [48.0, -6.0], [48.0, -12.0], [54.0, -12.0]]]}, "properties": {"name": "S12E048_6x6", "kind": "latlon", "epsg": 4326, "lonMult": 1, "height": 6, "width": 6, "available": 3, "selected": 1, "coverage": 0.0098, "unionFrac": 0.0098, "bw": {"20": 1}}}, {"type": "Feature", "geometry": {"type": "Polygon", "coordinates": [[[102.0, -12.0], [102.0, -6.0], [96.0, -6.0], [96.0, -12.0], [102.0, -12.0]]]}, "properties": {"name": "S12E096_6x6", "kind": "latlon", "epsg": 4326, "lonMult": 1, "height": 6, "width": 6, "available": 3, "selected": 1, "coverage": 0.003, "unionFrac": 0.0036, "bw": {"40": 1}}}, {"type": "Feature", "geometry": {"type": "Polygon", "coordinates": [[[108.0, -12.0], [108.0, -6.0], [102.0, -6.0], [102.0, -12.0], [108.0, -12.0]]]}, "properties": {"name": "S12E102_6x6", "kind": "latlon", "epsg": 4326, "lonMult": 1, "height": 6, "width": 6, "available": 18, "selected": 9, "coverage": 0.2419, "unionFrac": 0.2427, "bw": {"40": 9}}}, {"type": "Feature", "geometry": {"type": "Polygon", "coordinates": [[[114.0, -12.0], [114.0, -6.0], [108.0, -6.0], [108.0, -12.0], [114.0, -12.0]]]}, "properties": {"name": "S12E108_6x6", "kind": "latlon", "epsg": 4326, "lonMult": 1, "height": 6, "width": 6, "available": 24, "selected": 13, "coverage": 0.5059, "unionFrac": 0.5067, "bw": {"40": 13}}}, {"type": "Feature", "geometry": {"type": "Polygon", "coordinates": [[[120.0, -12.0], [120.0, -6.0], [114.0, -6.0], [114.0, -12.0], [120.0, -12.0]]]}, "properties": {"name": "S12E114_6x6", "kind": "latlon", "epsg": 4326, "lonMult": 1, "height": 6, "width": 6, "available": 39, "selected": 18, "coverage": 0.5698, "unionFrac": 0.5698, "bw": {"40": 16, "20": 2}}}, {"type": "Feature", "geometry": {"type": "Polygon", "coordinates": [[[126.0, -12.0], [126.0, -6.0], [120.0, -6.0], [120.0, -12.0], [126.0, -12.0]]]}, "properties": {"name": "S12E120_6x6", "kind": "latlon", "epsg": 4326, "lonMult": 1, "height": 6, "width": 6, "available": 51, "selected": 18, "coverage": 0.8029, "unionFrac": 0.8033, "bw": {"40": 14, "20": 4}}}, {"type": "Feature", "geometry": {"type": "Polygon", "coordinates": [[[132.0, -12.0], [132.0, -6.0], [126.0, -6.0], [126.0, -12.0], [132.0, -12.0]]]}, "properties": {"name": "S12E126_6x6", "kind": "latlon", "epsg": 4326, "lonMult": 1, "height": 6, "width": 6, "available": 42, "selected": 17, "coverage": 0.6349, "unionFrac": 0.6349, "bw": {"40": 7, "20": 10}}}, {"type": "Feature", "geometry": {"type": "Polygon", "coordinates": [[[138.0, -12.0], [138.0, -6.0], [132.0, -6.0], [132.0, -12.0], [138.0, -12.0]]]}, "properties": {"name": "S12E132_6x6", "kind": "latlon", "epsg": 4326, "lonMult": 1, "height": 6, "width": 6, "available": 25, "selected": 10, "coverage": 0.3075, "unionFrac": 0.3092, "bw": {"20": 10}}}, {"type": "Feature", "geometry": {"type": "Polygon", "coordinates": [[[144.0, -12.0], [144.0, -6.0], [138.0, -6.0], [138.0, -12.0], [144.0, -12.0]]]}, "properties": {"name": "S12E138_6x6", "kind": "latlon", "epsg": 4326, "lonMult": 1, "height": 6, "width": 6, "available": 43, "selected": 13, "coverage": 0.7819, "unionFrac": 0.7833, "bw": {"20": 13}}}, {"type": "Feature", "geometry": {"type": "Polygon", "coordinates": [[[150.0, -12.0], [150.0, -6.0], [144.0, -6.0], [144.0, -12.0], [150.0, -12.0]]]}, "properties": {"name": "S12E144_6x6", "kind": "latlon", "epsg": 4326, "lonMult": 1, "height": 6, "width": 6, "available": 34, "selected": 13, "coverage": 0.5347, "unionFrac": 0.5347, "bw": {"40": 4, "20": 9}}}, {"type": "Feature", "geometry": {"type": "Polygon", "coordinates": [[[156.0, -12.0], [156.0, -6.0], [150.0, -6.0], [150.0, -12.0], [156.0, -12.0]]]}, "properties": {"name": "S12E150_6x6", "kind": "latlon", "epsg": 4326, "lonMult": 1, "height": 6, "width": 6, "available": 11, "selected": 6, "coverage": 0.2487, "unionFrac": 0.2488, "bw": {"20": 6}}}, {"type": "Feature", "geometry": {"type": "Polygon", "coordinates": [[[162.0, -12.0], [162.0, -6.0], [156.0, -6.0], [156.0, -12.0], [162.0, -12.0]]]}, "properties": {"name": "S12E156_6x6", "kind": "latlon", "epsg": 4326, "lonMult": 1, "height": 6, "width": 6, "available": 7, "selected": 4, "coverage": 0.3337, "unionFrac": 0.334, "bw": {"20": 4}}}, {"type": "Feature", "geometry": {"type": "Polygon", "coordinates": [[[168.0, -12.0], [168.0, -6.0], [162.0, -6.0], [162.0, -12.0], [168.0, -12.0]]]}, "properties": {"name": "S12E162_6x6", "kind": "latlon", "epsg": 4326, "lonMult": 1, "height": 6, "width": 6, "available": 1, "selected": 1, "coverage": 0.1261, "unionFrac": 0.1261, "bw": {"20": 1}}}, {"type": "Feature", "geometry": {"type": "Polygon", "coordinates": [[[-78.0, -6.0], [-78.0, 0.0], [-84.0, 0.0], [-84.0, -6.0], [-78.0, -6.0]]]}, "properties": {"name": "S06W084_6x6", "kind": "latlon", "epsg": 4326, "lonMult": 1, "height": 6, "width": 6, "available": 35, "selected": 11, "coverage": 0.6467, "unionFrac": 0.6483, "bw": {"40": 8, "20": 3}}}, {"type": "Feature", "geometry": {"type": "Polygon", "coordinates": [[[-72.0, -6.0], [-72.0, 0.0], [-78.0, 0.0], [-78.0, -6.0], [-72.0, -6.0]]]}, "properties": {"name": "S06W078_6x6", "kind": "latlon", "epsg": 4326, "lonMult": 1, "height": 6, "width": 6, "available": 49, "selected": 18, "coverage": 0.9991, "unionFrac": 1.0, "bw": {"40": 4, "20": 14}}}, {"type": "Feature", "geometry": {"type": "Polygon", "coordinates": [[[-66.0, -6.0], [-66.0, 0.0], [-72.0, 0.0], [-72.0, -6.0], [-66.0, -6.0]]]}, "properties": {"name": "S06W072_6x6", "kind": "latlon", "epsg": 4326, "lonMult": 1, "height": 6, "width": 6, "available": 52, "selected": 17, "coverage": 0.9992, "unionFrac": 1.0, "bw": {"20": 17}}}, {"type": "Feature", "geometry": {"type": "Polygon", "coordinates": [[[-60.0, -6.0], [-60.0, 0.0], [-66.0, 0.0], [-66.0, -6.0], [-60.0, -6.0]]]}, "properties": {"name": "S06W066_6x6", "kind": "latlon", "epsg": 4326, "lonMult": 1, "height": 6, "width": 6, "available": 42, "selected": 19, "coverage": 0.9215, "unionFrac": 0.9215, "bw": {"20": 18, "40": 1}}}, {"type": "Feature", "geometry": {"type": "Polygon", "coordinates": [[[-54.0, -6.0], [-54.0, 0.0], [-60.0, 0.0], [-60.0, -6.0], [-54.0, -6.0]]]}, "properties": {"name": "S06W060_6x6", "kind": "latlon", "epsg": 4326, "lonMult": 1, "height": 6, "width": 6, "available": 53, "selected": 20, "coverage": 0.9998, "unionFrac": 1.0, "bw": {"20": 18, "40": 2}}}, {"type": "Feature", "geometry": {"type": "Polygon", "coordinates": [[[-48.0, -6.0], [-48.0, 0.0], [-54.0, 0.0], [-54.0, -6.0], [-48.0, -6.0]]]}, "properties": {"name": "S06W054_6x6", "kind": "latlon", "epsg": 4326, "lonMult": 1, "height": 6, "width": 6, "available": 59, "selected": 18, "coverage": 0.9985, "unionFrac": 0.9991, "bw": {"20": 17, "40": 1}}}, {"type": "Feature", "geometry": {"type": "Polygon", "coordinates": [[[-42.0, -6.0], [-42.0, 0.0], [-48.0, 0.0], [-48.0, -6.0], [-42.0, -6.0]]]}, "properties": {"name": "S06W048_6x6", "kind": "latlon", "epsg": 4326, "lonMult": 1, "height": 6, "width": 6, "available": 40, "selected": 12, "coverage": 0.731, "unionFrac": 0.7337, "bw": {"20": 8, "40": 4}}}, {"type": "Feature", "geometry": {"type": "Polygon", "coordinates": [[[-36.0, -6.0], [-36.0, 0.0], [-42.0, 0.0], [-42.0, -6.0], [-36.0, -6.0]]]}, "properties": {"name": "S06W042_6x6", "kind": "latlon", "epsg": 4326, "lonMult": 1, "height": 6, "width": 6, "available": 27, "selected": 10, "coverage": 0.4408, "unionFrac": 0.4416, "bw": {"20": 9, "40": 1}}}, {"type": "Feature", "geometry": {"type": "Polygon", "coordinates": [[[-30.0, -6.0], [-30.0, 0.0], [-36.0, 0.0], [-36.0, -6.0], [-30.0, -6.0]]]}, "properties": {"name": "S06W036_6x6", "kind": "latlon", "epsg": 4326, "lonMult": 1, "height": 6, "width": 6, "available": 6, "selected": 2, "coverage": 0.0225, "unionFrac": 0.0225, "bw": {"40": 2}}}, {"type": "Feature", "geometry": {"type": "Polygon", "coordinates": [[[12.0, -6.0], [12.0, 0.0], [6.0, 0.0], [6.0, -6.0], [12.0, -6.0]]]}, "properties": {"name": "S06E006_6x6", "kind": "latlon", "epsg": 4326, "lonMult": 1, "height": 6, "width": 6, "available": 24, "selected": 8, "coverage": 0.2938, "unionFrac": 0.2949, "bw": {"20": 8}}}, {"type": "Feature", "geometry": {"type": "Polygon", "coordinates": [[[18.0, -6.0], [18.0, 0.0], [12.0, 0.0], [12.0, -6.0], [18.0, -6.0]]]}, "properties": {"name": "S06E012_6x6", "kind": "latlon", "epsg": 4326, "lonMult": 1, "height": 6, "width": 6, "available": 53, "selected": 17, "coverage": 0.9933, "unionFrac": 0.9934, "bw": {"20": 17}}}, {"type": "Feature", "geometry": {"type": "Polygon", "coordinates": [[[24.0, -6.0], [24.0, 0.0], [18.0, 0.0], [18.0, -6.0], [24.0, -6.0]]]}, "properties": {"name": "S06E018_6x6", "kind": "latlon", "epsg": 4326, "lonMult": 1, "height": 6, "width": 6, "available": 48, "selected": 18, "coverage": 1.0, "unionFrac": 1.0, "bw": {"20": 18}}}, {"type": "Feature", "geometry": {"type": "Polygon", "coordinates": [[[30.0, -6.0], [30.0, 0.0], [24.0, 0.0], [24.0, -6.0], [30.0, -6.0]]]}, "properties": {"name": "S06E024_6x6", "kind": "latlon", "epsg": 4326, "lonMult": 1, "height": 6, "width": 6, "available": 58, "selected": 19, "coverage": 1.0, "unionFrac": 1.0, "bw": {"40": 5, "20": 14}}}, {"type": "Feature", "geometry": {"type": "Polygon", "coordinates": [[[36.0, -6.0], [36.0, 0.0], [30.0, 0.0], [30.0, -6.0], [36.0, -6.0]]]}, "properties": {"name": "S06E030_6x6", "kind": "latlon", "epsg": 4326, "lonMult": 1, "height": 6, "width": 6, "available": 69, "selected": 21, "coverage": 1.0, "unionFrac": 1.0, "bw": {"40": 8, "20": 13}}}, {"type": "Feature", "geometry": {"type": "Polygon", "coordinates": [[[42.0, -6.0], [42.0, 0.0], [36.0, 0.0], [36.0, -6.0], [42.0, -6.0]]]}, "properties": {"name": "S06E036_6x6", "kind": "latlon", "epsg": 4326, "lonMult": 1, "height": 6, "width": 6, "available": 53, "selected": 19, "coverage": 0.9588, "unionFrac": 0.9589, "bw": {"40": 6, "20": 13}}}, {"type": "Feature", "geometry": {"type": "Polygon", "coordinates": [[[48.0, -6.0], [48.0, 0.0], [42.0, 0.0], [42.0, -6.0], [48.0, -6.0]]]}, "properties": {"name": "S06E042_6x6", "kind": "latlon", "epsg": 4326, "lonMult": 1, "height": 6, "width": 6, "available": 12, "selected": 5, "coverage": 0.0528, "unionFrac": 0.0529, "bw": {"40": 2, "20": 3}}}, {"type": "Feature", "geometry": {"type": "Polygon", "coordinates": [[[102.0, -6.0], [102.0, 0.0], [96.0, 0.0], [96.0, -6.0], [102.0, -6.0]]]}, "properties": {"name": "S06E096_6x6", "kind": "latlon", "epsg": 4326, "lonMult": 1, "height": 6, "width": 6, "available": 30, "selected": 13, "coverage": 0.5273, "unionFrac": 0.5277, "bw": {"40": 13}}}, {"type": "Feature", "geometry": {"type": "Polygon", "coordinates": [[[108.0, -6.0], [108.0, 0.0], [102.0, 0.0], [102.0, -6.0], [108.0, -6.0]]]}, "properties": {"name": "S06E102_6x6", "kind": "latlon", "epsg": 4326, "lonMult": 1, "height": 6, "width": 6, "available": 48, "selected": 16, "coverage": 0.9306, "unionFrac": 0.9322, "bw": {"40": 15, "20": 1}}}, {"type": "Feature", "geometry": {"type": "Polygon", "coordinates": [[[114.0, -6.0], [114.0, 0.0], [108.0, 0.0], [108.0, -6.0], [114.0, -6.0]]]}, "properties": {"name": "S06E108_6x6", "kind": "latlon", "epsg": 4326, "lonMult": 1, "height": 6, "width": 6, "available": 51, "selected": 21, "coverage": 0.5788, "unionFrac": 0.5797, "bw": {"40": 15, "20": 6}}}, {"type": "Feature", "geometry": {"type": "Polygon", "coordinates": [[[120.0, -6.0], [120.0, 0.0], [114.0, 0.0], [114.0, -6.0], [120.0, -6.0]]]}, "properties": {"name": "S06E114_6x6", "kind": "latlon", "epsg": 4326, "lonMult": 1, "height": 6, "width": 6, "available": 47, "selected": 16, "coverage": 0.7035, "unionFrac": 0.7042, "bw": {"40": 7, "20": 9}}}, {"type": "Feature", "geometry": {"type": "Polygon", "coordinates": [[[126.0, -6.0], [126.0, 0.0], [120.0, 0.0], [120.0, -6.0], [126.0, -6.0]]]}, "properties": {"name": "S06E120_6x6", "kind": "latlon", "epsg": 4326, "lonMult": 1, "height": 6, "width": 6, "available": 49, "selected": 17, "coverage": 0.9182, "unionFrac": 0.919, "bw": {"40": 3, "20": 14}}}, {"type": "Feature", "geometry": {"type": "Polygon", "coordinates": [[[132.0, -6.0], [132.0, 0.0], [126.0, 0.0], [126.0, -6.0], [132.0, -6.0]]]}, "properties": {"name": "S06E126_6x6", "kind": "latlon", "epsg": 4326, "lonMult": 1, "height": 6, "width": 6, "available": 43, "selected": 19, "coverage": 0.8763, "unionFrac": 0.8767, "bw": {"40": 3, "20": 16}}}, {"type": "Feature", "geometry": {"type": "Polygon", "coordinates": [[[138.0, -6.0], [138.0, 0.0], [132.0, 0.0], [132.0, -6.0], [138.0, -6.0]]]}, "properties": {"name": "S06E132_6x6", "kind": "latlon", "epsg": 4326, "lonMult": 1, "height": 6, "width": 6, "available": 28, "selected": 13, "coverage": 0.781, "unionFrac": 0.7821, "bw": {"20": 13}}}, {"type": "Feature", "geometry": {"type": "Polygon", "coordinates": [[[144.0, -6.0], [144.0, 0.0], [138.0, 0.0], [138.0, -6.0], [144.0, -6.0]]]}, "properties": {"name": "S06E138_6x6", "kind": "latlon", "epsg": 4326, "lonMult": 1, "height": 6, "width": 6, "available": 35, "selected": 11, "coverage": 0.5397, "unionFrac": 0.5404, "bw": {"40": 2, "20": 9}}}, {"type": "Feature", "geometry": {"type": "Polygon", "coordinates": [[[150.0, -6.0], [150.0, 0.0], [144.0, 0.0], [144.0, -6.0], [150.0, -6.0]]]}, "properties": {"name": "S06E144_6x6", "kind": "latlon", "epsg": 4326, "lonMult": 1, "height": 6, "width": 6, "available": 23, "selected": 10, "coverage": 0.4491, "unionFrac": 0.4492, "bw": {"20": 10}}}, {"type": "Feature", "geometry": {"type": "Polygon", "coordinates": [[[156.0, -6.0], [156.0, 0.0], [150.0, 0.0], [150.0, -6.0], [156.0, -6.0]]]}, "properties": {"name": "S06E150_6x6", "kind": "latlon", "epsg": 4326, "lonMult": 1, "height": 6, "width": 6, "available": 11, "selected": 7, "coverage": 0.3239, "unionFrac": 0.324, "bw": {"20": 7}}}, {"type": "Feature", "geometry": {"type": "Polygon", "coordinates": [[[-78.0, 0.0], [-78.0, 6.0], [-84.0, 6.0], [-84.0, 0.0], [-78.0, 0.0]]]}, "properties": {"name": "N00W084_6x6", "kind": "latlon", "epsg": 4326, "lonMult": 1, "height": 6, "width": 6, "available": 26, "selected": 9, "coverage": 0.3145, "unionFrac": 0.3145, "bw": {"40": 3, "20": 6}}}, {"type": "Feature", "geometry": {"type": "Polygon", "coordinates": [[[-72.0, 0.0], [-72.0, 6.0], [-78.0, 6.0], [-78.0, 0.0], [-72.0, 0.0]]]}, "properties": {"name": "N00W078_6x6", "kind": "latlon", "epsg": 4326, "lonMult": 1, "height": 6, "width": 6, "available": 55, "selected": 18, "coverage": 0.9986, "unionFrac": 1.0, "bw": {"40": 6, "20": 12}}}, {"type": "Feature", "geometry": {"type": "Polygon", "coordinates": [[[-66.0, 0.0], [-66.0, 6.0], [-72.0, 6.0], [-72.0, 0.0], [-66.0, 0.0]]]}, "properties": {"name": "N00W072_6x6", "kind": "latlon", "epsg": 4326, "lonMult": 1, "height": 6, "width": 6, "available": 55, "selected": 20, "coverage": 1.0, "unionFrac": 1.0, "bw": {"40": 3, "20": 17}}}, {"type": "Feature", "geometry": {"type": "Polygon", "coordinates": [[[-60.0, 0.0], [-60.0, 6.0], [-66.0, 6.0], [-66.0, 0.0], [-60.0, 0.0]]]}, "properties": {"name": "N00W066_6x6", "kind": "latlon", "epsg": 4326, "lonMult": 1, "height": 6, "width": 6, "available": 45, "selected": 18, "coverage": 0.9993, "unionFrac": 0.9998, "bw": {"40": 2, "20": 16}}}, {"type": "Feature", "geometry": {"type": "Polygon", "coordinates": [[[-54.0, 0.0], [-54.0, 6.0], [-60.0, 6.0], [-60.0, 0.0], [-54.0, 0.0]]]}, "properties": {"name": "N00W060_6x6", "kind": "latlon", "epsg": 4326, "lonMult": 1, "height": 6, "width": 6, "available": 41, "selected": 15, "coverage": 0.9865, "unionFrac": 0.9884, "bw": {"20": 15}}}, {"type": "Feature", "geometry": {"type": "Polygon", "coordinates": [[[-48.0, 0.0], [-48.0, 6.0], [-54.0, 6.0], [-54.0, 0.0], [-48.0, 0.0]]]}, "properties": {"name": "N00W054_6x6", "kind": "latlon", "epsg": 4326, "lonMult": 1, "height": 6, "width": 6, "available": 32, "selected": 11, "coverage": 0.6009, "unionFrac": 0.6018, "bw": {"20": 10, "40": 1}}}, {"type": "Feature", "geometry": {"type": "Polygon", "coordinates": [[[-6.0, 0.0], [-6.0, 6.0], [-12.0, 6.0], [-12.0, 0.0], [-6.0, 0.0]]]}, "properties": {"name": "N00W012_6x6", "kind": "latlon", "epsg": 4326, "lonMult": 1, "height": 6, "width": 6, "available": 11, "selected": 5, "coverage": 0.1495, "unionFrac": 0.1495, "bw": {"20": 4, "40": 1}}}, {"type": "Feature", "geometry": {"type": "Polygon", "coordinates": [[[0.0, 0.0], [0.0, 6.0], [-6.0, 6.0], [-6.0, 0.0], [0.0, 0.0]]]}, "properties": {"name": "N00W006_6x6", "kind": "latlon", "epsg": 4326, "lonMult": 1, "height": 6, "width": 6, "available": 18, "selected": 7, "coverage": 0.2112, "unionFrac": 0.2112, "bw": {"40": 4, "20": 3}}}, {"type": "Feature", "geometry": {"type": "Polygon", "coordinates": [[[6.0, 0.0], [6.0, 6.0], [0.0, 6.0], [0.0, 0.0], [6.0, 0.0]]]}, "properties": {"name": "N00E000_6x6", "kind": "latlon", "epsg": 4326, "lonMult": 1, "height": 6, "width": 6, "available": 22, "selected": 8, "coverage": 0.1599, "unionFrac": 0.1605, "bw": {"40": 8}}}, {"type": "Feature", "geometry": {"type": "Polygon", "coordinates": [[[12.0, 0.0], [12.0, 6.0], [6.0, 6.0], [6.0, 0.0], [12.0, 0.0]]]}, "properties": {"name": "N00E006_6x6", "kind": "latlon", "epsg": 4326, "lonMult": 1, "height": 6, "width": 6, "available": 46, "selected": 16, "coverage": 0.7624, "unionFrac": 0.7634, "bw": {"40": 7, "20": 9}}}, {"type": "Feature", "geometry": {"type": "Polygon", "coordinates": [[[18.0, 0.0], [18.0, 6.0], [12.0, 6.0], [12.0, 0.0], [18.0, 0.0]]]}, "properties": {"name": "N00E012_6x6", "kind": "latlon", "epsg": 4326, "lonMult": 1, "height": 6, "width": 6, "available": 63, "selected": 20, "coverage": 1.0, "unionFrac": 1.0, "bw": {"20": 20}}}, {"type": "Feature", "geometry": {"type": "Polygon", "coordinates": [[[24.0, 0.0], [24.0, 6.0], [18.0, 6.0], [18.0, 0.0], [24.0, 0.0]]]}, "properties": {"name": "N00E018_6x6", "kind": "latlon", "epsg": 4326, "lonMult": 1, "height": 6, "width": 6, "available": 55, "selected": 15, "coverage": 0.9965, "unionFrac": 1.0, "bw": {"20": 15}}}, {"type": "Feature", "geometry": {"type": "Polygon", "coordinates": [[[30.0, 0.0], [30.0, 6.0], [24.0, 6.0], [24.0, 0.0], [30.0, 0.0]]]}, "properties": {"name": "N00E024_6x6", "kind": "latlon", "epsg": 4326, "lonMult": 1, "height": 6, "width": 6, "available": 62, "selected": 16, "coverage": 0.9979, "unionFrac": 1.0, "bw": {"40": 3, "20": 13}}}, {"type": "Feature", "geometry": {"type": "Polygon", "coordinates": [[[36.0, 0.0], [36.0, 6.0], [30.0, 6.0], [30.0, 0.0], [36.0, 0.0]]]}, "properties": {"name": "N00E030_6x6", "kind": "latlon", "epsg": 4326, "lonMult": 1, "height": 6, "width": 6, "available": 66, "selected": 19, "coverage": 0.8209, "unionFrac": 0.8211, "bw": {"40": 11, "20": 8}}}, {"type": "Feature", "geometry": {"type": "Polygon", "coordinates": [[[42.0, 0.0], [42.0, 6.0], [36.0, 6.0], [36.0, 0.0], [42.0, 0.0]]]}, "properties": {"name": "N00E036_6x6", "kind": "latlon", "epsg": 4326, "lonMult": 1, "height": 6, "width": 6, "available": 57, "selected": 18, "coverage": 0.9991, "unionFrac": 1.0, "bw": {"40": 2, "20": 16}}}, {"type": "Feature", "geometry": {"type": "Polygon", "coordinates": [[[48.0, 0.0], [48.0, 6.0], [42.0, 6.0], [42.0, 0.0], [48.0, 0.0]]]}, "properties": {"name": "N00E042_6x6", "kind": "latlon", "epsg": 4326, "lonMult": 1, "height": 6, "width": 6, "available": 39, "selected": 14, "coverage": 0.8008, "unionFrac": 0.8008, "bw": {"40": 3, "20": 11}}}, {"type": "Feature", "geometry": {"type": "Polygon", "coordinates": [[[54.0, 0.0], [54.0, 6.0], [48.0, 6.0], [48.0, 0.0], [54.0, 0.0]]]}, "properties": {"name": "N00E048_6x6", "kind": "latlon", "epsg": 4326, "lonMult": 1, "height": 6, "width": 6, "available": 9, "selected": 2, "coverage": 0.1325, "unionFrac": 0.1326, "bw": {"20": 2}}}, {"type": "Feature", "geometry": {"type": "Polygon", "coordinates": [[[78.0, 0.0], [78.0, 6.0], [72.0, 6.0], [72.0, 0.0], [78.0, 0.0]]]}, "properties": {"name": "N00E072_6x6", "kind": "latlon", "epsg": 4326, "lonMult": 1, "height": 6, "width": 6, "available": 6, "selected": 3, "coverage": 0.0978, "unionFrac": 0.0978, "bw": {"20": 3}}}, {"type": "Feature", "geometry": {"type": "Polygon", "coordinates": [[[84.0, 0.0], [84.0, 6.0], [78.0, 6.0], [78.0, 0.0], [84.0, 0.0]]]}, "properties": {"name": "N00E078_6x6", "kind": "latlon", "epsg": 4326, "lonMult": 1, "height": 6, "width": 6, "available": 9, "selected": 3, "coverage": 0.0475, "unionFrac": 0.0475, "bw": {"20": 3}}}, {"type": "Feature", "geometry": {"type": "Polygon", "coordinates": [[[96.0, 0.0], [96.0, 6.0], [90.0, 6.0], [90.0, 0.0], [96.0, 0.0]]]}, "properties": {"name": "N00E090_6x6", "kind": "latlon", "epsg": 4326, "lonMult": 1, "height": 6, "width": 6, "available": 15, "selected": 8, "coverage": 0.227, "unionFrac": 0.227, "bw": {"40": 8}}}, {"type": "Feature", "geometry": {"type": "Polygon", "coordinates": [[[102.0, 0.0], [102.0, 6.0], [96.0, 6.0], [96.0, 0.0], [102.0, 0.0]]]}, "properties": {"name": "N00E096_6x6", "kind": "latlon", "epsg": 4326, "lonMult": 1, "height": 6, "width": 6, "available": 45, "selected": 13, "coverage": 0.917, "unionFrac": 0.9201, "bw": {"40": 13}}}, {"type": "Feature", "geometry": {"type": "Polygon", "coordinates": [[[108.0, 0.0], [108.0, 6.0], [102.0, 6.0], [102.0, 0.0], [108.0, 0.0]]]}, "properties": {"name": "N00E102_6x6", "kind": "latlon", "epsg": 4326, "lonMult": 1, "height": 6, "width": 6, "available": 33, "selected": 12, "coverage": 0.4774, "unionFrac": 0.4779, "bw": {"40": 8, "20": 4}}}, {"type": "Feature", "geometry": {"type": "Polygon", "coordinates": [[[114.0, 0.0], [114.0, 6.0], [108.0, 6.0], [108.0, 0.0], [114.0, 0.0]]]}, "properties": {"name": "N00E108_6x6", "kind": "latlon", "epsg": 4326, "lonMult": 1, "height": 6, "width": 6, "available": 39, "selected": 14, "coverage": 0.5765, "unionFrac": 0.5784, "bw": {"40": 4, "20": 10}}}, {"type": "Feature", "geometry": {"type": "Polygon", "coordinates": [[[120.0, 0.0], [120.0, 6.0], [114.0, 6.0], [114.0, 0.0], [120.0, 0.0]]]}, "properties": {"name": "N00E114_6x6", "kind": "latlon", "epsg": 4326, "lonMult": 1, "height": 6, "width": 6, "available": 45, "selected": 12, "coverage": 0.7989, "unionFrac": 0.801, "bw": {"40": 3, "20": 9}}}, {"type": "Feature", "geometry": {"type": "Polygon", "coordinates": [[[126.0, 0.0], [126.0, 6.0], [120.0, 6.0], [120.0, 0.0], [126.0, 0.0]]]}, "properties": {"name": "N00E120_6x6", "kind": "latlon", "epsg": 4326, "lonMult": 1, "height": 6, "width": 6, "available": 45, "selected": 13, "coverage": 0.4349, "unionFrac": 0.4373, "bw": {"40": 4, "20": 9}}}, {"type": "Feature", "geometry": {"type": "Polygon", "coordinates": [[[132.0, 0.0], [132.0, 6.0], [126.0, 6.0], [126.0, 0.0], [132.0, 0.0]]]}, "properties": {"name": "N00E126_6x6", "kind": "latlon", "epsg": 4326, "lonMult": 1, "height": 6, "width": 6, "available": 39, "selected": 15, "coverage": 0.4326, "unionFrac": 0.4327, "bw": {"40": 4, "20": 11}}}, {"type": "Feature", "geometry": {"type": "Polygon", "coordinates": [[[138.0, 0.0], [138.0, 6.0], [132.0, 6.0], [132.0, 0.0], [138.0, 0.0]]]}, "properties": {"name": "N00E132_6x6", "kind": "latlon", "epsg": 4326, "lonMult": 1, "height": 6, "width": 6, "available": 6, "selected": 3, "coverage": 0.0128, "unionFrac": 0.0132, "bw": {"20": 3}}}, {"type": "Feature", "geometry": {"type": "Polygon", "coordinates": [[[174.0, 0.0], [174.0, 6.0], [168.0, 6.0], [168.0, 0.0], [174.0, 0.0]]]}, "properties": {"name": "N00E168_6x6", "kind": "latlon", "epsg": 4326, "lonMult": 1, "height": 6, "width": 6, "available": 3, "selected": 1, "coverage": 0.03, "unionFrac": 0.03, "bw": {"40": 1}}}, {"type": "Feature", "geometry": {"type": "Polygon", "coordinates": [[[-84.0, 6.0], [-84.0, 12.0], [-90.0, 12.0], [-90.0, 6.0], [-84.0, 6.0]]]}, "properties": {"name": "N06W090_6x6", "kind": "latlon", "epsg": 4326, "lonMult": 1, "height": 6, "width": 6, "available": 20, "selected": 9, "coverage": 0.2281, "unionFrac": 0.2288, "bw": {"40": 9}}}, {"type": "Feature", "geometry": {"type": "Polygon", "coordinates": [[[-78.0, 6.0], [-78.0, 12.0], [-84.0, 12.0], [-84.0, 6.0], [-78.0, 6.0]]]}, "properties": {"name": "N06W084_6x6", "kind": "latlon", "epsg": 4326, "lonMult": 1, "height": 6, "width": 6, "available": 42, "selected": 14, "coverage": 0.5909, "unionFrac": 0.5928, "bw": {"40": 10, "20": 4}}}, {"type": "Feature", "geometry": {"type": "Polygon", "coordinates": [[[-72.0, 6.0], [-72.0, 12.0], [-78.0, 12.0], [-78.0, 6.0], [-72.0, 6.0]]]}, "properties": {"name": "N06W078_6x6", "kind": "latlon", "epsg": 4326, "lonMult": 1, "height": 6, "width": 6, "available": 40, "selected": 14, "coverage": 0.8538, "unionFrac": 0.8558, "bw": {"40": 12, "20": 2}}}, {"type": "Feature", "geometry": {"type": "Polygon", "coordinates": [[[-66.0, 6.0], [-66.0, 12.0], [-72.0, 12.0], [-72.0, 6.0], [-66.0, 6.0]]]}, "properties": {"name": "N06W072_6x6", "kind": "latlon", "epsg": 4326, "lonMult": 1, "height": 6, "width": 6, "available": 61, "selected": 20, "coverage": 0.9991, "unionFrac": 0.9991, "bw": {"40": 17, "20": 3}}}, {"type": "Feature", "geometry": {"type": "Polygon", "coordinates": [[[-60.0, 6.0], [-60.0, 12.0], [-66.0, 12.0], [-66.0, 6.0], [-60.0, 6.0]]]}, "properties": {"name": "N06W066_6x6", "kind": "latlon", "epsg": 4326, "lonMult": 1, "height": 6, "width": 6, "available": 51, "selected": 15, "coverage": 0.9823, "unionFrac": 0.9849, "bw": {"40": 10, "20": 5}}}, {"type": "Feature", "geometry": {"type": "Polygon", "coordinates": [[[-54.0, 6.0], [-54.0, 12.0], [-60.0, 12.0], [-60.0, 6.0], [-54.0, 6.0]]]}, "properties": {"name": "N06W060_6x6", "kind": "latlon", "epsg": 4326, "lonMult": 1, "height": 6, "width": 6, "available": 19, "selected": 7, "coverage": 0.2182, "unionFrac": 0.2195, "bw": {"20": 6, "40": 1}}}, {"type": "Feature", "geometry": {"type": "Polygon", "coordinates": [[[-48.0, 6.0], [-48.0, 12.0], [-54.0, 12.0], [-54.0, 6.0], [-48.0, 6.0]]]}, "properties": {"name": "N06W054_6x6", "kind": "latlon", "epsg": 4326, "lonMult": 1, "height": 6, "width": 6, "available": 3, "selected": 1, "coverage": 0.0101, "unionFrac": 0.0101, "bw": {"20": 1}}}, {"type": "Feature", "geometry": {"type": "Polygon", "coordinates": [[[-12.0, 6.0], [-12.0, 12.0], [-18.0, 12.0], [-18.0, 6.0], [-12.0, 6.0]]]}, "properties": {"name": "N06W018_6x6", "kind": "latlon", "epsg": 4326, "lonMult": 1, "height": 6, "width": 6, "available": 28, "selected": 13, "coverage": 0.3895, "unionFrac": 0.3895, "bw": {"40": 8, "20": 5}}}, {"type": "Feature", "geometry": {"type": "Polygon", "coordinates": [[[-6.0, 6.0], [-6.0, 12.0], [-12.0, 12.0], [-12.0, 6.0], [-6.0, 6.0]]]}, "properties": {"name": "N06W012_6x6", "kind": "latlon", "epsg": 4326, "lonMult": 1, "height": 6, "width": 6, "available": 50, "selected": 18, "coverage": 0.9967, "unionFrac": 0.9973, "bw": {"20": 14, "40": 4}}}, {"type": "Feature", "geometry": {"type": "Polygon", "coordinates": [[[0.0, 6.0], [0.0, 12.0], [-6.0, 12.0], [-6.0, 6.0], [0.0, 6.0]]]}, "properties": {"name": "N06W006_6x6", "kind": "latlon", "epsg": 4326, "lonMult": 1, "height": 6, "width": 6, "available": 60, "selected": 21, "coverage": 0.9989, "unionFrac": 0.9991, "bw": {"40": 7, "20": 14}}}, {"type": "Feature", "geometry": {"type": "Polygon", "coordinates": [[[6.0, 6.0], [6.0, 12.0], [0.0, 12.0], [0.0, 6.0], [6.0, 6.0]]]}, "properties": {"name": "N06E000_6x6", "kind": "latlon", "epsg": 4326, "lonMult": 1, "height": 6, "width": 6, "available": 57, "selected": 18, "coverage": 0.9999, "unionFrac": 1.0, "bw": {"40": 8, "20": 10}}}, {"type": "Feature", "geometry": {"type": "Polygon", "coordinates": [[[12.0, 6.0], [12.0, 12.0], [6.0, 12.0], [6.0, 6.0], [12.0, 6.0]]]}, "properties": {"name": "N06E006_6x6", "kind": "latlon", "epsg": 4326, "lonMult": 1, "height": 6, "width": 6, "available": 65, "selected": 20, "coverage": 0.9989, "unionFrac": 1.0, "bw": {"40": 8, "20": 12}}}, {"type": "Feature", "geometry": {"type": "Polygon", "coordinates": [[[18.0, 6.0], [18.0, 12.0], [12.0, 12.0], [12.0, 6.0], [18.0, 6.0]]]}, "properties": {"name": "N06E012_6x6", "kind": "latlon", "epsg": 4326, "lonMult": 1, "height": 6, "width": 6, "available": 66, "selected": 19, "coverage": 0.9995, "unionFrac": 1.0, "bw": {"40": 5, "20": 14}}}, {"type": "Feature", "geometry": {"type": "Polygon", "coordinates": [[[24.0, 6.0], [24.0, 12.0], [18.0, 12.0], [18.0, 6.0], [24.0, 6.0]]]}, "properties": {"name": "N06E018_6x6", "kind": "latlon", "epsg": 4326, "lonMult": 1, "height": 6, "width": 6, "available": 58, "selected": 17, "coverage": 0.9987, "unionFrac": 1.0, "bw": {"20": 17}}}, {"type": "Feature", "geometry": {"type": "Polygon", "coordinates": [[[30.0, 6.0], [30.0, 12.0], [24.0, 12.0], [24.0, 6.0], [30.0, 6.0]]]}, "properties": {"name": "N06E024_6x6", "kind": "latlon", "epsg": 4326, "lonMult": 1, "height": 6, "width": 6, "available": 58, "selected": 18, "coverage": 0.9989, "unionFrac": 1.0, "bw": {"40": 2, "20": 16}}}, {"type": "Feature", "geometry": {"type": "Polygon", "coordinates": [[[36.0, 6.0], [36.0, 12.0], [30.0, 12.0], [30.0, 6.0], [36.0, 6.0]]]}, "properties": {"name": "N06E030_6x6", "kind": "latlon", "epsg": 4326, "lonMult": 1, "height": 6, "width": 6, "available": 48, "selected": 14, "coverage": 0.7331, "unionFrac": 0.7333, "bw": {"20": 14}}}, {"type": "Feature", "geometry": {"type": "Polygon", "coordinates": [[[42.0, 6.0], [42.0, 12.0], [36.0, 12.0], [36.0, 6.0], [42.0, 6.0]]]}, "properties": {"name": "N06E036_6x6", "kind": "latlon", "epsg": 4326, "lonMult": 1, "height": 6, "width": 6, "available": 51, "selected": 14, "coverage": 0.9614, "unionFrac": 0.9629, "bw": {"20": 14}}}, {"type": "Feature", "geometry": {"type": "Polygon", "coordinates": [[[48.0, 6.0], [48.0, 12.0], [42.0, 12.0], [42.0, 6.0], [48.0, 6.0]]]}, "properties": {"name": "N06E042_6x6", "kind": "latlon", "epsg": 4326, "lonMult": 1, "height": 6, "width": 6, "available": 62, "selected": 17, "coverage": 0.9907, "unionFrac": 0.9926, "bw": {"20": 16, "40": 1}}}, {"type": "Feature", "geometry": {"type": "Polygon", "coordinates": [[[54.0, 6.0], [54.0, 12.0], [48.0, 12.0], [48.0, 6.0], [54.0, 6.0]]]}, "properties": {"name": "N06E048_6x6", "kind": "latlon", "epsg": 4326, "lonMult": 1, "height": 6, "width": 6, "available": 24, "selected": 9, "coverage": 0.4675, "unionFrac": 0.4687, "bw": {"20": 9}}}, {"type": "Feature", "geometry": {"type": "Polygon", "coordinates": [[[78.0, 6.0], [78.0, 12.0], [72.0, 12.0], [72.0, 6.0], [78.0, 6.0]]]}, "properties": {"name": "N06E072_6x6", "kind": "latlon", "epsg": 4326, "lonMult": 1, "height": 6, "width": 6, "available": 17, "selected": 6, "coverage": 0.3405, "unionFrac": 0.3407, "bw": {"20": 6}}}, {"type": "Feature", "geometry": {"type": "Polygon", "coordinates": [[[84.0, 6.0], [84.0, 12.0], [78.0, 12.0], [78.0, 6.0], [84.0, 6.0]]]}, "properties": {"name": "N06E078_6x6", "kind": "latlon", "epsg": 4326, "lonMult": 1, "height": 6, "width": 6, "available": 27, "selected": 10, "coverage": 0.593, "unionFrac": 0.5946, "bw": {"20": 10}}}, {"type": "Feature", "geometry": {"type": "Polygon", "coordinates": [[[96.0, 6.0], [96.0, 12.0], [90.0, 12.0], [90.0, 6.0], [96.0, 6.0]]]}, "properties": {"name": "N06E090_6x6", "kind": "latlon", "epsg": 4326, "lonMult": 1, "height": 6, "width": 6, "available": 27, "selected": 10, "coverage": 0.5833, "unionFrac": 0.5843, "bw": {"40": 10}}}, {"type": "Feature", "geometry": {"type": "Polygon", "coordinates": [[[102.0, 6.0], [102.0, 12.0], [96.0, 12.0], [96.0, 6.0], [102.0, 6.0]]]}, "properties": {"name": "N06E096_6x6", "kind": "latlon", "epsg": 4326, "lonMult": 1, "height": 6, "width": 6, "available": 44, "selected": 15, "coverage": 0.7, "unionFrac": 0.7006, "bw": {"40": 8, "20": 7}}}, {"type": "Feature", "geometry": {"type": "Polygon", "coordinates": [[[108.0, 6.0], [108.0, 12.0], [102.0, 12.0], [102.0, 6.0], [108.0, 6.0]]]}, "properties": {"name": "N06E102_6x6", "kind": "latlon", "epsg": 4326, "lonMult": 1, "height": 6, "width": 6, "available": 45, "selected": 14, "coverage": 0.4702, "unionFrac": 0.4716, "bw": {"40": 10, "20": 4}}}, {"type": "Feature", "geometry": {"type": "Polygon", "coordinates": [[[114.0, 6.0], [114.0, 12.0], [108.0, 12.0], [108.0, 6.0], [114.0, 6.0]]]}, "properties": {"name": "N06E108_6x6", "kind": "latlon", "epsg": 4326, "lonMult": 1, "height": 6, "width": 6, "available": 9, "selected": 4, "coverage": 0.1049, "unionFrac": 0.1049, "bw": {"40": 2, "20": 2}}}, {"type": "Feature", "geometry": {"type": "Polygon", "coordinates": [[[120.0, 6.0], [120.0, 12.0], [114.0, 12.0], [114.0, 6.0], [120.0, 6.0]]]}, "properties": {"name": "N06E114_6x6", "kind": "latlon", "epsg": 4326, "lonMult": 1, "height": 6, "width": 6, "available": 27, "selected": 8, "coverage": 0.4044, "unionFrac": 0.4051, "bw": {"40": 2, "20": 6}}}, {"type": "Feature", "geometry": {"type": "Polygon", "coordinates": [[[126.0, 6.0], [126.0, 12.0], [120.0, 12.0], [120.0, 6.0], [126.0, 6.0]]]}, "properties": {"name": "N06E120_6x6", "kind": "latlon", "epsg": 4326, "lonMult": 1, "height": 6, "width": 6, "available": 48, "selected": 13, "coverage": 0.8659, "unionFrac": 0.8668, "bw": {"40": 10, "20": 3}}}, {"type": "Feature", "geometry": {"type": "Polygon", "coordinates": [[[132.0, 6.0], [132.0, 12.0], [126.0, 12.0], [126.0, 6.0], [132.0, 6.0]]]}, "properties": {"name": "N06E126_6x6", "kind": "latlon", "epsg": 4326, "lonMult": 1, "height": 6, "width": 6, "available": 9, "selected": 3, "coverage": 0.1917, "unionFrac": 0.1917, "bw": {"40": 3}}}, {"type": "Feature", "geometry": {"type": "Polygon", "coordinates": [[[174.0, 6.0], [174.0, 12.0], [168.0, 12.0], [168.0, 6.0], [174.0, 6.0]]]}, "properties": {"name": "N06E168_6x6", "kind": "latlon", "epsg": 4326, "lonMult": 1, "height": 6, "width": 6, "available": 3, "selected": 1, "coverage": 0.1077, "unionFrac": 0.1086, "bw": {"40": 1}}}, {"type": "Feature", "geometry": {"type": "Polygon", "coordinates": [[[-102.0, 12.0], [-102.0, 18.0], [-108.0, 18.0], [-108.0, 12.0], [-102.0, 12.0]]]}, "properties": {"name": "N12W108_6x6", "kind": "latlon", "epsg": 4326, "lonMult": 1, "height": 6, "width": 6, "available": 9, "selected": 4, "coverage": 0.0231, "unionFrac": 0.024, "bw": {"40": 4}}}, {"type": "Feature", "geometry": {"type": "Polygon", "coordinates": [[[-96.0, 12.0], [-96.0, 18.0], [-102.0, 18.0], [-102.0, 12.0], [-96.0, 12.0]]]}, "properties": {"name": "N12W102_6x6", "kind": "latlon", "epsg": 4326, "lonMult": 1, "height": 6, "width": 6, "available": 27, "selected": 12, "coverage": 0.3237, "unionFrac": 0.3243, "bw": {"40": 12}}}, {"type": "Feature", "geometry": {"type": "Polygon", "coordinates": [[[-90.0, 12.0], [-90.0, 18.0], [-96.0, 18.0], [-96.0, 12.0], [-90.0, 12.0]]]}, "properties": {"name": "N12W096_6x6", "kind": "latlon", "epsg": 4326, "lonMult": 1, "height": 6, "width": 6, "available": 33, "selected": 13, "coverage": 0.5845, "unionFrac": 0.5857, "bw": {"40": 13}}}, {"type": "Feature", "geometry": {"type": "Polygon", "coordinates": [[[-84.0, 12.0], [-84.0, 18.0], [-90.0, 18.0], [-90.0, 12.0], [-84.0, 12.0]]]}, "properties": {"name": "N12W090_6x6", "kind": "latlon", "epsg": 4326, "lonMult": 1, "height": 6, "width": 6, "available": 41, "selected": 16, "coverage": 0.8475, "unionFrac": 0.8483, "bw": {"40": 14, "20": 2}}}, {"type": "Feature", "geometry": {"type": "Polygon", "coordinates": [[[-78.0, 12.0], [-78.0, 18.0], [-84.0, 18.0], [-84.0, 12.0], [-78.0, 12.0]]]}, "properties": {"name": "N12W084_6x6", "kind": "latlon", "epsg": 4326, "lonMult": 1, "height": 6, "width": 6, "available": 12, "selected": 4, "coverage": 0.1478, "unionFrac": 0.1478, "bw": {"40": 4}}}, {"type": "Feature", "geometry": {"type": "Polygon", "coordinates": [[[-72.0, 12.0], [-72.0, 18.0], [-78.0, 18.0], [-78.0, 12.0], [-72.0, 12.0]]]}, "properties": {"name": "N12W078_6x6", "kind": "latlon", "epsg": 4326, "lonMult": 1, "height": 6, "width": 6, "available": 17, "selected": 7, "coverage": 0.0895, "unionFrac": 0.0895, "bw": {"40": 7}}}, {"type": "Feature", "geometry": {"type": "Polygon", "coordinates": [[[-66.0, 12.0], [-66.0, 18.0], [-72.0, 18.0], [-72.0, 12.0], [-66.0, 12.0]]]}, "properties": {"name": "N12W072_6x6", "kind": "latlon", "epsg": 4326, "lonMult": 1, "height": 6, "width": 6, "available": 33, "selected": 13, "coverage": 0.3429, "unionFrac": 0.3441, "bw": {"40": 13}}}, {"type": "Feature", "geometry": {"type": "Polygon", "coordinates": [[[-60.0, 12.0], [-60.0, 18.0], [-66.0, 18.0], [-66.0, 12.0], [-60.0, 12.0]]]}, "properties": {"name": "N12W066_6x6", "kind": "latlon", "epsg": 4326, "lonMult": 1, "height": 6, "width": 6, "available": 32, "selected": 15, "coverage": 0.4153, "unionFrac": 0.4175, "bw": {"40": 15}}}, {"type": "Feature", "geometry": {"type": "Polygon", "coordinates": [[[-54.0, 12.0], [-54.0, 18.0], [-60.0, 18.0], [-60.0, 12.0], [-54.0, 12.0]]]}, "properties": {"name": "N12W060_6x6", "kind": "latlon", "epsg": 4326, "lonMult": 1, "height": 6, "width": 6, "available": 7, "selected": 4, "coverage": 0.0494, "unionFrac": 0.0494, "bw": {"40": 4}}}, {"type": "Feature", "geometry": {"type": "Polygon", "coordinates": [[[-18.0, 12.0], [-18.0, 18.0], [-24.0, 18.0], [-24.0, 12.0], [-18.0, 12.0]]]}, "properties": {"name": "N12W024_6x6", "kind": "latlon", "epsg": 4326, "lonMult": 1, "height": 6, "width": 6, "available": 9, "selected": 4, "coverage": 0.062, "unionFrac": 0.0621, "bw": {"40": 1, "20": 3}}}, {"type": "Feature", "geometry": {"type": "Polygon", "coordinates": [[[-12.0, 12.0], [-12.0, 18.0], [-18.0, 18.0], [-18.0, 12.0], [-12.0, 12.0]]]}, "properties": {"name": "N12W018_6x6", "kind": "latlon", "epsg": 4326, "lonMult": 1, "height": 6, "width": 6, "available": 47, "selected": 15, "coverage": 0.941, "unionFrac": 0.9433, "bw": {"40": 5, "20": 10}}}, {"type": "Feature", "geometry": {"type": "Polygon", "coordinates": [[[-6.0, 12.0], [-6.0, 18.0], [-12.0, 18.0], [-12.0, 12.0], [-6.0, 12.0]]]}, "properties": {"name": "N12W012_6x6", "kind": "latlon", "epsg": 4326, "lonMult": 1, "height": 6, "width": 6, "available": 39, "selected": 14, "coverage": 0.9094, "unionFrac": 0.9107, "bw": {"20": 14}}}, {"type": "Feature", "geometry": {"type": "Polygon", "coordinates": [[[0.0, 12.0], [0.0, 18.0], [-6.0, 18.0], [-6.0, 12.0], [0.0, 12.0]]]}, "properties": {"name": "N12W006_6x6", "kind": "latlon", "epsg": 4326, "lonMult": 1, "height": 6, "width": 6, "available": 54, "selected": 17, "coverage": 0.9659, "unionFrac": 0.9668, "bw": {"40": 4, "20": 13}}}, {"type": "Feature", "geometry": {"type": "Polygon", "coordinates": [[[6.0, 12.0], [6.0, 18.0], [0.0, 18.0], [0.0, 12.0], [6.0, 12.0]]]}, "properties": {"name": "N12E000_6x6", "kind": "latlon", "epsg": 4326, "lonMult": 1, "height": 6, "width": 6, "available": 66, "selected": 19, "coverage": 1.0, "unionFrac": 1.0, "bw": {"40": 4, "20": 15}}}, {"type": "Feature", "geometry": {"type": "Polygon", "coordinates": [[[12.0, 12.0], [12.0, 18.0], [6.0, 18.0], [6.0, 12.0], [12.0, 12.0]]]}, "properties": {"name": "N12E006_6x6", "kind": "latlon", "epsg": 4326, "lonMult": 1, "height": 6, "width": 6, "available": 61, "selected": 16, "coverage": 0.9594, "unionFrac": 0.9606, "bw": {"40": 2, "20": 14}}}, {"type": "Feature", "geometry": {"type": "Polygon", "coordinates": [[[18.0, 12.0], [18.0, 18.0], [12.0, 18.0], [12.0, 12.0], [18.0, 12.0]]]}, "properties": {"name": "N12E012_6x6", "kind": "latlon", "epsg": 4326, "lonMult": 1, "height": 6, "width": 6, "available": 40, "selected": 12, "coverage": 0.6625, "unionFrac": 0.6638, "bw": {"40": 4, "20": 8}}}, {"type": "Feature", "geometry": {"type": "Polygon", "coordinates": [[[24.0, 12.0], [24.0, 18.0], [18.0, 18.0], [18.0, 12.0], [24.0, 12.0]]]}, "properties": {"name": "N12E018_6x6", "kind": "latlon", "epsg": 4326, "lonMult": 1, "height": 6, "width": 6, "available": 39, "selected": 14, "coverage": 0.8576, "unionFrac": 0.8593, "bw": {"20": 14}}}, {"type": "Feature", "geometry": {"type": "Polygon", "coordinates": [[[30.0, 12.0], [30.0, 18.0], [24.0, 18.0], [24.0, 12.0], [30.0, 12.0]]]}, "properties": {"name": "N12E024_6x6", "kind": "latlon", "epsg": 4326, "lonMult": 1, "height": 6, "width": 6, "available": 53, "selected": 18, "coverage": 0.7554, "unionFrac": 0.7569, "bw": {"40": 3, "20": 15}}}, {"type": "Feature", "geometry": {"type": "Polygon", "coordinates": [[[36.0, 12.0], [36.0, 18.0], [30.0, 18.0], [30.0, 12.0], [36.0, 12.0]]]}, "properties": {"name": "N12E030_6x6", "kind": "latlon", "epsg": 4326, "lonMult": 1, "height": 6, "width": 6, "available": 57, "selected": 16, "coverage": 0.9284, "unionFrac": 0.9292, "bw": {"40": 4, "20": 12}}}, {"type": "Feature", "geometry": {"type": "Polygon", "coordinates": [[[42.0, 12.0], [42.0, 18.0], [36.0, 18.0], [36.0, 12.0], [42.0, 12.0]]]}, "properties": {"name": "N12E036_6x6", "kind": "latlon", "epsg": 4326, "lonMult": 1, "height": 6, "width": 6, "available": 53, "selected": 17, "coverage": 0.7843, "unionFrac": 0.785, "bw": {"40": 3, "20": 14}}}, {"type": "Feature", "geometry": {"type": "Polygon", "coordinates": [[[48.0, 12.0], [48.0, 18.0], [42.0, 18.0], [42.0, 12.0], [48.0, 12.0]]]}, "properties": {"name": "N12E042_6x6", "kind": "latlon", "epsg": 4326, "lonMult": 1, "height": 6, "width": 6, "available": 62, "selected": 18, "coverage": 0.9162, "unionFrac": 0.9169, "bw": {"40": 5, "20": 13}}}, {"type": "Feature", "geometry": {"type": "Polygon", "coordinates": [[[54.0, 12.0], [54.0, 18.0], [48.0, 18.0], [48.0, 12.0], [54.0, 12.0]]]}, "properties": {"name": "N12E048_6x6", "kind": "latlon", "epsg": 4326, "lonMult": 1, "height": 6, "width": 6, "available": 49, "selected": 14, "coverage": 0.654, "unionFrac": 0.6549, "bw": {"40": 5, "20": 9}}}, {"type": "Feature", "geometry": {"type": "Polygon", "coordinates": [[[60.0, 12.0], [60.0, 18.0], [54.0, 18.0], [54.0, 12.0], [60.0, 12.0]]]}, "properties": {"name": "N12E054_6x6", "kind": "latlon", "epsg": 4326, "lonMult": 1, "height": 6, "width": 6, "available": 14, "selected": 3, "coverage": 0.0785, "unionFrac": 0.0793, "bw": {"40": 2, "20": 1}}}, {"type": "Feature", "geometry": {"type": "Polygon", "coordinates": [[[72.0, 12.0], [72.0, 18.0], [66.0, 18.0], [66.0, 12.0], [72.0, 12.0]]]}, "properties": {"name": "N12E066_6x6", "kind": "latlon", "epsg": 4326, "lonMult": 1, "height": 6, "width": 6, "available": 5, "selected": 2, "coverage": 0.0274, "unionFrac": 0.0274, "bw": {"20": 2}}}, {"type": "Feature", "geometry": {"type": "Polygon", "coordinates": [[[78.0, 12.0], [78.0, 18.0], [72.0, 18.0], [72.0, 12.0], [78.0, 12.0]]]}, "properties": {"name": "N12E072_6x6", "kind": "latlon", "epsg": 4326, "lonMult": 1, "height": 6, "width": 6, "available": 34, "selected": 13, "coverage": 0.7009, "unionFrac": 0.7019, "bw": {"20": 13}}}, {"type": "Feature", "geometry": {"type": "Polygon", "coordinates": [[[84.0, 12.0], [84.0, 18.0], [78.0, 18.0], [78.0, 12.0], [84.0, 12.0]]]}, "properties": {"name": "N12E078_6x6", "kind": "latlon", "epsg": 4326, "lonMult": 1, "height": 6, "width": 6, "available": 37, "selected": 10, "coverage": 0.7035, "unionFrac": 0.704, "bw": {"20": 10}}}, {"type": "Feature", "geometry": {"type": "Polygon", "coordinates": [[[90.0, 12.0], [90.0, 18.0], [84.0, 18.0], [84.0, 12.0], [90.0, 12.0]]]}, "properties": {"name": "N12E084_6x6", "kind": "latlon", "epsg": 4326, "lonMult": 1, "height": 6, "width": 6, "available": 4, "selected": 2, "coverage": 0.0119, "unionFrac": 0.0119, "bw": {"20": 2}}}, {"type": "Feature", "geometry": {"type": "Polygon", "coordinates": [[[96.0, 12.0], [96.0, 18.0], [90.0, 18.0], [90.0, 12.0], [96.0, 12.0]]]}, "properties": {"name": "N12E090_6x6", "kind": "latlon", "epsg": 4326, "lonMult": 1, "height": 6, "width": 6, "available": 29, "selected": 8, "coverage": 0.5598, "unionFrac": 0.5604, "bw": {"40": 4, "20": 4}}}, {"type": "Feature", "geometry": {"type": "Polygon", "coordinates": [[[102.0, 12.0], [102.0, 18.0], [96.0, 18.0], [96.0, 12.0], [102.0, 12.0]]]}, "properties": {"name": "N12E096_6x6", "kind": "latlon", "epsg": 4326, "lonMult": 1, "height": 6, "width": 6, "available": 60, "selected": 19, "coverage": 0.8429, "unionFrac": 0.843, "bw": {"40": 7, "20": 12}}}, {"type": "Feature", "geometry": {"type": "Polygon", "coordinates": [[[108.0, 12.0], [108.0, 18.0], [102.0, 18.0], [102.0, 12.0], [108.0, 12.0]]]}, "properties": {"name": "N12E102_6x6", "kind": "latlon", "epsg": 4326, "lonMult": 1, "height": 6, "width": 6, "available": 85, "selected": 23, "coverage": 0.9991, "unionFrac": 1.0, "bw": {"40": 13, "20": 10}}}, {"type": "Feature", "geometry": {"type": "Polygon", "coordinates": [[[114.0, 12.0], [114.0, 18.0], [108.0, 18.0], [108.0, 12.0], [114.0, 12.0]]]}, "properties": {"name": "N12E108_6x6", "kind": "latlon", "epsg": 4326, "lonMult": 1, "height": 6, "width": 6, "available": 36, "selected": 11, "coverage": 0.3476, "unionFrac": 0.3484, "bw": {"40": 5, "20": 6}}}, {"type": "Feature", "geometry": {"type": "Polygon", "coordinates": [[[120.0, 12.0], [120.0, 18.0], [114.0, 18.0], [114.0, 12.0], [120.0, 12.0]]]}, "properties": {"name": "N12E114_6x6", "kind": "latlon", "epsg": 4326, "lonMult": 1, "height": 6, "width": 6, "available": 28, "selected": 7, "coverage": 0.2421, "unionFrac": 0.2422, "bw": {"40": 3, "20": 4}}}, {"type": "Feature", "geometry": {"type": "Polygon", "coordinates": [[[126.0, 12.0], [126.0, 18.0], [120.0, 18.0], [120.0, 12.0], [126.0, 12.0]]]}, "properties": {"name": "N12E120_6x6", "kind": "latlon", "epsg": 4326, "lonMult": 1, "height": 6, "width": 6, "available": 44, "selected": 11, "coverage": 0.6281, "unionFrac": 0.6286, "bw": {"40": 8, "20": 3}}}, {"type": "Feature", "geometry": {"type": "Polygon", "coordinates": [[[144.0, 12.0], [144.0, 18.0], [138.0, 18.0], [138.0, 12.0], [144.0, 12.0]]]}, "properties": {"name": "N12E138_6x6", "kind": "latlon", "epsg": 4326, "lonMult": 1, "height": 6, "width": 6, "available": 10, "selected": 4, "coverage": 0.0472, "unionFrac": 0.0475, "bw": {"40": 3, "20": 1}}}, {"type": "Feature", "geometry": {"type": "Polygon", "coordinates": [[[150.0, 12.0], [150.0, 18.0], [144.0, 18.0], [144.0, 12.0], [150.0, 12.0]]]}, "properties": {"name": "N12E144_6x6", "kind": "latlon", "epsg": 4326, "lonMult": 1, "height": 6, "width": 6, "available": 13, "selected": 6, "coverage": 0.2842, "unionFrac": 0.2843, "bw": {"40": 4, "20": 2}}}, {"type": "Feature", "geometry": {"type": "Polygon", "coordinates": [[[-156.0, 18.0], [-156.0, 24.0], [-162.0, 24.0], [-162.0, 18.0], [-156.0, 18.0]]]}, "properties": {"name": "N18W162_6x6", "kind": "latlon", "epsg": 4326, "lonMult": 1, "height": 6, "width": 6, "available": 15, "selected": 8, "coverage": 0.2054, "unionFrac": 0.2063, "bw": {"40": 8}}}, {"type": "Feature", "geometry": {"type": "Polygon", "coordinates": [[[-150.0, 18.0], [-150.0, 24.0], [-156.0, 24.0], [-156.0, 18.0], [-150.0, 18.0]]]}, "properties": {"name": "N18W156_6x6", "kind": "latlon", "epsg": 4326, "lonMult": 1, "height": 6, "width": 6, "available": 6, "selected": 3, "coverage": 0.1012, "unionFrac": 0.1012, "bw": {"40": 3}}}, {"type": "Feature", "geometry": {"type": "Polygon", "coordinates": [[[-108.0, 18.0], [-108.0, 24.0], [-114.0, 24.0], [-114.0, 18.0], [-108.0, 18.0]]]}, "properties": {"name": "N18W114_6x6", "kind": "latlon", "epsg": 4326, "lonMult": 1, "height": 6, "width": 6, "available": 19, "selected": 7, "coverage": 0.1682, "unionFrac": 0.169, "bw": {"40": 5, "20": 2}}}, {"type": "Feature", "geometry": {"type": "Polygon", "coordinates": [[[-102.0, 18.0], [-102.0, 24.0], [-108.0, 24.0], [-108.0, 18.0], [-102.0, 18.0]]]}, "properties": {"name": "N18W108_6x6", "kind": "latlon", "epsg": 4326, "lonMult": 1, "height": 6, "width": 6, "available": 54, "selected": 20, "coverage": 0.8211, "unionFrac": 0.8211, "bw": {"40": 17, "20": 3}}}, {"type": "Feature", "geometry": {"type": "Polygon", "coordinates": [[[-96.0, 18.0], [-96.0, 24.0], [-102.0, 24.0], [-102.0, 18.0], [-96.0, 18.0]]]}, "properties": {"name": "N18W102_6x6", "kind": "latlon", "epsg": 4326, "lonMult": 1, "height": 6, "width": 6, "available": 52, "selected": 15, "coverage": 0.9291, "unionFrac": 0.9297, "bw": {"40": 15}}}, {"type": "Feature", "geometry": {"type": "Polygon", "coordinates": [[[-90.0, 18.0], [-90.0, 24.0], [-96.0, 24.0], [-96.0, 18.0], [-90.0, 18.0]]]}, "properties": {"name": "N18W096_6x6", "kind": "latlon", "epsg": 4326, "lonMult": 1, "height": 6, "width": 6, "available": 31, "selected": 8, "coverage": 0.4021, "unionFrac": 0.4031, "bw": {"40": 8}}}, {"type": "Feature", "geometry": {"type": "Polygon", "coordinates": [[[-84.0, 18.0], [-84.0, 24.0], [-90.0, 24.0], [-90.0, 18.0], [-84.0, 18.0]]]}, "properties": {"name": "N18W090_6x6", "kind": "latlon", "epsg": 4326, "lonMult": 1, "height": 6, "width": 6, "available": 26, "selected": 6, "coverage": 0.5444, "unionFrac": 0.545, "bw": {"40": 5, "20": 1}}}, {"type": "Feature", "geometry": {"type": "Polygon", "coordinates": [[[-78.0, 18.0], [-78.0, 24.0], [-84.0, 24.0], [-84.0, 18.0], [-78.0, 18.0]]]}, "properties": {"name": "N18W084_6x6", "kind": "latlon", "epsg": 4326, "lonMult": 1, "height": 6, "width": 6, "available": 29, "selected": 15, "coverage": 0.5102, "unionFrac": 0.5102, "bw": {"40": 7, "20": 8}}}, {"type": "Feature", "geometry": {"type": "Polygon", "coordinates": [[[-72.0, 18.0], [-72.0, 24.0], [-78.0, 24.0], [-78.0, 18.0], [-72.0, 18.0]]]}, "properties": {"name": "N18W078_6x6", "kind": "latlon", "epsg": 4326, "lonMult": 1, "height": 6, "width": 6, "available": 49, "selected": 17, "coverage": 0.7785, "unionFrac": 0.7798, "bw": {"40": 8, "20": 9}}}, {"type": "Feature", "geometry": {"type": "Polygon", "coordinates": [[[-66.0, 18.0], [-66.0, 24.0], [-72.0, 24.0], [-72.0, 18.0], [-66.0, 18.0]]]}, "properties": {"name": "N18W072_6x6", "kind": "latlon", "epsg": 4326, "lonMult": 1, "height": 6, "width": 6, "available": 19, "selected": 7, "coverage": 0.2762, "unionFrac": 0.2766, "bw": {"40": 6, "20": 1}}}, {"type": "Feature", "geometry": {"type": "Polygon", "coordinates": [[[-60.0, 18.0], [-60.0, 24.0], [-66.0, 24.0], [-66.0, 18.0], [-60.0, 18.0]]]}, "properties": {"name": "N18W066_6x6", "kind": "latlon", "epsg": 4326, "lonMult": 1, "height": 6, "width": 6, "available": 15, "selected": 3, "coverage": 0.0867, "unionFrac": 0.0878, "bw": {"40": 3}}}, {"type": "Feature", "geometry": {"type": "Polygon", "coordinates": [[[-18.0, 18.0], [-18.0, 24.0], [-24.0, 24.0], [-24.0, 18.0], [-18.0, 18.0]]]}, "properties": {"name": "N18W024_6x6", "kind": "latlon", "epsg": 4326, "lonMult": 1, "height": 6, "width": 6, "available": 3, "selected": 2, "coverage": 0.0153, "unionFrac": 0.0158, "bw": {"20": 2}}}, {"type": "Feature", "geometry": {"type": "Polygon", "coordinates": [[[-12.0, 18.0], [-12.0, 24.0], [-18.0, 24.0], [-18.0, 18.0], [-12.0, 18.0]]]}, "properties": {"name": "N18W018_6x6", "kind": "latlon", "epsg": 4326, "lonMult": 1, "height": 6, "width": 6, "available": 25, "selected": 8, "coverage": 0.2781, "unionFrac": 0.2803, "bw": {"40": 3, "20": 5}}}, {"type": "Feature", "geometry": {"type": "Polygon", "coordinates": [[[-6.0, 18.0], [-6.0, 24.0], [-12.0, 24.0], [-12.0, 18.0], [-6.0, 18.0]]]}, "properties": {"name": "N18W012_6x6", "kind": "latlon", "epsg": 4326, "lonMult": 1, "height": 6, "width": 6, "available": 8, "selected": 4, "coverage": 0.184, "unionFrac": 0.1841, "bw": {"20": 4}}}, {"type": "Feature", "geometry": {"type": "Polygon", "coordinates": [[[0.0, 18.0], [0.0, 24.0], [-6.0, 24.0], [-6.0, 18.0], [0.0, 18.0]]]}, "properties": {"name": "N18W006_6x6", "kind": "latlon", "epsg": 4326, "lonMult": 1, "height": 6, "width": 6, "available": 15, "selected": 7, "coverage": 0.1172, "unionFrac": 0.1184, "bw": {"20": 7}}}, {"type": "Feature", "geometry": {"type": "Polygon", "coordinates": [[[6.0, 18.0], [6.0, 24.0], [0.0, 24.0], [0.0, 18.0], [6.0, 18.0]]]}, "properties": {"name": "N18E000_6x6", "kind": "latlon", "epsg": 4326, "lonMult": 1, "height": 6, "width": 6, "available": 49, "selected": 12, "coverage": 0.6736, "unionFrac": 0.6747, "bw": {"20": 12}}}, {"type": "Feature", "geometry": {"type": "Polygon", "coordinates": [[[12.0, 18.0], [12.0, 24.0], [6.0, 24.0], [6.0, 18.0], [12.0, 18.0]]]}, "properties": {"name": "N18E006_6x6", "kind": "latlon", "epsg": 4326, "lonMult": 1, "height": 6, "width": 6, "available": 48, "selected": 16, "coverage": 0.712, "unionFrac": 0.7124, "bw": {"20": 16}}}, {"type": "Feature", "geometry": {"type": "Polygon", "coordinates": [[[18.0, 18.0], [18.0, 24.0], [12.0, 24.0], [12.0, 18.0], [18.0, 18.0]]]}, "properties": {"name": "N18E012_6x6", "kind": "latlon", "epsg": 4326, "lonMult": 1, "height": 6, "width": 6, "available": 12, "selected": 6, "coverage": 0.1012, "unionFrac": 0.1033, "bw": {"20": 6}}}, {"type": "Feature", "geometry": {"type": "Polygon", "coordinates": [[[24.0, 18.0], [24.0, 24.0], [18.0, 24.0], [18.0, 18.0], [24.0, 18.0]]]}, "properties": {"name": "N18E018_6x6", "kind": "latlon", "epsg": 4326, "lonMult": 1, "height": 6, "width": 6, "available": 15, "selected": 7, "coverage": 0.0599, "unionFrac": 0.0614, "bw": {"20": 7}}}, {"type": "Feature", "geometry": {"type": "Polygon", "coordinates": [[[30.0, 18.0], [30.0, 24.0], [24.0, 24.0], [24.0, 18.0], [30.0, 18.0]]]}, "properties": {"name": "N18E024_6x6", "kind": "latlon", "epsg": 4326, "lonMult": 1, "height": 6, "width": 6, "available": 26, "selected": 6, "coverage": 0.432, "unionFrac": 0.4324, "bw": {"20": 6}}}, {"type": "Feature", "geometry": {"type": "Polygon", "coordinates": [[[36.0, 18.0], [36.0, 24.0], [30.0, 24.0], [30.0, 18.0], [36.0, 18.0]]]}, "properties": {"name": "N18E030_6x6", "kind": "latlon", "epsg": 4326, "lonMult": 1, "height": 6, "width": 6, "available": 61, "selected": 18, "coverage": 0.9986, "unionFrac": 0.9987, "bw": {"20": 16, "40": 2}}}, {"type": "Feature", "geometry": {"type": "Polygon", "coordinates": [[[42.0, 18.0], [42.0, 24.0], [36.0, 24.0], [36.0, 18.0], [42.0, 18.0]]]}, "properties": {"name": "N18E036_6x6", "kind": "latlon", "epsg": 4326, "lonMult": 1, "height": 6, "width": 6, "available": 63, "selected": 20, "coverage": 0.9251, "unionFrac": 0.9269, "bw": {"40": 8, "20": 12}}}, {"type": "Feature", "geometry": {"type": "Polygon", "coordinates": [[[48.0, 18.0], [48.0, 24.0], [42.0, 24.0], [42.0, 18.0], [48.0, 18.0]]]}, "properties": {"name": "N18E042_6x6", "kind": "latlon", "epsg": 4326, "lonMult": 1, "height": 6, "width": 6, "available": 61, "selected": 20, "coverage": 0.9999, "unionFrac": 1.0, "bw": {"40": 4, "20": 16}}}, {"type": "Feature", "geometry": {"type": "Polygon", "coordinates": [[[54.0, 18.0], [54.0, 24.0], [48.0, 24.0], [48.0, 18.0], [54.0, 18.0]]]}, "properties": {"name": "N18E048_6x6", "kind": "latlon", "epsg": 4326, "lonMult": 1, "height": 6, "width": 6, "available": 73, "selected": 19, "coverage": 0.9995, "unionFrac": 1.0, "bw": {"40": 9, "20": 10}}}, {"type": "Feature", "geometry": {"type": "Polygon", "coordinates": [[[60.0, 18.0], [60.0, 24.0], [54.0, 24.0], [54.0, 18.0], [60.0, 18.0]]]}, "properties": {"name": "N18E054_6x6", "kind": "latlon", "epsg": 4326, "lonMult": 1, "height": 6, "width": 6, "available": 59, "selected": 16, "coverage": 0.8784, "unionFrac": 0.8786, "bw": {"40": 7, "20": 9}}}, {"type": "Feature", "geometry": {"type": "Polygon", "coordinates": [[[66.0, 18.0], [66.0, 24.0], [60.0, 24.0], [60.0, 18.0], [66.0, 18.0]]]}, "properties": {"name": "N18E060_6x6", "kind": "latlon", "epsg": 4326, "lonMult": 1, "height": 6, "width": 6, "available": 11, "selected": 3, "coverage": 0.0686, "unionFrac": 0.0686, "bw": {"20": 3}}}, {"type": "Feature", "geometry": {"type": "Polygon", "coordinates": [[[72.0, 18.0], [72.0, 24.0], [66.0, 24.0], [66.0, 18.0], [72.0, 18.0]]]}, "properties": {"name": "N18E066_6x6", "kind": "latlon", "epsg": 4326, "lonMult": 1, "height": 6, "width": 6, "available": 22, "selected": 10, "coverage": 0.2539, "unionFrac": 0.2551, "bw": {"20": 10}}}, {"type": "Feature", "geometry": {"type": "Polygon", "coordinates": [[[78.0, 18.0], [78.0, 24.0], [72.0, 24.0], [72.0, 18.0], [78.0, 18.0]]]}, "properties": {"name": "N18E072_6x6", "kind": "latlon", "epsg": 4326, "lonMult": 1, "height": 6, "width": 6, "available": 48, "selected": 15, "coverage": 0.9863, "unionFrac": 0.9881, "bw": {"20": 15}}}, {"type": "Feature", "geometry": {"type": "Polygon", "coordinates": [[[84.0, 18.0], [84.0, 24.0], [78.0, 24.0], [78.0, 18.0], [84.0, 18.0]]]}, "properties": {"name": "N18E078_6x6", "kind": "latlon", "epsg": 4326, "lonMult": 1, "height": 6, "width": 6, "available": 51, "selected": 15, "coverage": 0.9994, "unionFrac": 1.0, "bw": {"20": 15}}}, {"type": "Feature", "geometry": {"type": "Polygon", "coordinates": [[[90.0, 18.0], [90.0, 24.0], [84.0, 24.0], [84.0, 18.0], [90.0, 18.0]]]}, "properties": {"name": "N18E084_6x6", "kind": "latlon", "epsg": 4326, "lonMult": 1, "height": 6, "width": 6, "available": 37, "selected": 12, "coverage": 0.6646, "unionFrac": 0.6647, "bw": {"20": 12}}}, {"type": "Feature", "geometry": {"type": "Polygon", "coordinates": [[[96.0, 18.0], [96.0, 24.0], [90.0, 24.0], [90.0, 18.0], [96.0, 18.0]]]}, "properties": {"name": "N18E090_6x6", "kind": "latlon", "epsg": 4326, "lonMult": 1, "height": 6, "width": 6, "available": 47, "selected": 13, "coverage": 0.8247, "unionFrac": 0.8251, "bw": {"20": 13}}}, {"type": "Feature", "geometry": {"type": "Polygon", "coordinates": [[[102.0, 18.0], [102.0, 24.0], [96.0, 24.0], [96.0, 18.0], [102.0, 18.0]]]}, "properties": {"name": "N18E096_6x6", "kind": "latlon", "epsg": 4326, "lonMult": 1, "height": 6, "width": 6, "available": 63, "selected": 18, "coverage": 0.9996, "unionFrac": 1.0, "bw": {"40": 3, "20": 15}}}, {"type": "Feature", "geometry": {"type": "Polygon", "coordinates": [[[108.0, 18.0], [108.0, 24.0], [102.0, 24.0], [102.0, 18.0], [108.0, 18.0]]]}, "properties": {"name": "N18E102_6x6", "kind": "latlon", "epsg": 4326, "lonMult": 1, "height": 6, "width": 6, "available": 71, "selected": 18, "coverage": 0.9996, "unionFrac": 1.0, "bw": {"40": 2, "20": 16}}}, {"type": "Feature", "geometry": {"type": "Polygon", "coordinates": [[[114.0, 18.0], [114.0, 24.0], [108.0, 24.0], [108.0, 18.0], [114.0, 18.0]]]}, "properties": {"name": "N18E108_6x6", "kind": "latlon", "epsg": 4326, "lonMult": 1, "height": 6, "width": 6, "available": 50, "selected": 16, "coverage": 0.8174, "unionFrac": 0.8175, "bw": {"40": 1, "20": 15}}}, {"type": "Feature", "geometry": {"type": "Polygon", "coordinates": [[[120.0, 18.0], [120.0, 24.0], [114.0, 24.0], [114.0, 18.0], [120.0, 18.0]]]}, "properties": {"name": "N18E114_6x6", "kind": "latlon", "epsg": 4326, "lonMult": 1, "height": 6, "width": 6, "available": 42, "selected": 15, "coverage": 0.3597, "unionFrac": 0.3603, "bw": {"20": 14, "40": 1}}}, {"type": "Feature", "geometry": {"type": "Polygon", "coordinates": [[[126.0, 18.0], [126.0, 24.0], [120.0, 24.0], [120.0, 18.0], [126.0, 18.0]]]}, "properties": {"name": "N18E120_6x6", "kind": "latlon", "epsg": 4326, "lonMult": 1, "height": 6, "width": 6, "available": 40, "selected": 12, "coverage": 0.5662, "unionFrac": 0.5664, "bw": {"40": 5, "20": 7}}}, {"type": "Feature", "geometry": {"type": "Polygon", "coordinates": [[[150.0, 18.0], [150.0, 24.0], [144.0, 24.0], [144.0, 18.0], [150.0, 18.0]]]}, "properties": {"name": "N18E144_6x6", "kind": "latlon", "epsg": 4326, "lonMult": 1, "height": 6, "width": 6, "available": 6, "selected": 3, "coverage": 0.1297, "unionFrac": 0.1298, "bw": {"20": 3}}}, {"type": "Feature", "geometry": {"type": "Polygon", "coordinates": [[[-114.0, 24.0], [-114.0, 30.0], [-120.0, 30.0], [-120.0, 24.0], [-114.0, 24.0]]]}, "properties": {"name": "N24W120_6x6", "kind": "latlon", "epsg": 4326, "lonMult": 1, "height": 6, "width": 6, "available": 19, "selected": 9, "coverage": 0.2321, "unionFrac": 0.2329, "bw": {"40": 7, "20": 2}}}, {"type": "Feature", "geometry": {"type": "Polygon", "coordinates": [[[-108.0, 24.0], [-108.0, 30.0], [-114.0, 30.0], [-114.0, 24.0], [-108.0, 24.0]]]}, "properties": {"name": "N24W114_6x6", "kind": "latlon", "epsg": 4326, "lonMult": 1, "height": 6, "width": 6, "available": 57, "selected": 15, "coverage": 0.9559, "unionFrac": 0.9573, "bw": {"40": 15}}}, {"type": "Feature", "geometry": {"type": "Polygon", "coordinates": [[[-102.0, 24.0], [-102.0, 30.0], [-108.0, 30.0], [-108.0, 24.0], [-102.0, 24.0]]]}, "properties": {"name": "N24W108_6x6", "kind": "latlon", "epsg": 4326, "lonMult": 1, "height": 6, "width": 6, "available": 64, "selected": 14, "coverage": 1.0, "unionFrac": 1.0, "bw": {"40": 14}}}, {"type": "Feature", "geometry": {"type": "Polygon", "coordinates": [[[-96.0, 24.0], [-96.0, 30.0], [-102.0, 30.0], [-102.0, 24.0], [-96.0, 24.0]]]}, "properties": {"name": "N24W102_6x6", "kind": "latlon", "epsg": 4326, "lonMult": 1, "height": 6, "width": 6, "available": 51, "selected": 14, "coverage": 0.9475, "unionFrac": 0.9476, "bw": {"40": 14}}}, {"type": "Feature", "geometry": {"type": "Polygon", "coordinates": [[[-90.0, 24.0], [-90.0, 30.0], [-96.0, 30.0], [-96.0, 24.0], [-90.0, 24.0]]]}, "properties": {"name": "N24W096_6x6", "kind": "latlon", "epsg": 4326, "lonMult": 1, "height": 6, "width": 6, "available": 30, "selected": 10, "coverage": 0.3672, "unionFrac": 0.3673, "bw": {"40": 10}}}, {"type": "Feature", "geometry": {"type": "Polygon", "coordinates": [[[-84.0, 24.0], [-84.0, 30.0], [-90.0, 30.0], [-90.0, 24.0], [-84.0, 24.0]]]}, "properties": {"name": "N24W090_6x6", "kind": "latlon", "epsg": 4326, "lonMult": 1, "height": 6, "width": 6, "available": 21, "selected": 8, "coverage": 0.2831, "unionFrac": 0.2837, "bw": {"40": 8}}}, {"type": "Feature", "geometry": {"type": "Polygon", "coordinates": [[[-78.0, 24.0], [-78.0, 30.0], [-84.0, 30.0], [-84.0, 24.0], [-78.0, 24.0]]]}, "properties": {"name": "N24W084_6x6", "kind": "latlon", "epsg": 4326, "lonMult": 1, "height": 6, "width": 6, "available": 45, "selected": 14, "coverage": 0.8018, "unionFrac": 0.8029, "bw": {"40": 12, "20": 2}}}, {"type": "Feature", "geometry": {"type": "Polygon", "coordinates": [[[-72.0, 24.0], [-72.0, 30.0], [-78.0, 30.0], [-78.0, 24.0], [-72.0, 24.0]]]}, "properties": {"name": "N24W078_6x6", "kind": "latlon", "epsg": 4326, "lonMult": 1, "height": 6, "width": 6, "available": 24, "selected": 7, "coverage": 0.2339, "unionFrac": 0.2339, "bw": {"40": 2, "20": 5}}}, {"type": "Feature", "geometry": {"type": "Polygon", "coordinates": [[[-18.0, 24.0], [-18.0, 30.0], [-24.0, 30.0], [-24.0, 24.0], [-18.0, 24.0]]]}, "properties": {"name": "N24W024_6x6", "kind": "latlon", "epsg": 4326, "lonMult": 1, "height": 6, "width": 6, "available": 3, "selected": 2, "coverage": 0.0574, "unionFrac": 0.0574, "bw": {"40": 2}}}, {"type": "Feature", "geometry": {"type": "Polygon", "coordinates": [[[-12.0, 24.0], [-12.0, 30.0], [-18.0, 30.0], [-18.0, 24.0], [-12.0, 24.0]]]}, "properties": {"name": "N24W018_6x6", "kind": "latlon", "epsg": 4326, "lonMult": 1, "height": 6, "width": 6, "available": 15, "selected": 8, "coverage": 0.4438, "unionFrac": 0.4447, "bw": {"40": 5, "20": 3}}}, {"type": "Feature", "geometry": {"type": "Polygon", "coordinates": [[[-6.0, 24.0], [-6.0, 30.0], [-12.0, 30.0], [-12.0, 24.0], [-6.0, 24.0]]]}, "properties": {"name": "N24W012_6x6", "kind": "latlon", "epsg": 4326, "lonMult": 1, "height": 6, "width": 6, "available": 18, "selected": 8, "coverage": 0.2265, "unionFrac": 0.2265, "bw": {"20": 8}}}, {"type": "Feature", "geometry": {"type": "Polygon", "coordinates": [[[0.0, 24.0], [0.0, 30.0], [-6.0, 30.0], [-6.0, 24.0], [0.0, 24.0]]]}, "properties": {"name": "N24W006_6x6", "kind": "latlon", "epsg": 4326, "lonMult": 1, "height": 6, "width": 6, "available": 33, "selected": 14, "coverage": 0.4837, "unionFrac": 0.4848, "bw": {"20": 14}}}, {"type": "Feature", "geometry": {"type": "Polygon", "coordinates": [[[6.0, 24.0], [6.0, 30.0], [0.0, 30.0], [0.0, 24.0], [6.0, 24.0]]]}, "properties": {"name": "N24E000_6x6", "kind": "latlon", "epsg": 4326, "lonMult": 1, "height": 6, "width": 6, "available": 24, "selected": 8, "coverage": 0.3384, "unionFrac": 0.3395, "bw": {"20": 8}}}, {"type": "Feature", "geometry": {"type": "Polygon", "coordinates": [[[12.0, 24.0], [12.0, 30.0], [6.0, 30.0], [6.0, 24.0], [12.0, 24.0]]]}, "properties": {"name": "N24E006_6x6", "kind": "latlon", "epsg": 4326, "lonMult": 1, "height": 6, "width": 6, "available": 9, "selected": 2, "coverage": 0.0188, "unionFrac": 0.0188, "bw": {"20": 2}}}, {"type": "Feature", "geometry": {"type": "Polygon", "coordinates": [[[18.0, 24.0], [18.0, 30.0], [12.0, 30.0], [12.0, 24.0], [18.0, 24.0]]]}, "properties": {"name": "N24E012_6x6", "kind": "latlon", "epsg": 4326, "lonMult": 1, "height": 6, "width": 6, "available": 18, "selected": 9, "coverage": 0.1524, "unionFrac": 0.1553, "bw": {"40": 4, "20": 5}}}, {"type": "Feature", "geometry": {"type": "Polygon", "coordinates": [[[24.0, 24.0], [24.0, 30.0], [18.0, 30.0], [18.0, 24.0], [24.0, 24.0]]]}, "properties": {"name": "N24E018_6x6", "kind": "latlon", "epsg": 4326, "lonMult": 1, "height": 6, "width": 6, "available": 26, "selected": 13, "coverage": 0.2062, "unionFrac": 0.2074, "bw": {"40": 5, "20": 8}}}, {"type": "Feature", "geometry": {"type": "Polygon", "coordinates": [[[30.0, 24.0], [30.0, 30.0], [24.0, 30.0], [24.0, 24.0], [30.0, 24.0]]]}, "properties": {"name": "N24E024_6x6", "kind": "latlon", "epsg": 4326, "lonMult": 1, "height": 6, "width": 6, "available": 37, "selected": 19, "coverage": 0.4855, "unionFrac": 0.4856, "bw": {"40": 5, "20": 14}}}, {"type": "Feature", "geometry": {"type": "Polygon", "coordinates": [[[36.0, 24.0], [36.0, 30.0], [30.0, 30.0], [30.0, 24.0], [36.0, 24.0]]]}, "properties": {"name": "N24E030_6x6", "kind": "latlon", "epsg": 4326, "lonMult": 1, "height": 6, "width": 6, "available": 66, "selected": 22, "coverage": 0.9662, "unionFrac": 0.9675, "bw": {"40": 8, "20": 14}}}, {"type": "Feature", "geometry": {"type": "Polygon", "coordinates": [[[42.0, 24.0], [42.0, 30.0], [36.0, 30.0], [36.0, 24.0], [42.0, 24.0]]]}, "properties": {"name": "N24E036_6x6", "kind": "latlon", "epsg": 4326, "lonMult": 1, "height": 6, "width": 6, "available": 59, "selected": 15, "coverage": 0.9972, "unionFrac": 0.998, "bw": {"40": 2, "20": 13}}}, {"type": "Feature", "geometry": {"type": "Polygon", "coordinates": [[[48.0, 24.0], [48.0, 30.0], [42.0, 30.0], [42.0, 24.0], [48.0, 24.0]]]}, "properties": {"name": "N24E042_6x6", "kind": "latlon", "epsg": 4326, "lonMult": 1, "height": 6, "width": 6, "available": 63, "selected": 16, "coverage": 1.0, "unionFrac": 1.0, "bw": {"40": 4, "20": 12}}}, {"type": "Feature", "geometry": {"type": "Polygon", "coordinates": [[[54.0, 24.0], [54.0, 30.0], [48.0, 30.0], [48.0, 24.0], [54.0, 24.0]]]}, "properties": {"name": "N24E048_6x6", "kind": "latlon", "epsg": 4326, "lonMult": 1, "height": 6, "width": 6, "available": 72, "selected": 19, "coverage": 0.9825, "unionFrac": 0.983, "bw": {"40": 10, "20": 9}}}, {"type": "Feature", "geometry": {"type": "Polygon", "coordinates": [[[60.0, 24.0], [60.0, 30.0], [54.0, 30.0], [54.0, 24.0], [60.0, 24.0]]]}, "properties": {"name": "N24E054_6x6", "kind": "latlon", "epsg": 4326, "lonMult": 1, "height": 6, "width": 6, "available": 67, "selected": 20, "coverage": 0.9735, "unionFrac": 0.9736, "bw": {"40": 4, "20": 16}}}, {"type": "Feature", "geometry": {"type": "Polygon", "coordinates": [[[66.0, 24.0], [66.0, 30.0], [60.0, 30.0], [60.0, 24.0], [66.0, 24.0]]]}, "properties": {"name": "N24E060_6x6", "kind": "latlon", "epsg": 4326, "lonMult": 1, "height": 6, "width": 6, "available": 57, "selected": 16, "coverage": 0.8736, "unionFrac": 0.8739, "bw": {"20": 16}}}, {"type": "Feature", "geometry": {"type": "Polygon", "coordinates": [[[72.0, 24.0], [72.0, 30.0], [66.0, 30.0], [66.0, 24.0], [72.0, 24.0]]]}, "properties": {"name": "N24E066_6x6", "kind": "latlon", "epsg": 4326, "lonMult": 1, "height": 6, "width": 6, "available": 55, "selected": 17, "coverage": 0.9465, "unionFrac": 0.9465, "bw": {"20": 17}}}, {"type": "Feature", "geometry": {"type": "Polygon", "coordinates": [[[78.0, 24.0], [78.0, 30.0], [72.0, 30.0], [72.0, 24.0], [78.0, 24.0]]]}, "properties": {"name": "N24E072_6x6", "kind": "latlon", "epsg": 4326, "lonMult": 1, "height": 6, "width": 6, "available": 52, "selected": 17, "coverage": 1.0, "unionFrac": 1.0, "bw": {"20": 17}}}, {"type": "Feature", "geometry": {"type": "Polygon", "coordinates": [[[84.0, 24.0], [84.0, 30.0], [78.0, 30.0], [78.0, 24.0], [84.0, 24.0]]]}, "properties": {"name": "N24E078_6x6", "kind": "latlon", "epsg": 4326, "lonMult": 1, "height": 6, "width": 6, "available": 55, "selected": 15, "coverage": 0.9993, "unionFrac": 1.0, "bw": {"20": 15}}}, {"type": "Feature", "geometry": {"type": "Polygon", "coordinates": [[[90.0, 24.0], [90.0, 30.0], [84.0, 30.0], [84.0, 24.0], [90.0, 24.0]]]}, "properties": {"name": "N24E084_6x6", "kind": "latlon", "epsg": 4326, "lonMult": 1, "height": 6, "width": 6, "available": 55, "selected": 14, "coverage": 0.9997, "unionFrac": 1.0, "bw": {"20": 14}}}, {"type": "Feature", "geometry": {"type": "Polygon", "coordinates": [[[96.0, 24.0], [96.0, 30.0], [90.0, 30.0], [90.0, 24.0], [96.0, 24.0]]]}, "properties": {"name": "N24E090_6x6", "kind": "latlon", "epsg": 4326, "lonMult": 1, "height": 6, "width": 6, "available": 64, "selected": 16, "coverage": 1.0, "unionFrac": 1.0, "bw": {"20": 16}}}, {"type": "Feature", "geometry": {"type": "Polygon", "coordinates": [[[102.0, 24.0], [102.0, 30.0], [96.0, 30.0], [96.0, 24.0], [102.0, 24.0]]]}, "properties": {"name": "N24E096_6x6", "kind": "latlon", "epsg": 4326, "lonMult": 1, "height": 6, "width": 6, "available": 58, "selected": 15, "coverage": 1.0, "unionFrac": 1.0, "bw": {"20": 15}}}, {"type": "Feature", "geometry": {"type": "Polygon", "coordinates": [[[108.0, 24.0], [108.0, 30.0], [102.0, 30.0], [102.0, 24.0], [108.0, 24.0]]]}, "properties": {"name": "N24E102_6x6", "kind": "latlon", "epsg": 4326, "lonMult": 1, "height": 6, "width": 6, "available": 57, "selected": 14, "coverage": 0.9996, "unionFrac": 1.0, "bw": {"20": 14}}}, {"type": "Feature", "geometry": {"type": "Polygon", "coordinates": [[[114.0, 24.0], [114.0, 30.0], [108.0, 30.0], [108.0, 24.0], [114.0, 24.0]]]}, "properties": {"name": "N24E108_6x6", "kind": "latlon", "epsg": 4326, "lonMult": 1, "height": 6, "width": 6, "available": 63, "selected": 17, "coverage": 1.0, "unionFrac": 1.0, "bw": {"20": 17}}}, {"type": "Feature", "geometry": {"type": "Polygon", "coordinates": [[[120.0, 24.0], [120.0, 30.0], [114.0, 30.0], [114.0, 24.0], [120.0, 24.0]]]}, "properties": {"name": "N24E114_6x6", "kind": "latlon", "epsg": 4326, "lonMult": 1, "height": 6, "width": 6, "available": 58, "selected": 16, "coverage": 0.9999, "unionFrac": 1.0, "bw": {"20": 16}}}, {"type": "Feature", "geometry": {"type": "Polygon", "coordinates": [[[126.0, 24.0], [126.0, 30.0], [120.0, 30.0], [120.0, 24.0], [126.0, 24.0]]]}, "properties": {"name": "N24E120_6x6", "kind": "latlon", "epsg": 4326, "lonMult": 1, "height": 6, "width": 6, "available": 36, "selected": 11, "coverage": 0.5867, "unionFrac": 0.5872, "bw": {"40": 4, "20": 7}}}, {"type": "Feature", "geometry": {"type": "Polygon", "coordinates": [[[132.0, 24.0], [132.0, 30.0], [126.0, 30.0], [126.0, 24.0], [132.0, 24.0]]]}, "properties": {"name": "N24E126_6x6", "kind": "latlon", "epsg": 4326, "lonMult": 1, "height": 6, "width": 6, "available": 15, "selected": 7, "coverage": 0.3856, "unionFrac": 0.3865, "bw": {"40": 2, "20": 5}}}, {"type": "Feature", "geometry": {"type": "Polygon", "coordinates": [[[144.0, 24.0], [144.0, 30.0], [138.0, 30.0], [138.0, 24.0], [144.0, 24.0]]]}, "properties": {"name": "N24E138_6x6", "kind": "latlon", "epsg": 4326, "lonMult": 1, "height": 6, "width": 6, "available": 7, "selected": 4, "coverage": 0.2584, "unionFrac": 0.2593, "bw": {"20": 4}}}, {"type": "Feature", "geometry": {"type": "Polygon", "coordinates": [[[-120.0, 30.0], [-120.0, 36.0], [-126.0, 36.0], [-126.0, 30.0], [-120.0, 30.0]]]}, "properties": {"name": "N30W126_6x6", "kind": "latlon", "epsg": 4326, "lonMult": 1, "height": 6, "width": 6, "available": 20, "selected": 6, "coverage": 0.1728, "unionFrac": 0.1729, "bw": {"40": 6}}}, {"type": "Feature", "geometry": {"type": "Polygon", "coordinates": [[[-114.0, 30.0], [-114.0, 36.0], [-120.0, 36.0], [-120.0, 30.0], [-114.0, 30.0]]]}, "properties": {"name": "N30W120_6x6", "kind": "latlon", "epsg": 4326, "lonMult": 1, "height": 6, "width": 6, "available": 52, "selected": 15, "coverage": 0.8853, "unionFrac": 0.8856, "bw": {"40": 15}}}, {"type": "Feature", "geometry": {"type": "Polygon", "coordinates": [[[-108.0, 30.0], [-108.0, 36.0], [-114.0, 36.0], [-114.0, 30.0], [-108.0, 30.0]]]}, "properties": {"name": "N30W114_6x6", "kind": "latlon", "epsg": 4326, "lonMult": 1, "height": 6, "width": 6, "available": 74, "selected": 15, "coverage": 0.9996, "unionFrac": 1.0, "bw": {"40": 15}}}, {"type": "Feature", "geometry": {"type": "Polygon", "coordinates": [[[-102.0, 30.0], [-102.0, 36.0], [-108.0, 36.0], [-108.0, 30.0], [-102.0, 30.0]]]}, "properties": {"name": "N30W108_6x6", "kind": "latlon", "epsg": 4326, "lonMult": 1, "height": 6, "width": 6, "available": 71, "selected": 15, "coverage": 1.0, "unionFrac": 1.0, "bw": {"40": 15}}}, {"type": "Feature", "geometry": {"type": "Polygon", "coordinates": [[[-96.0, 30.0], [-96.0, 36.0], [-102.0, 36.0], [-102.0, 30.0], [-96.0, 30.0]]]}, "properties": {"name": "N30W102_6x6", "kind": "latlon", "epsg": 4326, "lonMult": 1, "height": 6, "width": 6, "available": 53, "selected": 15, "coverage": 0.9473, "unionFrac": 0.948, "bw": {"40": 15}}}, {"type": "Feature", "geometry": {"type": "Polygon", "coordinates": [[[-90.0, 30.0], [-90.0, 36.0], [-96.0, 36.0], [-96.0, 30.0], [-90.0, 30.0]]]}, "properties": {"name": "N30W096_6x6", "kind": "latlon", "epsg": 4326, "lonMult": 1, "height": 6, "width": 6, "available": 59, "selected": 15, "coverage": 0.9997, "unionFrac": 0.9999, "bw": {"40": 15}}}, {"type": "Feature", "geometry": {"type": "Polygon", "coordinates": [[[-84.0, 30.0], [-84.0, 36.0], [-90.0, 36.0], [-90.0, 30.0], [-84.0, 30.0]]]}, "properties": {"name": "N30W090_6x6", "kind": "latlon", "epsg": 4326, "lonMult": 1, "height": 6, "width": 6, "available": 62, "selected": 16, "coverage": 1.0, "unionFrac": 1.0, "bw": {"40": 16}}}, {"type": "Feature", "geometry": {"type": "Polygon", "coordinates": [[[-78.0, 30.0], [-78.0, 36.0], [-84.0, 36.0], [-84.0, 30.0], [-78.0, 30.0]]]}, "properties": {"name": "N30W084_6x6", "kind": "latlon", "epsg": 4326, "lonMult": 1, "height": 6, "width": 6, "available": 40, "selected": 15, "coverage": 0.8899, "unionFrac": 0.89, "bw": {"40": 15}}}, {"type": "Feature", "geometry": {"type": "Polygon", "coordinates": [[[-72.0, 30.0], [-72.0, 36.0], [-78.0, 36.0], [-78.0, 30.0], [-72.0, 30.0]]]}, "properties": {"name": "N30W078_6x6", "kind": "latlon", "epsg": 4326, "lonMult": 1, "height": 6, "width": 6, "available": 15, "selected": 6, "coverage": 0.2684, "unionFrac": 0.2687, "bw": {"40": 6}}}, {"type": "Feature", "geometry": {"type": "Polygon", "coordinates": [[[-6.0, 30.0], [-6.0, 36.0], [-12.0, 36.0], [-12.0, 30.0], [-6.0, 30.0]]]}, "properties": {"name": "N30W012_6x6", "kind": "latlon", "epsg": 4326, "lonMult": 1, "height": 6, "width": 6, "available": 34, "selected": 8, "coverage": 0.5713, "unionFrac": 0.5717, "bw": {"40": 5, "20": 3}}}, {"type": "Feature", "geometry": {"type": "Polygon", "coordinates": [[[0.0, 30.0], [0.0, 36.0], [-6.0, 36.0], [-6.0, 30.0], [0.0, 30.0]]]}, "properties": {"name": "N30W006_6x6", "kind": "latlon", "epsg": 4326, "lonMult": 1, "height": 6, "width": 6, "available": 62, "selected": 19, "coverage": 0.9463, "unionFrac": 0.9476, "bw": {"40": 8, "20": 11}}}, {"type": "Feature", "geometry": {"type": "Polygon", "coordinates": [[[6.0, 30.0], [6.0, 36.0], [0.0, 36.0], [0.0, 30.0], [6.0, 30.0]]]}, "properties": {"name": "N30E000_6x6", "kind": "latlon", "epsg": 4326, "lonMult": 1, "height": 6, "width": 6, "available": 53, "selected": 15, "coverage": 0.7553, "unionFrac": 0.7559, "bw": {"40": 9, "20": 6}}}, {"type": "Feature", "geometry": {"type": "Polygon", "coordinates": [[[12.0, 30.0], [12.0, 36.0], [6.0, 36.0], [6.0, 30.0], [12.0, 30.0]]]}, "properties": {"name": "N30E006_6x6", "kind": "latlon", "epsg": 4326, "lonMult": 1, "height": 6, "width": 6, "available": 43, "selected": 13, "coverage": 0.4026, "unionFrac": 0.4044, "bw": {"40": 8, "20": 5}}}, {"type": "Feature", "geometry": {"type": "Polygon", "coordinates": [[[18.0, 30.0], [18.0, 36.0], [12.0, 36.0], [12.0, 30.0], [18.0, 30.0]]]}, "properties": {"name": "N30E012_6x6", "kind": "latlon", "epsg": 4326, "lonMult": 1, "height": 6, "width": 6, "available": 35, "selected": 13, "coverage": 0.436, "unionFrac": 0.4368, "bw": {"40": 10, "20": 3}}}, {"type": "Feature", "geometry": {"type": "Polygon", "coordinates": [[[24.0, 30.0], [24.0, 36.0], [18.0, 36.0], [18.0, 30.0], [24.0, 30.0]]]}, "properties": {"name": "N30E018_6x6", "kind": "latlon", "epsg": 4326, "lonMult": 1, "height": 6, "width": 6, "available": 29, "selected": 10, "coverage": 0.4327, "unionFrac": 0.4344, "bw": {"40": 5, "20": 5}}}, {"type": "Feature", "geometry": {"type": "Polygon", "coordinates": [[[30.0, 30.0], [30.0, 36.0], [24.0, 36.0], [24.0, 30.0], [30.0, 30.0]]]}, "properties": {"name": "N30E024_6x6", "kind": "latlon", "epsg": 4326, "lonMult": 1, "height": 6, "width": 6, "available": 46, "selected": 16, "coverage": 0.5541, "unionFrac": 0.5558, "bw": {"40": 2, "20": 14}}}, {"type": "Feature", "geometry": {"type": "Polygon", "coordinates": [[[36.0, 30.0], [36.0, 36.0], [30.0, 36.0], [30.0, 30.0], [36.0, 30.0]]]}, "properties": {"name": "N30E030_6x6", "kind": "latlon", "epsg": 4326, "lonMult": 1, "height": 6, "width": 6, "available": 48, "selected": 14, "coverage": 0.71, "unionFrac": 0.7119, "bw": {"40": 1, "20": 13}}}, {"type": "Feature", "geometry": {"type": "Polygon", "coordinates": [[[42.0, 30.0], [42.0, 36.0], [36.0, 36.0], [36.0, 30.0], [42.0, 30.0]]]}, "properties": {"name": "N30E036_6x6", "kind": "latlon", "epsg": 4326, "lonMult": 1, "height": 6, "width": 6, "available": 58, "selected": 15, "coverage": 1.0, "unionFrac": 1.0, "bw": {"20": 15}}}, {"type": "Feature", "geometry": {"type": "Polygon", "coordinates": [[[48.0, 30.0], [48.0, 36.0], [42.0, 36.0], [42.0, 30.0], [48.0, 30.0]]]}, "properties": {"name": "N30E042_6x6", "kind": "latlon", "epsg": 4326, "lonMult": 1, "height": 6, "width": 6, "available": 74, "selected": 19, "coverage": 1.0, "unionFrac": 1.0, "bw": {"40": 8, "20": 11}}}, {"type": "Feature", "geometry": {"type": "Polygon", "coordinates": [[[54.0, 30.0], [54.0, 36.0], [48.0, 36.0], [48.0, 30.0], [54.0, 30.0]]]}, "properties": {"name": "N30E048_6x6", "kind": "latlon", "epsg": 4326, "lonMult": 1, "height": 6, "width": 6, "available": 61, "selected": 15, "coverage": 1.0, "unionFrac": 1.0, "bw": {"40": 4, "20": 11}}}, {"type": "Feature", "geometry": {"type": "Polygon", "coordinates": [[[60.0, 30.0], [60.0, 36.0], [54.0, 36.0], [54.0, 30.0], [60.0, 30.0]]]}, "properties": {"name": "N30E054_6x6", "kind": "latlon", "epsg": 4326, "lonMult": 1, "height": 6, "width": 6, "available": 63, "selected": 15, "coverage": 1.0, "unionFrac": 1.0, "bw": {"20": 15}}}, {"type": "Feature", "geometry": {"type": "Polygon", "coordinates": [[[66.0, 30.0], [66.0, 36.0], [60.0, 36.0], [60.0, 30.0], [66.0, 30.0]]]}, "properties": {"name": "N30E060_6x6", "kind": "latlon", "epsg": 4326, "lonMult": 1, "height": 6, "width": 6, "available": 69, "selected": 17, "coverage": 1.0, "unionFrac": 1.0, "bw": {"20": 17}}}, {"type": "Feature", "geometry": {"type": "Polygon", "coordinates": [[[72.0, 30.0], [72.0, 36.0], [66.0, 36.0], [66.0, 30.0], [72.0, 30.0]]]}, "properties": {"name": "N30E066_6x6", "kind": "latlon", "epsg": 4326, "lonMult": 1, "height": 6, "width": 6, "available": 66, "selected": 16, "coverage": 1.0, "unionFrac": 1.0, "bw": {"20": 16}}}, {"type": "Feature", "geometry": {"type": "Polygon", "coordinates": [[[78.0, 30.0], [78.0, 36.0], [72.0, 36.0], [72.0, 30.0], [78.0, 30.0]]]}, "properties": {"name": "N30E072_6x6", "kind": "latlon", "epsg": 4326, "lonMult": 1, "height": 6, "width": 6, "available": 59, "selected": 17, "coverage": 1.0, "unionFrac": 1.0, "bw": {"20": 17}}}, {"type": "Feature", "geometry": {"type": "Polygon", "coordinates": [[[84.0, 30.0], [84.0, 36.0], [78.0, 36.0], [78.0, 30.0], [84.0, 30.0]]]}, "properties": {"name": "N30E078_6x6", "kind": "latlon", "epsg": 4326, "lonMult": 1, "height": 6, "width": 6, "available": 57, "selected": 15, "coverage": 0.9785, "unionFrac": 0.9787, "bw": {"20": 15}}}, {"type": "Feature", "geometry": {"type": "Polygon", "coordinates": [[[90.0, 30.0], [90.0, 36.0], [84.0, 36.0], [84.0, 30.0], [90.0, 30.0]]]}, "properties": {"name": "N30E084_6x6", "kind": "latlon", "epsg": 4326, "lonMult": 1, "height": 6, "width": 6, "available": 51, "selected": 15, "coverage": 0.9565, "unionFrac": 0.9576, "bw": {"20": 15}}}, {"type": "Feature", "geometry": {"type": "Polygon", "coordinates": [[[96.0, 30.0], [96.0, 36.0], [90.0, 36.0], [90.0, 30.0], [96.0, 30.0]]]}, "properties": {"name": "N30E090_6x6", "kind": "latlon", "epsg": 4326, "lonMult": 1, "height": 6, "width": 6, "available": 61, "selected": 15, "coverage": 1.0, "unionFrac": 1.0, "bw": {"20": 15}}}, {"type": "Feature", "geometry": {"type": "Polygon", "coordinates": [[[102.0, 30.0], [102.0, 36.0], [96.0, 36.0], [96.0, 30.0], [102.0, 30.0]]]}, "properties": {"name": "N30E096_6x6", "kind": "latlon", "epsg": 4326, "lonMult": 1, "height": 6, "width": 6, "available": 65, "selected": 16, "coverage": 1.0, "unionFrac": 1.0, "bw": {"20": 16}}}, {"type": "Feature", "geometry": {"type": "Polygon", "coordinates": [[[108.0, 30.0], [108.0, 36.0], [102.0, 36.0], [102.0, 30.0], [108.0, 30.0]]]}, "properties": {"name": "N30E102_6x6", "kind": "latlon", "epsg": 4326, "lonMult": 1, "height": 6, "width": 6, "available": 55, "selected": 16, "coverage": 1.0, "unionFrac": 1.0, "bw": {"20": 16}}}, {"type": "Feature", "geometry": {"type": "Polygon", "coordinates": [[[114.0, 30.0], [114.0, 36.0], [108.0, 36.0], [108.0, 30.0], [114.0, 30.0]]]}, "properties": {"name": "N30E108_6x6", "kind": "latlon", "epsg": 4326, "lonMult": 1, "height": 6, "width": 6, "available": 63, "selected": 15, "coverage": 0.9998, "unionFrac": 1.0, "bw": {"20": 15}}}, {"type": "Feature", "geometry": {"type": "Polygon", "coordinates": [[[120.0, 30.0], [120.0, 36.0], [114.0, 36.0], [114.0, 30.0], [120.0, 30.0]]]}, "properties": {"name": "N30E114_6x6", "kind": "latlon", "epsg": 4326, "lonMult": 1, "height": 6, "width": 6, "available": 60, "selected": 15, "coverage": 0.9997, "unionFrac": 1.0, "bw": {"20": 15}}}, {"type": "Feature", "geometry": {"type": "Polygon", "coordinates": [[[126.0, 30.0], [126.0, 36.0], [120.0, 36.0], [120.0, 30.0], [126.0, 30.0]]]}, "properties": {"name": "N30E120_6x6", "kind": "latlon", "epsg": 4326, "lonMult": 1, "height": 6, "width": 6, "available": 32, "selected": 11, "coverage": 0.4882, "unionFrac": 0.4886, "bw": {"40": 5, "20": 6}}}, {"type": "Feature", "geometry": {"type": "Polygon", "coordinates": [[[132.0, 30.0], [132.0, 36.0], [126.0, 36.0], [126.0, 30.0], [132.0, 30.0]]]}, "properties": {"name": "N30E126_6x6", "kind": "latlon", "epsg": 4326, "lonMult": 1, "height": 6, "width": 6, "available": 52, "selected": 16, "coverage": 0.7592, "unionFrac": 0.7594, "bw": {"40": 13, "20": 3}}}, {"type": "Feature", "geometry": {"type": "Polygon", "coordinates": [[[138.0, 30.0], [138.0, 36.0], [132.0, 36.0], [132.0, 30.0], [138.0, 30.0]]]}, "properties": {"name": "N30E132_6x6", "kind": "latlon", "epsg": 4326, "lonMult": 1, "height": 6, "width": 6, "available": 36, "selected": 13, "coverage": 0.5374, "unionFrac": 0.5386, "bw": {"40": 13}}}, {"type": "Feature", "geometry": {"type": "Polygon", "coordinates": [[[144.0, 30.0], [144.0, 36.0], [138.0, 36.0], [138.0, 30.0], [144.0, 30.0]]]}, "properties": {"name": "N30E138_6x6", "kind": "latlon", "epsg": 4326, "lonMult": 1, "height": 6, "width": 6, "available": 25, "selected": 8, "coverage": 0.423, "unionFrac": 0.4238, "bw": {"40": 4, "20": 4}}}, {"type": "Feature", "geometry": {"type": "Polygon", "coordinates": [[[-126.0, 36.0], [-126.0, 42.0], [-132.0, 42.0], [-132.0, 36.0], [-126.0, 36.0]]]}, "properties": {"name": "N36W132_6x6", "kind": "latlon", "epsg": 4326, "lonMult": 1, "height": 6, "width": 6, "available": 6, "selected": 2, "coverage": 0.0056, "unionFrac": 0.0066, "bw": {"40": 2}}}, {"type": "Feature", "geometry": {"type": "Polygon", "coordinates": [[[-120.0, 36.0], [-120.0, 42.0], [-126.0, 42.0], [-126.0, 36.0], [-120.0, 36.0]]]}, "properties": {"name": "N36W126_6x6", "kind": "latlon", "epsg": 4326, "lonMult": 1, "height": 6, "width": 6, "available": 44, "selected": 14, "coverage": 0.8234, "unionFrac": 0.8236, "bw": {"40": 14}}}, {"type": "Feature", "geometry": {"type": "Polygon", "coordinates": [[[-114.0, 36.0], [-114.0, 42.0], [-120.0, 42.0], [-120.0, 36.0], [-114.0, 36.0]]]}, "properties": {"name": "N36W120_6x6", "kind": "latlon", "epsg": 4326, "lonMult": 1, "height": 6, "width": 6, "available": 64, "selected": 13, "coverage": 0.9992, "unionFrac": 1.0, "bw": {"40": 13}}}, {"type": "Feature", "geometry": {"type": "Polygon", "coordinates": [[[-108.0, 36.0], [-108.0, 42.0], [-114.0, 42.0], [-114.0, 36.0], [-108.0, 36.0]]]}, "properties": {"name": "N36W114_6x6", "kind": "latlon", "epsg": 4326, "lonMult": 1, "height": 6, "width": 6, "available": 71, "selected": 14, "coverage": 1.0, "unionFrac": 1.0, "bw": {"40": 14}}}, {"type": "Feature", "geometry": {"type": "Polygon", "coordinates": [[[-102.0, 36.0], [-102.0, 42.0], [-108.0, 42.0], [-108.0, 36.0], [-102.0, 36.0]]]}, "properties": {"name": "N36W108_6x6", "kind": "latlon", "epsg": 4326, "lonMult": 1, "height": 6, "width": 6, "available": 71, "selected": 16, "coverage": 0.9996, "unionFrac": 1.0, "bw": {"40": 16}}}, {"type": "Feature", "geometry": {"type": "Polygon", "coordinates": [[[-96.0, 36.0], [-96.0, 42.0], [-102.0, 42.0], [-102.0, 36.0], [-96.0, 36.0]]]}, "properties": {"name": "N36W102_6x6", "kind": "latlon", "epsg": 4326, "lonMult": 1, "height": 6, "width": 6, "available": 54, "selected": 18, "coverage": 1.0, "unionFrac": 1.0, "bw": {"40": 18}}}, {"type": "Feature", "geometry": {"type": "Polygon", "coordinates": [[[-90.0, 36.0], [-90.0, 42.0], [-96.0, 42.0], [-96.0, 36.0], [-90.0, 36.0]]]}, "properties": {"name": "N36W096_6x6", "kind": "latlon", "epsg": 4326, "lonMult": 1, "height": 6, "width": 6, "available": 73, "selected": 18, "coverage": 0.9969, "unionFrac": 0.9982, "bw": {"40": 12, "20": 6}}}, {"type": "Feature", "geometry": {"type": "Polygon", "coordinates": [[[-84.0, 36.0], [-84.0, 42.0], [-90.0, 42.0], [-90.0, 36.0], [-84.0, 36.0]]]}, "properties": {"name": "N36W090_6x6", "kind": "latlon", "epsg": 4326, "lonMult": 1, "height": 6, "width": 6, "available": 87, "selected": 20, "coverage": 1.0, "unionFrac": 1.0, "bw": {"40": 7, "20": 13}}}, {"type": "Feature", "geometry": {"type": "Polygon", "coordinates": [[[-78.0, 36.0], [-78.0, 42.0], [-84.0, 42.0], [-84.0, 36.0], [-78.0, 36.0]]]}, "properties": {"name": "N36W084_6x6", "kind": "latlon", "epsg": 4326, "lonMult": 1, "height": 6, "width": 6, "available": 64, "selected": 14, "coverage": 1.0, "unionFrac": 1.0, "bw": {"40": 12, "20": 2}}}, {"type": "Feature", "geometry": {"type": "Polygon", "coordinates": [[[-72.0, 36.0], [-72.0, 42.0], [-78.0, 42.0], [-78.0, 36.0], [-72.0, 36.0]]]}, "properties": {"name": "N36W078_6x6", "kind": "latlon", "epsg": 4326, "lonMult": 1, "height": 6, "width": 6, "available": 44, "selected": 12, "coverage": 0.803, "unionFrac": 0.8042, "bw": {"40": 12}}}, {"type": "Feature", "geometry": {"type": "Polygon", "coordinates": [[[-66.0, 36.0], [-66.0, 42.0], [-72.0, 42.0], [-72.0, 36.0], [-66.0, 36.0]]]}, "properties": {"name": "N36W072_6x6", "kind": "latlon", "epsg": 4326, "lonMult": 1, "height": 6, "width": 6, "available": 12, "selected": 6, "coverage": 0.1145, "unionFrac": 0.1145, "bw": {"40": 6}}}, {"type": "Feature", "geometry": {"type": "Polygon", "coordinates": [[[-6.0, 36.0], [-6.0, 42.0], [-12.0, 42.0], [-12.0, 36.0], [-6.0, 36.0]]]}, "properties": {"name": "N36W012_6x6", "kind": "latlon", "epsg": 4326, "lonMult": 1, "height": 6, "width": 6, "available": 37, "selected": 12, "coverage": 0.692, "unionFrac": 0.6921, "bw": {"40": 1, "20": 11}}}, {"type": "Feature", "geometry": {"type": "Polygon", "coordinates": [[[0.0, 36.0], [0.0, 42.0], [-6.0, 42.0], [-6.0, 36.0], [0.0, 36.0]]]}, "properties": {"name": "N36W006_6x6", "kind": "latlon", "epsg": 4326, "lonMult": 1, "height": 6, "width": 6, "available": 66, "selected": 19, "coverage": 0.9894, "unionFrac": 0.9895, "bw": {"40": 4, "20": 15}}}, {"type": "Feature", "geometry": {"type": "Polygon", "coordinates": [[[6.0, 36.0], [6.0, 42.0], [0.0, 42.0], [0.0, 36.0], [6.0, 36.0]]]}, "properties": {"name": "N36E000_6x6", "kind": "latlon", "epsg": 4326, "lonMult": 1, "height": 6, "width": 6, "available": 59, "selected": 16, "coverage": 0.6769, "unionFrac": 0.6778, "bw": {"40": 5, "20": 11}}}, {"type": "Feature", "geometry": {"type": "Polygon", "coordinates": [[[12.0, 36.0], [12.0, 42.0], [6.0, 42.0], [6.0, 36.0], [12.0, 36.0]]]}, "properties": {"name": "N36E006_6x6", "kind": "latlon", "epsg": 4326, "lonMult": 1, "height": 6, "width": 6, "available": 45, "selected": 13, "coverage": 0.7829, "unionFrac": 0.7838, "bw": {"40": 3, "20": 10}}}, {"type": "Feature", "geometry": {"type": "Polygon", "coordinates": [[[18.0, 36.0], [18.0, 42.0], [12.0, 42.0], [12.0, 36.0], [18.0, 36.0]]]}, "properties": {"name": "N36E012_6x6", "kind": "latlon", "epsg": 4326, "lonMult": 1, "height": 6, "width": 6, "available": 38, "selected": 14, "coverage": 0.8111, "unionFrac": 0.8118, "bw": {"20": 13, "40": 1}}}, {"type": "Feature", "geometry": {"type": "Polygon", "coordinates": [[[24.0, 36.0], [24.0, 42.0], [18.0, 42.0], [18.0, 36.0], [24.0, 36.0]]]}, "properties": {"name": "N36E018_6x6", "kind": "latlon", "epsg": 4326, "lonMult": 1, "height": 6, "width": 6, "available": 48, "selected": 16, "coverage": 0.8012, "unionFrac": 0.8024, "bw": {"20": 16}}}, {"type": "Feature", "geometry": {"type": "Polygon", "coordinates": [[[30.0, 36.0], [30.0, 42.0], [24.0, 42.0], [24.0, 36.0], [30.0, 36.0]]]}, "properties": {"name": "N36E024_6x6", "kind": "latlon", "epsg": 4326, "lonMult": 1, "height": 6, "width": 6, "available": 53, "selected": 15, "coverage": 0.9874, "unionFrac": 0.9879, "bw": {"20": 15}}}, {"type": "Feature", "geometry": {"type": "Polygon", "coordinates": [[[36.0, 36.0], [36.0, 42.0], [30.0, 42.0], [30.0, 36.0], [36.0, 36.0]]]}, "properties": {"name": "N36E030_6x6", "kind": "latlon", "epsg": 4326, "lonMult": 1, "height": 6, "width": 6, "available": 57, "selected": 13, "coverage": 0.985, "unionFrac": 0.986, "bw": {"20": 13}}}, {"type": "Feature", "geometry": {"type": "Polygon", "coordinates": [[[42.0, 36.0], [42.0, 42.0], [36.0, 42.0], [36.0, 36.0], [42.0, 36.0]]]}, "properties": {"name": "N36E036_6x6", "kind": "latlon", "epsg": 4326, "lonMult": 1, "height": 6, "width": 6, "available": 58, "selected": 13, "coverage": 0.9614, "unionFrac": 0.9616, "bw": {"40": 1, "20": 12}}}, {"type": "Feature", "geometry": {"type": "Polygon", "coordinates": [[[48.0, 36.0], [48.0, 42.0], [42.0, 42.0], [42.0, 36.0], [48.0, 36.0]]]}, "properties": {"name": "N36E042_6x6", "kind": "latlon", "epsg": 4326, "lonMult": 1, "height": 6, "width": 6, "available": 62, "selected": 15, "coverage": 1.0, "unionFrac": 1.0, "bw": {"40": 6, "20": 9}}}, {"type": "Feature", "geometry": {"type": "Polygon", "coordinates": [[[54.0, 36.0], [54.0, 42.0], [48.0, 42.0], [48.0, 36.0], [54.0, 36.0]]]}, "properties": {"name": "N36E048_6x6", "kind": "latlon", "epsg": 4326, "lonMult": 1, "height": 6, "width": 6, "available": 56, "selected": 17, "coverage": 1.0, "unionFrac": 1.0, "bw": {"40": 3, "20": 14}}}, {"type": "Feature", "geometry": {"type": "Polygon", "coordinates": [[[60.0, 36.0], [60.0, 42.0], [54.0, 42.0], [54.0, 36.0], [60.0, 36.0]]]}, "properties": {"name": "N36E054_6x6", "kind": "latlon", "epsg": 4326, "lonMult": 1, "height": 6, "width": 6, "available": 63, "selected": 14, "coverage": 0.9987, "unionFrac": 1.0, "bw": {"20": 14}}}, {"type": "Feature", "geometry": {"type": "Polygon", "coordinates": [[[66.0, 36.0], [66.0, 42.0], [60.0, 42.0], [60.0, 36.0], [66.0, 36.0]]]}, "properties": {"name": "N36E060_6x6", "kind": "latlon", "epsg": 4326, "lonMult": 1, "height": 6, "width": 6, "available": 63, "selected": 15, "coverage": 1.0, "unionFrac": 1.0, "bw": {"20": 15}}}, {"type": "Feature", "geometry": {"type": "Polygon", "coordinates": [[[72.0, 36.0], [72.0, 42.0], [66.0, 42.0], [66.0, 36.0], [72.0, 36.0]]]}, "properties": {"name": "N36E066_6x6", "kind": "latlon", "epsg": 4326, "lonMult": 1, "height": 6, "width": 6, "available": 62, "selected": 13, "coverage": 0.9563, "unionFrac": 0.9569, "bw": {"20": 13}}}, {"type": "Feature", "geometry": {"type": "Polygon", "coordinates": [[[78.0, 36.0], [78.0, 42.0], [72.0, 42.0], [72.0, 36.0], [78.0, 36.0]]]}, "properties": {"name": "N36E072_6x6", "kind": "latlon", "epsg": 4326, "lonMult": 1, "height": 6, "width": 6, "available": 66, "selected": 17, "coverage": 0.9991, "unionFrac": 1.0, "bw": {"20": 17}}}, {"type": "Feature", "geometry": {"type": "Polygon", "coordinates": [[[84.0, 36.0], [84.0, 42.0], [78.0, 42.0], [78.0, 36.0], [84.0, 36.0]]]}, "properties": {"name": "N36E078_6x6", "kind": "latlon", "epsg": 4326, "lonMult": 1, "height": 6, "width": 6, "available": 59, "selected": 16, "coverage": 1.0, "unionFrac": 1.0, "bw": {"20": 16}}}, {"type": "Feature", "geometry": {"type": "Polygon", "coordinates": [[[90.0, 36.0], [90.0, 42.0], [84.0, 42.0], [84.0, 36.0], [90.0, 36.0]]]}, "properties": {"name": "N36E084_6x6", "kind": "latlon", "epsg": 4326, "lonMult": 1, "height": 6, "width": 6, "available": 58, "selected": 15, "coverage": 1.0, "unionFrac": 1.0, "bw": {"20": 15}}}, {"type": "Feature", "geometry": {"type": "Polygon", "coordinates": [[[96.0, 36.0], [96.0, 42.0], [90.0, 42.0], [90.0, 36.0], [96.0, 36.0]]]}, "properties": {"name": "N36E090_6x6", "kind": "latlon", "epsg": 4326, "lonMult": 1, "height": 6, "width": 6, "available": 58, "selected": 13, "coverage": 1.0, "unionFrac": 1.0, "bw": {"20": 13}}}, {"type": "Feature", "geometry": {"type": "Polygon", "coordinates": [[[102.0, 36.0], [102.0, 42.0], [96.0, 42.0], [96.0, 36.0], [102.0, 36.0]]]}, "properties": {"name": "N36E096_6x6", "kind": "latlon", "epsg": 4326, "lonMult": 1, "height": 6, "width": 6, "available": 60, "selected": 14, "coverage": 1.0, "unionFrac": 1.0, "bw": {"20": 14}}}, {"type": "Feature", "geometry": {"type": "Polygon", "coordinates": [[[108.0, 36.0], [108.0, 42.0], [102.0, 42.0], [102.0, 36.0], [108.0, 36.0]]]}, "properties": {"name": "N36E102_6x6", "kind": "latlon", "epsg": 4326, "lonMult": 1, "height": 6, "width": 6, "available": 56, "selected": 17, "coverage": 1.0, "unionFrac": 1.0, "bw": {"20": 17}}}, {"type": "Feature", "geometry": {"type": "Polygon", "coordinates": [[[114.0, 36.0], [114.0, 42.0], [108.0, 42.0], [108.0, 36.0], [114.0, 36.0]]]}, "properties": {"name": "N36E108_6x6", "kind": "latlon", "epsg": 4326, "lonMult": 1, "height": 6, "width": 6, "available": 63, "selected": 17, "coverage": 1.0, "unionFrac": 1.0, "bw": {"20": 17}}}, {"type": "Feature", "geometry": {"type": "Polygon", "coordinates": [[[120.0, 36.0], [120.0, 42.0], [114.0, 42.0], [114.0, 36.0], [120.0, 36.0]]]}, "properties": {"name": "N36E114_6x6", "kind": "latlon", "epsg": 4326, "lonMult": 1, "height": 6, "width": 6, "available": 60, "selected": 15, "coverage": 1.0, "unionFrac": 1.0, "bw": {"20": 15}}}, {"type": "Feature", "geometry": {"type": "Polygon", "coordinates": [[[126.0, 36.0], [126.0, 42.0], [120.0, 42.0], [120.0, 36.0], [126.0, 36.0]]]}, "properties": {"name": "N36E120_6x6", "kind": "latlon", "epsg": 4326, "lonMult": 1, "height": 6, "width": 6, "available": 53, "selected": 14, "coverage": 0.8735, "unionFrac": 0.8742, "bw": {"20": 13, "40": 1}}}, {"type": "Feature", "geometry": {"type": "Polygon", "coordinates": [[[132.0, 36.0], [132.0, 42.0], [126.0, 42.0], [126.0, 36.0], [132.0, 36.0]]]}, "properties": {"name": "N36E126_6x6", "kind": "latlon", "epsg": 4326, "lonMult": 1, "height": 6, "width": 6, "available": 56, "selected": 15, "coverage": 0.7708, "unionFrac": 0.7715, "bw": {"40": 6, "20": 9}}}, {"type": "Feature", "geometry": {"type": "Polygon", "coordinates": [[[138.0, 36.0], [138.0, 42.0], [132.0, 42.0], [132.0, 36.0], [138.0, 36.0]]]}, "properties": {"name": "N36E132_6x6", "kind": "latlon", "epsg": 4326, "lonMult": 1, "height": 6, "width": 6, "available": 36, "selected": 9, "coverage": 0.282, "unionFrac": 0.283, "bw": {"40": 7, "20": 2}}}, {"type": "Feature", "geometry": {"type": "Polygon", "coordinates": [[[144.0, 36.0], [144.0, 42.0], [138.0, 42.0], [138.0, 36.0], [144.0, 36.0]]]}, "properties": {"name": "N36E138_6x6", "kind": "latlon", "epsg": 4326, "lonMult": 1, "height": 6, "width": 6, "available": 42, "selected": 12, "coverage": 0.8556, "unionFrac": 0.8557, "bw": {"40": 12}}}, {"type": "Feature", "geometry": {"type": "Polygon", "coordinates": [[[150.0, 36.0], [150.0, 42.0], [144.0, 42.0], [144.0, 36.0], [150.0, 36.0]]]}, "properties": {"name": "N36E144_6x6", "kind": "latlon", "epsg": 4326, "lonMult": 1, "height": 6, "width": 6, "available": 9, "selected": 4, "coverage": 0.0493, "unionFrac": 0.0494, "bw": {"40": 4}}}, {"type": "Feature", "geometry": {"type": "Polygon", "coordinates": [[[-126.0, 42.0], [-126.0, 48.0], [-132.0, 48.0], [-132.0, 42.0], [-126.0, 42.0]]]}, "properties": {"name": "N42W132_6x6", "kind": "latlon", "epsg": 4326, "lonMult": 1, "height": 6, "width": 6, "available": 9, "selected": 2, "coverage": 0.0519, "unionFrac": 0.0534, "bw": {"40": 2}}}, {"type": "Feature", "geometry": {"type": "Polygon", "coordinates": [[[-120.0, 42.0], [-120.0, 48.0], [-126.0, 48.0], [-126.0, 42.0], [-120.0, 42.0]]]}, "properties": {"name": "N42W126_6x6", "kind": "latlon", "epsg": 4326, "lonMult": 1, "height": 6, "width": 6, "available": 46, "selected": 14, "coverage": 0.9641, "unionFrac": 0.9641, "bw": {"40": 14}}}, {"type": "Feature", "geometry": {"type": "Polygon", "coordinates": [[[-114.0, 42.0], [-114.0, 48.0], [-120.0, 48.0], [-120.0, 42.0], [-114.0, 42.0]]]}, "properties": {"name": "N42W120_6x6", "kind": "latlon", "epsg": 4326, "lonMult": 1, "height": 6, "width": 6, "available": 59, "selected": 17, "coverage": 1.0, "unionFrac": 1.0, "bw": {"40": 17}}}, {"type": "Feature", "geometry": {"type": "Polygon", "coordinates": [[[-108.0, 42.0], [-108.0, 48.0], [-114.0, 48.0], [-114.0, 42.0], [-108.0, 42.0]]]}, "properties": {"name": "N42W114_6x6", "kind": "latlon", "epsg": 4326, "lonMult": 1, "height": 6, "width": 6, "available": 69, "selected": 16, "coverage": 1.0, "unionFrac": 1.0, "bw": {"40": 16}}}, {"type": "Feature", "geometry": {"type": "Polygon", "coordinates": [[[-102.0, 42.0], [-102.0, 48.0], [-108.0, 48.0], [-108.0, 42.0], [-102.0, 42.0]]]}, "properties": {"name": "N42W108_6x6", "kind": "latlon", "epsg": 4326, "lonMult": 1, "height": 6, "width": 6, "available": 66, "selected": 16, "coverage": 1.0, "unionFrac": 1.0, "bw": {"40": 16}}}, {"type": "Feature", "geometry": {"type": "Polygon", "coordinates": [[[-96.0, 42.0], [-96.0, 48.0], [-102.0, 48.0], [-102.0, 42.0], [-96.0, 42.0]]]}, "properties": {"name": "N42W102_6x6", "kind": "latlon", "epsg": 4326, "lonMult": 1, "height": 6, "width": 6, "available": 64, "selected": 15, "coverage": 1.0, "unionFrac": 1.0, "bw": {"40": 15}}}, {"type": "Feature", "geometry": {"type": "Polygon", "coordinates": [[[-90.0, 42.0], [-90.0, 48.0], [-96.0, 48.0], [-96.0, 42.0], [-90.0, 42.0]]]}, "properties": {"name": "N42W096_6x6", "kind": "latlon", "epsg": 4326, "lonMult": 1, "height": 6, "width": 6, "available": 61, "selected": 17, "coverage": 0.9987, "unionFrac": 0.9987, "bw": {"40": 11, "20": 6}}}, {"type": "Feature", "geometry": {"type": "Polygon", "coordinates": [[[-84.0, 42.0], [-84.0, 48.0], [-90.0, 48.0], [-90.0, 42.0], [-84.0, 42.0]]]}, "properties": {"name": "N42W090_6x6", "kind": "latlon", "epsg": 4326, "lonMult": 1, "height": 6, "width": 6, "available": 90, "selected": 17, "coverage": 0.9995, "unionFrac": 1.0, "bw": {"40": 4, "20": 13}}}, {"type": "Feature", "geometry": {"type": "Polygon", "coordinates": [[[-78.0, 42.0], [-78.0, 48.0], [-84.0, 48.0], [-84.0, 42.0], [-78.0, 42.0]]]}, "properties": {"name": "N42W084_6x6", "kind": "latlon", "epsg": 4326, "lonMult": 1, "height": 6, "width": 6, "available": 90, "selected": 18, "coverage": 1.0, "unionFrac": 1.0, "bw": {"40": 13, "20": 5}}}, {"type": "Feature", "geometry": {"type": "Polygon", "coordinates": [[[-72.0, 42.0], [-72.0, 48.0], [-78.0, 48.0], [-78.0, 42.0], [-72.0, 42.0]]]}, "properties": {"name": "N42W078_6x6", "kind": "latlon", "epsg": 4326, "lonMult": 1, "height": 6, "width": 6, "available": 55, "selected": 15, "coverage": 1.0, "unionFrac": 1.0, "bw": {"40": 15}}}, {"type": "Feature", "geometry": {"type": "Polygon", "coordinates": [[[-66.0, 42.0], [-66.0, 48.0], [-72.0, 48.0], [-72.0, 42.0], [-66.0, 42.0]]]}, "properties": {"name": "N42W072_6x6", "kind": "latlon", "epsg": 4326, "lonMult": 1, "height": 6, "width": 6, "available": 54, "selected": 16, "coverage": 0.9387, "unionFrac": 0.9396, "bw": {"40": 16}}}, {"type": "Feature", "geometry": {"type": "Polygon", "coordinates": [[[-60.0, 42.0], [-60.0, 48.0], [-66.0, 48.0], [-66.0, 42.0], [-60.0, 42.0]]]}, "properties": {"name": "N42W066_6x6", "kind": "latlon", "epsg": 4326, "lonMult": 1, "height": 6, "width": 6, "available": 36, "selected": 14, "coverage": 0.7159, "unionFrac": 0.716, "bw": {"40": 14}}}, {"type": "Feature", "geometry": {"type": "Polygon", "coordinates": [[[-54.0, 42.0], [-54.0, 48.0], [-60.0, 48.0], [-60.0, 42.0], [-54.0, 42.0]]]}, "properties": {"name": "N42W060_6x6", "kind": "latlon", "epsg": 4326, "lonMult": 1, "height": 6, "width": 6, "available": 24, "selected": 8, "coverage": 0.2911, "unionFrac": 0.2925, "bw": {"40": 8}}}, {"type": "Feature", "geometry": {"type": "Polygon", "coordinates": [[[-48.0, 42.0], [-48.0, 48.0], [-54.0, 48.0], [-54.0, 42.0], [-48.0, 42.0]]]}, "properties": {"name": "N42W054_6x6", "kind": "latlon", "epsg": 4326, "lonMult": 1, "height": 6, "width": 6, "available": 9, "selected": 3, "coverage": 0.0961, "unionFrac": 0.0961, "bw": {"40": 3}}}, {"type": "Feature", "geometry": {"type": "Polygon", "coordinates": [[[-6.0, 42.0], [-6.0, 48.0], [-12.0, 48.0], [-12.0, 42.0], [-6.0, 42.0]]]}, "properties": {"name": "N42W012_6x6", "kind": "latlon", "epsg": 4326, "lonMult": 1, "height": 6, "width": 6, "available": 8, "selected": 3, "coverage": 0.1893, "unionFrac": 0.1901, "bw": {"20": 3}}}, {"type": "Feature", "geometry": {"type": "Polygon", "coordinates": [[[0.0, 42.0], [0.0, 48.0], [-6.0, 48.0], [-6.0, 42.0], [0.0, 42.0]]]}, "properties": {"name": "N42W006_6x6", "kind": "latlon", "epsg": 4326, "lonMult": 1, "height": 6, "width": 6, "available": 23, "selected": 9, "coverage": 0.5557, "unionFrac": 0.5557, "bw": {"20": 9}}}, {"type": "Feature", "geometry": {"type": "Polygon", "coordinates": [[[6.0, 42.0], [6.0, 48.0], [0.0, 48.0], [0.0, 42.0], [6.0, 42.0]]]}, "properties": {"name": "N42E000_6x6", "kind": "latlon", "epsg": 4326, "lonMult": 1, "height": 6, "width": 6, "available": 45, "selected": 16, "coverage": 0.9387, "unionFrac": 0.9388, "bw": {"40": 1, "20": 15}}}, {"type": "Feature", "geometry": {"type": "Polygon", "coordinates": [[[12.0, 42.0], [12.0, 48.0], [6.0, 48.0], [6.0, 42.0], [12.0, 42.0]]]}, "properties": {"name": "N42E006_6x6", "kind": "latlon", "epsg": 4326, "lonMult": 1, "height": 6, "width": 6, "available": 60, "selected": 21, "coverage": 0.9812, "unionFrac": 0.9823, "bw": {"40": 9, "20": 12}}}, {"type": "Feature", "geometry": {"type": "Polygon", "coordinates": [[[18.0, 42.0], [18.0, 48.0], [12.0, 48.0], [12.0, 42.0], [18.0, 42.0]]]}, "properties": {"name": "N42E012_6x6", "kind": "latlon", "epsg": 4326, "lonMult": 1, "height": 6, "width": 6, "available": 63, "selected": 17, "coverage": 0.9998, "unionFrac": 0.9998, "bw": {"40": 3, "20": 14}}}, {"type": "Feature", "geometry": {"type": "Polygon", "coordinates": [[[24.0, 42.0], [24.0, 48.0], [18.0, 48.0], [18.0, 42.0], [24.0, 42.0]]]}, "properties": {"name": "N42E018_6x6", "kind": "latlon", "epsg": 4326, "lonMult": 1, "height": 6, "width": 6, "available": 61, "selected": 14, "coverage": 0.9967, "unionFrac": 0.9976, "bw": {"20": 14}}}, {"type": "Feature", "geometry": {"type": "Polygon", "coordinates": [[[30.0, 42.0], [30.0, 48.0], [24.0, 48.0], [24.0, 42.0], [30.0, 42.0]]]}, "properties": {"name": "N42E024_6x6", "kind": "latlon", "epsg": 4326, "lonMult": 1, "height": 6, "width": 6, "available": 47, "selected": 13, "coverage": 0.9266, "unionFrac": 0.927, "bw": {"20": 13}}}, {"type": "Feature", "geometry": {"type": "Polygon", "coordinates": [[[36.0, 42.0], [36.0, 48.0], [30.0, 48.0], [30.0, 42.0], [36.0, 42.0]]]}, "properties": {"name": "N42E030_6x6", "kind": "latlon", "epsg": 4326, "lonMult": 1, "height": 6, "width": 6, "available": 51, "selected": 14, "coverage": 0.6491, "unionFrac": 0.6517, "bw": {"20": 14}}}, {"type": "Feature", "geometry": {"type": "Polygon", "coordinates": [[[42.0, 42.0], [42.0, 48.0], [36.0, 48.0], [36.0, 42.0], [42.0, 42.0]]]}, "properties": {"name": "N42E036_6x6", "kind": "latlon", "epsg": 4326, "lonMult": 1, "height": 6, "width": 6, "available": 56, "selected": 17, "coverage": 0.7955, "unionFrac": 0.7971, "bw": {"40": 1, "20": 16}}}, {"type": "Feature", "geometry": {"type": "Polygon", "coordinates": [[[48.0, 42.0], [48.0, 48.0], [42.0, 48.0], [42.0, 42.0], [48.0, 42.0]]]}, "properties": {"name": "N42E042_6x6", "kind": "latlon", "epsg": 4326, "lonMult": 1, "height": 6, "width": 6, "available": 63, "selected": 17, "coverage": 1.0, "unionFrac": 1.0, "bw": {"40": 6, "20": 11}}}, {"type": "Feature", "geometry": {"type": "Polygon", "coordinates": [[[54.0, 42.0], [54.0, 48.0], [48.0, 48.0], [48.0, 42.0], [54.0, 42.0]]]}, "properties": {"name": "N42E048_6x6", "kind": "latlon", "epsg": 4326, "lonMult": 1, "height": 6, "width": 6, "available": 60, "selected": 15, "coverage": 1.0, "unionFrac": 1.0, "bw": {"40": 2, "20": 13}}}, {"type": "Feature", "geometry": {"type": "Polygon", "coordinates": [[[60.0, 42.0], [60.0, 48.0], [54.0, 48.0], [54.0, 42.0], [60.0, 42.0]]]}, "properties": {"name": "N42E054_6x6", "kind": "latlon", "epsg": 4326, "lonMult": 1, "height": 6, "width": 6, "available": 63, "selected": 14, "coverage": 1.0, "unionFrac": 1.0, "bw": {"20": 14}}}, {"type": "Feature", "geometry": {"type": "Polygon", "coordinates": [[[66.0, 42.0], [66.0, 48.0], [60.0, 48.0], [60.0, 42.0], [66.0, 42.0]]]}, "properties": {"name": "N42E060_6x6", "kind": "latlon", "epsg": 4326, "lonMult": 1, "height": 6, "width": 6, "available": 64, "selected": 15, "coverage": 0.9999, "unionFrac": 1.0, "bw": {"20": 15}}}, {"type": "Feature", "geometry": {"type": "Polygon", "coordinates": [[[72.0, 42.0], [72.0, 48.0], [66.0, 48.0], [66.0, 42.0], [72.0, 42.0]]]}, "properties": {"name": "N42E066_6x6", "kind": "latlon", "epsg": 4326, "lonMult": 1, "height": 6, "width": 6, "available": 65, "selected": 15, "coverage": 1.0, "unionFrac": 1.0, "bw": {"20": 15}}}, {"type": "Feature", "geometry": {"type": "Polygon", "coordinates": [[[78.0, 42.0], [78.0, 48.0], [72.0, 48.0], [72.0, 42.0], [78.0, 42.0]]]}, "properties": {"name": "N42E072_6x6", "kind": "latlon", "epsg": 4326, "lonMult": 1, "height": 6, "width": 6, "available": 60, "selected": 15, "coverage": 1.0, "unionFrac": 1.0, "bw": {"20": 15}}}, {"type": "Feature", "geometry": {"type": "Polygon", "coordinates": [[[84.0, 42.0], [84.0, 48.0], [78.0, 48.0], [78.0, 42.0], [84.0, 42.0]]]}, "properties": {"name": "N42E078_6x6", "kind": "latlon", "epsg": 4326, "lonMult": 1, "height": 6, "width": 6, "available": 56, "selected": 14, "coverage": 0.9998, "unionFrac": 1.0, "bw": {"20": 14}}}, {"type": "Feature", "geometry": {"type": "Polygon", "coordinates": [[[90.0, 42.0], [90.0, 48.0], [84.0, 48.0], [84.0, 42.0], [90.0, 42.0]]]}, "properties": {"name": "N42E084_6x6", "kind": "latlon", "epsg": 4326, "lonMult": 1, "height": 6, "width": 6, "available": 62, "selected": 15, "coverage": 0.9996, "unionFrac": 1.0, "bw": {"20": 15}}}, {"type": "Feature", "geometry": {"type": "Polygon", "coordinates": [[[96.0, 42.0], [96.0, 48.0], [90.0, 48.0], [90.0, 42.0], [96.0, 42.0]]]}, "properties": {"name": "N42E090_6x6", "kind": "latlon", "epsg": 4326, "lonMult": 1, "height": 6, "width": 6, "available": 58, "selected": 15, "coverage": 0.9995, "unionFrac": 1.0, "bw": {"20": 15}}}, {"type": "Feature", "geometry": {"type": "Polygon", "coordinates": [[[102.0, 42.0], [102.0, 48.0], [96.0, 48.0], [96.0, 42.0], [102.0, 42.0]]]}, "properties": {"name": "N42E096_6x6", "kind": "latlon", "epsg": 4326, "lonMult": 1, "height": 6, "width": 6, "available": 57, "selected": 16, "coverage": 1.0, "unionFrac": 1.0, "bw": {"20": 16}}}, {"type": "Feature", "geometry": {"type": "Polygon", "coordinates": [[[108.0, 42.0], [108.0, 48.0], [102.0, 48.0], [102.0, 42.0], [108.0, 42.0]]]}, "properties": {"name": "N42E102_6x6", "kind": "latlon", "epsg": 4326, "lonMult": 1, "height": 6, "width": 6, "available": 60, "selected": 16, "coverage": 1.0, "unionFrac": 1.0, "bw": {"20": 16}}}, {"type": "Feature", "geometry": {"type": "Polygon", "coordinates": [[[114.0, 42.0], [114.0, 48.0], [108.0, 48.0], [108.0, 42.0], [114.0, 42.0]]]}, "properties": {"name": "N42E108_6x6", "kind": "latlon", "epsg": 4326, "lonMult": 1, "height": 6, "width": 6, "available": 61, "selected": 14, "coverage": 1.0, "unionFrac": 1.0, "bw": {"20": 14}}}, {"type": "Feature", "geometry": {"type": "Polygon", "coordinates": [[[120.0, 42.0], [120.0, 48.0], [114.0, 48.0], [114.0, 42.0], [120.0, 42.0]]]}, "properties": {"name": "N42E114_6x6", "kind": "latlon", "epsg": 4326, "lonMult": 1, "height": 6, "width": 6, "available": 66, "selected": 14, "coverage": 0.9989, "unionFrac": 1.0, "bw": {"20": 14}}}, {"type": "Feature", "geometry": {"type": "Polygon", "coordinates": [[[126.0, 42.0], [126.0, 48.0], [120.0, 48.0], [120.0, 42.0], [126.0, 42.0]]]}, "properties": {"name": "N42E120_6x6", "kind": "latlon", "epsg": 4326, "lonMult": 1, "height": 6, "width": 6, "available": 64, "selected": 14, "coverage": 1.0, "unionFrac": 1.0, "bw": {"20": 14}}}, {"type": "Feature", "geometry": {"type": "Polygon", "coordinates": [[[132.0, 42.0], [132.0, 48.0], [126.0, 48.0], [126.0, 42.0], [132.0, 42.0]]]}, "properties": {"name": "N42E126_6x6", "kind": "latlon", "epsg": 4326, "lonMult": 1, "height": 6, "width": 6, "available": 55, "selected": 16, "coverage": 0.9982, "unionFrac": 0.9988, "bw": {"20": 16}}}, {"type": "Feature", "geometry": {"type": "Polygon", "coordinates": [[[138.0, 42.0], [138.0, 48.0], [132.0, 48.0], [132.0, 42.0], [138.0, 42.0]]]}, "properties": {"name": "N42E132_6x6", "kind": "latlon", "epsg": 4326, "lonMult": 1, "height": 6, "width": 6, "available": 55, "selected": 16, "coverage": 0.8648, "unionFrac": 0.8654, "bw": {"40": 2, "20": 14}}}, {"type": "Feature", "geometry": {"type": "Polygon", "coordinates": [[[144.0, 42.0], [144.0, 48.0], [138.0, 48.0], [138.0, 42.0], [144.0, 42.0]]]}, "properties": {"name": "N42E138_6x6", "kind": "latlon", "epsg": 4326, "lonMult": 1, "height": 6, "width": 6, "available": 59, "selected": 15, "coverage": 0.9452, "unionFrac": 0.9471, "bw": {"40": 7, "20": 8}}}, {"type": "Feature", "geometry": {"type": "Polygon", "coordinates": [[[150.0, 42.0], [150.0, 48.0], [144.0, 48.0], [144.0, 42.0], [150.0, 42.0]]]}, "properties": {"name": "N42E144_6x6", "kind": "latlon", "epsg": 4326, "lonMult": 1, "height": 6, "width": 6, "available": 33, "selected": 11, "coverage": 0.5841, "unionFrac": 0.5853, "bw": {"40": 4, "20": 7}}}, {"type": "Feature", "geometry": {"type": "Polygon", "coordinates": [[[156.0, 42.0], [156.0, 48.0], [150.0, 48.0], [150.0, 42.0], [156.0, 42.0]]]}, "properties": {"name": "N42E150_6x6", "kind": "latlon", "epsg": 4326, "lonMult": 1, "height": 6, "width": 6, "available": 11, "selected": 6, "coverage": 0.3475, "unionFrac": 0.3477, "bw": {"20": 6}}}, {"type": "Feature", "geometry": {"type": "Polygon", "coordinates": [[[162.0, 42.0], [162.0, 48.0], [156.0, 48.0], [156.0, 42.0], [162.0, 42.0]]]}, "properties": {"name": "N42E156_6x6", "kind": "latlon", "epsg": 4326, "lonMult": 1, "height": 6, "width": 6, "available": 3, "selected": 1, "coverage": 0.0133, "unionFrac": 0.0133, "bw": {"20": 1}}}, {"type": "Feature", "geometry": {"type": "Polygon", "coordinates": [[[-174.0, 48.0], [-174.0, 54.0], [-180.0, 54.0], [-180.0, 48.0], [-174.0, 48.0]]]}, "properties": {"name": "N48W180_6x6", "kind": "latlon", "epsg": 4326, "lonMult": 1, "height": 6, "width": 6, "available": 11, "selected": 6, "coverage": 0.3046, "unionFrac": 0.3052, "bw": {"20": 6}}}, {"type": "Feature", "geometry": {"type": "Polygon", "coordinates": [[[-168.0, 48.0], [-168.0, 54.0], [-174.0, 54.0], [-174.0, 48.0], [-168.0, 48.0]]]}, "properties": {"name": "N48W174_6x6", "kind": "latlon", "epsg": 4326, "lonMult": 1, "height": 6, "width": 6, "available": 20, "selected": 7, "coverage": 0.3365, "unionFrac": 0.3367, "bw": {"20": 7}}}, {"type": "Feature", "geometry": {"type": "Polygon", "coordinates": [[[-162.0, 48.0], [-162.0, 54.0], [-168.0, 54.0], [-168.0, 48.0], [-162.0, 48.0]]]}, "properties": {"name": "N48W168_6x6", "kind": "latlon", "epsg": 4326, "lonMult": 1, "height": 6, "width": 6, "available": 17, "selected": 9, "coverage": 0.2106, "unionFrac": 0.211, "bw": {"20": 7, "40": 2}}}, {"type": "Feature", "geometry": {"type": "Polygon", "coordinates": [[[-156.0, 48.0], [-156.0, 54.0], [-162.0, 54.0], [-162.0, 48.0], [-156.0, 48.0]]]}, "properties": {"name": "N48W162_6x6", "kind": "latlon", "epsg": 4326, "lonMult": 1, "height": 6, "width": 6, "available": 12, "selected": 6, "coverage": 0.0314, "unionFrac": 0.0322, "bw": {"40": 2, "20": 4}}}, {"type": "Feature", "geometry": {"type": "Polygon", "coordinates": [[[-132.0, 48.0], [-132.0, 54.0], [-138.0, 54.0], [-138.0, 48.0], [-132.0, 48.0]]]}, "properties": {"name": "N48W138_6x6", "kind": "latlon", "epsg": 4326, "lonMult": 1, "height": 6, "width": 6, "available": 8, "selected": 5, "coverage": 0.1192, "unionFrac": 0.1192, "bw": {"40": 5}}}, {"type": "Feature", "geometry": {"type": "Polygon", "coordinates": [[[-126.0, 48.0], [-126.0, 54.0], [-132.0, 54.0], [-132.0, 48.0], [-126.0, 48.0]]]}, "properties": {"name": "N48W132_6x6", "kind": "latlon", "epsg": 4326, "lonMult": 1, "height": 6, "width": 6, "available": 34, "selected": 11, "coverage": 0.5664, "unionFrac": 0.5674, "bw": {"40": 11}}}, {"type": "Feature", "geometry": {"type": "Polygon", "coordinates": [[[-120.0, 48.0], [-120.0, 54.0], [-126.0, 54.0], [-126.0, 48.0], [-120.0, 48.0]]]}, "properties": {"name": "N48W126_6x6", "kind": "latlon", "epsg": 4326, "lonMult": 1, "height": 6, "width": 6, "available": 57, "selected": 15, "coverage": 0.9925, "unionFrac": 0.9931, "bw": {"40": 15}}}, {"type": "Feature", "geometry": {"type": "Polygon", "coordinates": [[[-114.0, 48.0], [-114.0, 54.0], [-120.0, 54.0], [-120.0, 48.0], [-114.0, 48.0]]]}, "properties": {"name": "N48W120_6x6", "kind": "latlon", "epsg": 4326, "lonMult": 1, "height": 6, "width": 6, "available": 56, "selected": 12, "coverage": 0.9989, "unionFrac": 1.0, "bw": {"40": 12}}}, {"type": "Feature", "geometry": {"type": "Polygon", "coordinates": [[[-108.0, 48.0], [-108.0, 54.0], [-114.0, 54.0], [-114.0, 48.0], [-108.0, 48.0]]]}, "properties": {"name": "N48W114_6x6", "kind": "latlon", "epsg": 4326, "lonMult": 1, "height": 6, "width": 6, "available": 61, "selected": 12, "coverage": 0.9994, "unionFrac": 1.0, "bw": {"40": 12}}}, {"type": "Feature", "geometry": {"type": "Polygon", "coordinates": [[[-102.0, 48.0], [-102.0, 54.0], [-108.0, 54.0], [-108.0, 48.0], [-102.0, 48.0]]]}, "properties": {"name": "N48W108_6x6", "kind": "latlon", "epsg": 4326, "lonMult": 1, "height": 6, "width": 6, "available": 65, "selected": 14, "coverage": 1.0, "unionFrac": 1.0, "bw": {"40": 14}}}, {"type": "Feature", "geometry": {"type": "Polygon", "coordinates": [[[-96.0, 48.0], [-96.0, 54.0], [-102.0, 54.0], [-102.0, 48.0], [-96.0, 48.0]]]}, "properties": {"name": "N48W102_6x6", "kind": "latlon", "epsg": 4326, "lonMult": 1, "height": 6, "width": 6, "available": 60, "selected": 13, "coverage": 1.0, "unionFrac": 1.0, "bw": {"40": 13}}}, {"type": "Feature", "geometry": {"type": "Polygon", "coordinates": [[[-90.0, 48.0], [-90.0, 54.0], [-96.0, 54.0], [-96.0, 48.0], [-90.0, 48.0]]]}, "properties": {"name": "N48W096_6x6", "kind": "latlon", "epsg": 4326, "lonMult": 1, "height": 6, "width": 6, "available": 55, "selected": 14, "coverage": 0.9999, "unionFrac": 1.0, "bw": {"40": 14}}}, {"type": "Feature", "geometry": {"type": "Polygon", "coordinates": [[[-84.0, 48.0], [-84.0, 54.0], [-90.0, 54.0], [-90.0, 48.0], [-84.0, 48.0]]]}, "properties": {"name": "N48W090_6x6", "kind": "latlon", "epsg": 4326, "lonMult": 1, "height": 6, "width": 6, "available": 59, "selected": 14, "coverage": 0.9996, "unionFrac": 1.0, "bw": {"40": 13, "20": 1}}}, {"type": "Feature", "geometry": {"type": "Polygon", "coordinates": [[[-78.0, 48.0], [-78.0, 54.0], [-84.0, 54.0], [-84.0, 48.0], [-78.0, 48.0]]]}, "properties": {"name": "N48W084_6x6", "kind": "latlon", "epsg": 4326, "lonMult": 1, "height": 6, "width": 6, "available": 63, "selected": 13, "coverage": 0.9992, "unionFrac": 0.9999, "bw": {"40": 13}}}, {"type": "Feature", "geometry": {"type": "Polygon", "coordinates": [[[-72.0, 48.0], [-72.0, 54.0], [-78.0, 54.0], [-78.0, 48.0], [-72.0, 48.0]]]}, "properties": {"name": "N48W078_6x6", "kind": "latlon", "epsg": 4326, "lonMult": 1, "height": 6, "width": 6, "available": 53, "selected": 14, "coverage": 1.0, "unionFrac": 1.0, "bw": {"40": 14}}}, {"type": "Feature", "geometry": {"type": "Polygon", "coordinates": [[[-66.0, 48.0], [-66.0, 54.0], [-72.0, 54.0], [-72.0, 48.0], [-66.0, 48.0]]]}, "properties": {"name": "N48W072_6x6", "kind": "latlon", "epsg": 4326, "lonMult": 1, "height": 6, "width": 6, "available": 56, "selected": 15, "coverage": 1.0, "unionFrac": 1.0, "bw": {"40": 15}}}, {"type": "Feature", "geometry": {"type": "Polygon", "coordinates": [[[-60.0, 48.0], [-60.0, 54.0], [-66.0, 54.0], [-66.0, 48.0], [-60.0, 48.0]]]}, "properties": {"name": "N48W066_6x6", "kind": "latlon", "epsg": 4326, "lonMult": 1, "height": 6, "width": 6, "available": 60, "selected": 14, "coverage": 0.9808, "unionFrac": 0.9811, "bw": {"40": 14}}}, {"type": "Feature", "geometry": {"type": "Polygon", "coordinates": [[[-54.0, 48.0], [-54.0, 54.0], [-60.0, 54.0], [-60.0, 48.0], [-54.0, 48.0]]]}, "properties": {"name": "N48W060_6x6", "kind": "latlon", "epsg": 4326, "lonMult": 1, "height": 6, "width": 6, "available": 48, "selected": 11, "coverage": 0.9345, "unionFrac": 0.9346, "bw": {"40": 11}}}, {"type": "Feature", "geometry": {"type": "Polygon", "coordinates": [[[-48.0, 48.0], [-48.0, 54.0], [-54.0, 54.0], [-54.0, 48.0], [-48.0, 48.0]]]}, "properties": {"name": "N48W054_6x6", "kind": "latlon", "epsg": 4326, "lonMult": 1, "height": 6, "width": 6, "available": 15, "selected": 5, "coverage": 0.103, "unionFrac": 0.1034, "bw": {"40": 5}}}, {"type": "Feature", "geometry": {"type": "Polygon", "coordinates": [[[-12.0, 48.0], [-12.0, 54.0], [-18.0, 54.0], [-18.0, 48.0], [-12.0, 48.0]]]}, "properties": {"name": "N48W018_6x6", "kind": "latlon", "epsg": 4326, "lonMult": 1, "height": 6, "width": 6, "available": 6, "selected": 3, "coverage": 0.0367, "unionFrac": 0.0367, "bw": {"20": 3}}}, {"type": "Feature", "geometry": {"type": "Polygon", "coordinates": [[[-6.0, 48.0], [-6.0, 54.0], [-12.0, 54.0], [-12.0, 48.0], [-6.0, 48.0]]]}, "properties": {"name": "N48W012_6x6", "kind": "latlon", "epsg": 4326, "lonMult": 1, "height": 6, "width": 6, "available": 27, "selected": 9, "coverage": 0.4955, "unionFrac": 0.4964, "bw": {"20": 9}}}, {"type": "Feature", "geometry": {"type": "Polygon", "coordinates": [[[0.0, 48.0], [0.0, 54.0], [-6.0, 54.0], [-6.0, 48.0], [0.0, 48.0]]]}, "properties": {"name": "N48W006_6x6", "kind": "latlon", "epsg": 4326, "lonMult": 1, "height": 6, "width": 6, "available": 42, "selected": 12, "coverage": 0.8479, "unionFrac": 0.8494, "bw": {"20": 12}}}, {"type": "Feature", "geometry": {"type": "Polygon", "coordinates": [[[6.0, 48.0], [6.0, 54.0], [0.0, 54.0], [0.0, 48.0], [6.0, 48.0]]]}, "properties": {"name": "N48E000_6x6", "kind": "latlon", "epsg": 4326, "lonMult": 1, "height": 6, "width": 6, "available": 38, "selected": 14, "coverage": 0.9312, "unionFrac": 0.9321, "bw": {"20": 14}}}, {"type": "Feature", "geometry": {"type": "Polygon", "coordinates": [[[12.0, 48.0], [12.0, 54.0], [6.0, 54.0], [6.0, 48.0], [12.0, 48.0]]]}, "properties": {"name": "N48E006_6x6", "kind": "latlon", "epsg": 4326, "lonMult": 1, "height": 6, "width": 6, "available": 56, "selected": 18, "coverage": 0.9884, "unionFrac": 0.9887, "bw": {"40": 2, "20": 16}}}, {"type": "Feature", "geometry": {"type": "Polygon", "coordinates": [[[18.0, 48.0], [18.0, 54.0], [12.0, 54.0], [12.0, 48.0], [18.0, 48.0]]]}, "properties": {"name": "N48E012_6x6", "kind": "latlon", "epsg": 4326, "lonMult": 1, "height": 6, "width": 6, "available": 53, "selected": 18, "coverage": 1.0, "unionFrac": 1.0, "bw": {"40": 1, "20": 17}}}, {"type": "Feature", "geometry": {"type": "Polygon", "coordinates": [[[24.0, 48.0], [24.0, 54.0], [18.0, 54.0], [18.0, 48.0], [24.0, 48.0]]]}, "properties": {"name": "N48E018_6x6", "kind": "latlon", "epsg": 4326, "lonMult": 1, "height": 6, "width": 6, "available": 61, "selected": 16, "coverage": 1.0, "unionFrac": 1.0, "bw": {"20": 16}}}, {"type": "Feature", "geometry": {"type": "Polygon", "coordinates": [[[30.0, 48.0], [30.0, 54.0], [24.0, 54.0], [24.0, 48.0], [30.0, 48.0]]]}, "properties": {"name": "N48E024_6x6", "kind": "latlon", "epsg": 4326, "lonMult": 1, "height": 6, "width": 6, "available": 56, "selected": 14, "coverage": 0.9992, "unionFrac": 1.0, "bw": {"20": 14}}}, {"type": "Feature", "geometry": {"type": "Polygon", "coordinates": [[[36.0, 48.0], [36.0, 54.0], [30.0, 54.0], [30.0, 48.0], [36.0, 48.0]]]}, "properties": {"name": "N48E030_6x6", "kind": "latlon", "epsg": 4326, "lonMult": 1, "height": 6, "width": 6, "available": 56, "selected": 14, "coverage": 0.9989, "unionFrac": 1.0, "bw": {"20": 14}}}, {"type": "Feature", "geometry": {"type": "Polygon", "coordinates": [[[42.0, 48.0], [42.0, 54.0], [36.0, 54.0], [36.0, 48.0], [42.0, 48.0]]]}, "properties": {"name": "N48E036_6x6", "kind": "latlon", "epsg": 4326, "lonMult": 1, "height": 6, "width": 6, "available": 63, "selected": 13, "coverage": 0.9998, "unionFrac": 1.0, "bw": {"20": 13}}}, {"type": "Feature", "geometry": {"type": "Polygon", "coordinates": [[[48.0, 48.0], [48.0, 54.0], [42.0, 54.0], [42.0, 48.0], [48.0, 48.0]]]}, "properties": {"name": "N48E042_6x6", "kind": "latlon", "epsg": 4326, "lonMult": 1, "height": 6, "width": 6, "available": 62, "selected": 15, "coverage": 1.0, "unionFrac": 1.0, "bw": {"40": 2, "20": 13}}}, {"type": "Feature", "geometry": {"type": "Polygon", "coordinates": [[[54.0, 48.0], [54.0, 54.0], [48.0, 54.0], [48.0, 48.0], [54.0, 48.0]]]}, "properties": {"name": "N48E048_6x6", "kind": "latlon", "epsg": 4326, "lonMult": 1, "height": 6, "width": 6, "available": 57, "selected": 12, "coverage": 1.0, "unionFrac": 1.0, "bw": {"20": 12}}}, {"type": "Feature", "geometry": {"type": "Polygon", "coordinates": [[[60.0, 48.0], [60.0, 54.0], [54.0, 54.0], [54.0, 48.0], [60.0, 48.0]]]}, "properties": {"name": "N48E054_6x6", "kind": "latlon", "epsg": 4326, "lonMult": 1, "height": 6, "width": 6, "available": 55, "selected": 13, "coverage": 1.0, "unionFrac": 1.0, "bw": {"20": 13}}}, {"type": "Feature", "geometry": {"type": "Polygon", "coordinates": [[[66.0, 48.0], [66.0, 54.0], [60.0, 54.0], [60.0, 48.0], [66.0, 48.0]]]}, "properties": {"name": "N48E060_6x6", "kind": "latlon", "epsg": 4326, "lonMult": 1, "height": 6, "width": 6, "available": 61, "selected": 11, "coverage": 0.9998, "unionFrac": 1.0, "bw": {"20": 11}}}, {"type": "Feature", "geometry": {"type": "Polygon", "coordinates": [[[72.0, 48.0], [72.0, 54.0], [66.0, 54.0], [66.0, 48.0], [72.0, 48.0]]]}, "properties": {"name": "N48E066_6x6", "kind": "latlon", "epsg": 4326, "lonMult": 1, "height": 6, "width": 6, "available": 63, "selected": 14, "coverage": 1.0, "unionFrac": 1.0, "bw": {"20": 14}}}, {"type": "Feature", "geometry": {"type": "Polygon", "coordinates": [[[78.0, 48.0], [78.0, 54.0], [72.0, 54.0], [72.0, 48.0], [78.0, 48.0]]]}, "properties": {"name": "N48E072_6x6", "kind": "latlon", "epsg": 4326, "lonMult": 1, "height": 6, "width": 6, "available": 63, "selected": 15, "coverage": 1.0, "unionFrac": 1.0, "bw": {"20": 15}}}, {"type": "Feature", "geometry": {"type": "Polygon", "coordinates": [[[84.0, 48.0], [84.0, 54.0], [78.0, 54.0], [78.0, 48.0], [84.0, 48.0]]]}, "properties": {"name": "N48E078_6x6", "kind": "latlon", "epsg": 4326, "lonMult": 1, "height": 6, "width": 6, "available": 60, "selected": 14, "coverage": 1.0, "unionFrac": 1.0, "bw": {"20": 14}}}, {"type": "Feature", "geometry": {"type": "Polygon", "coordinates": [[[90.0, 48.0], [90.0, 54.0], [84.0, 54.0], [84.0, 48.0], [90.0, 48.0]]]}, "properties": {"name": "N48E084_6x6", "kind": "latlon", "epsg": 4326, "lonMult": 1, "height": 6, "width": 6, "available": 54, "selected": 10, "coverage": 0.9987, "unionFrac": 1.0, "bw": {"20": 10}}}, {"type": "Feature", "geometry": {"type": "Polygon", "coordinates": [[[96.0, 48.0], [96.0, 54.0], [90.0, 54.0], [90.0, 48.0], [96.0, 48.0]]]}, "properties": {"name": "N48E090_6x6", "kind": "latlon", "epsg": 4326, "lonMult": 1, "height": 6, "width": 6, "available": 55, "selected": 12, "coverage": 1.0, "unionFrac": 1.0, "bw": {"20": 12}}}, {"type": "Feature", "geometry": {"type": "Polygon", "coordinates": [[[102.0, 48.0], [102.0, 54.0], [96.0, 54.0], [96.0, 48.0], [102.0, 48.0]]]}, "properties": {"name": "N48E096_6x6", "kind": "latlon", "epsg": 4326, "lonMult": 1, "height": 6, "width": 6, "available": 55, "selected": 11, "coverage": 0.9987, "unionFrac": 1.0, "bw": {"20": 11}}}, {"type": "Feature", "geometry": {"type": "Polygon", "coordinates": [[[108.0, 48.0], [108.0, 54.0], [102.0, 54.0], [102.0, 48.0], [108.0, 48.0]]]}, "properties": {"name": "N48E102_6x6", "kind": "latlon", "epsg": 4326, "lonMult": 1, "height": 6, "width": 6, "available": 59, "selected": 13, "coverage": 0.9991, "unionFrac": 1.0, "bw": {"20": 13}}}, {"type": "Feature", "geometry": {"type": "Polygon", "coordinates": [[[114.0, 48.0], [114.0, 54.0], [108.0, 54.0], [108.0, 48.0], [114.0, 48.0]]]}, "properties": {"name": "N48E108_6x6", "kind": "latlon", "epsg": 4326, "lonMult": 1, "height": 6, "width": 6, "available": 56, "selected": 13, "coverage": 0.9991, "unionFrac": 1.0, "bw": {"20": 13}}}, {"type": "Feature", "geometry": {"type": "Polygon", "coordinates": [[[120.0, 48.0], [120.0, 54.0], [114.0, 54.0], [114.0, 48.0], [120.0, 48.0]]]}, "properties": {"name": "N48E114_6x6", "kind": "latlon", "epsg": 4326, "lonMult": 1, "height": 6, "width": 6, "available": 61, "selected": 13, "coverage": 0.9995, "unionFrac": 1.0, "bw": {"20": 13}}}, {"type": "Feature", "geometry": {"type": "Polygon", "coordinates": [[[126.0, 48.0], [126.0, 54.0], [120.0, 54.0], [120.0, 48.0], [126.0, 48.0]]]}, "properties": {"name": "N48E120_6x6", "kind": "latlon", "epsg": 4326, "lonMult": 1, "height": 6, "width": 6, "available": 63, "selected": 13, "coverage": 1.0, "unionFrac": 1.0, "bw": {"20": 13}}}, {"type": "Feature", "geometry": {"type": "Polygon", "coordinates": [[[132.0, 48.0], [132.0, 54.0], [126.0, 54.0], [126.0, 48.0], [132.0, 48.0]]]}, "properties": {"name": "N48E126_6x6", "kind": "latlon", "epsg": 4326, "lonMult": 1, "height": 6, "width": 6, "available": 60, "selected": 14, "coverage": 1.0, "unionFrac": 1.0, "bw": {"20": 14}}}, {"type": "Feature", "geometry": {"type": "Polygon", "coordinates": [[[138.0, 48.0], [138.0, 54.0], [132.0, 54.0], [132.0, 48.0], [138.0, 48.0]]]}, "properties": {"name": "N48E132_6x6", "kind": "latlon", "epsg": 4326, "lonMult": 1, "height": 6, "width": 6, "available": 59, "selected": 14, "coverage": 0.9987, "unionFrac": 1.0, "bw": {"40": 1, "20": 13}}}, {"type": "Feature", "geometry": {"type": "Polygon", "coordinates": [[[144.0, 48.0], [144.0, 54.0], [138.0, 54.0], [138.0, 48.0], [144.0, 48.0]]]}, "properties": {"name": "N48E138_6x6", "kind": "latlon", "epsg": 4326, "lonMult": 1, "height": 6, "width": 6, "available": 49, "selected": 14, "coverage": 0.9979, "unionFrac": 0.9981, "bw": {"40": 1, "20": 13}}}, {"type": "Feature", "geometry": {"type": "Polygon", "coordinates": [[[150.0, 48.0], [150.0, 54.0], [144.0, 54.0], [144.0, 48.0], [150.0, 48.0]]]}, "properties": {"name": "N48E144_6x6", "kind": "latlon", "epsg": 4326, "lonMult": 1, "height": 6, "width": 6, "available": 14, "selected": 5, "coverage": 0.2403, "unionFrac": 0.241, "bw": {"20": 5}}}, {"type": "Feature", "geometry": {"type": "Polygon", "coordinates": [[[156.0, 48.0], [156.0, 54.0], [150.0, 54.0], [150.0, 48.0], [156.0, 48.0]]]}, "properties": {"name": "N48E150_6x6", "kind": "latlon", "epsg": 4326, "lonMult": 1, "height": 6, "width": 6, "available": 17, "selected": 7, "coverage": 0.5596, "unionFrac": 0.5598, "bw": {"40": 1, "20": 6}}}, {"type": "Feature", "geometry": {"type": "Polygon", "coordinates": [[[162.0, 48.0], [162.0, 54.0], [156.0, 54.0], [156.0, 48.0], [162.0, 48.0]]]}, "properties": {"name": "N48E156_6x6", "kind": "latlon", "epsg": 4326, "lonMult": 1, "height": 6, "width": 6, "available": 29, "selected": 9, "coverage": 0.6283, "unionFrac": 0.6292, "bw": {"40": 4, "20": 5}}}, {"type": "Feature", "geometry": {"type": "Polygon", "coordinates": [[[168.0, 48.0], [168.0, 54.0], [162.0, 54.0], [162.0, 48.0], [168.0, 48.0]]]}, "properties": {"name": "N48E162_6x6", "kind": "latlon", "epsg": 4326, "lonMult": 1, "height": 6, "width": 6, "available": 8, "selected": 3, "coverage": 0.0511, "unionFrac": 0.0513, "bw": {"20": 2, "40": 1}}}, {"type": "Feature", "geometry": {"type": "Polygon", "coordinates": [[[180.0, 48.0], [180.0, 54.0], [174.0, 54.0], [174.0, 48.0], [180.0, 48.0]]]}, "properties": {"name": "N48E174_6x6", "kind": "latlon", "epsg": 4326, "lonMult": 1, "height": 6, "width": 6, "available": 3, "selected": 2, "coverage": 0.0589, "unionFrac": 0.0589, "bw": {"20": 2}}}, {"type": "Feature", "geometry": {"type": "Polygon", "coordinates": [[[-168.0, 54.0], [-168.0, 60.0], [-174.0, 60.0], [-174.0, 54.0], [-168.0, 54.0]]]}, "properties": {"name": "N54W174_6x6", "kind": "latlon", "epsg": 4326, "lonMult": 1, "height": 6, "width": 6, "available": 6, "selected": 3, "coverage": 0.0765, "unionFrac": 0.0772, "bw": {"20": 3}}}, {"type": "Feature", "geometry": {"type": "Polygon", "coordinates": [[[-162.0, 54.0], [-162.0, 60.0], [-168.0, 60.0], [-168.0, 54.0], [-162.0, 54.0]]]}, "properties": {"name": "N54W168_6x6", "kind": "latlon", "epsg": 4326, "lonMult": 1, "height": 6, "width": 6, "available": 48, "selected": 15, "coverage": 0.7126, "unionFrac": 0.7133, "bw": {"40": 6, "20": 9}}}, {"type": "Feature", "geometry": {"type": "Polygon", "coordinates": [[[-156.0, 54.0], [-156.0, 60.0], [-162.0, 60.0], [-162.0, 54.0], [-156.0, 54.0]]]}, "properties": {"name": "N54W162_6x6", "kind": "latlon", "epsg": 4326, "lonMult": 1, "height": 6, "width": 6, "available": 71, "selected": 15, "coverage": 0.9599, "unionFrac": 0.9602, "bw": {"40": 10, "20": 5}}}, {"type": "Feature", "geometry": {"type": "Polygon", "coordinates": [[[-150.0, 54.0], [-150.0, 60.0], [-156.0, 60.0], [-156.0, 54.0], [-150.0, 54.0]]]}, "properties": {"name": "N54W156_6x6", "kind": "latlon", "epsg": 4326, "lonMult": 1, "height": 6, "width": 6, "available": 51, "selected": 12, "coverage": 0.8405, "unionFrac": 0.8405, "bw": {"40": 12}}}, {"type": "Feature", "geometry": {"type": "Polygon", "coordinates": [[[-144.0, 54.0], [-144.0, 60.0], [-150.0, 60.0], [-150.0, 54.0], [-144.0, 54.0]]]}, "properties": {"name": "N54W150_6x6", "kind": "latlon", "epsg": 4326, "lonMult": 1, "height": 6, "width": 6, "available": 27, "selected": 8, "coverage": 0.3658, "unionFrac": 0.366, "bw": {"40": 8}}}, {"type": "Feature", "geometry": {"type": "Polygon", "coordinates": [[[-138.0, 54.0], [-138.0, 60.0], [-144.0, 60.0], [-144.0, 54.0], [-138.0, 54.0]]]}, "properties": {"name": "N54W144_6x6", "kind": "latlon", "epsg": 4326, "lonMult": 1, "height": 6, "width": 6, "available": 25, "selected": 8, "coverage": 0.2451, "unionFrac": 0.2469, "bw": {"40": 8}}}, {"type": "Feature", "geometry": {"type": "Polygon", "coordinates": [[[-132.0, 54.0], [-132.0, 60.0], [-138.0, 60.0], [-138.0, 54.0], [-132.0, 54.0]]]}, "properties": {"name": "N54W138_6x6", "kind": "latlon", "epsg": 4326, "lonMult": 1, "height": 6, "width": 6, "available": 40, "selected": 13, "coverage": 0.7853, "unionFrac": 0.7854, "bw": {"40": 13}}}, {"type": "Feature", "geometry": {"type": "Polygon", "coordinates": [[[-126.0, 54.0], [-126.0, 60.0], [-132.0, 60.0], [-132.0, 54.0], [-126.0, 54.0]]]}, "properties": {"name": "N54W132_6x6", "kind": "latlon", "epsg": 4326, "lonMult": 1, "height": 6, "width": 6, "available": 43, "selected": 12, "coverage": 1.0, "unionFrac": 1.0, "bw": {"40": 12}}}, {"type": "Feature", "geometry": {"type": "Polygon", "coordinates": [[[-120.0, 54.0], [-120.0, 60.0], [-126.0, 60.0], [-126.0, 54.0], [-120.0, 54.0]]]}, "properties": {"name": "N54W126_6x6", "kind": "latlon", "epsg": 4326, "lonMult": 1, "height": 6, "width": 6, "available": 46, "selected": 12, "coverage": 1.0, "unionFrac": 1.0, "bw": {"40": 12}}}, {"type": "Feature", "geometry": {"type": "Polygon", "coordinates": [[[-114.0, 54.0], [-114.0, 60.0], [-120.0, 60.0], [-120.0, 54.0], [-114.0, 54.0]]]}, "properties": {"name": "N54W120_6x6", "kind": "latlon", "epsg": 4326, "lonMult": 1, "height": 6, "width": 6, "available": 52, "selected": 9, "coverage": 1.0, "unionFrac": 1.0, "bw": {"40": 9}}}, {"type": "Feature", "geometry": {"type": "Polygon", "coordinates": [[[-108.0, 54.0], [-108.0, 60.0], [-114.0, 60.0], [-114.0, 54.0], [-108.0, 54.0]]]}, "properties": {"name": "N54W114_6x6", "kind": "latlon", "epsg": 4326, "lonMult": 1, "height": 6, "width": 6, "available": 47, "selected": 13, "coverage": 1.0, "unionFrac": 1.0, "bw": {"40": 13}}}, {"type": "Feature", "geometry": {"type": "Polygon", "coordinates": [[[-102.0, 54.0], [-102.0, 60.0], [-108.0, 60.0], [-108.0, 54.0], [-102.0, 54.0]]]}, "properties": {"name": "N54W108_6x6", "kind": "latlon", "epsg": 4326, "lonMult": 1, "height": 6, "width": 6, "available": 49, "selected": 11, "coverage": 0.9998, "unionFrac": 1.0, "bw": {"40": 11}}}, {"type": "Feature", "geometry": {"type": "Polygon", "coordinates": [[[-96.0, 54.0], [-96.0, 60.0], [-102.0, 60.0], [-102.0, 54.0], [-96.0, 54.0]]]}, "properties": {"name": "N54W102_6x6", "kind": "latlon", "epsg": 4326, "lonMult": 1, "height": 6, "width": 6, "available": 52, "selected": 10, "coverage": 0.9994, "unionFrac": 1.0, "bw": {"40": 10}}}, {"type": "Feature", "geometry": {"type": "Polygon", "coordinates": [[[-90.0, 54.0], [-90.0, 60.0], [-96.0, 60.0], [-96.0, 54.0], [-90.0, 54.0]]]}, "properties": {"name": "N54W096_6x6", "kind": "latlon", "epsg": 4326, "lonMult": 1, "height": 6, "width": 6, "available": 45, "selected": 11, "coverage": 0.8359, "unionFrac": 0.8359, "bw": {"40": 11}}}, {"type": "Feature", "geometry": {"type": "Polygon", "coordinates": [[[-84.0, 54.0], [-84.0, 60.0], [-90.0, 60.0], [-90.0, 54.0], [-84.0, 54.0]]]}, "properties": {"name": "N54W090_6x6", "kind": "latlon", "epsg": 4326, "lonMult": 1, "height": 6, "width": 6, "available": 29, "selected": 7, "coverage": 0.4361, "unionFrac": 0.4366, "bw": {"40": 7}}}, {"type": "Feature", "geometry": {"type": "Polygon", "coordinates": [[[-78.0, 54.0], [-78.0, 60.0], [-84.0, 60.0], [-84.0, 54.0], [-78.0, 54.0]]]}, "properties": {"name": "N54W084_6x6", "kind": "latlon", "epsg": 4326, "lonMult": 1, "height": 6, "width": 6, "available": 33, "selected": 9, "coverage": 0.5438, "unionFrac": 0.5446, "bw": {"40": 9}}}, {"type": "Feature", "geometry": {"type": "Polygon", "coordinates": [[[-72.0, 54.0], [-72.0, 60.0], [-78.0, 60.0], [-78.0, 54.0], [-72.0, 54.0]]]}, "properties": {"name": "N54W078_6x6", "kind": "latlon", "epsg": 4326, "lonMult": 1, "height": 6, "width": 6, "available": 47, "selected": 9, "coverage": 0.9982, "unionFrac": 0.9984, "bw": {"40": 9}}}, {"type": "Feature", "geometry": {"type": "Polygon", "coordinates": [[[-66.0, 54.0], [-66.0, 60.0], [-72.0, 60.0], [-72.0, 54.0], [-66.0, 54.0]]]}, "properties": {"name": "N54W072_6x6", "kind": "latlon", "epsg": 4326, "lonMult": 1, "height": 6, "width": 6, "available": 49, "selected": 12, "coverage": 0.9474, "unionFrac": 0.9475, "bw": {"40": 12}}}, {"type": "Feature", "geometry": {"type": "Polygon", "coordinates": [[[-60.0, 54.0], [-60.0, 60.0], [-66.0, 60.0], [-66.0, 54.0], [-60.0, 54.0]]]}, "properties": {"name": "N54W066_6x6", "kind": "latlon", "epsg": 4326, "lonMult": 1, "height": 6, "width": 6, "available": 45, "selected": 11, "coverage": 0.9039, "unionFrac": 0.904, "bw": {"40": 11}}}, {"type": "Feature", "geometry": {"type": "Polygon", "coordinates": [[[-54.0, 54.0], [-54.0, 60.0], [-60.0, 60.0], [-60.0, 54.0], [-54.0, 54.0]]]}, "properties": {"name": "N54W060_6x6", "kind": "latlon", "epsg": 4326, "lonMult": 1, "height": 6, "width": 6, "available": 24, "selected": 6, "coverage": 0.1927, "unionFrac": 0.1927, "bw": {"40": 6}}}, {"type": "Feature", "geometry": {"type": "Polygon", "coordinates": [[[-48.0, 54.0], [-48.0, 60.0], [-54.0, 60.0], [-54.0, 54.0], [-48.0, 54.0]]]}, "properties": {"name": "N54W054_6x6", "kind": "latlon", "epsg": 4326, "lonMult": 1, "height": 6, "width": 6, "available": 3, "selected": 1, "coverage": 0.0014, "unionFrac": 0.0024, "bw": {"77": 1}}}, {"type": "Feature", "geometry": {"type": "Polygon", "coordinates": [[[-42.0, 54.0], [-42.0, 60.0], [-48.0, 60.0], [-48.0, 54.0], [-42.0, 54.0]]]}, "properties": {"name": "N54W048_6x6", "kind": "latlon", "epsg": 4326, "lonMult": 1, "height": 6, "width": 6, "available": 9, "selected": 5, "coverage": 0.1036, "unionFrac": 0.1044, "bw": {"77": 5}}}, {"type": "Feature", "geometry": {"type": "Polygon", "coordinates": [[[-36.0, 54.0], [-36.0, 60.0], [-42.0, 60.0], [-42.0, 54.0], [-36.0, 54.0]]]}, "properties": {"name": "N54W042_6x6", "kind": "latlon", "epsg": 4326, "lonMult": 1, "height": 6, "width": 6, "available": 3, "selected": 1, "coverage": 0.0029, "unionFrac": 0.0029, "bw": {"77": 1}}}, {"type": "Feature", "geometry": {"type": "Polygon", "coordinates": [[[-6.0, 54.0], [-6.0, 60.0], [-12.0, 60.0], [-12.0, 54.0], [-6.0, 54.0]]]}, "properties": {"name": "N54W012_6x6", "kind": "latlon", "epsg": 4326, "lonMult": 1, "height": 6, "width": 6, "available": 27, "selected": 8, "coverage": 0.7256, "unionFrac": 0.7258, "bw": {"20": 8}}}, {"type": "Feature", "geometry": {"type": "Polygon", "coordinates": [[[0.0, 54.0], [0.0, 60.0], [-6.0, 60.0], [-6.0, 54.0], [0.0, 54.0]]]}, "properties": {"name": "N54W006_6x6", "kind": "latlon", "epsg": 4326, "lonMult": 1, "height": 6, "width": 6, "available": 39, "selected": 9, "coverage": 0.8975, "unionFrac": 0.8985, "bw": {"20": 9}}}, {"type": "Feature", "geometry": {"type": "Polygon", "coordinates": [[[6.0, 54.0], [6.0, 60.0], [0.0, 60.0], [0.0, 54.0], [6.0, 54.0]]]}, "properties": {"name": "N54E000_6x6", "kind": "latlon", "epsg": 4326, "lonMult": 1, "height": 6, "width": 6, "available": 27, "selected": 12, "coverage": 0.3013, "unionFrac": 0.3028, "bw": {"20": 12}}}, {"type": "Feature", "geometry": {"type": "Polygon", "coordinates": [[[12.0, 54.0], [12.0, 60.0], [6.0, 60.0], [6.0, 54.0], [12.0, 54.0]]]}, "properties": {"name": "N54E006_6x6", "kind": "latlon", "epsg": 4326, "lonMult": 1, "height": 6, "width": 6, "available": 39, "selected": 10, "coverage": 0.9071, "unionFrac": 0.9073, "bw": {"20": 10}}}, {"type": "Feature", "geometry": {"type": "Polygon", "coordinates": [[[18.0, 54.0], [18.0, 60.0], [12.0, 60.0], [12.0, 54.0], [18.0, 54.0]]]}, "properties": {"name": "N54E012_6x6", "kind": "latlon", "epsg": 4326, "lonMult": 1, "height": 6, "width": 6, "available": 38, "selected": 9, "coverage": 0.9996, "unionFrac": 1.0, "bw": {"20": 9}}}, {"type": "Feature", "geometry": {"type": "Polygon", "coordinates": [[[24.0, 54.0], [24.0, 60.0], [18.0, 60.0], [18.0, 54.0], [24.0, 54.0]]]}, "properties": {"name": "N54E018_6x6", "kind": "latlon", "epsg": 4326, "lonMult": 1, "height": 6, "width": 6, "available": 39, "selected": 11, "coverage": 0.9508, "unionFrac": 0.9508, "bw": {"20": 11}}}, {"type": "Feature", "geometry": {"type": "Polygon", "coordinates": [[[30.0, 54.0], [30.0, 60.0], [24.0, 60.0], [24.0, 54.0], [30.0, 54.0]]]}, "properties": {"name": "N54E024_6x6", "kind": "latlon", "epsg": 4326, "lonMult": 1, "height": 6, "width": 6, "available": 55, "selected": 13, "coverage": 1.0, "unionFrac": 1.0, "bw": {"40": 2, "20": 11}}}, {"type": "Feature", "geometry": {"type": "Polygon", "coordinates": [[[36.0, 54.0], [36.0, 60.0], [30.0, 60.0], [30.0, 54.0], [36.0, 54.0]]]}, "properties": {"name": "N54E030_6x6", "kind": "latlon", "epsg": 4326, "lonMult": 1, "height": 6, "width": 6, "available": 53, "selected": 10, "coverage": 0.9995, "unionFrac": 1.0, "bw": {"40": 2, "20": 8}}}, {"type": "Feature", "geometry": {"type": "Polygon", "coordinates": [[[42.0, 54.0], [42.0, 60.0], [36.0, 60.0], [36.0, 54.0], [42.0, 54.0]]]}, "properties": {"name": "N54E036_6x6", "kind": "latlon", "epsg": 4326, "lonMult": 1, "height": 6, "width": 6, "available": 51, "selected": 11, "coverage": 1.0, "unionFrac": 1.0, "bw": {"20": 11}}}, {"type": "Feature", "geometry": {"type": "Polygon", "coordinates": [[[48.0, 54.0], [48.0, 60.0], [42.0, 60.0], [42.0, 54.0], [48.0, 54.0]]]}, "properties": {"name": "N54E042_6x6", "kind": "latlon", "epsg": 4326, "lonMult": 1, "height": 6, "width": 6, "available": 51, "selected": 11, "coverage": 0.9997, "unionFrac": 1.0, "bw": {"20": 11}}}, {"type": "Feature", "geometry": {"type": "Polygon", "coordinates": [[[54.0, 54.0], [54.0, 60.0], [48.0, 60.0], [48.0, 54.0], [54.0, 54.0]]]}, "properties": {"name": "N54E048_6x6", "kind": "latlon", "epsg": 4326, "lonMult": 1, "height": 6, "width": 6, "available": 52, "selected": 11, "coverage": 1.0, "unionFrac": 1.0, "bw": {"20": 11}}}, {"type": "Feature", "geometry": {"type": "Polygon", "coordinates": [[[60.0, 54.0], [60.0, 60.0], [54.0, 60.0], [54.0, 54.0], [60.0, 54.0]]]}, "properties": {"name": "N54E054_6x6", "kind": "latlon", "epsg": 4326, "lonMult": 1, "height": 6, "width": 6, "available": 49, "selected": 9, "coverage": 0.9999, "unionFrac": 1.0, "bw": {"20": 9}}}, {"type": "Feature", "geometry": {"type": "Polygon", "coordinates": [[[66.0, 54.0], [66.0, 60.0], [60.0, 60.0], [60.0, 54.0], [66.0, 54.0]]]}, "properties": {"name": "N54E060_6x6", "kind": "latlon", "epsg": 4326, "lonMult": 1, "height": 6, "width": 6, "available": 43, "selected": 11, "coverage": 1.0, "unionFrac": 1.0, "bw": {"20": 11}}}, {"type": "Feature", "geometry": {"type": "Polygon", "coordinates": [[[72.0, 54.0], [72.0, 60.0], [66.0, 60.0], [66.0, 54.0], [72.0, 54.0]]]}, "properties": {"name": "N54E066_6x6", "kind": "latlon", "epsg": 4326, "lonMult": 1, "height": 6, "width": 6, "available": 45, "selected": 11, "coverage": 1.0, "unionFrac": 1.0, "bw": {"20": 11}}}, {"type": "Feature", "geometry": {"type": "Polygon", "coordinates": [[[78.0, 54.0], [78.0, 60.0], [72.0, 60.0], [72.0, 54.0], [78.0, 54.0]]]}, "properties": {"name": "N54E072_6x6", "kind": "latlon", "epsg": 4326, "lonMult": 1, "height": 6, "width": 6, "available": 47, "selected": 12, "coverage": 0.9992, "unionFrac": 1.0, "bw": {"20": 12}}}, {"type": "Feature", "geometry": {"type": "Polygon", "coordinates": [[[84.0, 54.0], [84.0, 60.0], [78.0, 60.0], [78.0, 54.0], [84.0, 54.0]]]}, "properties": {"name": "N54E078_6x6", "kind": "latlon", "epsg": 4326, "lonMult": 1, "height": 6, "width": 6, "available": 48, "selected": 10, "coverage": 1.0, "unionFrac": 1.0, "bw": {"20": 10}}}, {"type": "Feature", "geometry": {"type": "Polygon", "coordinates": [[[90.0, 54.0], [90.0, 60.0], [84.0, 60.0], [84.0, 54.0], [90.0, 54.0]]]}, "properties": {"name": "N54E084_6x6", "kind": "latlon", "epsg": 4326, "lonMult": 1, "height": 6, "width": 6, "available": 48, "selected": 9, "coverage": 1.0, "unionFrac": 1.0, "bw": {"20": 9}}}, {"type": "Feature", "geometry": {"type": "Polygon", "coordinates": [[[96.0, 54.0], [96.0, 60.0], [90.0, 60.0], [90.0, 54.0], [96.0, 54.0]]]}, "properties": {"name": "N54E090_6x6", "kind": "latlon", "epsg": 4326, "lonMult": 1, "height": 6, "width": 6, "available": 44, "selected": 11, "coverage": 1.0, "unionFrac": 1.0, "bw": {"20": 11}}}, {"type": "Feature", "geometry": {"type": "Polygon", "coordinates": [[[102.0, 54.0], [102.0, 60.0], [96.0, 60.0], [96.0, 54.0], [102.0, 54.0]]]}, "properties": {"name": "N54E096_6x6", "kind": "latlon", "epsg": 4326, "lonMult": 1, "height": 6, "width": 6, "available": 41, "selected": 13, "coverage": 1.0, "unionFrac": 1.0, "bw": {"20": 13}}}, {"type": "Feature", "geometry": {"type": "Polygon", "coordinates": [[[108.0, 54.0], [108.0, 60.0], [102.0, 60.0], [102.0, 54.0], [108.0, 54.0]]]}, "properties": {"name": "N54E102_6x6", "kind": "latlon", "epsg": 4326, "lonMult": 1, "height": 6, "width": 6, "available": 34, "selected": 10, "coverage": 1.0, "unionFrac": 1.0, "bw": {"20": 10}}}, {"type": "Feature", "geometry": {"type": "Polygon", "coordinates": [[[114.0, 54.0], [114.0, 60.0], [108.0, 60.0], [108.0, 54.0], [114.0, 54.0]]]}, "properties": {"name": "N54E108_6x6", "kind": "latlon", "epsg": 4326, "lonMult": 1, "height": 6, "width": 6, "available": 47, "selected": 11, "coverage": 1.0, "unionFrac": 1.0, "bw": {"20": 11}}}, {"type": "Feature", "geometry": {"type": "Polygon", "coordinates": [[[120.0, 54.0], [120.0, 60.0], [114.0, 60.0], [114.0, 54.0], [120.0, 54.0]]]}, "properties": {"name": "N54E114_6x6", "kind": "latlon", "epsg": 4326, "lonMult": 1, "height": 6, "width": 6, "available": 49, "selected": 11, "coverage": 1.0, "unionFrac": 1.0, "bw": {"20": 11}}}, {"type": "Feature", "geometry": {"type": "Polygon", "coordinates": [[[126.0, 54.0], [126.0, 60.0], [120.0, 60.0], [120.0, 54.0], [126.0, 54.0]]]}, "properties": {"name": "N54E120_6x6", "kind": "latlon", "epsg": 4326, "lonMult": 1, "height": 6, "width": 6, "available": 48, "selected": 10, "coverage": 1.0, "unionFrac": 1.0, "bw": {"20": 10}}}, {"type": "Feature", "geometry": {"type": "Polygon", "coordinates": [[[132.0, 54.0], [132.0, 60.0], [126.0, 60.0], [126.0, 54.0], [132.0, 54.0]]]}, "properties": {"name": "N54E126_6x6", "kind": "latlon", "epsg": 4326, "lonMult": 1, "height": 6, "width": 6, "available": 48, "selected": 11, "coverage": 0.9995, "unionFrac": 1.0, "bw": {"20": 11}}}, {"type": "Feature", "geometry": {"type": "Polygon", "coordinates": [[[138.0, 54.0], [138.0, 60.0], [132.0, 60.0], [132.0, 54.0], [138.0, 54.0]]]}, "properties": {"name": "N54E132_6x6", "kind": "latlon", "epsg": 4326, "lonMult": 1, "height": 6, "width": 6, "available": 47, "selected": 13, "coverage": 0.9995, "unionFrac": 1.0, "bw": {"20": 13}}}, {"type": "Feature", "geometry": {"type": "Polygon", "coordinates": [[[144.0, 54.0], [144.0, 60.0], [138.0, 60.0], [138.0, 54.0], [144.0, 54.0]]]}, "properties": {"name": "N54E138_6x6", "kind": "latlon", "epsg": 4326, "lonMult": 1, "height": 6, "width": 6, "available": 27, "selected": 10, "coverage": 0.593, "unionFrac": 0.5939, "bw": {"20": 10}}}, {"type": "Feature", "geometry": {"type": "Polygon", "coordinates": [[[150.0, 54.0], [150.0, 60.0], [144.0, 60.0], [144.0, 54.0], [150.0, 54.0]]]}, "properties": {"name": "N54E144_6x6", "kind": "latlon", "epsg": 4326, "lonMult": 1, "height": 6, "width": 6, "available": 10, "selected": 7, "coverage": 0.2678, "unionFrac": 0.2678, "bw": {"20": 7}}}, {"type": "Feature", "geometry": {"type": "Polygon", "coordinates": [[[156.0, 54.0], [156.0, 60.0], [150.0, 60.0], [150.0, 54.0], [156.0, 54.0]]]}, "properties": {"name": "N54E150_6x6", "kind": "latlon", "epsg": 4326, "lonMult": 1, "height": 6, "width": 6, "available": 21, "selected": 10, "coverage": 0.5549, "unionFrac": 0.5554, "bw": {"20": 10}}}, {"type": "Feature", "geometry": {"type": "Polygon", "coordinates": [[[162.0, 54.0], [162.0, 60.0], [156.0, 60.0], [156.0, 54.0], [162.0, 54.0]]]}, "properties": {"name": "N54E156_6x6", "kind": "latlon", "epsg": 4326, "lonMult": 1, "height": 6, "width": 6, "available": 47, "selected": 13, "coverage": 0.887, "unionFrac": 0.8872, "bw": {"40": 4, "20": 9}}}, {"type": "Feature", "geometry": {"type": "Polygon", "coordinates": [[[168.0, 54.0], [168.0, 60.0], [162.0, 60.0], [162.0, 54.0], [168.0, 54.0]]]}, "properties": {"name": "N54E162_6x6", "kind": "latlon", "epsg": 4326, "lonMult": 1, "height": 6, "width": 6, "available": 31, "selected": 9, "coverage": 0.7322, "unionFrac": 0.733, "bw": {"40": 2, "20": 7}}}, {"type": "Feature", "geometry": {"type": "Polygon", "coordinates": [[[174.0, 54.0], [174.0, 60.0], [168.0, 60.0], [168.0, 54.0], [174.0, 54.0]]]}, "properties": {"name": "N54E168_6x6", "kind": "latlon", "epsg": 4326, "lonMult": 1, "height": 6, "width": 6, "available": 5, "selected": 3, "coverage": 0.0647, "unionFrac": 0.0647, "bw": {"20": 3}}}, {"type": "Feature", "geometry": {"type": "Polygon", "coordinates": [[[-168.0, 60.0], [-168.0, 66.0], [-180.0, 66.0], [-180.0, 60.0], [-168.0, 60.0]]]}, "properties": {"name": "N60W180_6x12", "kind": "latlon", "epsg": 4326, "lonMult": 2, "height": 6, "width": 12, "available": 41, "selected": 12, "coverage": 0.4163, "unionFrac": 0.4186, "bw": {"40": 4, "20": 8}}}, {"type": "Feature", "geometry": {"type": "Polygon", "coordinates": [[[-156.0, 60.0], [-156.0, 66.0], [-168.0, 66.0], [-168.0, 60.0], [-156.0, 60.0]]]}, "properties": {"name": "N60W168_6x12", "kind": "latlon", "epsg": 4326, "lonMult": 2, "height": 6, "width": 12, "available": 82, "selected": 18, "coverage": 0.9939, "unionFrac": 0.9948, "bw": {"40": 15, "20": 3}}}, {"type": "Feature", "geometry": {"type": "Polygon", "coordinates": [[[-144.0, 60.0], [-144.0, 66.0], [-156.0, 66.0], [-156.0, 60.0], [-144.0, 60.0]]]}, "properties": {"name": "N60W156_6x12", "kind": "latlon", "epsg": 4326, "lonMult": 2, "height": 6, "width": 12, "available": 117, "selected": 18, "coverage": 1.0, "unionFrac": 1.0, "bw": {"40": 17, "20": 1}}}, {"type": "Feature", "geometry": {"type": "Polygon", "coordinates": [[[-132.0, 60.0], [-132.0, 66.0], [-144.0, 66.0], [-144.0, 60.0], [-132.0, 60.0]]]}, "properties": {"name": "N60W144_6x12", "kind": "latlon", "epsg": 4326, "lonMult": 2, "height": 6, "width": 12, "available": 96, "selected": 20, "coverage": 0.9985, "unionFrac": 1.0, "bw": {"40": 19, "20": 1}}}, {"type": "Feature", "geometry": {"type": "Polygon", "coordinates": [[[-120.0, 60.0], [-120.0, 66.0], [-132.0, 66.0], [-132.0, 60.0], [-120.0, 60.0]]]}, "properties": {"name": "N60W132_6x12", "kind": "latlon", "epsg": 4326, "lonMult": 2, "height": 6, "width": 12, "available": 53, "selected": 19, "coverage": 1.0, "unionFrac": 1.0, "bw": {"40": 19}}}, {"type": "Feature", "geometry": {"type": "Polygon", "coordinates": [[[-108.0, 60.0], [-108.0, 66.0], [-120.0, 66.0], [-120.0, 60.0], [-108.0, 60.0]]]}, "properties": {"name": "N60W120_6x12", "kind": "latlon", "epsg": 4326, "lonMult": 2, "height": 6, "width": 12, "available": 63, "selected": 15, "coverage": 0.9995, "unionFrac": 1.0, "bw": {"40": 15}}}, {"type": "Feature", "geometry": {"type": "Polygon", "coordinates": [[[-96.0, 60.0], [-96.0, 66.0], [-108.0, 66.0], [-108.0, 60.0], [-96.0, 60.0]]]}, "properties": {"name": "N60W108_6x12", "kind": "latlon", "epsg": 4326, "lonMult": 2, "height": 6, "width": 12, "available": 67, "selected": 16, "coverage": 0.999, "unionFrac": 1.0, "bw": {"40": 16}}}, {"type": "Feature", "geometry": {"type": "Polygon", "coordinates": [[[-84.0, 60.0], [-84.0, 66.0], [-96.0, 66.0], [-96.0, 60.0], [-84.0, 60.0]]]}, "properties": {"name": "N60W096_6x12", "kind": "latlon", "epsg": 4326, "lonMult": 2, "height": 6, "width": 12, "available": 45, "selected": 12, "coverage": 0.7055, "unionFrac": 0.7066, "bw": {"40": 12}}}, {"type": "Feature", "geometry": {"type": "Polygon", "coordinates": [[[-72.0, 60.0], [-72.0, 66.0], [-84.0, 66.0], [-84.0, 60.0], [-72.0, 60.0]]]}, "properties": {"name": "N60W084_6x12", "kind": "latlon", "epsg": 4326, "lonMult": 2, "height": 6, "width": 12, "available": 60, "selected": 19, "coverage": 0.8875, "unionFrac": 0.8898, "bw": {"40": 19}}}, {"type": "Feature", "geometry": {"type": "Polygon", "coordinates": [[[-60.0, 60.0], [-60.0, 66.0], [-72.0, 66.0], [-72.0, 60.0], [-60.0, 60.0]]]}, "properties": {"name": "N60W072_6x12", "kind": "latlon", "epsg": 4326, "lonMult": 2, "height": 6, "width": 12, "available": 55, "selected": 12, "coverage": 0.7096, "unionFrac": 0.7102, "bw": {"77": 2, "40": 10}}}, {"type": "Feature", "geometry": {"type": "Polygon", "coordinates": [[[-48.0, 60.0], [-48.0, 66.0], [-60.0, 66.0], [-60.0, 60.0], [-48.0, 60.0]]]}, "properties": {"name": "N60W060_6x12", "kind": "latlon", "epsg": 4326, "lonMult": 2, "height": 6, "width": 12, "available": 45, "selected": 15, "coverage": 0.382, "unionFrac": 0.3871, "bw": {"77": 15}}}, {"type": "Feature", "geometry": {"type": "Polygon", "coordinates": [[[-36.0, 60.0], [-36.0, 66.0], [-48.0, 66.0], [-48.0, 60.0], [-36.0, 60.0]]]}, "properties": {"name": "N60W048_6x12", "kind": "latlon", "epsg": 4326, "lonMult": 2, "height": 6, "width": 12, "available": 62, "selected": 21, "coverage": 0.7418, "unionFrac": 0.7433, "bw": {"77": 21}}}, {"type": "Feature", "geometry": {"type": "Polygon", "coordinates": [[[-24.0, 60.0], [-24.0, 66.0], [-36.0, 66.0], [-36.0, 60.0], [-24.0, 60.0]]]}, "properties": {"name": "N60W036_6x12", "kind": "latlon", "epsg": 4326, "lonMult": 2, "height": 6, "width": 12, "available": 15, "selected": 5, "coverage": 0.1042, "unionFrac": 0.1054, "bw": {"77": 2, "40": 3}}}, {"type": "Feature", "geometry": {"type": "Polygon", "coordinates": [[[-12.0, 60.0], [-12.0, 66.0], [-24.0, 66.0], [-24.0, 60.0], [-12.0, 60.0]]]}, "properties": {"name": "N60W024_6x12", "kind": "latlon", "epsg": 4326, "lonMult": 2, "height": 6, "width": 12, "available": 44, "selected": 12, "coverage": 0.5169, "unionFrac": 0.5183, "bw": {"40": 12}}}, {"type": "Feature", "geometry": {"type": "Polygon", "coordinates": [[[0.0, 60.0], [0.0, 66.0], [-12.0, 66.0], [-12.0, 60.0], [0.0, 60.0]]]}, "properties": {"name": "N60W012_6x12", "kind": "latlon", "epsg": 4326, "lonMult": 2, "height": 6, "width": 12, "available": 17, "selected": 6, "coverage": 0.2151, "unionFrac": 0.2154, "bw": {"40": 3, "20": 3}}}, {"type": "Feature", "geometry": {"type": "Polygon", "coordinates": [[[12.0, 60.0], [12.0, 66.0], [0.0, 66.0], [0.0, 60.0], [12.0, 60.0]]]}, "properties": {"name": "N60E000_6x12", "kind": "latlon", "epsg": 4326, "lonMult": 2, "height": 6, "width": 12, "available": 39, "selected": 10, "coverage": 0.6048, "unionFrac": 0.6049, "bw": {"20": 10}}}, {"type": "Feature", "geometry": {"type": "Polygon", "coordinates": [[[24.0, 60.0], [24.0, 66.0], [12.0, 66.0], [12.0, 60.0], [24.0, 60.0]]]}, "properties": {"name": "N60E012_6x12", "kind": "latlon", "epsg": 4326, "lonMult": 2, "height": 6, "width": 12, "available": 63, "selected": 17, "coverage": 0.9987, "unionFrac": 0.9999, "bw": {"20": 17}}}, {"type": "Feature", "geometry": {"type": "Polygon", "coordinates": [[[36.0, 60.0], [36.0, 66.0], [24.0, 66.0], [24.0, 60.0], [36.0, 60.0]]]}, "properties": {"name": "N60E024_6x12", "kind": "latlon", "epsg": 4326, "lonMult": 2, "height": 6, "width": 12, "available": 66, "selected": 18, "coverage": 1.0, "unionFrac": 1.0, "bw": {"40": 1, "20": 17}}}, {"type": "Feature", "geometry": {"type": "Polygon", "coordinates": [[[48.0, 60.0], [48.0, 66.0], [36.0, 66.0], [36.0, 60.0], [48.0, 60.0]]]}, "properties": {"name": "N60E036_6x12", "kind": "latlon", "epsg": 4326, "lonMult": 2, "height": 6, "width": 12, "available": 72, "selected": 15, "coverage": 0.9989, "unionFrac": 1.0, "bw": {"20": 15}}}, {"type": "Feature", "geometry": {"type": "Polygon", "coordinates": [[[60.0, 60.0], [60.0, 66.0], [48.0, 66.0], [48.0, 60.0], [60.0, 60.0]]]}, "properties": {"name": "N60E048_6x12", "kind": "latlon", "epsg": 4326, "lonMult": 2, "height": 6, "width": 12, "available": 75, "selected": 14, "coverage": 0.9964, "unionFrac": 1.0, "bw": {"20": 14}}}, {"type": "Feature", "geometry": {"type": "Polygon", "coordinates": [[[72.0, 60.0], [72.0, 66.0], [60.0, 66.0], [60.0, 60.0], [72.0, 60.0]]]}, "properties": {"name": "N60E060_6x12", "kind": "latlon", "epsg": 4326, "lonMult": 2, "height": 6, "width": 12, "available": 68, "selected": 16, "coverage": 0.9996, "unionFrac": 1.0, "bw": {"20": 16}}}, {"type": "Feature", "geometry": {"type": "Polygon", "coordinates": [[[84.0, 60.0], [84.0, 66.0], [72.0, 66.0], [72.0, 60.0], [84.0, 60.0]]]}, "properties": {"name": "N60E072_6x12", "kind": "latlon", "epsg": 4326, "lonMult": 2, "height": 6, "width": 12, "available": 60, "selected": 17, "coverage": 1.0, "unionFrac": 1.0, "bw": {"20": 17}}}, {"type": "Feature", "geometry": {"type": "Polygon", "coordinates": [[[96.0, 60.0], [96.0, 66.0], [84.0, 66.0], [84.0, 60.0], [96.0, 60.0]]]}, "properties": {"name": "N60E084_6x12", "kind": "latlon", "epsg": 4326, "lonMult": 2, "height": 6, "width": 12, "available": 63, "selected": 15, "coverage": 0.999, "unionFrac": 1.0, "bw": {"20": 15}}}, {"type": "Feature", "geometry": {"type": "Polygon", "coordinates": [[[108.0, 60.0], [108.0, 66.0], [96.0, 66.0], [96.0, 60.0], [108.0, 60.0]]]}, "properties": {"name": "N60E096_6x12", "kind": "latlon", "epsg": 4326, "lonMult": 2, "height": 6, "width": 12, "available": 63, "selected": 15, "coverage": 1.0, "unionFrac": 1.0, "bw": {"20": 15}}}, {"type": "Feature", "geometry": {"type": "Polygon", "coordinates": [[[120.0, 60.0], [120.0, 66.0], [108.0, 66.0], [108.0, 60.0], [120.0, 60.0]]]}, "properties": {"name": "N60E108_6x12", "kind": "latlon", "epsg": 4326, "lonMult": 2, "height": 6, "width": 12, "available": 64, "selected": 18, "coverage": 0.9999, "unionFrac": 1.0, "bw": {"20": 18}}}, {"type": "Feature", "geometry": {"type": "Polygon", "coordinates": [[[132.0, 60.0], [132.0, 66.0], [120.0, 66.0], [120.0, 60.0], [132.0, 60.0]]]}, "properties": {"name": "N60E120_6x12", "kind": "latlon", "epsg": 4326, "lonMult": 2, "height": 6, "width": 12, "available": 66, "selected": 14, "coverage": 0.9992, "unionFrac": 1.0, "bw": {"20": 14}}}, {"type": "Feature", "geometry": {"type": "Polygon", "coordinates": [[[144.0, 60.0], [144.0, 66.0], [132.0, 66.0], [132.0, 60.0], [144.0, 60.0]]]}, "properties": {"name": "N60E132_6x12", "kind": "latlon", "epsg": 4326, "lonMult": 2, "height": 6, "width": 12, "available": 63, "selected": 17, "coverage": 1.0, "unionFrac": 1.0, "bw": {"20": 17}}}, {"type": "Feature", "geometry": {"type": "Polygon", "coordinates": [[[156.0, 60.0], [156.0, 66.0], [144.0, 66.0], [144.0, 60.0], [156.0, 60.0]]]}, "properties": {"name": "N60E144_6x12", "kind": "latlon", "epsg": 4326, "lonMult": 2, "height": 6, "width": 12, "available": 66, "selected": 15, "coverage": 1.0, "unionFrac": 1.0, "bw": {"20": 15}}}, {"type": "Feature", "geometry": {"type": "Polygon", "coordinates": [[[168.0, 60.0], [168.0, 66.0], [156.0, 66.0], [156.0, 60.0], [168.0, 60.0]]]}, "properties": {"name": "N60E156_6x12", "kind": "latlon", "epsg": 4326, "lonMult": 2, "height": 6, "width": 12, "available": 62, "selected": 16, "coverage": 0.9644, "unionFrac": 0.9649, "bw": {"20": 16}}}, {"type": "Feature", "geometry": {"type": "Polygon", "coordinates": [[[180.0, 60.0], [180.0, 66.0], [168.0, 66.0], [168.0, 60.0], [180.0, 60.0]]]}, "properties": {"name": "N60E168_6x12", "kind": "latlon", "epsg": 4326, "lonMult": 2, "height": 6, "width": 12, "available": 52, "selected": 15, "coverage": 0.8599, "unionFrac": 0.8606, "bw": {"20": 15}}}, {"type": "Feature", "geometry": {"type": "Polygon", "coordinates": [[[-162.0, 66.0], [-162.0, 72.0], [-180.0, 72.0], [-180.0, 66.0], [-162.0, 66.0]]]}, "properties": {"name": "N66W180_6x18", "kind": "latlon", "epsg": 4326, "lonMult": 3, "height": 6, "width": 18, "available": 62, "selected": 19, "coverage": 0.5236, "unionFrac": 0.5249, "bw": {"40": 10, "20": 9}}}, {"type": "Feature", "geometry": {"type": "Polygon", "coordinates": [[[-144.0, 66.0], [-144.0, 72.0], [-162.0, 72.0], [-162.0, 66.0], [-144.0, 66.0]]]}, "properties": {"name": "N66W162_6x18", "kind": "latlon", "epsg": 4326, "lonMult": 3, "height": 6, "width": 18, "available": 83, "selected": 21, "coverage": 0.8215, "unionFrac": 0.8228, "bw": {"40": 21}}}, {"type": "Feature", "geometry": {"type": "Polygon", "coordinates": [[[-126.0, 66.0], [-126.0, 72.0], [-144.0, 72.0], [-144.0, 66.0], [-126.0, 66.0]]]}, "properties": {"name": "N66W144_6x18", "kind": "latlon", "epsg": 4326, "lonMult": 3, "height": 6, "width": 18, "available": 66, "selected": 19, "coverage": 0.7556, "unionFrac": 0.7572, "bw": {"40": 19}}}, {"type": "Feature", "geometry": {"type": "Polygon", "coordinates": [[[-108.0, 66.0], [-108.0, 72.0], [-126.0, 72.0], [-126.0, 66.0], [-108.0, 66.0]]]}, "properties": {"name": "N66W126_6x18", "kind": "latlon", "epsg": 4326, "lonMult": 3, "height": 6, "width": 18, "available": 85, "selected": 26, "coverage": 0.9649, "unionFrac": 0.9657, "bw": {"40": 26}}}, {"type": "Feature", "geometry": {"type": "Polygon", "coordinates": [[[-90.0, 66.0], [-90.0, 72.0], [-108.0, 72.0], [-108.0, 66.0], [-90.0, 66.0]]]}, "properties": {"name": "N66W108_6x18", "kind": "latlon", "epsg": 4326, "lonMult": 3, "height": 6, "width": 18, "available": 90, "selected": 23, "coverage": 0.9703, "unionFrac": 0.9726, "bw": {"40": 23}}}, {"type": "Feature", "geometry": {"type": "Polygon", "coordinates": [[[-72.0, 66.0], [-72.0, 72.0], [-90.0, 72.0], [-90.0, 66.0], [-72.0, 66.0]]]}, "properties": {"name": "N66W090_6x18", "kind": "latlon", "epsg": 4326, "lonMult": 3, "height": 6, "width": 18, "available": 120, "selected": 25, "coverage": 0.9817, "unionFrac": 0.9833, "bw": {"77": 3, "40": 22}}}, {"type": "Feature", "geometry": {"type": "Polygon", "coordinates": [[[-54.0, 66.0], [-54.0, 72.0], [-72.0, 72.0], [-72.0, 66.0], [-54.0, 66.0]]]}, "properties": {"name": "N66W072_6x18", "kind": "latlon", "epsg": 4326, "lonMult": 3, "height": 6, "width": 18, "available": 137, "selected": 33, "coverage": 0.561, "unionFrac": 0.565, "bw": {"77": 22, "40": 11}}}, {"type": "Feature", "geometry": {"type": "Polygon", "coordinates": [[[-36.0, 66.0], [-36.0, 72.0], [-54.0, 72.0], [-54.0, 66.0], [-36.0, 66.0]]]}, "properties": {"name": "N66W054_6x18", "kind": "latlon", "epsg": 4326, "lonMult": 3, "height": 6, "width": 18, "available": 138, "selected": 38, "coverage": 0.9981, "unionFrac": 0.9999, "bw": {"77": 38}}}, {"type": "Feature", "geometry": {"type": "Polygon", "coordinates": [[[-18.0, 66.0], [-18.0, 72.0], [-36.0, 72.0], [-36.0, 66.0], [-18.0, 66.0]]]}, "properties": {"name": "N66W036_6x18", "kind": "latlon", "epsg": 4326, "lonMult": 3, "height": 6, "width": 18, "available": 107, "selected": 26, "coverage": 0.7483, "unionFrac": 0.7503, "bw": {"77": 22, "40": 4}}}, {"type": "Feature", "geometry": {"type": "Polygon", "coordinates": [[[0.0, 66.0], [0.0, 72.0], [-18.0, 72.0], [-18.0, 66.0], [0.0, 66.0]]]}, "properties": {"name": "N66W018_6x18", "kind": "latlon", "epsg": 4326, "lonMult": 3, "height": 6, "width": 18, "available": 23, "selected": 6, "coverage": 0.076, "unionFrac": 0.076, "bw": {"40": 4, "20": 2}}}, {"type": "Feature", "geometry": {"type": "Polygon", "coordinates": [[[18.0, 66.0], [18.0, 72.0], [0.0, 72.0], [0.0, 66.0], [18.0, 66.0]]]}, "properties": {"name": "N66E000_6x18", "kind": "latlon", "epsg": 4326, "lonMult": 3, "height": 6, "width": 18, "available": 21, "selected": 5, "coverage": 0.2219, "unionFrac": 0.2227, "bw": {"20": 5}}}, {"type": "Feature", "geometry": {"type": "Polygon", "coordinates": [[[36.0, 66.0], [36.0, 72.0], [18.0, 72.0], [18.0, 66.0], [36.0, 66.0]]]}, "properties": {"name": "N66E018_6x18", "kind": "latlon", "epsg": 4326, "lonMult": 3, "height": 6, "width": 18, "available": 57, "selected": 17, "coverage": 0.8333, "unionFrac": 0.8337, "bw": {"20": 17}}}, {"type": "Feature", "geometry": {"type": "Polygon", "coordinates": [[[54.0, 66.0], [54.0, 72.0], [36.0, 72.0], [36.0, 66.0], [54.0, 66.0]]]}, "properties": {"name": "N66E036_6x18", "kind": "latlon", "epsg": 4326, "lonMult": 3, "height": 6, "width": 18, "available": 60, "selected": 17, "coverage": 0.6523, "unionFrac": 0.6537, "bw": {"20": 17}}}, {"type": "Feature", "geometry": {"type": "Polygon", "coordinates": [[[72.0, 66.0], [72.0, 72.0], [54.0, 72.0], [54.0, 66.0], [72.0, 66.0]]]}, "properties": {"name": "N66E054_6x18", "kind": "latlon", "epsg": 4326, "lonMult": 3, "height": 6, "width": 18, "available": 85, "selected": 18, "coverage": 0.9451, "unionFrac": 0.9483, "bw": {"20": 18}}}, {"type": "Feature", "geometry": {"type": "Polygon", "coordinates": [[[90.0, 66.0], [90.0, 72.0], [72.0, 72.0], [72.0, 66.0], [90.0, 66.0]]]}, "properties": {"name": "N66E072_6x18", "kind": "latlon", "epsg": 4326, "lonMult": 3, "height": 6, "width": 18, "available": 99, "selected": 21, "coverage": 0.9993, "unionFrac": 0.9997, "bw": {"20": 21}}}, {"type": "Feature", "geometry": {"type": "Polygon", "coordinates": [[[108.0, 66.0], [108.0, 72.0], [90.0, 72.0], [90.0, 66.0], [108.0, 66.0]]]}, "properties": {"name": "N66E090_6x18", "kind": "latlon", "epsg": 4326, "lonMult": 3, "height": 6, "width": 18, "available": 103, "selected": 23, "coverage": 0.9995, "unionFrac": 1.0, "bw": {"20": 23}}}, {"type": "Feature", "geometry": {"type": "Polygon", "coordinates": [[[126.0, 66.0], [126.0, 72.0], [108.0, 72.0], [108.0, 66.0], [126.0, 66.0]]]}, "properties": {"name": "N66E108_6x18", "kind": "latlon", "epsg": 4326, "lonMult": 3, "height": 6, "width": 18, "available": 94, "selected": 22, "coverage": 0.9994, "unionFrac": 1.0, "bw": {"20": 22}}}, {"type": "Feature", "geometry": {"type": "Polygon", "coordinates": [[[144.0, 66.0], [144.0, 72.0], [126.0, 72.0], [126.0, 66.0], [144.0, 66.0]]]}, "properties": {"name": "N66E126_6x18", "kind": "latlon", "epsg": 4326, "lonMult": 3, "height": 6, "width": 18, "available": 88, "selected": 19, "coverage": 0.998, "unionFrac": 0.9989, "bw": {"20": 19}}}, {"type": "Feature", "geometry": {"type": "Polygon", "coordinates": [[[162.0, 66.0], [162.0, 72.0], [144.0, 72.0], [144.0, 66.0], [162.0, 66.0]]]}, "properties": {"name": "N66E144_6x18", "kind": "latlon", "epsg": 4326, "lonMult": 3, "height": 6, "width": 18, "available": 72, "selected": 21, "coverage": 0.936, "unionFrac": 0.9369, "bw": {"20": 21}}}, {"type": "Feature", "geometry": {"type": "Polygon", "coordinates": [[[180.0, 66.0], [180.0, 72.0], [162.0, 72.0], [162.0, 66.0], [180.0, 66.0]]]}, "properties": {"name": "N66E162_6x18", "kind": "latlon", "epsg": 4326, "lonMult": 3, "height": 6, "width": 18, "available": 73, "selected": 20, "coverage": 0.7624, "unionFrac": 0.7635, "bw": {"20": 20}}}, {"type": "Feature", "geometry": {"type": "Polygon", "coordinates": [[[-156.0, 72.0], [-156.0, 77.5], [-180.0, 77.5], [-180.0, 72.0], [-156.0, 72.0]]]}, "properties": {"name": "N72W180_6x24", "kind": "latlon", "epsg": 4326, "lonMult": 4, "height": 6, "width": 24, "available": 5, "selected": 1, "coverage": 0.001, "unionFrac": 0.0014, "bw": {"20": 1}}}, {"type": "Feature", "geometry": {"type": "Polygon", "coordinates": [[[-108.0, 72.0], [-108.0, 77.5], [-132.0, 77.5], [-132.0, 72.0], [-108.0, 72.0]]]}, "properties": {"name": "N72W132_6x24", "kind": "latlon", "epsg": 4326, "lonMult": 4, "height": 6, "width": 24, "available": 63, "selected": 18, "coverage": 0.5846, "unionFrac": 0.5865, "bw": {"40": 18}}}, {"type": "Feature", "geometry": {"type": "Polygon", "coordinates": [[[-84.0, 72.0], [-84.0, 77.5], [-108.0, 77.5], [-108.0, 72.0], [-84.0, 72.0]]]}, "properties": {"name": "N72W108_6x24", "kind": "latlon", "epsg": 4326, "lonMult": 4, "height": 6, "width": 24, "available": 73, "selected": 20, "coverage": 0.8865, "unionFrac": 0.8887, "bw": {"40": 20}}}, {"type": "Feature", "geometry": {"type": "Polygon", "coordinates": [[[-60.0, 72.0], [-60.0, 77.5], [-84.0, 77.5], [-84.0, 72.0], [-60.0, 72.0]]]}, "properties": {"name": "N72W084_6x24", "kind": "latlon", "epsg": 4326, "lonMult": 4, "height": 6, "width": 24, "available": 71, "selected": 18, "coverage": 0.4786, "unionFrac": 0.4813, "bw": {"77": 11, "40": 7}}}, {"type": "Feature", "geometry": {"type": "Polygon", "coordinates": [[[-36.0, 72.0], [-36.0, 77.5], [-60.0, 77.5], [-60.0, 72.0], [-36.0, 72.0]]]}, "properties": {"name": "N72W060_6x24", "kind": "latlon", "epsg": 4326, "lonMult": 4, "height": 6, "width": 24, "available": 104, "selected": 31, "coverage": 0.9468, "unionFrac": 0.9486, "bw": {"77": 31}}}, {"type": "Feature", "geometry": {"type": "Polygon", "coordinates": [[[-12.0, 72.0], [-12.0, 77.5], [-36.0, 77.5], [-36.0, 72.0], [-12.0, 72.0]]]}, "properties": {"name": "N72W036_6x24", "kind": "latlon", "epsg": 4326, "lonMult": 4, "height": 6, "width": 24, "available": 95, "selected": 25, "coverage": 0.7777, "unionFrac": 0.7811, "bw": {"77": 24, "20": 1}}}, {"type": "Feature", "geometry": {"type": "Polygon", "coordinates": [[[12.0, 72.0], [12.0, 77.5], [-12.0, 77.5], [-12.0, 72.0], [12.0, 72.0]]]}, "properties": {"name": "N72W012_6x24", "kind": "latlon", "epsg": 4326, "lonMult": 4, "height": 6, "width": 24, "available": 3, "selected": 1, "coverage": 0.0084, "unionFrac": 0.0085, "bw": {"20": 1}}}, {"type": "Feature", "geometry": {"type": "Polygon", "coordinates": [[[36.0, 72.0], [36.0, 77.5], [12.0, 77.5], [12.0, 72.0], [36.0, 72.0]]]}, "properties": {"name": "N72E012_6x24", "kind": "latlon", "epsg": 4326, "lonMult": 4, "height": 6, "width": 24, "available": 9, "selected": 5, "coverage": 0.0761, "unionFrac": 0.0764, "bw": {"77": 4, "20": 1}}}, {"type": "Feature", "geometry": {"type": "Polygon", "coordinates": [[[60.0, 72.0], [60.0, 77.5], [36.0, 77.5], [36.0, 72.0], [60.0, 72.0]]]}, "properties": {"name": "N72E036_6x24", "kind": "latlon", "epsg": 4326, "lonMult": 4, "height": 6, "width": 24, "available": 18, "selected": 5, "coverage": 0.2872, "unionFrac": 0.2883, "bw": {"20": 5}}}, {"type": "Feature", "geometry": {"type": "Polygon", "coordinates": [[[84.0, 72.0], [84.0, 77.5], [60.0, 77.5], [60.0, 72.0], [84.0, 72.0]]]}, "properties": {"name": "N72E060_6x24", "kind": "latlon", "epsg": 4326, "lonMult": 4, "height": 6, "width": 24, "available": 53, "selected": 9, "coverage": 0.5306, "unionFrac": 0.5334, "bw": {"20": 9}}}, {"type": "Feature", "geometry": {"type": "Polygon", "coordinates": [[[108.0, 72.0], [108.0, 77.5], [84.0, 77.5], [84.0, 72.0], [108.0, 72.0]]]}, "properties": {"name": "N72E084_6x24", "kind": "latlon", "epsg": 4326, "lonMult": 4, "height": 6, "width": 24, "available": 102, "selected": 23, "coverage": 0.9079, "unionFrac": 0.9103, "bw": {"20": 23}}}, {"type": "Feature", "geometry": {"type": "Polygon", "coordinates": [[[132.0, 72.0], [132.0, 77.5], [108.0, 77.5], [108.0, 72.0], [132.0, 72.0]]]}, "properties": {"name": "N72E108_6x24", "kind": "latlon", "epsg": 4326, "lonMult": 4, "height": 6, "width": 24, "available": 76, "selected": 13, "coverage": 0.5463, "unionFrac": 0.5473, "bw": {"20": 13}}}, {"type": "Feature", "geometry": {"type": "Polygon", "coordinates": [[[156.0, 72.0], [156.0, 77.5], [132.0, 77.5], [132.0, 72.0], [156.0, 72.0]]]}, "properties": {"name": "N72E132_6x24", "kind": "latlon", "epsg": 4326, "lonMult": 4, "height": 6, "width": 24, "available": 47, "selected": 21, "coverage": 0.6287, "unionFrac": 0.631, "bw": {"20": 21}}}, {"type": "Feature", "geometry": {"type": "Polygon", "coordinates": [[[180.0, 72.0], [180.0, 77.5], [156.0, 77.5], [156.0, 72.0], [180.0, 72.0]]]}, "properties": {"name": "N72E156_6x24", "kind": "latlon", "epsg": 4326, "lonMult": 4, "height": 6, "width": 24, "available": 3, "selected": 1, "coverage": 0.032, "unionFrac": 0.0329, "bw": {"20": 1}}}, {"type": "Feature", "geometry": {"type": "Polygon", "coordinates": [[[180.0, -90.0], [180.0, -84.0], [-180.0, -84.0], [-180.0, -90.0], [180.0, -90.0]]]}, "properties": {"name": "S84PS3031", "kind": "ps", "epsg": 3031, "halfWidthM": 652487, "lonMult": null, "height": null, "width": null, "available": 564, "selected": 56, "coverage": 0.893, "unionFrac": 0.901, "bw": {"40": 56}}}]}