{"type": "FeatureCollection", "features": [{"type": "Feature", "geometry": {"type": "Polygon", "coordinates": [[[-120.0, -84.0], [-120.0, -78.0], [-180.0, -78.0], [-180.0, -84.0], [-120.0, -84.0]]]}, "properties": {"name": "S84W180_6x60", "kind": "latlon", "epsg": 4326, "lonMult": 6, "height": 6, "width": 60, "available": 152, "selected": 28, "coverage": 0.9377, "unionFrac": 0.9396, "bw": {"40": 27, "5": 1}}}, {"type": "Feature", "geometry": {"type": "Polygon", "coordinates": [[[-60.0, -84.0], [-60.0, -78.0], [-120.0, -78.0], [-120.0, -84.0], [-60.0, -84.0]]]}, "properties": {"name": "S84W120_6x60", "kind": "latlon", "epsg": 4326, "lonMult": 6, "height": 6, "width": 60, "available": 175, "selected": 28, "coverage": 0.9983, "unionFrac": 1.0, "bw": {"40": 28}}}, {"type": "Feature", "geometry": {"type": "Polygon", "coordinates": [[[0.0, -84.0], [0.0, -78.0], [-60.0, -78.0], [-60.0, -84.0], [0.0, -84.0]]]}, "properties": {"name": "S84W060_6x60", "kind": "latlon", "epsg": 4326, "lonMult": 6, "height": 6, "width": 60, "available": 150, "selected": 25, "coverage": 0.9961, "unionFrac": 1.0, "bw": {"40": 25}}}, {"type": "Feature", "geometry": {"type": "Polygon", "coordinates": [[[60.0, -84.0], [60.0, -78.0], [0.0, -78.0], [0.0, -84.0], [60.0, -84.0]]]}, "properties": {"name": "S84E000_6x60", "kind": "latlon", "epsg": 4326, "lonMult": 6, "height": 6, "width": 60, "available": 125, "selected": 29, "coverage": 0.9994, "unionFrac": 1.0, "bw": {"40": 29}}}, {"type": "Feature", "geometry": {"type": "Polygon", "coordinates": [[[120.0, -84.0], [120.0, -78.0], [60.0, -78.0], [60.0, -84.0], [120.0, -84.0]]]}, "properties": {"name": "S84E060_6x60", "kind": "latlon", "epsg": 4326, "lonMult": 6, "height": 6, "width": 60, "available": 110, "selected": 28, "coverage": 0.9961, "unionFrac": 1.0, "bw": {"40": 28}}}, {"type": "Feature", "geometry": {"type": "Polygon", "coordinates": [[[180.0, -84.0], [180.0, -78.0], [120.0, -78.0], [120.0, -84.0], [180.0, -84.0]]]}, "properties": {"name": "S84E120_6x60", "kind": "latlon", "epsg": 4326, "lonMult": 6, "height": 6, "width": 60, "available": 166, "selected": 25, "coverage": 0.9966, "unionFrac": 1.0, "bw": {"40": 25}}}, {"type": "Feature", "geometry": {"type": "Polygon", "coordinates": [[[-156.0, -78.0], [-156.0, -72.0], [-180.0, -72.0], [-180.0, -78.0], [-156.0, -78.0]]]}, "properties": {"name": "S78W180_6x24", "kind": "latlon", "epsg": 4326, "lonMult": 4, "height": 6, "width": 24, "available": 105, "selected": 24, "coverage": 0.9399, "unionFrac": 0.9406, "bw": {"40": 7, "5": 17}}}, {"type": "Feature", "geometry": {"type": "Polygon", "coordinates": [[[-132.0, -78.0], [-132.0, -72.0], [-156.0, -72.0], [-156.0, -78.0], [-132.0, -78.0]]]}, "properties": {"name": "S78W156_6x24", "kind": "latlon", "epsg": 4326, "lonMult": 4, "height": 6, "width": 24, "available": 136, "selected": 26, "coverage": 0.9981, "unionFrac": 1.0, "bw": {"40": 14, "5": 12}}}, {"type": "Feature", "geometry": {"type": "Polygon", "coordinates": [[[-108.0, -78.0], [-108.0, -72.0], [-132.0, -72.0], [-132.0, -78.0], [-108.0, -78.0]]]}, "properties": {"name": "S78W132_6x24", "kind": "latlon", "epsg": 4326, "lonMult": 4, "height": 6, "width": 24, "available": 139, "selected": 22, "coverage": 0.9985, "unionFrac": 1.0, "bw": {"40": 15, "5": 7}}}, {"type": "Feature", "geometry": {"type": "Polygon", "coordinates": [[[-84.0, -78.0], [-84.0, -72.0], [-108.0, -72.0], [-108.0, -78.0], [-84.0, -78.0]]]}, "properties": {"name": "S78W108_6x24", "kind": "latlon", "epsg": 4326, "lonMult": 4, "height": 6, "width": 24, "available": 126, "selected": 20, "coverage": 0.998, "unionFrac": 1.0, "bw": {"40": 19, "5": 1}}}, {"type": "Feature", "geometry": {"type": "Polygon", "coordinates": [[[-60.0, -78.0], [-60.0, -72.0], [-84.0, -72.0], [-84.0, -78.0], [-60.0, -78.0]]]}, "properties": {"name": "S78W084_6x24", "kind": "latlon", "epsg": 4326, "lonMult": 4, "height": 6, "width": 24, "available": 103, "selected": 18, "coverage": 0.9979, "unionFrac": 1.0, "bw": {"40": 18}}}, {"type": "Feature", "geometry": {"type": "Polygon", "coordinates": [[[-36.0, -78.0], [-36.0, -72.0], [-60.0, -72.0], [-60.0, -78.0], [-36.0, -78.0]]]}, "properties": {"name": "S78W060_6x24", "kind": "latlon", "epsg": 4326, "lonMult": 4, "height": 6, "width": 24, "available": 117, "selected": 23, "coverage": 0.9993, "unionFrac": 1.0, "bw": {"40": 10, "5": 13}}}, {"type": "Feature", "geometry": {"type": "Polygon", "coordinates": [[[-12.0, -78.0], [-12.0, -72.0], [-36.0, -72.0], [-36.0, -78.0], [-12.0, -78.0]]]}, "properties": {"name": "S78W036_6x24", "kind": "latlon", "epsg": 4326, "lonMult": 4, "height": 6, "width": 24, "available": 98, "selected": 22, "coverage": 0.9991, "unionFrac": 1.0, "bw": {"40": 16, "5": 6}}}, {"type": "Feature", "geometry": {"type": "Polygon", "coordinates": [[[12.0, -78.0], [12.0, -72.0], [-12.0, -72.0], [-12.0, -78.0], [12.0, -78.0]]]}, "properties": {"name": "S78W012_6x24", "kind": "latlon", "epsg": 4326, "lonMult": 4, "height": 6, "width": 24, "available": 73, "selected": 18, "coverage": 0.9982, "unionFrac": 1.0, "bw": {"40": 18}}}, {"type": "Feature", "geometry": {"type": "Polygon", "coordinates": [[[36.0, -78.0], [36.0, -72.0], [12.0, -72.0], [12.0, -78.0], [36.0, -78.0]]]}, "properties": {"name": "S78E012_6x24", "kind": "latlon", "epsg": 4326, "lonMult": 4, "height": 6, "width": 24, "available": 70, "selected": 20, "coverage": 0.9993, "unionFrac": 1.0, "bw": {"40": 20}}}, {"type": "Feature", "geometry": {"type": "Polygon", "coordinates": [[[60.0, -78.0], [60.0, -72.0], [36.0, -72.0], [36.0, -78.0], [60.0, -78.0]]]}, "properties": {"name": "S78E036_6x24", "kind": "latlon", "epsg": 4326, "lonMult": 4, "height": 6, "width": 24, "available": 75, "selected": 19, "coverage": 0.9992, "unionFrac": 1.0, "bw": {"40": 19}}}, {"type": "Feature", "geometry": {"type": "Polygon", "coordinates": [[[84.0, -78.0], [84.0, -72.0], [60.0, -72.0], [60.0, -78.0], [84.0, -78.0]]]}, "properties": {"name": "S78E060_6x24", "kind": "latlon", "epsg": 4326, "lonMult": 4, "height": 6, "width": 24, "available": 88, "selected": 19, "coverage": 0.9983, "unionFrac": 1.0, "bw": {"40": 19}}}, {"type": "Feature", "geometry": {"type": "Polygon", "coordinates": [[[108.0, -78.0], [108.0, -72.0], [84.0, -72.0], [84.0, -78.0], [108.0, -78.0]]]}, "properties": {"name": "S78E084_6x24", "kind": "latlon", "epsg": 4326, "lonMult": 4, "height": 6, "width": 24, "available": 69, "selected": 19, "coverage": 0.9992, "unionFrac": 1.0, "bw": {"40": 19}}}, {"type": "Feature", "geometry": {"type": "Polygon", "coordinates": [[[132.0, -78.0], [132.0, -72.0], [108.0, -72.0], [108.0, -78.0], [132.0, -78.0]]]}, "properties": {"name": "S78E108_6x24", "kind": "latlon", "epsg": 4326, "lonMult": 4, "height": 6, "width": 24, "available": 62, "selected": 21, "coverage": 0.9996, "unionFrac": 1.0, "bw": {"40": 21}}}, {"type": "Feature", "geometry": {"type": "Polygon", "coordinates": [[[156.0, -78.0], [156.0, -72.0], [132.0, -72.0], [132.0, -78.0], [156.0, -78.0]]]}, "properties": {"name": "S78E132_6x24", "kind": "latlon", "epsg": 4326, "lonMult": 4, "height": 6, "width": 24, "available": 90, "selected": 18, "coverage": 0.9989, "unionFrac": 1.0, "bw": {"40": 18}}}, {"type": "Feature", "geometry": {"type": "Polygon", "coordinates": [[[180.0, -78.0], [180.0, -72.0], [156.0, -72.0], [156.0, -78.0], [180.0, -78.0]]]}, "properties": {"name": "S78E156_6x24", "kind": "latlon", "epsg": 4326, "lonMult": 4, "height": 6, "width": 24, "available": 136, "selected": 22, "coverage": 0.9992, "unionFrac": 1.0, "bw": {"40": 17, "5": 5}}}, {"type": "Feature", "geometry": {"type": "Polygon", "coordinates": [[[-162.0, -72.0], [-162.0, -66.0], [-180.0, -66.0], [-180.0, -72.0], [-162.0, -72.0]]]}, "properties": {"name": "S72W180_6x18", "kind": "latlon", "epsg": 4326, "lonMult": 3, "height": 6, "width": 18, "available": 70, "selected": 17, "coverage": 0.9424, "unionFrac": 0.9434, "bw": {"5": 17}}}, {"type": "Feature", "geometry": {"type": "Polygon", "coordinates": [[[-144.0, -72.0], [-144.0, -66.0], [-162.0, -66.0], [-162.0, -72.0], [-144.0, -72.0]]]}, "properties": {"name": "S72W162_6x18", "kind": "latlon", "epsg": 4326, "lonMult": 3, "height": 6, "width": 18, "available": 97, "selected": 21, "coverage": 0.9992, "unionFrac": 1.0, "bw": {"5": 21}}}, {"type": "Feature", "geometry": {"type": "Polygon", "coordinates": [[[-126.0, -72.0], [-126.0, -66.0], [-144.0, -66.0], [-144.0, -72.0], [-126.0, -72.0]]]}, "properties": {"name": "S72W144_6x18", "kind": "latlon", "epsg": 4326, "lonMult": 3, "height": 6, "width": 18, "available": 95, "selected": 19, "coverage": 0.9993, "unionFrac": 1.0, "bw": {"5": 19}}}, {"type": "Feature", "geometry": {"type": "Polygon", "coordinates": [[[-108.0, -72.0], [-108.0, -66.0], [-126.0, -66.0], [-126.0, -72.0], [-108.0, -72.0]]]}, "properties": {"name": "S72W126_6x18", "kind": "latlon", "epsg": 4326, "lonMult": 3, "height": 6, "width": 18, "available": 96, "selected": 19, "coverage": 0.9989, "unionFrac": 1.0, "bw": {"5": 19}}}, {"type": "Feature", "geometry": {"type": "Polygon", "coordinates": [[[-90.0, -72.0], [-90.0, -66.0], [-108.0, -66.0], [-108.0, -72.0], [-90.0, -72.0]]]}, "properties": {"name": "S72W108_6x18", "kind": "latlon", "epsg": 4326, "lonMult": 3, "height": 6, "width": 18, "available": 111, "selected": 27, "coverage": 0.999, "unionFrac": 1.0, "bw": {"77": 2, "40": 6, "5": 19}}}, {"type": "Feature", "geometry": {"type": "Polygon", "coordinates": [[[-72.0, -72.0], [-72.0, -66.0], [-90.0, -66.0], [-90.0, -72.0], [-72.0, -72.0]]]}, "properties": {"name": "S72W090_6x18", "kind": "latlon", "epsg": 4326, "lonMult": 3, "height": 6, "width": 18, "available": 95, "selected": 24, "coverage": 0.9988, "unionFrac": 1.0, "bw": {"77": 1, "40": 8, "5": 15}}}, {"type": "Feature", "geometry": {"type": "Polygon", "coordinates": [[[-54.0, -72.0], [-54.0, -66.0], [-72.0, -66.0], [-72.0, -72.0], [-54.0, -72.0]]]}, "properties": {"name": "S72W072_6x18", "kind": "latlon", "epsg": 4326, "lonMult": 3, "height": 6, "width": 18, "available": 91, "selected": 22, "coverage": 0.9999, "unionFrac": 1.0, "bw": {"40": 17, "5": 5}}}, {"type": "Feature", "geometry": {"type": "Polygon", "coordinates": [[[-36.0, -72.0], [-36.0, -66.0], [-54.0, -66.0], [-54.0, -72.0], [-36.0, -72.0]]]}, "properties": {"name": "S72W054_6x18", "kind": "latlon", "epsg": 4326, "lonMult": 3, "height": 6, "width": 18, "available": 91, "selected": 19, "coverage": 0.9983, "unionFrac": 1.0, "bw": {"5": 19}}}, {"type": "Feature", "geometry": {"type": "Polygon", "coordinates": [[[-18.0, -72.0], [-18.0, -66.0], [-36.0, -66.0], [-36.0, -72.0], [-18.0, -72.0]]]}, "properties": {"name": "S72W036_6x18", "kind": "latlon", "epsg": 4326, "lonMult": 3, "height": 6, "width": 18, "available": 95, "selected": 22, "coverage": 0.9988, "unionFrac": 1.0, "bw": {"40": 2, "5": 20}}}, {"type": "Feature", "geometry": {"type": "Polygon", "coordinates": [[[0.0, -72.0], [0.0, -66.0], [-18.0, -66.0], [-18.0, -72.0], [0.0, -72.0]]]}, "properties": {"name": "S72W018_6x18", "kind": "latlon", "epsg": 4326, "lonMult": 3, "height": 6, "width": 18, "available": 96, "selected": 26, "coverage": 0.9982, "unionFrac": 1.0, "bw": {"40": 10, "5": 16}}}, {"type": "Feature", "geometry": {"type": "Polygon", "coordinates": [[[18.0, -72.0], [18.0, -66.0], [0.0, -66.0], [0.0, -72.0], [18.0, -72.0]]]}, "properties": {"name": "S72E000_6x18", "kind": "latlon", "epsg": 4326, "lonMult": 3, "height": 6, "width": 18, "available": 92, "selected": 28, "coverage": 0.9996, "unionFrac": 1.0, "bw": {"40": 12, "5": 16}}}, {"type": "Feature", "geometry": {"type": "Polygon", "coordinates": [[[36.0, -72.0], [36.0, -66.0], [18.0, -66.0], [18.0, -72.0], [36.0, -72.0]]]}, "properties": {"name": "S72E018_6x18", "kind": "latlon", "epsg": 4326, "lonMult": 3, "height": 6, "width": 18, "available": 89, "selected": 24, "coverage": 0.998, "unionFrac": 0.9998, "bw": {"40": 12, "5": 12}}}, {"type": "Feature", "geometry": {"type": "Polygon", "coordinates": [[[54.0, -72.0], [54.0, -66.0], [36.0, -66.0], [36.0, -72.0], [54.0, -72.0]]]}, "properties": {"name": "S72E036_6x18", "kind": "latlon", "epsg": 4326, "lonMult": 3, "height": 6, "width": 18, "available": 89, "selected": 19, "coverage": 0.9983, "unionFrac": 1.0, "bw": {"40": 14, "5": 5}}}, {"type": "Feature", "geometry": {"type": "Polygon", "coordinates": [[[72.0, -72.0], [72.0, -66.0], [54.0, -66.0], [54.0, -72.0], [72.0, -72.0]]]}, "properties": {"name": "S72E054_6x18", "kind": "latlon", "epsg": 4326, "lonMult": 3, "height": 6, "width": 18, "available": 91, "selected": 23, "coverage": 0.9969, "unionFrac": 0.9999, "bw": {"40": 17, "5": 6}}}, {"type": "Feature", "geometry": {"type": "Polygon", "coordinates": [[[90.0, -72.0], [90.0, -66.0], [72.0, -66.0], [72.0, -72.0], [90.0, -72.0]]]}, "properties": {"name": "S72E072_6x18", "kind": "latlon", "epsg": 4326, "lonMult": 3, "height": 6, "width": 18, "available": 103, "selected": 23, "coverage": 0.9989, "unionFrac": 1.0, "bw": {"40": 18, "5": 5}}}, {"type": "Feature", "geometry": {"type": "Polygon", "coordinates": [[[108.0, -72.0], [108.0, -66.0], [90.0, -66.0], [90.0, -72.0], [108.0, -72.0]]]}, "properties": {"name": "S72E090_6x18", "kind": "latlon", "epsg": 4326, "lonMult": 3, "height": 6, "width": 18, "available": 83, "selected": 20, "coverage": 0.9989, "unionFrac": 1.0, "bw": {"40": 20}}}, {"type": "Feature", "geometry": {"type": "Polygon", "coordinates": [[[126.0, -72.0], [126.0, -66.0], [108.0, -66.0], [108.0, -72.0], [126.0, -72.0]]]}, "properties": {"name": "S72E108_6x18", "kind": "latlon", "epsg": 4326, "lonMult": 3, "height": 6, "width": 18, "available": 83, "selected": 21, "coverage": 0.9994, "unionFrac": 1.0, "bw": {"40": 21}}}, {"type": "Feature", "geometry": {"type": "Polygon", "coordinates": [[[144.0, -72.0], [144.0, -66.0], [126.0, -66.0], [126.0, -72.0], [144.0, -72.0]]]}, "properties": {"name": "S72E126_6x18", "kind": "latlon", "epsg": 4326, "lonMult": 3, "height": 6, "width": 18, "available": 89, "selected": 20, "coverage": 0.9981, "unionFrac": 0.9999, "bw": {"40": 19, "5": 1}}}, {"type": "Feature", "geometry": {"type": "Polygon", "coordinates": [[[162.0, -72.0], [162.0, -66.0], [144.0, -66.0], [144.0, -72.0], [162.0, -72.0]]]}, "properties": {"name": "S72E144_6x18", "kind": "latlon", "epsg": 4326, "lonMult": 3, "height": 6, "width": 18, "available": 110, "selected": 26, "coverage": 0.9973, "unionFrac": 1.0, "bw": {"77": 1, "40": 16, "5": 9}}}, {"type": "Feature", "geometry": {"type": "Polygon", "coordinates": [[[180.0, -72.0], [180.0, -66.0], [162.0, -66.0], [162.0, -72.0], [180.0, -72.0]]]}, "properties": {"name": "S72E162_6x18", "kind": "latlon", "epsg": 4326, "lonMult": 3, "height": 6, "width": 18, "available": 110, "selected": 32, "coverage": 0.9991, "unionFrac": 1.0, "bw": {"77": 4, "40": 10, "5": 18}}}, {"type": "Feature", "geometry": {"type": "Polygon", "coordinates": [[[-168.0, -66.0], [-168.0, -60.0], [-180.0, -60.0], [-180.0, -66.0], [-168.0, -66.0]]]}, "properties": {"name": "S66W180_6x12", "kind": "latlon", "epsg": 4326, "lonMult": 2, "height": 6, "width": 12, "available": 33, "selected": 12, "coverage": 0.6655, "unionFrac": 0.6664, "bw": {"5": 12}}}, {"type": "Feature", "geometry": {"type": "Polygon", "coordinates": [[[-156.0, -66.0], [-156.0, -60.0], [-168.0, -60.0], [-168.0, -66.0], [-156.0, -66.0]]]}, "properties": {"name": "S66W168_6x12", "kind": "latlon", "epsg": 4326, "lonMult": 2, "height": 6, "width": 12, "available": 52, "selected": 17, "coverage": 0.9072, "unionFrac": 0.9078, "bw": {"5": 17}}}, {"type": "Feature", "geometry": {"type": "Polygon", "coordinates": [[[-144.0, -66.0], [-144.0, -60.0], [-156.0, -60.0], [-156.0, -66.0], [-144.0, -66.0]]]}, "properties": {"name": "S66W156_6x12", "kind": "latlon", "epsg": 4326, "lonMult": 2, "height": 6, "width": 12, "available": 50, "selected": 15, "coverage": 0.9759, "unionFrac": 0.9765, "bw": {"5": 15}}}, {"type": "Feature", "geometry": {"type": "Polygon", "coordinates": [[[-132.0, -66.0], [-132.0, -60.0], [-144.0, -60.0], [-144.0, -66.0], [-132.0, -66.0]]]}, "properties": {"name": "S66W144_6x12", "kind": "latlon", "epsg": 4326, "lonMult": 2, "height": 6, "width": 12, "available": 53, "selected": 17, "coverage": 0.9827, "unionFrac": 0.9831, "bw": {"5": 17}}}, {"type": "Feature", "geometry": {"type": "Polygon", "coordinates": [[[-120.0, -66.0], [-120.0, -60.0], [-132.0, -60.0], [-132.0, -66.0], [-120.0, -66.0]]]}, "properties": {"name": "S66W132_6x12", "kind": "latlon", "epsg": 4326, "lonMult": 2, "height": 6, "width": 12, "available": 40, "selected": 16, "coverage": 0.6474, "unionFrac": 0.6474, "bw": {"5": 16}}}, {"type": "Feature", "geometry": {"type": "Polygon", "coordinates": [[[-108.0, -66.0], [-108.0, -60.0], [-120.0, -60.0], [-120.0, -66.0], [-108.0, -66.0]]]}, "properties": {"name": "S66W120_6x12", "kind": "latlon", "epsg": 4326, "lonMult": 2, "height": 6, "width": 12, "available": 24, "selected": 8, "coverage": 0.3809, "unionFrac": 0.3827, "bw": {"5": 8}}}, {"type": "Feature", "geometry": {"type": "Polygon", "coordinates": [[[-96.0, -66.0], [-96.0, -60.0], [-108.0, -60.0], [-108.0, -66.0], [-96.0, -66.0]]]}, "properties": {"name": "S66W108_6x12", "kind": "latlon", "epsg": 4326, "lonMult": 2, "height": 6, "width": 12, "available": 19, "selected": 6, "coverage": 0.3268, "unionFrac": 0.3273, "bw": {"5": 6}}}, {"type": "Feature", "geometry": {"type": "Polygon", "coordinates": [[[-84.0, -66.0], [-84.0, -60.0], [-96.0, -60.0], [-96.0, -66.0], [-84.0, -66.0]]]}, "properties": {"name": "S66W096_6x12", "kind": "latlon", "epsg": 4326, "lonMult": 2, "height": 6, "width": 12, "available": 30, "selected": 8, "coverage": 0.4337, "unionFrac": 0.4348, "bw": {"5": 8}}}, {"type": "Feature", "geometry": {"type": "Polygon", "coordinates": [[[-72.0, -66.0], [-72.0, -60.0], [-84.0, -60.0], [-84.0, -66.0], [-72.0, -66.0]]]}, "properties": {"name": "S66W084_6x12", "kind": "latlon", "epsg": 4326, "lonMult": 2, "height": 6, "width": 12, "available": 35, "selected": 12, "coverage": 0.6109, "unionFrac": 0.6112, "bw": {"5": 12}}}, {"type": "Feature", "geometry": {"type": "Polygon", "coordinates": [[[-60.0, -66.0], [-60.0, -60.0], [-72.0, -60.0], [-72.0, -66.0], [-60.0, -66.0]]]}, "properties": {"name": "S66W072_6x12", "kind": "latlon", "epsg": 4326, "lonMult": 2, "height": 6, "width": 12, "available": 51, "selected": 19, "coverage": 0.9402, "unionFrac": 0.941, "bw": {"40": 9, "5": 10}}}, {"type": "Feature", "geometry": {"type": "Polygon", "coordinates": [[[-48.0, -66.0], [-48.0, -60.0], [-60.0, -60.0], [-60.0, -66.0], [-48.0, -66.0]]]}, "properties": {"name": "S66W060_6x12", "kind": "latlon", "epsg": 4326, "lonMult": 2, "height": 6, "width": 12, "available": 61, "selected": 28, "coverage": 0.9724, "unionFrac": 0.9734, "bw": {"77": 2, "40": 10, "5": 16}}}, {"type": "Feature", "geometry": {"type": "Polygon", "coordinates": [[[-36.0, -66.0], [-36.0, -60.0], [-48.0, -60.0], [-48.0, -66.0], [-36.0, -66.0]]]}, "properties": {"name": "S66W048_6x12", "kind": "latlon", "epsg": 4326, "lonMult": 2, "height": 6, "width": 12, "available": 51, "selected": 19, "coverage": 0.9683, "unionFrac": 0.9694, "bw": {"77": 4, "5": 15}}}, {"type": "Feature", "geometry": {"type": "Polygon", "coordinates": [[[-24.0, -66.0], [-24.0, -60.0], [-36.0, -60.0], [-36.0, -66.0], [-24.0, -66.0]]]}, "properties": {"name": "S66W036_6x12", "kind": "latlon", "epsg": 4326, "lonMult": 2, "height": 6, "width": 12, "available": 56, "selected": 16, "coverage": 0.9863, "unionFrac": 0.988, "bw": {"5": 16}}}, {"type": "Feature", "geometry": {"type": "Polygon", "coordinates": [[[-12.0, -66.0], [-12.0, -60.0], [-24.0, -60.0], [-24.0, -66.0], [-12.0, -66.0]]]}, "properties": {"name": "S66W024_6x12", "kind": "latlon", "epsg": 4326, "lonMult": 2, "height": 6, "width": 12, "available": 53, "selected": 16, "coverage": 0.9754, "unionFrac": 0.9769, "bw": {"5": 16}}}, {"type": "Feature", "geometry": {"type": "Polygon", "coordinates": [[[0.0, -66.0], [0.0, -60.0], [-12.0, -60.0], [-12.0, -66.0], [0.0, -66.0]]]}, "properties": {"name": "S66W012_6x12", "kind": "latlon", "epsg": 4326, "lonMult": 2, "height": 6, "width": 12, "available": 52, "selected": 16, "coverage": 0.9753, "unionFrac": 0.9762, "bw": {"5": 16}}}, {"type": "Feature", "geometry": {"type": "Polygon", "coordinates": [[[12.0, -66.0], [12.0, -60.0], [0.0, -60.0], [0.0, -66.0], [12.0, -66.0]]]}, "properties": {"name": "S66E000_6x12", "kind": "latlon", "epsg": 4326, "lonMult": 2, "height": 6, "width": 12, "available": 50, "selected": 17, "coverage": 0.9742, "unionFrac": 0.9753, "bw": {"5": 17}}}, {"type": "Feature", "geometry": {"type": "Polygon", "coordinates": [[[24.0, -66.0], [24.0, -60.0], [12.0, -60.0], [12.0, -66.0], [24.0, -66.0]]]}, "properties": {"name": "S66E012_6x12", "kind": "latlon", "epsg": 4326, "lonMult": 2, "height": 6, "width": 12, "available": 52, "selected": 17, "coverage": 0.9748, "unionFrac": 0.9759, "bw": {"5": 17}}}, {"type": "Feature", "geometry": {"type": "Polygon", "coordinates": [[[36.0, -66.0], [36.0, -60.0], [24.0, -60.0], [24.0, -66.0], [36.0, -66.0]]]}, "properties": {"name": "S66E024_6x12", "kind": "latlon", "epsg": 4326, "lonMult": 2, "height": 6, "width": 12, "available": 50, "selected": 14, "coverage": 0.9724, "unionFrac": 0.9742, "bw": {"5": 14}}}, {"type": "Feature", "geometry": {"type": "Polygon", "coordinates": [[[48.0, -66.0], [48.0, -60.0], [36.0, -60.0], [36.0, -66.0], [48.0, -66.0]]]}, "properties": {"name": "S66E036_6x12", "kind": "latlon", "epsg": 4326, "lonMult": 2, "height": 6, "width": 12, "available": 54, "selected": 17, "coverage": 0.9736, "unionFrac": 0.9752, "bw": {"40": 1, "5": 16}}}, {"type": "Feature", "geometry": {"type": "Polygon", "coordinates": [[[60.0, -66.0], [60.0, -60.0], [48.0, -60.0], [48.0, -66.0], [60.0, -66.0]]]}, "properties": {"name": "S66E048_6x12", "kind": "latlon", "epsg": 4326, "lonMult": 2, "height": 6, "width": 12, "available": 57, "selected": 24, "coverage": 0.9739, "unionFrac": 0.9749, "bw": {"40": 5, "5": 19}}}, {"type": "Feature", "geometry": {"type": "Polygon", "coordinates": [[[72.0, -66.0], [72.0, -60.0], [60.0, -60.0], [60.0, -66.0], [72.0, -66.0]]]}, "properties": {"name": "S66E060_6x12", "kind": "latlon", "epsg": 4326, "lonMult": 2, "height": 6, "width": 12, "available": 52, "selected": 16, "coverage": 0.9733, "unionFrac": 0.9752, "bw": {"5": 16}}}, {"type": "Feature", "geometry": {"type": "Polygon", "coordinates": [[[84.0, -66.0], [84.0, -60.0], [72.0, -60.0], [72.0, -66.0], [84.0, -66.0]]]}, "properties": {"name": "S66E072_6x12", "kind": "latlon", "epsg": 4326, "lonMult": 2, "height": 6, "width": 12, "available": 52, "selected": 15, "coverage": 0.9742, "unionFrac": 0.976, "bw": {"40": 1, "5": 14}}}, {"type": "Feature", "geometry": {"type": "Polygon", "coordinates": [[[96.0, -66.0], [96.0, -60.0], [84.0, -60.0], [84.0, -66.0], [96.0, -66.0]]]}, "properties": {"name": "S66E084_6x12", "kind": "latlon", "epsg": 4326, "lonMult": 2, "height": 6, "width": 12, "available": 61, "selected": 22, "coverage": 0.9727, "unionFrac": 0.9751, "bw": {"40": 6, "5": 16}}}, {"type": "Feature", "geometry": {"type": "Polygon", "coordinates": [[[108.0, -66.0], [108.0, -60.0], [96.0, -60.0], [96.0, -66.0], [108.0, -66.0]]]}, "properties": {"name": "S66E096_6x12", "kind": "latlon", "epsg": 4326, "lonMult": 2, "height": 6, "width": 12, "available": 58, "selected": 20, "coverage": 0.9732, "unionFrac": 0.9748, "bw": {"40": 5, "5": 15}}}, {"type": "Feature", "geometry": {"type": "Polygon", "coordinates": [[[120.0, -66.0], [120.0, -60.0], [108.0, -60.0], [108.0, -66.0], [120.0, -66.0]]]}, "properties": {"name": "S66E108_6x12", "kind": "latlon", "epsg": 4326, "lonMult": 2, "height": 6, "width": 12, "available": 65, "selected": 23, "coverage": 0.9836, "unionFrac": 0.9842, "bw": {"40": 4, "5": 19}}}, {"type": "Feature", "geometry": {"type": "Polygon", "coordinates": [[[132.0, -66.0], [132.0, -60.0], [120.0, -60.0], [120.0, -66.0], [132.0, -66.0]]]}, "properties": {"name": "S66E120_6x12", "kind": "latlon", "epsg": 4326, "lonMult": 2, "height": 6, "width": 12, "available": 62, "selected": 22, "coverage": 0.9308, "unionFrac": 0.9321, "bw": {"40": 6, "5": 16}}}, {"type": "Feature", "geometry": {"type": "Polygon", "coordinates": [[[144.0, -66.0], [144.0, -60.0], [132.0, -60.0], [132.0, -66.0], [144.0, -66.0]]]}, "properties": {"name": "S66E132_6x12", "kind": "latlon", "epsg": 4326, "lonMult": 2, "height": 6, "width": 12, "available": 57, "selected": 22, "coverage": 0.8283, "unionFrac": 0.8294, "bw": {"40": 6, "5": 16}}}, {"type": "Feature", "geometry": {"type": "Polygon", "coordinates": [[[156.0, -66.0], [156.0, -60.0], [144.0, -60.0], [144.0, -66.0], [156.0, -66.0]]]}, "properties": {"name": "S66E144_6x12", "kind": "latlon", "epsg": 4326, "lonMult": 2, "height": 6, "width": 12, "available": 56, "selected": 18, "coverage": 0.9662, "unionFrac": 0.9674, "bw": {"40": 2, "5": 16}}}, {"type": "Feature", "geometry": {"type": "Polygon", "coordinates": [[[168.0, -66.0], [168.0, -60.0], [156.0, -60.0], [156.0, -66.0], [168.0, -66.0]]]}, "properties": {"name": "S66E156_6x12", "kind": "latlon", "epsg": 4326, "lonMult": 2, "height": 6, "width": 12, "available": 50, "selected": 17, "coverage": 0.8826, "unionFrac": 0.8831, "bw": {"5": 17}}}, {"type": "Feature", "geometry": {"type": "Polygon", "coordinates": [[[180.0, -66.0], [180.0, -60.0], [168.0, -60.0], [168.0, -66.0], [180.0, -66.0]]]}, "properties": {"name": "S66E168_6x12", "kind": "latlon", "epsg": 4326, "lonMult": 2, "height": 6, "width": 12, "available": 45, "selected": 14, "coverage": 0.7104, "unionFrac": 0.7105, "bw": {"5": 14}}}, {"type": "Feature", "geometry": {"type": "Polygon", "coordinates": [[[-150.0, -60.0], [-150.0, -54.0], [-156.0, -54.0], [-156.0, -60.0], [-150.0, -60.0]]]}, "properties": {"name": "S60W156_6x6", "kind": "latlon", "epsg": 4326, "lonMult": 1, "height": 6, "width": 6, "available": 4, "selected": 3, "coverage": 0.0081, "unionFrac": 0.0084, "bw": {"5": 3}}}, {"type": "Feature", "geometry": {"type": "Polygon", "coordinates": [[[-144.0, -60.0], [-144.0, -54.0], [-150.0, -54.0], [-150.0, -60.0], [-144.0, -60.0]]]}, "properties": {"name": "S60W150_6x6", "kind": "latlon", "epsg": 4326, "lonMult": 1, "height": 6, "width": 6, "available": 2, "selected": 2, "coverage": 0.0038, "unionFrac": 0.0038, "bw": {"5": 2}}}, {"type": "Feature", "geometry": {"type": "Polygon", "coordinates": [[[-138.0, -60.0], [-138.0, -54.0], [-144.0, -54.0], [-144.0, -60.0], [-138.0, -60.0]]]}, "properties": {"name": "S60W144_6x6", "kind": "latlon", "epsg": 4326, "lonMult": 1, "height": 6, "width": 6, "available": 1, "selected": 1, "coverage": 0.0022, "unionFrac": 0.0022, "bw": {"5": 1}}}, {"type": "Feature", "geometry": {"type": "Polygon", "coordinates": [[[-132.0, -60.0], [-132.0, -54.0], [-138.0, -54.0], [-138.0, -60.0], [-132.0, -60.0]]]}, "properties": {"name": "S60W138_6x6", "kind": "latlon", "epsg": 4326, "lonMult": 1, "height": 6, "width": 6, "available": 1, "selected": 1, "coverage": 0.0331, "unionFrac": 0.0331, "bw": {"5": 1}}}, {"type": "Feature", "geometry": {"type": "Polygon", "coordinates": [[[-72.0, -60.0], [-72.0, -54.0], [-78.0, -54.0], [-78.0, -60.0], [-72.0, -60.0]]]}, "properties": {"name": "S60W078_6x6", "kind": "latlon", "epsg": 4326, "lonMult": 1, "height": 6, "width": 6, "available": 14, "selected": 7, "coverage": 0.2035, "unionFrac": 0.2035, "bw": {"40": 4, "20": 3}}}, {"type": "Feature", "geometry": {"type": "Polygon", "coordinates": [[[-66.0, -60.0], [-66.0, -54.0], [-72.0, -54.0], [-72.0, -60.0], [-66.0, -60.0]]]}, "properties": {"name": "S60W072_6x6", "kind": "latlon", "epsg": 4326, "lonMult": 1, "height": 6, "width": 6, "available": 17, "selected": 7, "coverage": 0.3804, "unionFrac": 0.3818, "bw": {"40": 4, "20": 2, "5": 1}}}, {"type": "Feature", "geometry": {"type": "Polygon", "coordinates": [[[-60.0, -60.0], [-60.0, -54.0], [-66.0, -54.0], [-66.0, -60.0], [-60.0, -60.0]]]}, "properties": {"name": "S60W066_6x6", "kind": "latlon", "epsg": 4326, "lonMult": 1, "height": 6, "width": 6, "available": 4, "selected": 4, "coverage": 0.1184, "unionFrac": 0.1184, "bw": {"40": 2, "20": 2}}}, {"type": "Feature", "geometry": {"type": "Polygon", "coordinates": [[[-54.0, -60.0], [-54.0, -54.0], [-60.0, -54.0], [-60.0, -60.0], [-54.0, -60.0]]]}, "properties": {"name": "S60W060_6x6", "kind": "latlon", "epsg": 4326, "lonMult": 1, "height": 6, "width": 6, "available": 1, "selected": 1, "coverage": 0.0021, "unionFrac": 0.0021, "bw": {"5": 1}}}, {"type": "Feature", "geometry": {"type": "Polygon", "coordinates": [[[-48.0, -60.0], [-48.0, -54.0], [-54.0, -54.0], [-54.0, -60.0], [-48.0, -60.0]]]}, "properties": {"name": "S60W054_6x6", "kind": "latlon", "epsg": 4326, "lonMult": 1, "height": 6, "width": 6, "available": 1, "selected": 1, "coverage": 0.0027, "unionFrac": 0.0027, "bw": {"5": 1}}}, {"type": "Feature", "geometry": {"type": "Polygon", "coordinates": [[[-42.0, -60.0], [-42.0, -54.0], [-48.0, -54.0], [-48.0, -60.0], [-42.0, -60.0]]]}, "properties": {"name": "S60W048_6x6", "kind": "latlon", "epsg": 4326, "lonMult": 1, "height": 6, "width": 6, "available": 1, "selected": 1, "coverage": 0.0025, "unionFrac": 0.0025, "bw": {"5": 1}}}, {"type": "Feature", "geometry": {"type": "Polygon", "coordinates": [[[-36.0, -60.0], [-36.0, -54.0], [-42.0, -54.0], [-42.0, -60.0], [-36.0, -60.0]]]}, "properties": {"name": "S60W042_6x6", "kind": "latlon", "epsg": 4326, "lonMult": 1, "height": 6, "width": 6, "available": 6, "selected": 4, "coverage": 0.1661, "unionFrac": 0.1661, "bw": {"20": 3, "5": 1}}}, {"type": "Feature", "geometry": {"type": "Polygon", "coordinates": [[[-30.0, -60.0], [-30.0, -54.0], [-36.0, -54.0], [-36.0, -60.0], [-30.0, -60.0]]]}, "properties": {"name": "S60W036_6x6", "kind": "latlon", "epsg": 4326, "lonMult": 1, "height": 6, "width": 6, "available": 10, "selected": 8, "coverage": 0.1779, "unionFrac": 0.1779, "bw": {"20": 6, "5": 2}}}, {"type": "Feature", "geometry": {"type": "Polygon", "coordinates": [[[-24.0, -60.0], [-24.0, -54.0], [-30.0, -54.0], [-30.0, -60.0], [-24.0, -60.0]]]}, "properties": {"name": "S60W030_6x6", "kind": "latlon", "epsg": 4326, "lonMult": 1, "height": 6, "width": 6, "available": 16, "selected": 10, "coverage": 0.6639, "unionFrac": 0.6639, "bw": {"20": 8, "5": 2}}}, {"type": "Feature", "geometry": {"type": "Polygon", "coordinates": [[[-18.0, -60.0], [-18.0, -54.0], [-24.0, -54.0], [-24.0, -60.0], [-18.0, -60.0]]]}, "properties": {"name": "S60W024_6x6", "kind": "latlon", "epsg": 4326, "lonMult": 1, "height": 6, "width": 6, "available": 7, "selected": 5, "coverage": 0.0712, "unionFrac": 0.0721, "bw": {"20": 3, "5": 2}}}, {"type": "Feature", "geometry": {"type": "Polygon", "coordinates": [[[-12.0, -60.0], [-12.0, -54.0], [-18.0, -54.0], [-18.0, -60.0], [-12.0, -60.0]]]}, "properties": {"name": "S60W018_6x6", "kind": "latlon", "epsg": 4326, "lonMult": 1, "height": 6, "width": 6, "available": 1, "selected": 1, "coverage": 0.0027, "unionFrac": 0.0027, "bw": {"5": 1}}}, {"type": "Feature", "geometry": {"type": "Polygon", "coordinates": [[[-6.0, -60.0], [-6.0, -54.0], [-12.0, -54.0], [-12.0, -60.0], [-6.0, -60.0]]]}, "properties": {"name": "S60W012_6x6", "kind": "latlon", "epsg": 4326, "lonMult": 1, "height": 6, "width": 6, "available": 2, "selected": 2, "coverage": 0.0043, "unionFrac": 0.0043, "bw": {"5": 2}}}, {"type": "Feature", "geometry": {"type": "Polygon", "coordinates": [[[0.0, -60.0], [0.0, -54.0], [-6.0, -54.0], [-6.0, -60.0], [0.0, -60.0]]]}, "properties": {"name": "S60W006_6x6", "kind": "latlon", "epsg": 4326, "lonMult": 1, "height": 6, "width": 6, "available": 2, "selected": 2, "coverage": 0.0047, "unionFrac": 0.0047, "bw": {"5": 2}}}, {"type": "Feature", "geometry": {"type": "Polygon", "coordinates": [[[6.0, -60.0], [6.0, -54.0], [0.0, -54.0], [0.0, -60.0], [6.0, -60.0]]]}, "properties": {"name": "S60E000_6x6", "kind": "latlon", "epsg": 4326, "lonMult": 1, "height": 6, "width": 6, "available": 5, "selected": 5, "coverage": 0.1293, "unionFrac": 0.1293, "bw": {"20": 4, "5": 1}}}, {"type": "Feature", "geometry": {"type": "Polygon", "coordinates": [[[12.0, -60.0], [12.0, -54.0], [6.0, -54.0], [6.0, -60.0], [12.0, -60.0]]]}, "properties": {"name": "S60E006_6x6", "kind": "latlon", "epsg": 4326, "lonMult": 1, "height": 6, "width": 6, "available": 4, "selected": 4, "coverage": 0.0191, "unionFrac": 0.0191, "bw": {"20": 2, "5": 2}}}, {"type": "Feature", "geometry": {"type": "Polygon", "coordinates": [[[18.0, -60.0], [18.0, -54.0], [12.0, -54.0], [12.0, -60.0], [18.0, -60.0]]]}, "properties": {"name": "S60E012_6x6", "kind": "latlon", "epsg": 4326, "lonMult": 1, "height": 6, "width": 6, "available": 2, "selected": 2, "coverage": 0.0039, "unionFrac": 0.0039, "bw": {"5": 2}}}, {"type": "Feature", "geometry": {"type": "Polygon", "coordinates": [[[24.0, -60.0], [24.0, -54.0], [18.0, -54.0], [18.0, -60.0], [24.0, -60.0]]]}, "properties": {"name": "S60E018_6x6", "kind": "latlon", "epsg": 4326, "lonMult": 1, "height": 6, "width": 6, "available": 1, "selected": 1, "coverage": 0.0029, "unionFrac": 0.0029, "bw": {"5": 1}}}, {"type": "Feature", "geometry": {"type": "Polygon", "coordinates": [[[30.0, -60.0], [30.0, -54.0], [24.0, -54.0], [24.0, -60.0], [30.0, -60.0]]]}, "properties": {"name": "S60E024_6x6", "kind": "latlon", "epsg": 4326, "lonMult": 1, "height": 6, "width": 6, "available": 1, "selected": 1, "coverage": 0.0019, "unionFrac": 0.0019, "bw": {"5": 1}}}, {"type": "Feature", "geometry": {"type": "Polygon", "coordinates": [[[36.0, -60.0], [36.0, -54.0], [30.0, -54.0], [30.0, -60.0], [36.0, -60.0]]]}, "properties": {"name": "S60E030_6x6", "kind": "latlon", "epsg": 4326, "lonMult": 1, "height": 6, "width": 6, "available": 1, "selected": 1, "coverage": 0.0024, "unionFrac": 0.0024, "bw": {"5": 1}}}, {"type": "Feature", "geometry": {"type": "Polygon", "coordinates": [[[42.0, -60.0], [42.0, -54.0], [36.0, -54.0], [36.0, -60.0], [42.0, -60.0]]]}, "properties": {"name": "S60E036_6x6", "kind": "latlon", "epsg": 4326, "lonMult": 1, "height": 6, "width": 6, "available": 1, "selected": 1, "coverage": 0.0028, "unionFrac": 0.0028, "bw": {"5": 1}}}, {"type": "Feature", "geometry": {"type": "Polygon", "coordinates": [[[48.0, -60.0], [48.0, -54.0], [42.0, -54.0], [42.0, -60.0], [48.0, -60.0]]]}, "properties": {"name": "S60E042_6x6", "kind": "latlon", "epsg": 4326, "lonMult": 1, "height": 6, "width": 6, "available": 2, "selected": 2, "coverage": 0.0045, "unionFrac": 0.0045, "bw": {"5": 2}}}, {"type": "Feature", "geometry": {"type": "Polygon", "coordinates": [[[54.0, -60.0], [54.0, -54.0], [48.0, -54.0], [48.0, -60.0], [54.0, -60.0]]]}, "properties": {"name": "S60E048_6x6", "kind": "latlon", "epsg": 4326, "lonMult": 1, "height": 6, "width": 6, "available": 2, "selected": 2, "coverage": 0.0045, "unionFrac": 0.0045, "bw": {"5": 2}}}, {"type": "Feature", "geometry": {"type": "Polygon", "coordinates": [[[60.0, -60.0], [60.0, -54.0], [54.0, -54.0], [54.0, -60.0], [60.0, -60.0]]]}, "properties": {"name": "S60E054_6x6", "kind": "latlon", "epsg": 4326, "lonMult": 1, "height": 6, "width": 6, "available": 1, "selected": 1, "coverage": 0.0022, "unionFrac": 0.0022, "bw": {"5": 1}}}, {"type": "Feature", "geometry": {"type": "Polygon", "coordinates": [[[66.0, -60.0], [66.0, -54.0], [60.0, -54.0], [60.0, -60.0], [66.0, -60.0]]]}, "properties": {"name": "S60E060_6x6", "kind": "latlon", "epsg": 4326, "lonMult": 1, "height": 6, "width": 6, "available": 2, "selected": 2, "coverage": 0.0047, "unionFrac": 0.0047, "bw": {"5": 2}}}, {"type": "Feature", "geometry": {"type": "Polygon", "coordinates": [[[72.0, -60.0], [72.0, -54.0], [66.0, -54.0], [66.0, -60.0], [72.0, -60.0]]]}, "properties": {"name": "S60E066_6x6", "kind": "latlon", "epsg": 4326, "lonMult": 1, "height": 6, "width": 6, "available": 2, "selected": 2, "coverage": 0.0036, "unionFrac": 0.0036, "bw": {"5": 2}}}, {"type": "Feature", "geometry": {"type": "Polygon", "coordinates": [[[78.0, -60.0], [78.0, -54.0], [72.0, -54.0], [72.0, -60.0], [78.0, -60.0]]]}, "properties": {"name": "S60E072_6x6", "kind": "latlon", "epsg": 4326, "lonMult": 1, "height": 6, "width": 6, "available": 1, "selected": 1, "coverage": 0.0025, "unionFrac": 0.0025, "bw": {"5": 1}}}, {"type": "Feature", "geometry": {"type": "Polygon", "coordinates": [[[84.0, -60.0], [84.0, -54.0], [78.0, -54.0], [78.0, -60.0], [84.0, -60.0]]]}, "properties": {"name": "S60E078_6x6", "kind": "latlon", "epsg": 4326, "lonMult": 1, "height": 6, "width": 6, "available": 2, "selected": 2, "coverage": 0.0045, "unionFrac": 0.0045, "bw": {"5": 2}}}, {"type": "Feature", "geometry": {"type": "Polygon", "coordinates": [[[90.0, -60.0], [90.0, -54.0], [84.0, -54.0], [84.0, -60.0], [90.0, -60.0]]]}, "properties": {"name": "S60E084_6x6", "kind": "latlon", "epsg": 4326, "lonMult": 1, "height": 6, "width": 6, "available": 1, "selected": 1, "coverage": 0.0022, "unionFrac": 0.0022, "bw": {"5": 1}}}, {"type": "Feature", "geometry": {"type": "Polygon", "coordinates": [[[96.0, -60.0], [96.0, -54.0], [90.0, -54.0], [90.0, -60.0], [96.0, -60.0]]]}, "properties": {"name": "S60E090_6x6", "kind": "latlon", "epsg": 4326, "lonMult": 1, "height": 6, "width": 6, "available": 2, "selected": 2, "coverage": 0.0048, "unionFrac": 0.0048, "bw": {"5": 2}}}, {"type": "Feature", "geometry": {"type": "Polygon", "coordinates": [[[102.0, -60.0], [102.0, -54.0], [96.0, -54.0], [96.0, -60.0], [102.0, -60.0]]]}, "properties": {"name": "S60E096_6x6", "kind": "latlon", "epsg": 4326, "lonMult": 1, "height": 6, "width": 6, "available": 2, "selected": 2, "coverage": 0.004, "unionFrac": 0.004, "bw": {"5": 2}}}, {"type": "Feature", "geometry": {"type": "Polygon", "coordinates": [[[108.0, -60.0], [108.0, -54.0], [102.0, -54.0], [102.0, -60.0], [108.0, -60.0]]]}, "properties": {"name": "S60E102_6x6", "kind": "latlon", "epsg": 4326, "lonMult": 1, "height": 6, "width": 6, "available": 1, "selected": 1, "coverage": 0.0022, "unionFrac": 0.0022, "bw": {"5": 1}}}, {"type": "Feature", "geometry": {"type": "Polygon", "coordinates": [[[114.0, -60.0], [114.0, -54.0], [108.0, -54.0], [108.0, -60.0], [114.0, -60.0]]]}, "properties": {"name": "S60E108_6x6", "kind": "latlon", "epsg": 4326, "lonMult": 1, "height": 6, "width": 6, "available": 2, "selected": 2, "coverage": 0.0042, "unionFrac": 0.0042, "bw": {"5": 2}}}, {"type": "Feature", "geometry": {"type": "Polygon", "coordinates": [[[120.0, -60.0], [120.0, -54.0], [114.0, -54.0], [114.0, -60.0], [120.0, -60.0]]]}, "properties": {"name": "S60E114_6x6", "kind": "latlon", "epsg": 4326, "lonMult": 1, "height": 6, "width": 6, "available": 6, "selected": 3, "coverage": 0.0368, "unionFrac": 0.0368, "bw": {"5": 3}}}, {"type": "Feature", "geometry": {"type": "Polygon", "coordinates": [[[126.0, -60.0], [126.0, -54.0], [120.0, -54.0], [120.0, -60.0], [126.0, -60.0]]]}, "properties": {"name": "S60E120_6x6", "kind": "latlon", "epsg": 4326, "lonMult": 1, "height": 6, "width": 6, "available": 5, "selected": 3, "coverage": 0.0334, "unionFrac": 0.0334, "bw": {"5": 3}}}, {"type": "Feature", "geometry": {"type": "Polygon", "coordinates": [[[150.0, -60.0], [150.0, -54.0], [144.0, -54.0], [144.0, -60.0], [150.0, -60.0]]]}, "properties": {"name": "S60E144_6x6", "kind": "latlon", "epsg": 4326, "lonMult": 1, "height": 6, "width": 6, "available": 4, "selected": 2, "coverage": 0.0155, "unionFrac": 0.0155, "bw": {"5": 2}}}, {"type": "Feature", "geometry": {"type": "Polygon", "coordinates": [[[156.0, -60.0], [156.0, -54.0], [150.0, -54.0], [150.0, -60.0], [156.0, -60.0]]]}, "properties": {"name": "S60E150_6x6", "kind": "latlon", "epsg": 4326, "lonMult": 1, "height": 6, "width": 6, "available": 3, "selected": 1, "coverage": 0.039, "unionFrac": 0.0396, "bw": {"5": 1}}}, {"type": "Feature", "geometry": {"type": "Polygon", "coordinates": [[[-78.0, -54.0], [-78.0, -48.0], [-84.0, -48.0], [-84.0, -54.0], [-78.0, -54.0]]]}, "properties": {"name": "S54W084_6x6", "kind": "latlon", "epsg": 4326, "lonMult": 1, "height": 6, "width": 6, "available": 2, "selected": 2, "coverage": 0.0112, "unionFrac": 0.0112, "bw": {"20": 2}}}, {"type": "Feature", "geometry": {"type": "Polygon", "coordinates": [[[-72.0, -54.0], [-72.0, -48.0], [-78.0, -48.0], [-78.0, -54.0], [-72.0, -54.0]]]}, "properties": {"name": "S54W078_6x6", "kind": "latlon", "epsg": 4326, "lonMult": 1, "height": 6, "width": 6, "available": 30, "selected": 13, "coverage": 0.9256, "unionFrac": 0.9257, "bw": {"40": 7, "20": 6}}}, {"type": "Feature", "geometry": {"type": "Polygon", "coordinates": [[[-66.0, -54.0], [-66.0, -48.0], [-72.0, -48.0], [-72.0, -54.0], [-66.0, -54.0]]]}, "properties": {"name": "S54W072_6x6", "kind": "latlon", "epsg": 4326, "lonMult": 1, "height": 6, "width": 6, "available": 42, "selected": 14, "coverage": 0.9999, "unionFrac": 1.0, "bw": {"40": 6, "20": 8}}}, {"type": "Feature", "geometry": {"type": "Polygon", "coordinates": [[[-60.0, -54.0], [-60.0, -48.0], [-66.0, -48.0], [-66.0, -54.0], [-60.0, -54.0]]]}, "properties": {"name": "S54W066_6x6", "kind": "latlon", "epsg": 4326, "lonMult": 1, "height": 6, "width": 6, "available": 18, "selected": 9, "coverage": 0.4143, "unionFrac": 0.4146, "bw": {"20": 9}}}, {"type": "Feature", "geometry": {"type": "Polygon", "coordinates": [[[-54.0, -54.0], [-54.0, -48.0], [-60.0, -48.0], [-60.0, -54.0], [-54.0, -54.0]]]}, "properties": {"name": "S54W060_6x6", "kind": "latlon", "epsg": 4326, "lonMult": 1, "height": 6, "width": 6, "available": 9, "selected": 6, "coverage": 0.2515, "unionFrac": 0.2515, "bw": {"20": 6}}}, {"type": "Feature", "geometry": {"type": "Polygon", "coordinates": [[[-36.0, -54.0], [-36.0, -48.0], [-42.0, -48.0], [-42.0, -54.0], [-36.0, -54.0]]]}, "properties": {"name": "S54W042_6x6", "kind": "latlon", "epsg": 4326, "lonMult": 1, "height": 6, "width": 6, "available": 3, "selected": 1, "coverage": 0.0441, "unionFrac": 0.045, "bw": {"20": 1}}}, {"type": "Feature", "geometry": {"type": "Polygon", "coordinates": [[[-30.0, -54.0], [-30.0, -48.0], [-36.0, -48.0], [-36.0, -54.0], [-30.0, -54.0]]]}, "properties": {"name": "S54W036_6x6", "kind": "latlon", "epsg": 4326, "lonMult": 1, "height": 6, "width": 6, "available": 3, "selected": 2, "coverage": 0.0115, "unionFrac": 0.0115, "bw": {"20": 2}}}, {"type": "Feature", "geometry": {"type": "Polygon", "coordinates": [[[6.0, -54.0], [6.0, -48.0], [0.0, -48.0], [0.0, -54.0], [6.0, -54.0]]]}, "properties": {"name": "S54E000_6x6", "kind": "latlon", "epsg": 4326, "lonMult": 1, "height": 6, "width": 6, "available": 2, "selected": 2, "coverage": 0.009, "unionFrac": 0.009, "bw": {"20": 2}}}, {"type": "Feature", "geometry": {"type": "Polygon", "coordinates": [[[72.0, -54.0], [72.0, -48.0], [66.0, -48.0], [66.0, -54.0], [72.0, -54.0]]]}, "properties": {"name": "S54E066_6x6", "kind": "latlon", "epsg": 4326, "lonMult": 1, "height": 6, "width": 6, "available": 3, "selected": 3, "coverage": 0.2425, "unionFrac": 0.2425, "bw": {"20": 3}}}, {"type": "Feature", "geometry": {"type": "Polygon", "coordinates": [[[78.0, -54.0], [78.0, -48.0], [72.0, -48.0], [72.0, -54.0], [78.0, -54.0]]]}, "properties": {"name": "S54E072_6x6", "kind": "latlon", "epsg": 4326, "lonMult": 1, "height": 6, "width": 6, "available": 1, "selected": 1, "coverage": 0.0163, "unionFrac": 0.0163, "bw": {"20": 1}}}, {"type": "Feature", "geometry": {"type": "Polygon", "coordinates": [[[168.0, -54.0], [168.0, -48.0], [162.0, -48.0], [162.0, -54.0], [168.0, -54.0]]]}, "properties": {"name": "S54E162_6x6", "kind": "latlon", "epsg": 4326, "lonMult": 1, "height": 6, "width": 6, "available": 1, "selected": 1, "coverage": 0.0286, "unionFrac": 0.0286, "bw": {"20": 1}}}, {"type": "Feature", "geometry": {"type": "Polygon", "coordinates": [[[174.0, -54.0], [174.0, -48.0], [168.0, -48.0], [168.0, -54.0], [174.0, -54.0]]]}, "properties": {"name": "S54E168_6x6", "kind": "latlon", "epsg": 4326, "lonMult": 1, "height": 6, "width": 6, "available": 1, "selected": 1, "coverage": 0.0051, "unionFrac": 0.0051, "bw": {"20": 1}}}, {"type": "Feature", "geometry": {"type": "Polygon", "coordinates": [[[-72.0, -48.0], [-72.0, -42.0], [-78.0, -42.0], [-78.0, -48.0], [-72.0, -48.0]]]}, "properties": {"name": "S48W078_6x6", "kind": "latlon", "epsg": 4326, "lonMult": 1, "height": 6, "width": 6, "available": 25, "selected": 14, "coverage": 0.6828, "unionFrac": 0.6828, "bw": {"40": 6, "20": 8}}}, {"type": "Feature", "geometry": {"type": "Polygon", "coordinates": [[[-66.0, -48.0], [-66.0, -42.0], [-72.0, -42.0], [-72.0, -48.0], [-66.0, -48.0]]]}, "properties": {"name": "S48W072_6x6", "kind": "latlon", "epsg": 4326, "lonMult": 1, "height": 6, "width": 6, "available": 42, "selected": 16, "coverage": 0.9994, "unionFrac": 1.0, "bw": {"40": 7, "20": 9}}}, {"type": "Feature", "geometry": {"type": "Polygon", "coordinates": [[[-60.0, -48.0], [-60.0, -42.0], [-66.0, -42.0], [-66.0, -48.0], [-60.0, -48.0]]]}, "properties": {"name": "S48W066_6x6", "kind": "latlon", "epsg": 4326, "lonMult": 1, "height": 6, "width": 6, "available": 17, "selected": 9, "coverage": 0.441, "unionFrac": 0.4417, "bw": {"20": 9}}}, {"type": "Feature", "geometry": {"type": "Polygon", "coordinates": [[[144.0, -48.0], [144.0, -42.0], [138.0, -42.0], [138.0, -48.0], [144.0, -48.0]]]}, "properties": {"name": "S48E138_6x6", "kind": "latlon", "epsg": 4326, "lonMult": 1, "height": 6, "width": 6, "available": 3, "selected": 3, "coverage": 0.0419, "unionFrac": 0.0419, "bw": {"20": 3}}}, {"type": "Feature", "geometry": {"type": "Polygon", "coordinates": [[[150.0, -48.0], [150.0, -42.0], [144.0, -42.0], [144.0, -48.0], [150.0, -48.0]]]}, "properties": {"name": "S48E144_6x6", "kind": "latlon", "epsg": 4326, "lonMult": 1, "height": 6, "width": 6, "available": 12, "selected": 6, "coverage": 0.3135, "unionFrac": 0.3145, "bw": {"20": 6}}}, {"type": "Feature", "geometry": {"type": "Polygon", "coordinates": [[[156.0, -48.0], [156.0, -42.0], [150.0, -42.0], [150.0, -48.0], [156.0, -48.0]]]}, "properties": {"name": "S48E150_6x6", "kind": "latlon", "epsg": 4326, "lonMult": 1, "height": 6, "width": 6, "available": 4, "selected": 2, "coverage": 0.0425, "unionFrac": 0.0425, "bw": {"20": 2}}}, {"type": "Feature", "geometry": {"type": "Polygon", "coordinates": [[[168.0, -48.0], [168.0, -42.0], [162.0, -42.0], [162.0, -48.0], [168.0, -48.0]]]}, "properties": {"name": "S48E162_6x6", "kind": "latlon", "epsg": 4326, "lonMult": 1, "height": 6, "width": 6, "available": 8, "selected": 5, "coverage": 0.3317, "unionFrac": 0.3317, "bw": {"20": 5}}}, {"type": "Feature", "geometry": {"type": "Polygon", "coordinates": [[[174.0, -48.0], [174.0, -42.0], [168.0, -42.0], [168.0, -48.0], [174.0, -48.0]]]}, "properties": {"name": "S48E168_6x6", "kind": "latlon", "epsg": 4326, "lonMult": 1, "height": 6, "width": 6, "available": 20, "selected": 11, "coverage": 0.7457, "unionFrac": 0.7473, "bw": {"20": 11}}}, {"type": "Feature", "geometry": {"type": "Polygon", "coordinates": [[[180.0, -48.0], [180.0, -42.0], [174.0, -42.0], [174.0, -48.0], [180.0, -48.0]]]}, "properties": {"name": "S48E174_6x6", "kind": "latlon", "epsg": 4326, "lonMult": 1, "height": 6, "width": 6, "available": 5, "selected": 3, "coverage": 0.1088, "unionFrac": 0.1095, "bw": {"20": 3}}}, {"type": "Feature", "geometry": {"type": "Polygon", "coordinates": [[[-72.0, -42.0], [-72.0, -36.0], [-78.0, -36.0], [-78.0, -42.0], [-72.0, -42.0]]]}, "properties": {"name": "S42W078_6x6", "kind": "latlon", "epsg": 4326, "lonMult": 1, "height": 6, "width": 6, "available": 18, "selected": 8, "coverage": 0.5668, "unionFrac": 0.5668, "bw": {"40": 2, "20": 6}}}, {"type": "Feature", "geometry": {"type": "Polygon", "coordinates": [[[-66.0, -42.0], [-66.0, -36.0], [-72.0, -36.0], [-72.0, -42.0], [-66.0, -42.0]]]}, "properties": {"name": "S42W072_6x6", "kind": "latlon", "epsg": 4326, "lonMult": 1, "height": 6, "width": 6, "available": 42, "selected": 17, "coverage": 0.9997, "unionFrac": 1.0, "bw": {"40": 6, "20": 11}}}, {"type": "Feature", "geometry": {"type": "Polygon", "coordinates": [[[-60.0, -42.0], [-60.0, -36.0], [-66.0, -36.0], [-66.0, -42.0], [-60.0, -42.0]]]}, "properties": {"name": "S42W066_6x6", "kind": "latlon", "epsg": 4326, "lonMult": 1, "height": 6, "width": 6, "available": 36, "selected": 16, "coverage": 0.9192, "unionFrac": 0.9193, "bw": {"40": 4, "20": 12}}}, {"type": "Feature", "geometry": {"type": "Polygon", "coordinates": [[[-54.0, -42.0], [-54.0, -36.0], [-60.0, -36.0], [-60.0, -42.0], [-54.0, -42.0]]]}, "properties": {"name": "S42W060_6x6", "kind": "latlon", "epsg": 4326, "lonMult": 1, "height": 6, "width": 6, "available": 20, "selected": 11, "coverage": 0.4213, "unionFrac": 0.4214, "bw": {"40": 5, "20": 6}}}, {"type": "Feature", "geometry": {"type": "Polygon", "coordinates": [[[78.0, -42.0], [78.0, -36.0], [72.0, -36.0], [72.0, -42.0], [78.0, -42.0]]]}, "properties": {"name": "S42E072_6x6", "kind": "latlon", "epsg": 4326, "lonMult": 1, "height": 6, "width": 6, "available": 4, "selected": 4, "coverage": 0.0896, "unionFrac": 0.0896, "bw": {"20": 4}}}, {"type": "Feature", "geometry": {"type": "Polygon", "coordinates": [[[84.0, -42.0], [84.0, -36.0], [78.0, -36.0], [78.0, -42.0], [84.0, -42.0]]]}, "properties": {"name": "S42E078_6x6", "kind": "latlon", "epsg": 4326, "lonMult": 1, "height": 6, "width": 6, "available": 4, "selected": 3, "coverage": 0.0348, "unionFrac": 0.0353, "bw": {"20": 3}}}, {"type": "Feature", "geometry": {"type": "Polygon", "coordinates": [[[138.0, -42.0], [138.0, -36.0], [132.0, -36.0], [132.0, -42.0], [138.0, -42.0]]]}, "properties": {"name": "S42E132_6x6", "kind": "latlon", "epsg": 4326, "lonMult": 1, "height": 6, "width": 6, "available": 5, "selected": 4, "coverage": 0.0317, "unionFrac": 0.0317, "bw": {"40": 1, "20": 3}}}, {"type": "Feature", "geometry": {"type": "Polygon", "coordinates": [[[144.0, -42.0], [144.0, -36.0], [138.0, -36.0], [138.0, -42.0], [144.0, -42.0]]]}, "properties": {"name": "S42E138_6x6", "kind": "latlon", "epsg": 4326, "lonMult": 1, "height": 6, "width": 6, "available": 24, "selected": 11, "coverage": 0.5756, "unionFrac": 0.5771, "bw": {"40": 2, "20": 9}}}, {"type": "Feature", "geometry": {"type": "Polygon", "coordinates": [[[150.0, -42.0], [150.0, -36.0], [144.0, -36.0], [144.0, -42.0], [150.0, -42.0]]]}, "properties": {"name": "S42E144_6x6", "kind": "latlon", "epsg": 4326, "lonMult": 1, "height": 6, "width": 6, "available": 40, "selected": 17, "coverage": 0.9992, "unionFrac": 1.0, "bw": {"40": 6, "20": 11}}}, {"type": "Feature", "geometry": {"type": "Polygon", "coordinates": [[[156.0, -42.0], [156.0, -36.0], [150.0, -36.0], [150.0, -42.0], [156.0, -42.0]]]}, "properties": {"name": "S42E150_6x6", "kind": "latlon", "epsg": 4326, "lonMult": 1, "height": 6, "width": 6, "available": 10, "selected": 4, "coverage": 0.2416, "unionFrac": 0.2423, "bw": {"40": 1, "20": 3}}}, {"type": "Feature", "geometry": {"type": "Polygon", "coordinates": [[[174.0, -42.0], [174.0, -36.0], [168.0, -36.0], [168.0, -42.0], [174.0, -42.0]]]}, "properties": {"name": "S42E168_6x6", "kind": "latlon", "epsg": 4326, "lonMult": 1, "height": 6, "width": 6, "available": 15, "selected": 9, "coverage": 0.3428, "unionFrac": 0.343, "bw": {"20": 9}}}, {"type": "Feature", "geometry": {"type": "Polygon", "coordinates": [[[180.0, -42.0], [180.0, -36.0], [174.0, -36.0], [174.0, -42.0], [180.0, -42.0]]]}, "properties": {"name": "S42E174_6x6", "kind": "latlon", "epsg": 4326, "lonMult": 1, "height": 6, "width": 6, "available": 21, "selected": 12, "coverage": 0.7373, "unionFrac": 0.7373, "bw": {"20": 12}}}, {"type": "Feature", "geometry": {"type": "Polygon", "coordinates": [[[-174.0, -36.0], [-174.0, -30.0], [-180.0, -30.0], [-180.0, -36.0], [-174.0, -36.0]]]}, "properties": {"name": "S36W180_6x6", "kind": "latlon", "epsg": 4326, "lonMult": 1, "height": 6, "width": 6, "available": 2, "selected": 2, "coverage": 0.0398, "unionFrac": 0.0398, "bw": {"20": 2}}}, {"type": "Feature", "geometry": {"type": "Polygon", "coordinates": [[[-72.0, -36.0], [-72.0, -30.0], [-78.0, -30.0], [-78.0, -36.0], [-72.0, -36.0]]]}, "properties": {"name": "S36W078_6x6", "kind": "latlon", "epsg": 4326, "lonMult": 1, "height": 6, "width": 6, "available": 10, "selected": 6, "coverage": 0.2534, "unionFrac": 0.2535, "bw": {"20": 6}}}, {"type": "Feature", "geometry": {"type": "Polygon", "coordinates": [[[-66.0, -36.0], [-66.0, -30.0], [-72.0, -30.0], [-72.0, -36.0], [-66.0, -36.0]]]}, "properties": {"name": "S36W072_6x6", "kind": "latlon", "epsg": 4326, "lonMult": 1, "height": 6, "width": 6, "available": 34, "selected": 13, "coverage": 0.9995, "unionFrac": 1.0, "bw": {"20": 13}}}, {"type": "Feature", "geometry": {"type": "Polygon", "coordinates": [[[-60.0, -36.0], [-60.0, -30.0], [-66.0, -30.0], [-66.0, -36.0], [-60.0, -36.0]]]}, "properties": {"name": "S36W066_6x6", "kind": "latlon", "epsg": 4326, "lonMult": 1, "height": 6, "width": 6, "available": 43, "selected": 16, "coverage": 0.9986, "unionFrac": 1.0, "bw": {"40": 2, "20": 14}}}, {"type": "Feature", "geometry": {"type": "Polygon", "coordinates": [[[-54.0, -36.0], [-54.0, -30.0], [-60.0, -30.0], [-60.0, -36.0], [-54.0, -36.0]]]}, "properties": {"name": "S36W060_6x6", "kind": "latlon", "epsg": 4326, "lonMult": 1, "height": 6, "width": 6, "available": 47, "selected": 15, "coverage": 0.9976, "unionFrac": 0.9983, "bw": {"40": 5, "20": 10}}}, {"type": "Feature", "geometry": {"type": "Polygon", "coordinates": [[[-48.0, -36.0], [-48.0, -30.0], [-54.0, -30.0], [-54.0, -36.0], [-48.0, -36.0]]]}, "properties": {"name": "S36W054_6x6", "kind": "latlon", "epsg": 4326, "lonMult": 1, "height": 6, "width": 6, "available": 17, "selected": 11, "coverage": 0.4358, "unionFrac": 0.4358, "bw": {"40": 4, "20": 7}}}, {"type": "Feature", "geometry": {"type": "Polygon", "coordinates": [[[-42.0, -36.0], [-42.0, -30.0], [-48.0, -30.0], [-48.0, -36.0], [-42.0, -36.0]]]}, "properties": {"name": "S36W048_6x6", "kind": "latlon", "epsg": 4326, "lonMult": 1, "height": 6, "width": 6, "available": 1, "selected": 1, "coverage": 0.0024, "unionFrac": 0.0024, "bw": {"20": 1}}}, {"type": "Feature", "geometry": {"type": "Polygon", "coordinates": [[[18.0, -36.0], [18.0, -30.0], [12.0, -30.0], [12.0, -36.0], [18.0, -36.0]]]}, "properties": {"name": "S36E012_6x6", "kind": "latlon", "epsg": 4326, "lonMult": 1, "height": 6, "width": 6, "available": 9, "selected": 6, "coverage": 0.2477, "unionFrac": 0.2478, "bw": {"20": 6}}}, {"type": "Feature", "geometry": {"type": "Polygon", "coordinates": [[[24.0, -36.0], [24.0, -30.0], [18.0, -30.0], [18.0, -36.0], [24.0, -36.0]]]}, "properties": {"name": "S36E018_6x6", "kind": "latlon", "epsg": 4326, "lonMult": 1, "height": 6, "width": 6, "available": 30, "selected": 17, "coverage": 0.8213, "unionFrac": 0.8213, "bw": {"20": 17}}}, {"type": "Feature", "geometry": {"type": "Polygon", "coordinates": [[[30.0, -36.0], [30.0, -30.0], [24.0, -30.0], [24.0, -36.0], [30.0, -36.0]]]}, "properties": {"name": "S36E024_6x6", "kind": "latlon", "epsg": 4326, "lonMult": 1, "height": 6, "width": 6, "available": 26, "selected": 10, "coverage": 0.6901, "unionFrac": 0.6907, "bw": {"40": 1, "20": 9}}}, {"type": "Feature", "geometry": {"type": "Polygon", "coordinates": [[[36.0, -36.0], [36.0, -30.0], [30.0, -30.0], [30.0, -36.0], [36.0, -36.0]]]}, "properties": {"name": "S36E030_6x6", "kind": "latlon", "epsg": 4326, "lonMult": 1, "height": 6, "width": 6, "available": 9, "selected": 4, "coverage": 0.146, "unionFrac": 0.146, "bw": {"40": 4}}}, {"type": "Feature", "geometry": {"type": "Polygon", "coordinates": [[[114.0, -36.0], [114.0, -30.0], [108.0, -30.0], [108.0, -36.0], [114.0, -36.0]]]}, "properties": {"name": "S36E108_6x6", "kind": "latlon", "epsg": 4326, "lonMult": 1, "height": 6, "width": 6, "available": 8, "selected": 5, "coverage": 0.0848, "unionFrac": 0.0848, "bw": {"40": 2, "20": 3}}}, {"type": "Feature", "geometry": {"type": "Polygon", "coordinates": [[[120.0, -36.0], [120.0, -30.0], [114.0, -30.0], [114.0, -36.0], [120.0, -36.0]]]}, "properties": {"name": "S36E114_6x6", "kind": "latlon", "epsg": 4326, "lonMult": 1, "height": 6, "width": 6, "available": 30, "selected": 19, "coverage": 0.8441, "unionFrac": 0.845, "bw": {"40": 7, "20": 12}}}, {"type": "Feature", "geometry": {"type": "Polygon", "coordinates": [[[126.0, -36.0], [126.0, -30.0], [120.0, -30.0], [120.0, -36.0], [126.0, -36.0]]]}, "properties": {"name": "S36E120_6x6", "kind": "latlon", "epsg": 4326, "lonMult": 1, "height": 6, "width": 6, "available": 28, "selected": 15, "coverage": 0.725, "unionFrac": 0.725, "bw": {"20": 15}}}, {"type": "Feature", "geometry": {"type": "Polygon", "coordinates": [[[132.0, -36.0], [132.0, -30.0], [126.0, -30.0], [126.0, -36.0], [132.0, -36.0]]]}, "properties": {"name": "S36E126_6x6", "kind": "latlon", "epsg": 4326, "lonMult": 1, "height": 6, "width": 6, "available": 22, "selected": 12, "coverage": 0.4392, "unionFrac": 0.4395, "bw": {"20": 12}}}, {"type": "Feature", "geometry": {"type": "Polygon", "coordinates": [[[138.0, -36.0], [138.0, -30.0], [132.0, -30.0], [132.0, -36.0], [138.0, -36.0]]]}, "properties": {"name": "S36E132_6x6", "kind": "latlon", "epsg": 4326, "lonMult": 1, "height": 6, "width": 6, "available": 26, "selected": 16, "coverage": 0.8293, "unionFrac": 0.8295, "bw": {"40": 2, "20": 14}}}, {"type": "Feature", "geometry": {"type": "Polygon", "coordinates": [[[144.0, -36.0], [144.0, -30.0], [138.0, -30.0], [138.0, -36.0], [144.0, -36.0]]]}, "properties": {"name": "S36E138_6x6", "kind": "latlon", "epsg": 4326, "lonMult": 1, "height": 6, "width": 6, "available": 41, "selected": 16, "coverage": 0.9991, "unionFrac": 1.0, "bw": {"40": 3, "20": 13}}}, {"type": "Feature", "geometry": {"type": "Polygon", "coordinates": [[[150.0, -36.0], [150.0, -30.0], [144.0, -30.0], [144.0, -36.0], [150.0, -36.0]]]}, "properties": {"name": "S36E144_6x6", "kind": "latlon", "epsg": 4326, "lonMult": 1, "height": 6, "width": 6, "available": 49, "selected": 22, "coverage": 0.9999, "unionFrac": 1.0, "bw": {"40": 8, "20": 14}}}, {"type": "Feature", "geometry": {"type": "Polygon", "coordinates": [[[156.0, -36.0], [156.0, -30.0], [150.0, -30.0], [150.0, -36.0], [156.0, -36.0]]]}, "properties": {"name": "S36E150_6x6", "kind": "latlon", "epsg": 4326, "lonMult": 1, "height": 6, "width": 6, "available": 28, "selected": 14, "coverage": 0.6367, "unionFrac": 0.6367, "bw": {"40": 7, "20": 7}}}, {"type": "Feature", "geometry": {"type": "Polygon", "coordinates": [[[174.0, -36.0], [174.0, -30.0], [168.0, -30.0], [168.0, -36.0], [174.0, -36.0]]]}, "properties": {"name": "S36E168_6x6", "kind": "latlon", "epsg": 4326, "lonMult": 1, "height": 6, "width": 6, "available": 3, "selected": 2, "coverage": 0.0798, "unionFrac": 0.0798, "bw": {"20": 2}}}, {"type": "Feature", "geometry": {"type": "Polygon", "coordinates": [[[180.0, -36.0], [180.0, -30.0], [174.0, -30.0], [174.0, -36.0], [180.0, -36.0]]]}, "properties": {"name": "S36E174_6x6", "kind": "latlon", "epsg": 4326, "lonMult": 1, "height": 6, "width": 6, "available": 7, "selected": 4, "coverage": 0.088, "unionFrac": 0.0881, "bw": {"20": 4}}}, {"type": "Feature", "geometry": {"type": "Polygon", "coordinates": [[[-174.0, -30.0], [-174.0, -24.0], [-180.0, -24.0], [-180.0, -30.0], [-174.0, -30.0]]]}, "properties": {"name": "S30W180_6x6", "kind": "latlon", "epsg": 4326, "lonMult": 1, "height": 6, "width": 6, "available": 2, "selected": 2, "coverage": 0.0641, "unionFrac": 0.0641, "bw": {"20": 2}}}, {"type": "Feature", "geometry": {"type": "Polygon", "coordinates": [[[-72.0, -30.0], [-72.0, -24.0], [-78.0, -24.0], [-78.0, -30.0], [-72.0, -30.0]]]}, "properties": {"name": "S30W078_6x6", "kind": "latlon", "epsg": 4326, "lonMult": 1, "height": 6, "width": 6, "available": 7, "selected": 4, "coverage": 0.1171, "unionFrac": 0.1172, "bw": {"20": 4}}}, {"type": "Feature", "geometry": {"type": "Polygon", "coordinates": [[[-66.0, -30.0], [-66.0, -24.0], [-72.0, -24.0], [-72.0, -30.0], [-66.0, -30.0]]]}, "properties": {"name": "S30W072_6x6", "kind": "latlon", "epsg": 4326, "lonMult": 1, "height": 6, "width": 6, "available": 26, "selected": 14, "coverage": 0.9913, "unionFrac": 0.9929, "bw": {"20": 14}}}, {"type": "Feature", "geometry": {"type": "Polygon", "coordinates": [[[-60.0, -30.0], [-60.0, -24.0], [-66.0, -24.0], [-66.0, -30.0], [-60.0, -30.0]]]}, "properties": {"name": "S30W066_6x6", "kind": "latlon", "epsg": 4326, "lonMult": 1, "height": 6, "width": 6, "available": 36, "selected": 16, "coverage": 0.9984, "unionFrac": 1.0, "bw": {"20": 16}}}, {"type": "Feature", "geometry": {"type": "Polygon", "coordinates": [[[-54.0, -30.0], [-54.0, -24.0], [-60.0, -24.0], [-60.0, -30.0], [-54.0, -30.0]]]}, "properties": {"name": "S30W060_6x6", "kind": "latlon", "epsg": 4326, "lonMult": 1, "height": 6, "width": 6, "available": 38, "selected": 15, "coverage": 0.9986, "unionFrac": 1.0, "bw": {"40": 2, "20": 13}}}, {"type": "Feature", "geometry": {"type": "Polygon", "coordinates": [[[-48.0, -30.0], [-48.0, -24.0], [-54.0, -24.0], [-54.0, -30.0], [-48.0, -30.0]]]}, "properties": {"name": "S30W054_6x6", "kind": "latlon", "epsg": 4326, "lonMult": 1, "height": 6, "width": 6, "available": 35, "selected": 20, "coverage": 0.9957, "unionFrac": 0.9957, "bw": {"40": 12, "20": 8}}}, {"type": "Feature", "geometry": {"type": "Polygon", "coordinates": [[[-42.0, -30.0], [-42.0, -24.0], [-48.0, -24.0], [-48.0, -30.0], [-42.0, -30.0]]]}, "properties": {"name": "S30W048_6x6", "kind": "latlon", "epsg": 4326, "lonMult": 1, "height": 6, "width": 6, "available": 21, "selected": 15, "coverage": 0.3247, "unionFrac": 0.3254, "bw": {"40": 10, "20": 5}}}, {"type": "Feature", "geometry": {"type": "Polygon", "coordinates": [[[-36.0, -30.0], [-36.0, -24.0], [-42.0, -24.0], [-42.0, -30.0], [-36.0, -30.0]]]}, "properties": {"name": "S30W042_6x6", "kind": "latlon", "epsg": 4326, "lonMult": 1, "height": 6, "width": 6, "available": 3, "selected": 2, "coverage": 0.0155, "unionFrac": 0.0155, "bw": {"40": 2}}}, {"type": "Feature", "geometry": {"type": "Polygon", "coordinates": [[[18.0, -30.0], [18.0, -24.0], [12.0, -24.0], [12.0, -30.0], [18.0, -30.0]]]}, "properties": {"name": "S30E012_6x6", "kind": "latlon", "epsg": 4326, "lonMult": 1, "height": 6, "width": 6, "available": 24, "selected": 13, "coverage": 0.708, "unionFrac": 0.7083, "bw": {"20": 13}}}, {"type": "Feature", "geometry": {"type": "Polygon", "coordinates": [[[24.0, -30.0], [24.0, -24.0], [18.0, -24.0], [18.0, -30.0], [24.0, -30.0]]]}, "properties": {"name": "S30E018_6x6", "kind": "latlon", "epsg": 4326, "lonMult": 1, "height": 6, "width": 6, "available": 44, "selected": 15, "coverage": 0.9988, "unionFrac": 1.0, "bw": {"20": 15}}}, {"type": "Feature", "geometry": {"type": "Polygon", "coordinates": [[[30.0, -30.0], [30.0, -24.0], [24.0, -24.0], [24.0, -30.0], [30.0, -30.0]]]}, "properties": {"name": "S30E024_6x6", "kind": "latlon", "epsg": 4326, "lonMult": 1, "height": 6, "width": 6, "available": 47, "selected": 18, "coverage": 0.9985, "unionFrac": 1.0, "bw": {"40": 7, "20": 11}}}, {"type": "Feature", "geometry": {"type": "Polygon", "coordinates": [[[36.0, -30.0], [36.0, -24.0], [30.0, -24.0], [30.0, -30.0], [36.0, -30.0]]]}, "properties": {"name": "S30E030_6x6", "kind": "latlon", "epsg": 4326, "lonMult": 1, "height": 6, "width": 6, "available": 32, "selected": 20, "coverage": 0.8174, "unionFrac": 0.8176, "bw": {"40": 10, "20": 10}}}, {"type": "Feature", "geometry": {"type": "Polygon", "coordinates": [[[42.0, -30.0], [42.0, -24.0], [36.0, -24.0], [36.0, -30.0], [42.0, -30.0]]]}, "properties": {"name": "S30E036_6x6", "kind": "latlon", "epsg": 4326, "lonMult": 1, "height": 6, "width": 6, "available": 4, "selected": 2, "coverage": 0.0237, "unionFrac": 0.0241, "bw": {"20": 2}}}, {"type": "Feature", "geometry": {"type": "Polygon", "coordinates": [[[48.0, -30.0], [48.0, -24.0], [42.0, -24.0], [42.0, -30.0], [48.0, -30.0]]]}, "properties": {"name": "S30E042_6x6", "kind": "latlon", "epsg": 4326, "lonMult": 1, "height": 6, "width": 6, "available": 12, "selected": 8, "coverage": 0.2989, "unionFrac": 0.2999, "bw": {"20": 8}}}, {"type": "Feature", "geometry": {"type": "Polygon", "coordinates": [[[54.0, -30.0], [54.0, -24.0], [48.0, -24.0], [48.0, -30.0], [54.0, -30.0]]]}, "properties": {"name": "S30E048_6x6", "kind": "latlon", "epsg": 4326, "lonMult": 1, "height": 6, "width": 6, "available": 4, "selected": 1, "coverage": 0.026, "unionFrac": 0.0261, "bw": {"20": 1}}}, {"type": "Feature", "geometry": {"type": "Polygon", "coordinates": [[[114.0, -30.0], [114.0, -24.0], [108.0, -24.0], [108.0, -30.0], [114.0, -30.0]]]}, "properties": {"name": "S30E108_6x6", "kind": "latlon", "epsg": 4326, "lonMult": 1, "height": 6, "width": 6, "available": 14, "selected": 8, "coverage": 0.2879, "unionFrac": 0.2879, "bw": {"40": 1, "20": 7}}}, {"type": "Feature", "geometry": {"type": "Polygon", "coordinates": [[[120.0, -30.0], [120.0, -24.0], [114.0, -24.0], [114.0, -30.0], [120.0, -30.0]]]}, "properties": {"name": "S30E114_6x6", "kind": "latlon", "epsg": 4326, "lonMult": 1, "height": 6, "width": 6, "available": 42, "selected": 18, "coverage": 0.998, "unionFrac": 1.0, "bw": {"40": 2, "20": 16}}}, {"type": "Feature", "geometry": {"type": "Polygon", "coordinates": [[[126.0, -30.0], [126.0, -24.0], [120.0, -24.0], [120.0, -30.0], [126.0, -30.0]]]}, "properties": {"name": "S30E120_6x6", "kind": "latlon", "epsg": 4326, "lonMult": 1, "height": 6, "width": 6, "available": 44, "selected": 15, "coverage": 0.9987, "unionFrac": 1.0, "bw": {"20": 15}}}, {"type": "Feature", "geometry": {"type": "Polygon", "coordinates": [[[132.0, -30.0], [132.0, -24.0], [126.0, -24.0], [126.0, -30.0], [132.0, -30.0]]]}, "properties": {"name": "S30E126_6x6", "kind": "latlon", "epsg": 4326, "lonMult": 1, "height": 6, "width": 6, "available": 43, "selected": 15, "coverage": 0.9977, "unionFrac": 1.0, "bw": {"20": 15}}}, {"type": "Feature", "geometry": {"type": "Polygon", "coordinates": [[[138.0, -30.0], [138.0, -24.0], [132.0, -24.0], [132.0, -30.0], [138.0, -30.0]]]}, "properties": {"name": "S30E132_6x6", "kind": "latlon", "epsg": 4326, "lonMult": 1, "height": 6, "width": 6, "available": 37, "selected": 17, "coverage": 0.9992, "unionFrac": 1.0, "bw": {"20": 17}}}, {"type": "Feature", "geometry": {"type": "Polygon", "coordinates": [[[144.0, -30.0], [144.0, -24.0], [138.0, -24.0], [138.0, -30.0], [144.0, -30.0]]]}, "properties": {"name": "S30E138_6x6", "kind": "latlon", "epsg": 4326, "lonMult": 1, "height": 6, "width": 6, "available": 34, "selected": 17, "coverage": 0.9982, "unionFrac": 1.0, "bw": {"20": 17}}}, {"type": "Feature", "geometry": {"type": "Polygon", "coordinates": [[[150.0, -30.0], [150.0, -24.0], [144.0, -24.0], [144.0, -30.0], [150.0, -30.0]]]}, "properties": {"name": "S30E144_6x6", "kind": "latlon", "epsg": 4326, "lonMult": 1, "height": 6, "width": 6, "available": 36, "selected": 18, "coverage": 0.9993, "unionFrac": 1.0, "bw": {"20": 18}}}, {"type": "Feature", "geometry": {"type": "Polygon", "coordinates": [[[156.0, -30.0], [156.0, -24.0], [150.0, -24.0], [150.0, -30.0], [156.0, -30.0]]]}, "properties": {"name": "S30E150_6x6", "kind": "latlon", "epsg": 4326, "lonMult": 1, "height": 6, "width": 6, "available": 31, "selected": 15, "coverage": 0.8524, "unionFrac": 0.8536, "bw": {"40": 6, "20": 9}}}, {"type": "Feature", "geometry": {"type": "Polygon", "coordinates": [[[180.0, -30.0], [180.0, -24.0], [174.0, -24.0], [174.0, -30.0], [180.0, -30.0]]]}, "properties": {"name": "S30E174_6x6", "kind": "latlon", "epsg": 4326, "lonMult": 1, "height": 6, "width": 6, "available": 2, "selected": 1, "coverage": 0.0124, "unionFrac": 0.0125, "bw": {"20": 1}}}, {"type": "Feature", "geometry": {"type": "Polygon", "coordinates": [[[-174.0, -24.0], [-174.0, -18.0], [-180.0, -18.0], [-180.0, -24.0], [-174.0, -24.0]]]}, "properties": {"name": "S24W180_6x6", "kind": "latlon", "epsg": 4326, "lonMult": 1, "height": 6, "width": 6, "available": 11, "selected": 9, "coverage": 0.3283, "unionFrac": 0.3283, "bw": {"40": 1, "20": 8}}}, {"type": "Feature", "geometry": {"type": "Polygon", "coordinates": [[[-168.0, -24.0], [-168.0, -18.0], [-174.0, -18.0], [-174.0, -24.0], [-168.0, -24.0]]]}, "properties": {"name": "S24W174_6x6", "kind": "latlon", "epsg": 4326, "lonMult": 1, "height": 6, "width": 6, "available": 6, "selected": 4, "coverage": 0.062, "unionFrac": 0.062, "bw": {"40": 1, "20": 3}}}, {"type": "Feature", "geometry": {"type": "Polygon", "coordinates": [[[-144.0, -24.0], [-144.0, -18.0], [-150.0, -18.0], [-150.0, -24.0], [-144.0, -24.0]]]}, "properties": {"name": "S24W150_6x6", "kind": "latlon", "epsg": 4326, "lonMult": 1, "height": 6, "width": 6, "available": 3, "selected": 3, "coverage": 0.0246, "unionFrac": 0.0246, "bw": {"20": 3}}}, {"type": "Feature", "geometry": {"type": "Polygon", "coordinates": [[[-138.0, -24.0], [-138.0, -18.0], [-144.0, -18.0], [-144.0, -24.0], [-138.0, -24.0]]]}, "properties": {"name": "S24W144_6x6", "kind": "latlon", "epsg": 4326, "lonMult": 1, "height": 6, "width": 6, "available": 3, "selected": 3, "coverage": 0.1174, "unionFrac": 0.1174, "bw": {"20": 3}}}, {"type": "Feature", "geometry": {"type": "Polygon", "coordinates": [[[-132.0, -24.0], [-132.0, -18.0], [-138.0, -18.0], [-138.0, -24.0], [-132.0, -24.0]]]}, "properties": {"name": "S24W138_6x6", "kind": "latlon", "epsg": 4326, "lonMult": 1, "height": 6, "width": 6, "available": 2, "selected": 2, "coverage": 0.1795, "unionFrac": 0.1795, "bw": {"20": 2}}}, {"type": "Feature", "geometry": {"type": "Polygon", "coordinates": [[[-72.0, -24.0], [-72.0, -18.0], [-78.0, -18.0], [-78.0, -24.0], [-72.0, -24.0]]]}, "properties": {"name": "S24W078_6x6", "kind": "latlon", "epsg": 4326, "lonMult": 1, "height": 6, "width": 6, "available": 1, "selected": 1, "coverage": 0.0163, "unionFrac": 0.0163, "bw": {"20": 1}}}, {"type": "Feature", "geometry": {"type": "Polygon", "coordinates": [[[-66.0, -24.0], [-66.0, -18.0], [-72.0, -18.0], [-72.0, -24.0], [-66.0, -24.0]]]}, "properties": {"name": "S24W072_6x6", "kind": "latlon", "epsg": 4326, "lonMult": 1, "height": 6, "width": 6, "available": 24, "selected": 13, "coverage": 0.8835, "unionFrac": 0.8849, "bw": {"20": 13}}}, {"type": "Feature", "geometry": {"type": "Polygon", "coordinates": [[[-60.0, -24.0], [-60.0, -18.0], [-66.0, -18.0], [-66.0, -24.0], [-60.0, -24.0]]]}, "properties": {"name": "S24W066_6x6", "kind": "latlon", "epsg": 4326, "lonMult": 1, "height": 6, "width": 6, "available": 38, "selected": 18, "coverage": 0.9985, "unionFrac": 1.0, "bw": {"40": 3, "20": 15}}}, {"type": "Feature", "geometry": {"type": "Polygon", "coordinates": [[[-54.0, -24.0], [-54.0, -18.0], [-60.0, -18.0], [-60.0, -24.0], [-54.0, -24.0]]]}, "properties": {"name": "S24W060_6x6", "kind": "latlon", "epsg": 4326, "lonMult": 1, "height": 6, "width": 6, "available": 42, "selected": 18, "coverage": 0.998, "unionFrac": 1.0, "bw": {"40": 5, "20": 13}}}, {"type": "Feature", "geometry": {"type": "Polygon", "coordinates": [[[-48.0, -24.0], [-48.0, -18.0], [-54.0, -18.0], [-54.0, -24.0], [-48.0, -24.0]]]}, "properties": {"name": "S24W054_6x6", "kind": "latlon", "epsg": 4326, "lonMult": 1, "height": 6, "width": 6, "available": 39, "selected": 23, "coverage": 0.9991, "unionFrac": 1.0, "bw": {"40": 10, "20": 13}}}, {"type": "Feature", "geometry": {"type": "Polygon", "coordinates": [[[-42.0, -24.0], [-42.0, -18.0], [-48.0, -18.0], [-48.0, -24.0], [-42.0, -24.0]]]}, "properties": {"name": "S24W048_6x6", "kind": "latlon", "epsg": 4326, "lonMult": 1, "height": 6, "width": 6, "available": 42, "selected": 23, "coverage": 0.988, "unionFrac": 0.9882, "bw": {"40": 16, "20": 7}}}, {"type": "Feature", "geometry": {"type": "Polygon", "coordinates": [[[-36.0, -24.0], [-36.0, -18.0], [-42.0, -18.0], [-42.0, -24.0], [-36.0, -24.0]]]}, "properties": {"name": "S24W042_6x6", "kind": "latlon", "epsg": 4326, "lonMult": 1, "height": 6, "width": 6, "available": 22, "selected": 13, "coverage": 0.5012, "unionFrac": 0.5021, "bw": {"40": 7, "20": 6}}}, {"type": "Feature", "geometry": {"type": "Polygon", "coordinates": [[[12.0, -24.0], [12.0, -18.0], [6.0, -18.0], [6.0, -24.0], [12.0, -24.0]]]}, "properties": {"name": "S24E006_6x6", "kind": "latlon", "epsg": 4326, "lonMult": 1, "height": 6, "width": 6, "available": 5, "selected": 3, "coverage": 0.1002, "unionFrac": 0.1003, "bw": {"20": 3}}}, {"type": "Feature", "geometry": {"type": "Polygon", "coordinates": [[[18.0, -24.0], [18.0, -18.0], [12.0, -18.0], [12.0, -24.0], [18.0, -24.0]]]}, "properties": {"name": "S24E012_6x6", "kind": "latlon", "epsg": 4326, "lonMult": 1, "height": 6, "width": 6, "available": 31, "selected": 16, "coverage": 0.9459, "unionFrac": 0.9472, "bw": {"40": 2, "20": 14}}}, {"type": "Feature", "geometry": {"type": "Polygon", "coordinates": [[[24.0, -24.0], [24.0, -18.0], [18.0, -18.0], [18.0, -24.0], [24.0, -24.0]]]}, "properties": {"name": "S24E018_6x6", "kind": "latlon", "epsg": 4326, "lonMult": 1, "height": 6, "width": 6, "available": 40, "selected": 19, "coverage": 0.9981, "unionFrac": 1.0, "bw": {"40": 2, "20": 17}}}, {"type": "Feature", "geometry": {"type": "Polygon", "coordinates": [[[30.0, -24.0], [30.0, -18.0], [24.0, -18.0], [24.0, -24.0], [30.0, -24.0]]]}, "properties": {"name": "S24E024_6x6", "kind": "latlon", "epsg": 4326, "lonMult": 1, "height": 6, "width": 6, "available": 42, "selected": 19, "coverage": 0.9997, "unionFrac": 1.0, "bw": {"40": 3, "20": 16}}}, {"type": "Feature", "geometry": {"type": "Polygon", "coordinates": [[[36.0, -24.0], [36.0, -18.0], [30.0, -18.0], [30.0, -24.0], [36.0, -24.0]]]}, "properties": {"name": "S24E030_6x6", "kind": "latlon", "epsg": 4326, "lonMult": 1, "height": 6, "width": 6, "available": 39, "selected": 17, "coverage": 0.9957, "unionFrac": 0.998, "bw": {"40": 5, "20": 12}}}, {"type": "Feature", "geometry": {"type": "Polygon", "coordinates": [[[42.0, -24.0], [42.0, -18.0], [36.0, -18.0], [36.0, -24.0], [42.0, -24.0]]]}, "properties": {"name": "S24E036_6x6", "kind": "latlon", "epsg": 4326, "lonMult": 1, "height": 6, "width": 6, "available": 21, "selected": 13, "coverage": 0.2049, "unionFrac": 0.2065, "bw": {"40": 6, "20": 7}}}, {"type": "Feature", "geometry": {"type": "Polygon", "coordinates": [[[48.0, -24.0], [48.0, -18.0], [42.0, -18.0], [42.0, -24.0], [48.0, -24.0]]]}, "properties": {"name": "S24E042_6x6", "kind": "latlon", "epsg": 4326, "lonMult": 1, "height": 6, "width": 6, "available": 37, "selected": 17, "coverage": 0.9563, "unionFrac": 0.9589, "bw": {"40": 6, "20": 11}}}, {"type": "Feature", "geometry": {"type": "Polygon", "coordinates": [[[54.0, -24.0], [54.0, -18.0], [48.0, -18.0], [48.0, -24.0], [54.0, -24.0]]]}, "properties": {"name": "S24E048_6x6", "kind": "latlon", "epsg": 4326, "lonMult": 1, "height": 6, "width": 6, "available": 19, "selected": 11, "coverage": 0.3424, "unionFrac": 0.3431, "bw": {"40": 3, "20": 8}}}, {"type": "Feature", "geometry": {"type": "Polygon", "coordinates": [[[114.0, -24.0], [114.0, -18.0], [108.0, -18.0], [108.0, -24.0], [114.0, -24.0]]]}, "properties": {"name": "S24E108_6x6", "kind": "latlon", "epsg": 4326, "lonMult": 1, "height": 6, "width": 6, "available": 5, "selected": 5, "coverage": 0.1256, "unionFrac": 0.1256, "bw": {"20": 5}}}, {"type": "Feature", "geometry": {"type": "Polygon", "coordinates": [[[120.0, -24.0], [120.0, -18.0], [114.0, -18.0], [114.0, -24.0], [120.0, -24.0]]]}, "properties": {"name": "S24E114_6x6", "kind": "latlon", "epsg": 4326, "lonMult": 1, "height": 6, "width": 6, "available": 25, "selected": 13, "coverage": 0.6895, "unionFrac": 0.6898, "bw": {"20": 13}}}, {"type": "Feature", "geometry": {"type": "Polygon", "coordinates": [[[126.0, -24.0], [126.0, -18.0], [120.0, -18.0], [120.0, -24.0], [126.0, -24.0]]]}, "properties": {"name": "S24E120_6x6", "kind": "latlon", "epsg": 4326, "lonMult": 1, "height": 6, "width": 6, "available": 33, "selected": 17, "coverage": 0.99, "unionFrac": 0.9912, "bw": {"20": 17}}}, {"type": "Feature", "geometry": {"type": "Polygon", "coordinates": [[[132.0, -24.0], [132.0, -18.0], [126.0, -18.0], [126.0, -24.0], [132.0, -24.0]]]}, "properties": {"name": "S24E126_6x6", "kind": "latlon", "epsg": 4326, "lonMult": 1, "height": 6, "width": 6, "available": 40, "selected": 16, "coverage": 0.9989, "unionFrac": 1.0, "bw": {"20": 16}}}, {"type": "Feature", "geometry": {"type": "Polygon", "coordinates": [[[138.0, -24.0], [138.0, -18.0], [132.0, -18.0], [132.0, -24.0], [138.0, -24.0]]]}, "properties": {"name": "S24E132_6x6", "kind": "latlon", "epsg": 4326, "lonMult": 1, "height": 6, "width": 6, "available": 36, "selected": 16, "coverage": 0.9991, "unionFrac": 1.0, "bw": {"20": 16}}}, {"type": "Feature", "geometry": {"type": "Polygon", "coordinates": [[[144.0, -24.0], [144.0, -18.0], [138.0, -18.0], [138.0, -24.0], [144.0, -24.0]]]}, "properties": {"name": "S24E138_6x6", "kind": "latlon", "epsg": 4326, "lonMult": 1, "height": 6, "width": 6, "available": 38, "selected": 15, "coverage": 0.999, "unionFrac": 1.0, "bw": {"20": 15}}}, {"type": "Feature", "geometry": {"type": "Polygon", "coordinates": [[[150.0, -24.0], [150.0, -18.0], [144.0, -18.0], [144.0, -24.0], [150.0, -24.0]]]}, "properties": {"name": "S24E144_6x6", "kind": "latlon", "epsg": 4326, "lonMult": 1, "height": 6, "width": 6, "available": 37, "selected": 15, "coverage": 0.9683, "unionFrac": 0.9694, "bw": {"20": 15}}}, {"type": "Feature", "geometry": {"type": "Polygon", "coordinates": [[[156.0, -24.0], [156.0, -18.0], [150.0, -18.0], [150.0, -24.0], [156.0, -24.0]]]}, "properties": {"name": "S24E150_6x6", "kind": "latlon", "epsg": 4326, "lonMult": 1, "height": 6, "width": 6, "available": 11, "selected": 7, "coverage": 0.2561, "unionFrac": 0.2562, "bw": {"20": 7}}}, {"type": "Feature", "geometry": {"type": "Polygon", "coordinates": [[[168.0, -24.0], [168.0, -18.0], [162.0, -18.0], [162.0, -24.0], [168.0, -24.0]]]}, "properties": {"name": "S24E162_6x6", "kind": "latlon", "epsg": 4326, "lonMult": 1, "height": 6, "width": 6, "available": 11, "selected": 5, "coverage": 0.3369, "unionFrac": 0.3382, "bw": {"20": 5}}}, {"type": "Feature", "geometry": {"type": "Polygon", "coordinates": [[[174.0, -24.0], [174.0, -18.0], [168.0, -18.0], [168.0, -24.0], [174.0, -24.0]]]}, "properties": {"name": "S24E168_6x6", "kind": "latlon", "epsg": 4326, "lonMult": 1, "height": 6, "width": 6, "available": 9, "selected": 6, "coverage": 0.2559, "unionFrac": 0.2564, "bw": {"20": 6}}}, {"type": "Feature", "geometry": {"type": "Polygon", "coordinates": [[[180.0, -24.0], [180.0, -18.0], [174.0, -18.0], [174.0, -24.0], [180.0, -24.0]]]}, "properties": {"name": "S24E174_6x6", "kind": "latlon", "epsg": 4326, "lonMult": 1, "height": 6, "width": 6, "available": 8, "selected": 5, "coverage": 0.1823, "unionFrac": 0.1823, "bw": {"20": 5}}}, {"type": "Feature", "geometry": {"type": "Polygon", "coordinates": [[[-174.0, -18.0], [-174.0, -12.0], [-180.0, -12.0], [-180.0, -18.0], [-174.0, -18.0]]]}, "properties": {"name": "S18W180_6x6", "kind": "latlon", "epsg": 4326, "lonMult": 1, "height": 6, "width": 6, "available": 7, "selected": 5, "coverage": 0.1807, "unionFrac": 0.1808, "bw": {"20": 5}}}, {"type": "Feature", "geometry": {"type": "Polygon", "coordinates": [[[-168.0, -18.0], [-168.0, -12.0], [-174.0, -12.0], [-174.0, -18.0], [-168.0, -18.0]]]}, "properties": {"name": "S18W174_6x6", "kind": "latlon", "epsg": 4326, "lonMult": 1, "height": 6, "width": 6, "available": 11, "selected": 10, "coverage": 0.2211, "unionFrac": 0.2211, "bw": {"40": 3, "20": 7}}}, {"type": "Feature", "geometry": {"type": "Polygon", "coordinates": [[[-162.0, -18.0], [-162.0, -12.0], [-168.0, -12.0], [-168.0, -18.0], [-162.0, -18.0]]]}, "properties": {"name": "S18W168_6x6", "kind": "latlon", "epsg": 4326, "lonMult": 1, "height": 6, "width": 6, "available": 3, "selected": 3, "coverage": 0.0129, "unionFrac": 0.0129, "bw": {"40": 2, "20": 1}}}, {"type": "Feature", "geometry": {"type": "Polygon", "coordinates": [[[-150.0, -18.0], [-150.0, -12.0], [-156.0, -12.0], [-156.0, -18.0], [-150.0, -18.0]]]}, "properties": {"name": "S18W156_6x6", "kind": "latlon", "epsg": 4326, "lonMult": 1, "height": 6, "width": 6, "available": 2, "selected": 1, "coverage": 0.0988, "unionFrac": 0.0988, "bw": {"20": 1}}}, {"type": "Feature", "geometry": {"type": "Polygon", "coordinates": [[[-144.0, -18.0], [-144.0, -12.0], [-150.0, -12.0], [-150.0, -18.0], [-144.0, -18.0]]]}, "properties": {"name": "S18W150_6x6", "kind": "latlon", "epsg": 4326, "lonMult": 1, "height": 6, "width": 6, "available": 6, "selected": 6, "coverage": 0.355, "unionFrac": 0.355, "bw": {"20": 6}}}, {"type": "Feature", "geometry": {"type": "Polygon", "coordinates": [[[-138.0, -18.0], [-138.0, -12.0], [-144.0, -12.0], [-144.0, -18.0], [-138.0, -18.0]]]}, "properties": {"name": "S18W144_6x6", "kind": "latlon", "epsg": 4326, "lonMult": 1, "height": 6, "width": 6, "available": 4, "selected": 4, "coverage": 0.3645, "unionFrac": 0.3645, "bw": {"20": 4}}}, {"type": "Feature", "geometry": {"type": "Polygon", "coordinates": [[[-78.0, -18.0], [-78.0, -12.0], [-84.0, -12.0], [-84.0, -18.0], [-78.0, -18.0]]]}, "properties": {"name": "S18W084_6x6", "kind": "latlon", "epsg": 4326, "lonMult": 1, "height": 6, "width": 6, "available": 4, "selected": 2, "coverage": 0.0359, "unionFrac": 0.0365, "bw": {"20": 2}}}, {"type": "Feature", "geometry": {"type": "Polygon", "coordinates": [[[-72.0, -18.0], [-72.0, -12.0], [-78.0, -12.0], [-78.0, -18.0], [-72.0, -18.0]]]}, "properties": {"name": "S18W078_6x6", "kind": "latlon", "epsg": 4326, "lonMult": 1, "height": 6, "width": 6, "available": 26, "selected": 13, "coverage": 0.6941, "unionFrac": 0.6963, "bw": {"20": 13}}}, {"type": "Feature", "geometry": {"type": "Polygon", "coordinates": [[[-66.0, -18.0], [-66.0, -12.0], [-72.0, -12.0], [-72.0, -18.0], [-66.0, -18.0]]]}, "properties": {"name": "S18W072_6x6", "kind": "latlon", "epsg": 4326, "lonMult": 1, "height": 6, "width": 6, "available": 29, "selected": 16, "coverage": 0.9957, "unionFrac": 0.9963, "bw": {"20": 16}}}, {"type": "Feature", "geometry": {"type": "Polygon", "coordinates": [[[-60.0, -18.0], [-60.0, -12.0], [-66.0, -12.0], [-66.0, -18.0], [-60.0, -18.0]]]}, "properties": {"name": "S18W066_6x6", "kind": "latlon", "epsg": 4326, "lonMult": 1, "height": 6, "width": 6, "available": 36, "selected": 18, "coverage": 0.9984, "unionFrac": 1.0, "bw": {"40": 5, "20": 13}}}, {"type": "Feature", "geometry": {"type": "Polygon", "coordinates": [[[-54.0, -18.0], [-54.0, -12.0], [-60.0, -12.0], [-60.0, -18.0], [-54.0, -18.0]]]}, "properties": {"name": "S18W060_6x6", "kind": "latlon", "epsg": 4326, "lonMult": 1, "height": 6, "width": 6, "available": 39, "selected": 20, "coverage": 0.9996, "unionFrac": 1.0, "bw": {"40": 5, "20": 15}}}, {"type": "Feature", "geometry": {"type": "Polygon", "coordinates": [[[-48.0, -18.0], [-48.0, -12.0], [-54.0, -12.0], [-54.0, -18.0], [-48.0, -18.0]]]}, "properties": {"name": "S18W054_6x6", "kind": "latlon", "epsg": 4326, "lonMult": 1, "height": 6, "width": 6, "available": 36, "selected": 21, "coverage": 0.9994, "unionFrac": 1.0, "bw": {"40": 7, "20": 14}}}, {"type": "Feature", "geometry": {"type": "Polygon", "coordinates": [[[-42.0, -18.0], [-42.0, -12.0], [-48.0, -12.0], [-48.0, -18.0], [-42.0, -18.0]]]}, "properties": {"name": "S18W048_6x6", "kind": "latlon", "epsg": 4326, "lonMult": 1, "height": 6, "width": 6, "available": 36, "selected": 20, "coverage": 0.9995, "unionFrac": 1.0, "bw": {"40": 5, "20": 15}}}, {"type": "Feature", "geometry": {"type": "Polygon", "coordinates": [[[-36.0, -18.0], [-36.0, -12.0], [-42.0, -12.0], [-42.0, -18.0], [-36.0, -18.0]]]}, "properties": {"name": "S18W042_6x6", "kind": "latlon", "epsg": 4326, "lonMult": 1, "height": 6, "width": 6, "available": 29, "selected": 14, "coverage": 0.7744, "unionFrac": 0.7754, "bw": {"40": 4, "20": 10}}}, {"type": "Feature", "geometry": {"type": "Polygon", "coordinates": [[[-30.0, -18.0], [-30.0, -12.0], [-36.0, -12.0], [-36.0, -18.0], [-30.0, -18.0]]]}, "properties": {"name": "S18W036_6x6", "kind": "latlon", "epsg": 4326, "lonMult": 1, "height": 6, "width": 6, "available": 2, "selected": 1, "coverage": 0.0108, "unionFrac": 0.0116, "bw": {"40": 1}}}, {"type": "Feature", "geometry": {"type": "Polygon", "coordinates": [[[12.0, -18.0], [12.0, -12.0], [6.0, -12.0], [6.0, -18.0], [12.0, -18.0]]]}, "properties": {"name": "S18E006_6x6", "kind": "latlon", "epsg": 4326, "lonMult": 1, "height": 6, "width": 6, "available": 11, "selected": 5, "coverage": 0.2844, "unionFrac": 0.2855, "bw": {"20": 5}}}, {"type": "Feature", "geometry": {"type": "Polygon", "coordinates": [[[18.0, -18.0], [18.0, -12.0], [12.0, -12.0], [12.0, -18.0], [18.0, -18.0]]]}, "properties": {"name": "S18E012_6x6", "kind": "latlon", "epsg": 4326, "lonMult": 1, "height": 6, "width": 6, "available": 39, "selected": 16, "coverage": 0.9817, "unionFrac": 0.9828, "bw": {"40": 2, "20": 14}}}, {"type": "Feature", "geometry": {"type": "Polygon", "coordinates": [[[24.0, -18.0], [24.0, -12.0], [18.0, -12.0], [18.0, -18.0], [24.0, -18.0]]]}, "properties": {"name": "S18E018_6x6", "kind": "latlon", "epsg": 4326, "lonMult": 1, "height": 6, "width": 6, "available": 42, "selected": 16, "coverage": 0.9977, "unionFrac": 1.0, "bw": {"40": 2, "20": 14}}}, {"type": "Feature", "geometry": {"type": "Polygon", "coordinates": [[[30.0, -18.0], [30.0, -12.0], [24.0, -12.0], [24.0, -18.0], [30.0, -18.0]]]}, "properties": {"name": "S18E024_6x6", "kind": "latlon", "epsg": 4326, "lonMult": 1, "height": 6, "width": 6, "available": 41, "selected": 18, "coverage": 0.9989, "unionFrac": 1.0, "bw": {"40": 3, "20": 15}}}, {"type": "Feature", "geometry": {"type": "Polygon", "coordinates": [[[36.0, -18.0], [36.0, -12.0], [30.0, -12.0], [30.0, -18.0], [36.0, -18.0]]]}, "properties": {"name": "S18E030_6x6", "kind": "latlon", "epsg": 4326, "lonMult": 1, "height": 6, "width": 6, "available": 44, "selected": 20, "coverage": 0.9998, "unionFrac": 1.0, "bw": {"40": 5, "20": 15}}}, {"type": "Feature", "geometry": {"type": "Polygon", "coordinates": [[[42.0, -18.0], [42.0, -12.0], [36.0, -12.0], [36.0, -18.0], [42.0, -18.0]]]}, "properties": {"name": "S18E036_6x6", "kind": "latlon", "epsg": 4326, "lonMult": 1, "height": 6, "width": 6, "available": 41, "selected": 19, "coverage": 0.9103, "unionFrac": 0.9112, "bw": {"40": 9, "20": 10}}}, {"type": "Feature", "geometry": {"type": "Polygon", "coordinates": [[[48.0, -18.0], [48.0, -12.0], [42.0, -12.0], [42.0, -18.0], [48.0, -18.0]]]}, "properties": {"name": "S18E042_6x6", "kind": "latlon", "epsg": 4326, "lonMult": 1, "height": 6, "width": 6, "available": 31, "selected": 18, "coverage": 0.6284, "unionFrac": 0.6297, "bw": {"40": 3, "20": 15}}}, {"type": "Feature", "geometry": {"type": "Polygon", "coordinates": [[[54.0, -18.0], [54.0, -12.0], [48.0, -12.0], [48.0, -18.0], [54.0, -18.0]]]}, "properties": {"name": "S18E048_6x6", "kind": "latlon", "epsg": 4326, "lonMult": 1, "height": 6, "width": 6, "available": 17, "selected": 11, "coverage": 0.5789, "unionFrac": 0.5797, "bw": {"40": 2, "20": 9}}}, {"type": "Feature", "geometry": {"type": "Polygon", "coordinates": [[[120.0, -18.0], [120.0, -12.0], [114.0, -12.0], [114.0, -18.0], [120.0, -18.0]]]}, "properties": {"name": "S18E114_6x6", "kind": "latlon", "epsg": 4326, "lonMult": 1, "height": 6, "width": 6, "available": 1, "selected": 1, "coverage": 0.0013, "unionFrac": 0.0013, "bw": {"20": 1}}}, {"type": "Feature", "geometry": {"type": "Polygon", "coordinates": [[[126.0, -18.0], [126.0, -12.0], [120.0, -12.0], [120.0, -18.0], [126.0, -18.0]]]}, "properties": {"name": "S18E120_6x6", "kind": "latlon", "epsg": 4326, "lonMult": 1, "height": 6, "width": 6, "available": 21, "selected": 9, "coverage": 0.4814, "unionFrac": 0.4833, "bw": {"20": 9}}}, {"type": "Feature", "geometry": {"type": "Polygon", "coordinates": [[[132.0, -18.0], [132.0, -12.0], [126.0, -12.0], [126.0, -18.0], [132.0, -18.0]]]}, "properties": {"name": "S18E126_6x6", "kind": "latlon", "epsg": 4326, "lonMult": 1, "height": 6, "width": 6, "available": 36, "selected": 14, "coverage": 0.8735, "unionFrac": 0.8761, "bw": {"20": 14}}}, {"type": "Feature", "geometry": {"type": "Polygon", "coordinates": [[[138.0, -18.0], [138.0, -12.0], [132.0, -12.0], [132.0, -18.0], [138.0, -18.0]]]}, "properties": {"name": "S18E132_6x6", "kind": "latlon", "epsg": 4326, "lonMult": 1, "height": 6, "width": 6, "available": 35, "selected": 14, "coverage": 0.9903, "unionFrac": 0.9915, "bw": {"20": 14}}}, {"type": "Feature", "geometry": {"type": "Polygon", "coordinates": [[[144.0, -18.0], [144.0, -12.0], [138.0, -12.0], [138.0, -18.0], [144.0, -18.0]]]}, "properties": {"name": "S18E138_6x6", "kind": "latlon", "epsg": 4326, "lonMult": 1, "height": 6, "width": 6, "available": 26, "selected": 15, "coverage": 0.8215, "unionFrac": 0.8225, "bw": {"20": 15}}}, {"type": "Feature", "geometry": {"type": "Polygon", "coordinates": [[[150.0, -18.0], [150.0, -12.0], [144.0, -12.0], [144.0, -18.0], [150.0, -18.0]]]}, "properties": {"name": "S18E144_6x6", "kind": "latlon", "epsg": 4326, "lonMult": 1, "height": 6, "width": 6, "available": 20, "selected": 11, "coverage": 0.4792, "unionFrac": 0.4797, "bw": {"20": 11}}}, {"type": "Feature", "geometry": {"type": "Polygon", "coordinates": [[[156.0, -18.0], [156.0, -12.0], [150.0, -12.0], [150.0, -18.0], [156.0, -18.0]]]}, "properties": {"name": "S18E150_6x6", "kind": "latlon", "epsg": 4326, "lonMult": 1, "height": 6, "width": 6, "available": 1, "selected": 1, "coverage": 0.0087, "unionFrac": 0.0087, "bw": {"20": 1}}}, {"type": "Feature", "geometry": {"type": "Polygon", "coordinates": [[[162.0, -18.0], [162.0, -12.0], [156.0, -12.0], [156.0, -18.0], [162.0, -18.0]]]}, "properties": {"name": "S18E156_6x6", "kind": "latlon", "epsg": 4326, "lonMult": 1, "height": 6, "width": 6, "available": 3, "selected": 2, "coverage": 0.0267, "unionFrac": 0.0272, "bw": {"20": 2}}}, {"type": "Feature", "geometry": {"type": "Polygon", "coordinates": [[[168.0, -18.0], [168.0, -12.0], [162.0, -12.0], [162.0, -18.0], [168.0, -18.0]]]}, "properties": {"name": "S18E162_6x6", "kind": "latlon", "epsg": 4326, "lonMult": 1, "height": 6, "width": 6, "available": 11, "selected": 7, "coverage": 0.3223, "unionFrac": 0.3232, "bw": {"20": 7}}}, {"type": "Feature", "geometry": {"type": "Polygon", "coordinates": [[[174.0, -18.0], [174.0, -12.0], [168.0, -12.0], [168.0, -18.0], [174.0, -18.0]]]}, "properties": {"name": "S18E168_6x6", "kind": "latlon", "epsg": 4326, "lonMult": 1, "height": 6, "width": 6, "available": 10, "selected": 5, "coverage": 0.2427, "unionFrac": 0.2435, "bw": {"20": 5}}}, {"type": "Feature", "geometry": {"type": "Polygon", "coordinates": [[[180.0, -18.0], [180.0, -12.0], [174.0, -12.0], [174.0, -18.0], [180.0, -18.0]]]}, "properties": {"name": "S18E174_6x6", "kind": "latlon", "epsg": 4326, "lonMult": 1, "height": 6, "width": 6, "available": 9, "selected": 4, "coverage": 0.2175, "unionFrac": 0.2181, "bw": {"20": 4}}}, {"type": "Feature", "geometry": {"type": "Polygon", "coordinates": [[[-138.0, -12.0], [-138.0, -6.0], [-144.0, -6.0], [-144.0, -12.0], [-138.0, -12.0]]]}, "properties": {"name": "S12W144_6x6", "kind": "latlon", "epsg": 4326, "lonMult": 1, "height": 6, "width": 6, "available": 3, "selected": 3, "coverage": 0.1513, "unionFrac": 0.1513, "bw": {"20": 3}}}, {"type": "Feature", "geometry": {"type": "Polygon", "coordinates": [[[-132.0, -12.0], [-132.0, -6.0], [-138.0, -6.0], [-138.0, -12.0], [-132.0, -12.0]]]}, "properties": {"name": "S12W138_6x6", "kind": "latlon", "epsg": 4326, "lonMult": 1, "height": 6, "width": 6, "available": 2, "selected": 2, "coverage": 0.0351, "unionFrac": 0.0351, "bw": {"20": 2}}}, {"type": "Feature", "geometry": {"type": "Polygon", "coordinates": [[[-78.0, -12.0], [-78.0, -6.0], [-84.0, -6.0], [-84.0, -12.0], [-78.0, -12.0]]]}, "properties": {"name": "S12W084_6x6", "kind": "latlon", "epsg": 4326, "lonMult": 1, "height": 6, "width": 6, "available": 20, "selected": 11, "coverage": 0.4169, "unionFrac": 0.4169, "bw": {"40": 7, "20": 4}}}, {"type": "Feature", "geometry": {"type": "Polygon", "coordinates": [[[-72.0, -12.0], [-72.0, -6.0], [-78.0, -6.0], [-78.0, -12.0], [-72.0, -12.0]]]}, "properties": {"name": "S12W078_6x6", "kind": "latlon", "epsg": 4326, "lonMult": 1, "height": 6, "width": 6, "available": 42, "selected": 16, "coverage": 0.9974, "unionFrac": 1.0, "bw": {"40": 5, "20": 11}}}, {"type": "Feature", "geometry": {"type": "Polygon", "coordinates": [[[-66.0, -12.0], [-66.0, -6.0], [-72.0, -6.0], [-72.0, -12.0], [-66.0, -12.0]]]}, "properties": {"name": "S12W072_6x6", "kind": "latlon", "epsg": 4326, "lonMult": 1, "height": 6, "width": 6, "available": 35, "selected": 18, "coverage": 0.9981, "unionFrac": 1.0, "bw": {"20": 18}}}, {"type": "Feature", "geometry": {"type": "Polygon", "coordinates": [[[-60.0, -12.0], [-60.0, -6.0], [-66.0, -6.0], [-66.0, -12.0], [-60.0, -12.0]]]}, "properties": {"name": "S12W066_6x6", "kind": "latlon", "epsg": 4326, "lonMult": 1, "height": 6, "width": 6, "available": 35, "selected": 16, "coverage": 0.9989, "unionFrac": 1.0, "bw": {"20": 16}}}, {"type": "Feature", "geometry": {"type": "Polygon", "coordinates": [[[-54.0, -12.0], [-54.0, -6.0], [-60.0, -6.0], [-60.0, -12.0], [-54.0, -12.0]]]}, "properties": {"name": "S12W060_6x6", "kind": "latlon", "epsg": 4326, "lonMult": 1, "height": 6, "width": 6, "available": 35, "selected": 17, "coverage": 0.9984, "unionFrac": 1.0, "bw": {"20": 17}}}, {"type": "Feature", "geometry": {"type": "Polygon", "coordinates": [[[-48.0, -12.0], [-48.0, -6.0], [-54.0, -6.0], [-54.0, -12.0], [-48.0, -12.0]]]}, "properties": {"name": "S12W054_6x6", "kind": "latlon", "epsg": 4326, "lonMult": 1, "height": 6, "width": 6, "available": 37, "selected": 18, "coverage": 0.9989, "unionFrac": 1.0, "bw": {"20": 18}}}, {"type": "Feature", "geometry": {"type": "Polygon", "coordinates": [[[-42.0, -12.0], [-42.0, -6.0], [-48.0, -6.0], [-48.0, -12.0], [-42.0, -12.0]]]}, "properties": {"name": "S12W048_6x6", "kind": "latlon", "epsg": 4326, "lonMult": 1, "height": 6, "width": 6, "available": 34, "selected": 18, "coverage": 0.9988, "unionFrac": 1.0, "bw": {"20": 18}}}, {"type": "Feature", "geometry": {"type": "Polygon", "coordinates": [[[-36.0, -12.0], [-36.0, -6.0], [-42.0, -6.0], [-42.0, -12.0], [-36.0, -12.0]]]}, "properties": {"name": "S12W042_6x6", "kind": "latlon", "epsg": 4326, "lonMult": 1, "height": 6, "width": 6, "available": 42, "selected": 19, "coverage": 0.999, "unionFrac": 1.0, "bw": {"40": 7, "20": 12}}}, {"type": "Feature", "geometry": {"type": "Polygon", "coordinates": [[[-30.0, -12.0], [-30.0, -6.0], [-36.0, -6.0], [-36.0, -12.0], [-30.0, -12.0]]]}, "properties": {"name": "S12W036_6x6", "kind": "latlon", "epsg": 4326, "lonMult": 1, "height": 6, "width": 6, "available": 16, "selected": 9, "coverage": 0.3412, "unionFrac": 0.3423, "bw": {"40": 8, "20": 1}}}, {"type": "Feature", "geometry": {"type": "Polygon", "coordinates": [[[12.0, -12.0], [12.0, -6.0], [6.0, -6.0], [6.0, -12.0], [12.0, -12.0]]]}, "properties": {"name": "S12E006_6x6", "kind": "latlon", "epsg": 4326, "lonMult": 1, "height": 6, "width": 6, "available": 6, "selected": 3, "coverage": 0.0754, "unionFrac": 0.0762, "bw": {"20": 3}}}, {"type": "Feature", "geometry": {"type": "Polygon", "coordinates": [[[18.0, -12.0], [18.0, -6.0], [12.0, -6.0], [12.0, -12.0], [18.0, -12.0]]]}, "properties": {"name": "S12E012_6x6", "kind": "latlon", "epsg": 4326, "lonMult": 1, "height": 6, "width": 6, "available": 36, "selected": 16, "coverage": 0.9787, "unionFrac": 0.9809, "bw": {"20": 16}}}, {"type": "Feature", "geometry": {"type": "Polygon", "coordinates": [[[24.0, -12.0], [24.0, -6.0], [18.0, -6.0], [18.0, -12.0], [24.0, -12.0]]]}, "properties": {"name": "S12E018_6x6", "kind": "latlon", "epsg": 4326, "lonMult": 1, "height": 6, "width": 6, "available": 42, "selected": 16, "coverage": 0.9994, "unionFrac": 1.0, "bw": {"20": 16}}}, {"type": "Feature", "geometry": {"type": "Polygon", "coordinates": [[[30.0, -12.0], [30.0, -6.0], [24.0, -6.0], [24.0, -12.0], [30.0, -12.0]]]}, "properties": {"name": "S12E024_6x6", "kind": "latlon", "epsg": 4326, "lonMult": 1, "height": 6, "width": 6, "available": 40, "selected": 16, "coverage": 0.9979, "unionFrac": 1.0, "bw": {"20": 16}}}, {"type": "Feature", "geometry": {"type": "Polygon", "coordinates": [[[36.0, -12.0], [36.0, -6.0], [30.0, -6.0], [30.0, -12.0], [36.0, -12.0]]]}, "properties": {"name": "S12E030_6x6", "kind": "latlon", "epsg": 4326, "lonMult": 1, "height": 6, "width": 6, "available": 44, "selected": 22, "coverage": 0.9974, "unionFrac": 1.0, "bw": {"40": 6, "20": 16}}}, {"type": "Feature", "geometry": {"type": "Polygon", "coordinates": [[[42.0, -12.0], [42.0, -6.0], [36.0, -6.0], [36.0, -12.0], [42.0, -12.0]]]}, "properties": {"name": "S12E036_6x6", "kind": "latlon", "epsg": 4326, "lonMult": 1, "height": 6, "width": 6, "available": 38, "selected": 18, "coverage": 0.9075, "unionFrac": 0.908, "bw": {"40": 6, "20": 12}}}, {"type": "Feature", "geometry": {"type": "Polygon", "coordinates": [[[48.0, -12.0], [48.0, -6.0], [42.0, -6.0], [42.0, -12.0], [48.0, -12.0]]]}, "properties": {"name": "S12E042_6x6", "kind": "latlon", "epsg": 4326, "lonMult": 1, "height": 6, "width": 6, "available": 7, "selected": 5, "coverage": 0.0933, "unionFrac": 0.0933, "bw": {"20": 5}}}, {"type": "Feature", "geometry": {"type": "Polygon", "coordinates": [[[54.0, -12.0], [54.0, -6.0], [48.0, -6.0], [48.0, -12.0], [54.0, -12.0]]]}, "properties": {"name": "S12E048_6x6", "kind": "latlon", "epsg": 4326, "lonMult": 1, "height": 6, "width": 6, "available": 2, "selected": 2, "coverage": 0.0132, "unionFrac": 0.0132, "bw": {"20": 2}}}, {"type": "Feature", "geometry": {"type": "Polygon", "coordinates": [[[60.0, -12.0], [60.0, -6.0], [54.0, -6.0], [54.0, -12.0], [60.0, -12.0]]]}, "properties": {"name": "S12E054_6x6", "kind": "latlon", "epsg": 4326, "lonMult": 1, "height": 6, "width": 6, "available": 2, "selected": 1, "coverage": 0.0094, "unionFrac": 0.0094, "bw": {"20": 1}}}, {"type": "Feature", "geometry": {"type": "Polygon", "coordinates": [[[102.0, -12.0], [102.0, -6.0], [96.0, -6.0], [96.0, -12.0], [102.0, -12.0]]]}, "properties": {"name": "S12E096_6x6", "kind": "latlon", "epsg": 4326, "lonMult": 1, "height": 6, "width": 6, "available": 3, "selected": 1, "coverage": 0.0187, "unionFrac": 0.0187, "bw": {"40": 1}}}, {"type": "Feature", "geometry": {"type": "Polygon", "coordinates": [[[108.0, -12.0], [108.0, -6.0], [102.0, -6.0], [102.0, -12.0], [108.0, -12.0]]]}, "properties": {"name": "S12E102_6x6", "kind": "latlon", "epsg": 4326, "lonMult": 1, "height": 6, "width": 6, "available": 19, "selected": 12, "coverage": 0.4014, "unionFrac": 0.4023, "bw": {"40": 11, "20": 1}}}, {"type": "Feature", "geometry": {"type": "Polygon", "coordinates": [[[114.0, -12.0], [114.0, -6.0], [108.0, -6.0], [108.0, -12.0], [114.0, -12.0]]]}, "properties": {"name": "S12E108_6x6", "kind": "latlon", "epsg": 4326, "lonMult": 1, "height": 6, "width": 6, "available": 28, "selected": 12, "coverage": 0.5784, "unionFrac": 0.5797, "bw": {"40": 12}}}, {"type": "Feature", "geometry": {"type": "Polygon", "coordinates": [[[120.0, -12.0], [120.0, -6.0], [114.0, -6.0], [114.0, -12.0], [120.0, -12.0]]]}, "properties": {"name": "S12E114_6x6", "kind": "latlon", "epsg": 4326, "lonMult": 1, "height": 6, "width": 6, "available": 32, "selected": 16, "coverage": 0.73, "unionFrac": 0.7302, "bw": {"40": 12, "20": 4}}}, {"type": "Feature", "geometry": {"type": "Polygon", "coordinates": [[[126.0, -12.0], [126.0, -6.0], [120.0, -6.0], [120.0, -12.0], [126.0, -12.0]]]}, "properties": {"name": "S12E120_6x6", "kind": "latlon", "epsg": 4326, "lonMult": 1, "height": 6, "width": 6, "available": 42, "selected": 25, "coverage": 0.9004, "unionFrac": 0.9006, "bw": {"40": 18, "20": 7}}}, {"type": "Feature", "geometry": {"type": "Polygon", "coordinates": [[[132.0, -12.0], [132.0, -6.0], [126.0, -6.0], [126.0, -12.0], [132.0, -12.0]]]}, "properties": {"name": "S12E126_6x6", "kind": "latlon", "epsg": 4326, "lonMult": 1, "height": 6, "width": 6, "available": 33, "selected": 20, "coverage": 0.7532, "unionFrac": 0.7554, "bw": {"40": 8, "20": 12}}}, {"type": "Feature", "geometry": {"type": "Polygon", "coordinates": [[[138.0, -12.0], [138.0, -6.0], [132.0, -6.0], [132.0, -12.0], [138.0, -12.0]]]}, "properties": {"name": "S12E132_6x6", "kind": "latlon", "epsg": 4326, "lonMult": 1, "height": 6, "width": 6, "available": 31, "selected": 20, "coverage": 0.5196, "unionFrac": 0.5196, "bw": {"20": 20}}}, {"type": "Feature", "geometry": {"type": "Polygon", "coordinates": [[[144.0, -12.0], [144.0, -6.0], [138.0, -6.0], [138.0, -12.0], [144.0, -12.0]]]}, "properties": {"name": "S12E138_6x6", "kind": "latlon", "epsg": 4326, "lonMult": 1, "height": 6, "width": 6, "available": 31, "selected": 17, "coverage": 0.8539, "unionFrac": 0.855, "bw": {"20": 17}}}, {"type": "Feature", "geometry": {"type": "Polygon", "coordinates": [[[150.0, -12.0], [150.0, -6.0], [144.0, -6.0], [144.0, -12.0], [150.0, -12.0]]]}, "properties": {"name": "S12E144_6x6", "kind": "latlon", "epsg": 4326, "lonMult": 1, "height": 6, "width": 6, "available": 32, "selected": 22, "coverage": 0.7411, "unionFrac": 0.7426, "bw": {"40": 6, "20": 16}}}, {"type": "Feature", "geometry": {"type": "Polygon", "coordinates": [[[156.0, -12.0], [156.0, -6.0], [150.0, -6.0], [150.0, -12.0], [156.0, -12.0]]]}, "properties": {"name": "S12E150_6x6", "kind": "latlon", "epsg": 4326, "lonMult": 1, "height": 6, "width": 6, "available": 21, "selected": 16, "coverage": 0.5608, "unionFrac": 0.5625, "bw": {"20": 16}}}, {"type": "Feature", "geometry": {"type": "Polygon", "coordinates": [[[162.0, -12.0], [162.0, -6.0], [156.0, -6.0], [156.0, -12.0], [162.0, -12.0]]]}, "properties": {"name": "S12E156_6x6", "kind": "latlon", "epsg": 4326, "lonMult": 1, "height": 6, "width": 6, "available": 17, "selected": 11, "coverage": 0.6445, "unionFrac": 0.6447, "bw": {"20": 11}}}, {"type": "Feature", "geometry": {"type": "Polygon", "coordinates": [[[168.0, -12.0], [168.0, -6.0], [162.0, -6.0], [162.0, -12.0], [168.0, -12.0]]]}, "properties": {"name": "S12E162_6x6", "kind": "latlon", "epsg": 4326, "lonMult": 1, "height": 6, "width": 6, "available": 5, "selected": 5, "coverage": 0.1734, "unionFrac": 0.1734, "bw": {"20": 5}}}, {"type": "Feature", "geometry": {"type": "Polygon", "coordinates": [[[180.0, -12.0], [180.0, -6.0], [174.0, -6.0], [174.0, -12.0], [180.0, -12.0]]]}, "properties": {"name": "S12E174_6x6", "kind": "latlon", "epsg": 4326, "lonMult": 1, "height": 6, "width": 6, "available": 4, "selected": 4, "coverage": 0.2052, "unionFrac": 0.2052, "bw": {"20": 4}}}, {"type": "Feature", "geometry": {"type": "Polygon", "coordinates": [[[-168.0, -6.0], [-168.0, 0.0], [-174.0, 0.0], [-174.0, -6.0], [-168.0, -6.0]]]}, "properties": {"name": "S06W174_6x6", "kind": "latlon", "epsg": 4326, "lonMult": 1, "height": 6, "width": 6, "available": 2, "selected": 2, "coverage": 0.1387, "unionFrac": 0.1387, "bw": {"20": 2}}}, {"type": "Feature", "geometry": {"type": "Polygon", "coordinates": [[[-90.0, -6.0], [-90.0, 0.0], [-96.0, 0.0], [-96.0, -6.0], [-90.0, -6.0]]]}, "properties": {"name": "S06W096_6x6", "kind": "latlon", "epsg": 4326, "lonMult": 1, "height": 6, "width": 6, "available": 6, "selected": 3, "coverage": 0.1376, "unionFrac": 0.1386, "bw": {"20": 3}}}, {"type": "Feature", "geometry": {"type": "Polygon", "coordinates": [[[-84.0, -6.0], [-84.0, 0.0], [-90.0, 0.0], [-90.0, -6.0], [-84.0, -6.0]]]}, "properties": {"name": "S06W090_6x6", "kind": "latlon", "epsg": 4326, "lonMult": 1, "height": 6, "width": 6, "available": 4, "selected": 2, "coverage": 0.0714, "unionFrac": 0.0714, "bw": {"20": 2}}}, {"type": "Feature", "geometry": {"type": "Polygon", "coordinates": [[[-78.0, -6.0], [-78.0, 0.0], [-84.0, 0.0], [-84.0, -6.0], [-78.0, -6.0]]]}, "properties": {"name": "S06W084_6x6", "kind": "latlon", "epsg": 4326, "lonMult": 1, "height": 6, "width": 6, "available": 31, "selected": 17, "coverage": 0.8095, "unionFrac": 0.8107, "bw": {"40": 12, "20": 5}}}, {"type": "Feature", "geometry": {"type": "Polygon", "coordinates": [[[-72.0, -6.0], [-72.0, 0.0], [-78.0, 0.0], [-78.0, -6.0], [-72.0, -6.0]]]}, "properties": {"name": "S06W078_6x6", "kind": "latlon", "epsg": 4326, "lonMult": 1, "height": 6, "width": 6, "available": 42, "selected": 17, "coverage": 0.9976, "unionFrac": 1.0, "bw": {"40": 5, "20": 12}}}, {"type": "Feature", "geometry": {"type": "Polygon", "coordinates": [[[-66.0, -6.0], [-66.0, 0.0], [-72.0, 0.0], [-72.0, -6.0], [-66.0, -6.0]]]}, "properties": {"name": "S06W072_6x6", "kind": "latlon", "epsg": 4326, "lonMult": 1, "height": 6, "width": 6, "available": 41, "selected": 18, "coverage": 0.9979, "unionFrac": 1.0, "bw": {"20": 18}}}, {"type": "Feature", "geometry": {"type": "Polygon", "coordinates": [[[-60.0, -6.0], [-60.0, 0.0], [-66.0, 0.0], [-66.0, -6.0], [-60.0, -6.0]]]}, "properties": {"name": "S06W066_6x6", "kind": "latlon", "epsg": 4326, "lonMult": 1, "height": 6, "width": 6, "available": 39, "selected": 18, "coverage": 0.9998, "unionFrac": 1.0, "bw": {"40": 3, "20": 15}}}, {"type": "Feature", "geometry": {"type": "Polygon", "coordinates": [[[-54.0, -6.0], [-54.0, 0.0], [-60.0, 0.0], [-60.0, -6.0], [-54.0, -6.0]]]}, "properties": {"name": "S06W060_6x6", "kind": "latlon", "epsg": 4326, "lonMult": 1, "height": 6, "width": 6, "available": 40, "selected": 18, "coverage": 0.9998, "unionFrac": 1.0, "bw": {"40": 2, "20": 16}}}, {"type": "Feature", "geometry": {"type": "Polygon", "coordinates": [[[-48.0, -6.0], [-48.0, 0.0], [-54.0, 0.0], [-54.0, -6.0], [-48.0, -6.0]]]}, "properties": {"name": "S06W054_6x6", "kind": "latlon", "epsg": 4326, "lonMult": 1, "height": 6, "width": 6, "available": 42, "selected": 17, "coverage": 0.9978, "unionFrac": 1.0, "bw": {"40": 3, "20": 14}}}, {"type": "Feature", "geometry": {"type": "Polygon", "coordinates": [[[-42.0, -6.0], [-42.0, 0.0], [-48.0, 0.0], [-48.0, -6.0], [-42.0, -6.0]]]}, "properties": {"name": "S06W048_6x6", "kind": "latlon", "epsg": 4326, "lonMult": 1, "height": 6, "width": 6, "available": 32, "selected": 17, "coverage": 0.8735, "unionFrac": 0.8745, "bw": {"40": 5, "20": 12}}}, {"type": "Feature", "geometry": {"type": "Polygon", "coordinates": [[[-36.0, -6.0], [-36.0, 0.0], [-42.0, 0.0], [-42.0, -6.0], [-36.0, -6.0]]]}, "properties": {"name": "S06W042_6x6", "kind": "latlon", "epsg": 4326, "lonMult": 1, "height": 6, "width": 6, "available": 21, "selected": 12, "coverage": 0.5553, "unionFrac": 0.5558, "bw": {"40": 3, "20": 9}}}, {"type": "Feature", "geometry": {"type": "Polygon", "coordinates": [[[-30.0, -6.0], [-30.0, 0.0], [-36.0, 0.0], [-36.0, -6.0], [-30.0, -6.0]]]}, "properties": {"name": "S06W036_6x6", "kind": "latlon", "epsg": 4326, "lonMult": 1, "height": 6, "width": 6, "available": 6, "selected": 4, "coverage": 0.0947, "unionFrac": 0.0947, "bw": {"40": 2, "20": 2}}}, {"type": "Feature", "geometry": {"type": "Polygon", "coordinates": [[[6.0, -6.0], [6.0, 0.0], [0.0, 0.0], [0.0, -6.0], [6.0, -6.0]]]}, "properties": {"name": "S06E000_6x6", "kind": "latlon", "epsg": 4326, "lonMult": 1, "height": 6, "width": 6, "available": 1, "selected": 1, "coverage": 0.0015, "unionFrac": 0.0015, "bw": {"20": 1}}}, {"type": "Feature", "geometry": {"type": "Polygon", "coordinates": [[[12.0, -6.0], [12.0, 0.0], [6.0, 0.0], [6.0, -6.0], [12.0, -6.0]]]}, "properties": {"name": "S06E006_6x6", "kind": "latlon", "epsg": 4326, "lonMult": 1, "height": 6, "width": 6, "available": 19, "selected": 11, "coverage": 0.5405, "unionFrac": 0.5414, "bw": {"20": 11}}}, {"type": "Feature", "geometry": {"type": "Polygon", "coordinates": [[[18.0, -6.0], [18.0, 0.0], [12.0, 0.0], [12.0, -6.0], [18.0, -6.0]]]}, "properties": {"name": "S06E012_6x6", "kind": "latlon", "epsg": 4326, "lonMult": 1, "height": 6, "width": 6, "available": 38, "selected": 18, "coverage": 0.9999, "unionFrac": 1.0, "bw": {"20": 18}}}, {"type": "Feature", "geometry": {"type": "Polygon", "coordinates": [[[24.0, -6.0], [24.0, 0.0], [18.0, 0.0], [18.0, -6.0], [24.0, -6.0]]]}, "properties": {"name": "S06E018_6x6", "kind": "latlon", "epsg": 4326, "lonMult": 1, "height": 6, "width": 6, "available": 36, "selected": 20, "coverage": 0.9999, "unionFrac": 1.0, "bw": {"20": 20}}}, {"type": "Feature", "geometry": {"type": "Polygon", "coordinates": [[[30.0, -6.0], [30.0, 0.0], [24.0, 0.0], [24.0, -6.0], [30.0, -6.0]]]}, "properties": {"name": "S06E024_6x6", "kind": "latlon", "epsg": 4326, "lonMult": 1, "height": 6, "width": 6, "available": 44, "selected": 16, "coverage": 0.997, "unionFrac": 1.0, "bw": {"40": 6, "20": 10}}}, {"type": "Feature", "geometry": {"type": "Polygon", "coordinates": [[[36.0, -6.0], [36.0, 0.0], [30.0, 0.0], [30.0, -6.0], [36.0, -6.0]]]}, "properties": {"name": "S06E030_6x6", "kind": "latlon", "epsg": 4326, "lonMult": 1, "height": 6, "width": 6, "available": 46, "selected": 21, "coverage": 0.9993, "unionFrac": 1.0, "bw": {"40": 10, "20": 11}}}, {"type": "Feature", "geometry": {"type": "Polygon", "coordinates": [[[42.0, -6.0], [42.0, 0.0], [36.0, 0.0], [36.0, -6.0], [42.0, -6.0]]]}, "properties": {"name": "S06E036_6x6", "kind": "latlon", "epsg": 4326, "lonMult": 1, "height": 6, "width": 6, "available": 36, "selected": 19, "coverage": 0.9589, "unionFrac": 0.9589, "bw": {"40": 7, "20": 12}}}, {"type": "Feature", "geometry": {"type": "Polygon", "coordinates": [[[48.0, -6.0], [48.0, 0.0], [42.0, 0.0], [42.0, -6.0], [48.0, -6.0]]]}, "properties": {"name": "S06E042_6x6", "kind": "latlon", "epsg": 4326, "lonMult": 1, "height": 6, "width": 6, "available": 7, "selected": 6, "coverage": 0.1023, "unionFrac": 0.1023, "bw": {"40": 1, "20": 5}}}, {"type": "Feature", "geometry": {"type": "Polygon", "coordinates": [[[54.0, -6.0], [54.0, 0.0], [48.0, 0.0], [48.0, -6.0], [54.0, -6.0]]]}, "properties": {"name": "S06E048_6x6", "kind": "latlon", "epsg": 4326, "lonMult": 1, "height": 6, "width": 6, "available": 4, "selected": 1, "coverage": 0.0169, "unionFrac": 0.0173, "bw": {"20": 1}}}, {"type": "Feature", "geometry": {"type": "Polygon", "coordinates": [[[60.0, -6.0], [60.0, 0.0], [54.0, 0.0], [54.0, -6.0], [60.0, -6.0]]]}, "properties": {"name": "S06E054_6x6", "kind": "latlon", "epsg": 4326, "lonMult": 1, "height": 6, "width": 6, "available": 4, "selected": 2, "coverage": 0.1577, "unionFrac": 0.1577, "bw": {"20": 2}}}, {"type": "Feature", "geometry": {"type": "Polygon", "coordinates": [[[96.0, -6.0], [96.0, 0.0], [90.0, 0.0], [90.0, -6.0], [96.0, -6.0]]]}, "properties": {"name": "S06E090_6x6", "kind": "latlon", "epsg": 4326, "lonMult": 1, "height": 6, "width": 6, "available": 2, "selected": 2, "coverage": 0.0171, "unionFrac": 0.0171, "bw": {"40": 2}}}, {"type": "Feature", "geometry": {"type": "Polygon", "coordinates": [[[102.0, -6.0], [102.0, 0.0], [96.0, 0.0], [96.0, -6.0], [102.0, -6.0]]]}, "properties": {"name": "S06E096_6x6", "kind": "latlon", "epsg": 4326, "lonMult": 1, "height": 6, "width": 6, "available": 23, "selected": 14, "coverage": 0.6491, "unionFrac": 0.6496, "bw": {"40": 14}}}, {"type": "Feature", "geometry": {"type": "Polygon", "coordinates": [[[108.0, -6.0], [108.0, 0.0], [102.0, 0.0], [102.0, -6.0], [108.0, -6.0]]]}, "properties": {"name": "S06E102_6x6", "kind": "latlon", "epsg": 4326, "lonMult": 1, "height": 6, "width": 6, "available": 39, "selected": 19, "coverage": 0.9748, "unionFrac": 0.9763, "bw": {"40": 17, "20": 2}}}, {"type": "Feature", "geometry": {"type": "Polygon", "coordinates": [[[114.0, -6.0], [114.0, 0.0], [108.0, 0.0], [108.0, -6.0], [114.0, -6.0]]]}, "properties": {"name": "S06E108_6x6", "kind": "latlon", "epsg": 4326, "lonMult": 1, "height": 6, "width": 6, "available": 48, "selected": 30, "coverage": 0.8332, "unionFrac": 0.8337, "bw": {"40": 16, "20": 14}}}, {"type": "Feature", "geometry": {"type": "Polygon", "coordinates": [[[120.0, -6.0], [120.0, 0.0], [114.0, 0.0], [114.0, -6.0], [120.0, -6.0]]]}, "properties": {"name": "S06E114_6x6", "kind": "latlon", "epsg": 4326, "lonMult": 1, "height": 6, "width": 6, "available": 41, "selected": 24, "coverage": 0.9561, "unionFrac": 0.9573, "bw": {"40": 9, "20": 15}}}, {"type": "Feature", "geometry": {"type": "Polygon", "coordinates": [[[126.0, -6.0], [126.0, 0.0], [120.0, 0.0], [120.0, -6.0], [126.0, -6.0]]]}, "properties": {"name": "S06E120_6x6", "kind": "latlon", "epsg": 4326, "lonMult": 1, "height": 6, "width": 6, "available": 36, "selected": 19, "coverage": 0.9342, "unionFrac": 0.935, "bw": {"40": 4, "20": 15}}}, {"type": "Feature", "geometry": {"type": "Polygon", "coordinates": [[[132.0, -6.0], [132.0, 0.0], [126.0, 0.0], [126.0, -6.0], [132.0, -6.0]]]}, "properties": {"name": "S06E126_6x6", "kind": "latlon", "epsg": 4326, "lonMult": 1, "height": 6, "width": 6, "available": 34, "selected": 20, "coverage": 0.8658, "unionFrac": 0.8666, "bw": {"40": 5, "20": 15}}}, {"type": "Feature", "geometry": {"type": "Polygon", "coordinates": [[[138.0, -6.0], [138.0, 0.0], [132.0, 0.0], [132.0, -6.0], [138.0, -6.0]]]}, "properties": {"name": "S06E132_6x6", "kind": "latlon", "epsg": 4326, "lonMult": 1, "height": 6, "width": 6, "available": 32, "selected": 15, "coverage": 0.96, "unionFrac": 0.9615, "bw": {"20": 15}}}, {"type": "Feature", "geometry": {"type": "Polygon", "coordinates": [[[144.0, -6.0], [144.0, 0.0], [138.0, 0.0], [138.0, -6.0], [144.0, -6.0]]]}, "properties": {"name": "S06E138_6x6", "kind": "latlon", "epsg": 4326, "lonMult": 1, "height": 6, "width": 6, "available": 29, "selected": 14, "coverage": 0.6921, "unionFrac": 0.6943, "bw": {"40": 5, "20": 9}}}, {"type": "Feature", "geometry": {"type": "Polygon", "coordinates": [[[150.0, -6.0], [150.0, 0.0], [144.0, 0.0], [144.0, -6.0], [150.0, -6.0]]]}, "properties": {"name": "S06E144_6x6", "kind": "latlon", "epsg": 4326, "lonMult": 1, "height": 6, "width": 6, "available": 23, "selected": 14, "coverage": 0.5607, "unionFrac": 0.5608, "bw": {"20": 14}}}, {"type": "Feature", "geometry": {"type": "Polygon", "coordinates": [[[156.0, -6.0], [156.0, 0.0], [150.0, 0.0], [150.0, -6.0], [156.0, -6.0]]]}, "properties": {"name": "S06E150_6x6", "kind": "latlon", "epsg": 4326, "lonMult": 1, "height": 6, "width": 6, "available": 19, "selected": 11, "coverage": 0.5682, "unionFrac": 0.5694, "bw": {"20": 11}}}, {"type": "Feature", "geometry": {"type": "Polygon", "coordinates": [[[162.0, -6.0], [162.0, 0.0], [156.0, 0.0], [156.0, -6.0], [162.0, -6.0]]]}, "properties": {"name": "S06E156_6x6", "kind": "latlon", "epsg": 4326, "lonMult": 1, "height": 6, "width": 6, "available": 6, "selected": 5, "coverage": 0.1375, "unionFrac": 0.1375, "bw": {"20": 5}}}, {"type": "Feature", "geometry": {"type": "Polygon", "coordinates": [[[174.0, -6.0], [174.0, 0.0], [168.0, 0.0], [168.0, -6.0], [174.0, -6.0]]]}, "properties": {"name": "S06E168_6x6", "kind": "latlon", "epsg": 4326, "lonMult": 1, "height": 6, "width": 6, "available": 1, "selected": 1, "coverage": 0.0524, "unionFrac": 0.0524, "bw": {"20": 1}}}, {"type": "Feature", "geometry": {"type": "Polygon", "coordinates": [[[180.0, -6.0], [180.0, 0.0], [174.0, 0.0], [174.0, -6.0], [180.0, -6.0]]]}, "properties": {"name": "S06E174_6x6", "kind": "latlon", "epsg": 4326, "lonMult": 1, "height": 6, "width": 6, "available": 5, "selected": 5, "coverage": 0.204, "unionFrac": 0.204, "bw": {"20": 5}}}, {"type": "Feature", "geometry": {"type": "Polygon", "coordinates": [[[-90.0, 0.0], [-90.0, 6.0], [-96.0, 6.0], [-96.0, 0.0], [-90.0, 0.0]]]}, "properties": {"name": "N00W096_6x6", "kind": "latlon", "epsg": 4326, "lonMult": 1, "height": 6, "width": 6, "available": 6, "selected": 3, "coverage": 0.0922, "unionFrac": 0.0928, "bw": {"20": 3}}}, {"type": "Feature", "geometry": {"type": "Polygon", "coordinates": [[[-84.0, 0.0], [-84.0, 6.0], [-90.0, 6.0], [-90.0, 0.0], [-84.0, 0.0]]]}, "properties": {"name": "N00W090_6x6", "kind": "latlon", "epsg": 4326, "lonMult": 1, "height": 6, "width": 6, "available": 4, "selected": 2, "coverage": 0.033, "unionFrac": 0.0331, "bw": {"20": 2}}}, {"type": "Feature", "geometry": {"type": "Polygon", "coordinates": [[[-78.0, 0.0], [-78.0, 6.0], [-84.0, 6.0], [-84.0, 0.0], [-78.0, 0.0]]]}, "properties": {"name": "N00W084_6x6", "kind": "latlon", "epsg": 4326, "lonMult": 1, "height": 6, "width": 6, "available": 20, "selected": 11, "coverage": 0.3853, "unionFrac": 0.3853, "bw": {"40": 5, "20": 6}}}, {"type": "Feature", "geometry": {"type": "Polygon", "coordinates": [[[-72.0, 0.0], [-72.0, 6.0], [-78.0, 6.0], [-78.0, 0.0], [-72.0, 0.0]]]}, "properties": {"name": "N00W078_6x6", "kind": "latlon", "epsg": 4326, "lonMult": 1, "height": 6, "width": 6, "available": 43, "selected": 17, "coverage": 0.9987, "unionFrac": 1.0, "bw": {"40": 9, "20": 8}}}, {"type": "Feature", "geometry": {"type": "Polygon", "coordinates": [[[-66.0, 0.0], [-66.0, 6.0], [-72.0, 6.0], [-72.0, 0.0], [-66.0, 0.0]]]}, "properties": {"name": "N00W072_6x6", "kind": "latlon", "epsg": 4326, "lonMult": 1, "height": 6, "width": 6, "available": 42, "selected": 21, "coverage": 0.9994, "unionFrac": 1.0, "bw": {"40": 5, "20": 16}}}, {"type": "Feature", "geometry": {"type": "Polygon", "coordinates": [[[-60.0, 0.0], [-60.0, 6.0], [-66.0, 6.0], [-66.0, 0.0], [-60.0, 0.0]]]}, "properties": {"name": "N00W066_6x6", "kind": "latlon", "epsg": 4326, "lonMult": 1, "height": 6, "width": 6, "available": 33, "selected": 16, "coverage": 0.999, "unionFrac": 1.0, "bw": {"40": 2, "20": 14}}}, {"type": "Feature", "geometry": {"type": "Polygon", "coordinates": [[[-54.0, 0.0], [-54.0, 6.0], [-60.0, 6.0], [-60.0, 0.0], [-54.0, 0.0]]]}, "properties": {"name": "N00W060_6x6", "kind": "latlon", "epsg": 4326, "lonMult": 1, "height": 6, "width": 6, "available": 31, "selected": 16, "coverage": 0.999, "unionFrac": 1.0, "bw": {"20": 16}}}, {"type": "Feature", "geometry": {"type": "Polygon", "coordinates": [[[-48.0, 0.0], [-48.0, 6.0], [-54.0, 6.0], [-54.0, 0.0], [-48.0, 0.0]]]}, "properties": {"name": "N00W054_6x6", "kind": "latlon", "epsg": 4326, "lonMult": 1, "height": 6, "width": 6, "available": 29, "selected": 14, "coverage": 0.7463, "unionFrac": 0.7463, "bw": {"40": 2, "20": 12}}}, {"type": "Feature", "geometry": {"type": "Polygon", "coordinates": [[[-42.0, 0.0], [-42.0, 6.0], [-48.0, 6.0], [-48.0, 0.0], [-42.0, 0.0]]]}, "properties": {"name": "N00W048_6x6", "kind": "latlon", "epsg": 4326, "lonMult": 1, "height": 6, "width": 6, "available": 6, "selected": 1, "coverage": 0.0061, "unionFrac": 0.0076, "bw": {"40": 1}}}, {"type": "Feature", "geometry": {"type": "Polygon", "coordinates": [[[-12.0, 0.0], [-12.0, 6.0], [-18.0, 6.0], [-18.0, 0.0], [-12.0, 0.0]]]}, "properties": {"name": "N00W018_6x6", "kind": "latlon", "epsg": 4326, "lonMult": 1, "height": 6, "width": 6, "available": 1, "selected": 1, "coverage": 0.0017, "unionFrac": 0.0017, "bw": {"40": 1}}}, {"type": "Feature", "geometry": {"type": "Polygon", "coordinates": [[[-6.0, 0.0], [-6.0, 6.0], [-12.0, 6.0], [-12.0, 0.0], [-6.0, 0.0]]]}, "properties": {"name": "N00W012_6x6", "kind": "latlon", "epsg": 4326, "lonMult": 1, "height": 6, "width": 6, "available": 13, "selected": 9, "coverage": 0.2811, "unionFrac": 0.2813, "bw": {"40": 2, "20": 7}}}, {"type": "Feature", "geometry": {"type": "Polygon", "coordinates": [[[0.0, 0.0], [0.0, 6.0], [-6.0, 6.0], [-6.0, 0.0], [0.0, 0.0]]]}, "properties": {"name": "N00W006_6x6", "kind": "latlon", "epsg": 4326, "lonMult": 1, "height": 6, "width": 6, "available": 16, "selected": 9, "coverage": 0.2335, "unionFrac": 0.2337, "bw": {"40": 5, "20": 4}}}, {"type": "Feature", "geometry": {"type": "Polygon", "coordinates": [[[6.0, 0.0], [6.0, 6.0], [0.0, 6.0], [0.0, 0.0], [6.0, 0.0]]]}, "properties": {"name": "N00E000_6x6", "kind": "latlon", "epsg": 4326, "lonMult": 1, "height": 6, "width": 6, "available": 18, "selected": 10, "coverage": 0.2308, "unionFrac": 0.2309, "bw": {"40": 7, "20": 3}}}, {"type": "Feature", "geometry": {"type": "Polygon", "coordinates": [[[12.0, 0.0], [12.0, 6.0], [6.0, 6.0], [6.0, 0.0], [12.0, 0.0]]]}, "properties": {"name": "N00E006_6x6", "kind": "latlon", "epsg": 4326, "lonMult": 1, "height": 6, "width": 6, "available": 37, "selected": 18, "coverage": 0.8752, "unionFrac": 0.8778, "bw": {"40": 8, "20": 10}}}, {"type": "Feature", "geometry": {"type": "Polygon", "coordinates": [[[18.0, 0.0], [18.0, 6.0], [12.0, 6.0], [12.0, 0.0], [18.0, 0.0]]]}, "properties": {"name": "N00E012_6x6", "kind": "latlon", "epsg": 4326, "lonMult": 1, "height": 6, "width": 6, "available": 42, "selected": 18, "coverage": 0.9999, "unionFrac": 1.0, "bw": {"20": 18}}}, {"type": "Feature", "geometry": {"type": "Polygon", "coordinates": [[[24.0, 0.0], [24.0, 6.0], [18.0, 6.0], [18.0, 0.0], [24.0, 0.0]]]}, "properties": {"name": "N00E018_6x6", "kind": "latlon", "epsg": 4326, "lonMult": 1, "height": 6, "width": 6, "available": 42, "selected": 17, "coverage": 0.998, "unionFrac": 1.0, "bw": {"20": 17}}}, {"type": "Feature", "geometry": {"type": "Polygon", "coordinates": [[[30.0, 0.0], [30.0, 6.0], [24.0, 6.0], [24.0, 0.0], [30.0, 0.0]]]}, "properties": {"name": "N00E024_6x6", "kind": "latlon", "epsg": 4326, "lonMult": 1, "height": 6, "width": 6, "available": 43, "selected": 17, "coverage": 0.9979, "unionFrac": 1.0, "bw": {"40": 4, "20": 13}}}, {"type": "Feature", "geometry": {"type": "Polygon", "coordinates": [[[36.0, 0.0], [36.0, 6.0], [30.0, 6.0], [30.0, 0.0], [36.0, 0.0]]]}, "properties": {"name": "N00E030_6x6", "kind": "latlon", "epsg": 4326, "lonMult": 1, "height": 6, "width": 6, "available": 44, "selected": 20, "coverage": 0.9993, "unionFrac": 1.0, "bw": {"40": 10, "20": 10}}}, {"type": "Feature", "geometry": {"type": "Polygon", "coordinates": [[[42.0, 0.0], [42.0, 6.0], [36.0, 6.0], [36.0, 0.0], [42.0, 0.0]]]}, "properties": {"name": "N00E036_6x6", "kind": "latlon", "epsg": 4326, "lonMult": 1, "height": 6, "width": 6, "available": 34, "selected": 18, "coverage": 0.9984, "unionFrac": 1.0, "bw": {"40": 2, "20": 16}}}, {"type": "Feature", "geometry": {"type": "Polygon", "coordinates": [[[48.0, 0.0], [48.0, 6.0], [42.0, 6.0], [42.0, 0.0], [48.0, 0.0]]]}, "properties": {"name": "N00E042_6x6", "kind": "latlon", "epsg": 4326, "lonMult": 1, "height": 6, "width": 6, "available": 32, "selected": 18, "coverage": 0.8473, "unionFrac": 0.8473, "bw": {"40": 4, "20": 14}}}, {"type": "Feature", "geometry": {"type": "Polygon", "coordinates": [[[54.0, 0.0], [54.0, 6.0], [48.0, 6.0], [48.0, 0.0], [54.0, 0.0]]]}, "properties": {"name": "N00E048_6x6", "kind": "latlon", "epsg": 4326, "lonMult": 1, "height": 6, "width": 6, "available": 8, "selected": 3, "coverage": 0.1384, "unionFrac": 0.1393, "bw": {"20": 3}}}, {"type": "Feature", "geometry": {"type": "Polygon", "coordinates": [[[78.0, 0.0], [78.0, 6.0], [72.0, 6.0], [72.0, 0.0], [78.0, 0.0]]]}, "properties": {"name": "N00E072_6x6", "kind": "latlon", "epsg": 4326, "lonMult": 1, "height": 6, "width": 6, "available": 11, "selected": 7, "coverage": 0.1891, "unionFrac": 0.1896, "bw": {"20": 7}}}, {"type": "Feature", "geometry": {"type": "Polygon", "coordinates": [[[84.0, 0.0], [84.0, 6.0], [78.0, 6.0], [78.0, 0.0], [84.0, 0.0]]]}, "properties": {"name": "N00E078_6x6", "kind": "latlon", "epsg": 4326, "lonMult": 1, "height": 6, "width": 6, "available": 9, "selected": 6, "coverage": 0.1221, "unionFrac": 0.1229, "bw": {"40": 1, "20": 5}}}, {"type": "Feature", "geometry": {"type": "Polygon", "coordinates": [[[96.0, 0.0], [96.0, 6.0], [90.0, 6.0], [90.0, 0.0], [96.0, 0.0]]]}, "properties": {"name": "N00E090_6x6", "kind": "latlon", "epsg": 4326, "lonMult": 1, "height": 6, "width": 6, "available": 13, "selected": 9, "coverage": 0.3681, "unionFrac": 0.3684, "bw": {"40": 9}}}, {"type": "Feature", "geometry": {"type": "Polygon", "coordinates": [[[102.0, 0.0], [102.0, 6.0], [96.0, 6.0], [96.0, 0.0], [102.0, 0.0]]]}, "properties": {"name": "N00E096_6x6", "kind": "latlon", "epsg": 4326, "lonMult": 1, "height": 6, "width": 6, "available": 35, "selected": 17, "coverage": 0.9977, "unionFrac": 0.9988, "bw": {"40": 15, "20": 2}}}, {"type": "Feature", "geometry": {"type": "Polygon", "coordinates": [[[108.0, 0.0], [108.0, 6.0], [102.0, 6.0], [102.0, 0.0], [108.0, 0.0]]]}, "properties": {"name": "N00E102_6x6", "kind": "latlon", "epsg": 4326, "lonMult": 1, "height": 6, "width": 6, "available": 27, "selected": 18, "coverage": 0.6681, "unionFrac": 0.6683, "bw": {"40": 9, "20": 9}}}, {"type": "Feature", "geometry": {"type": "Polygon", "coordinates": [[[114.0, 0.0], [114.0, 6.0], [108.0, 6.0], [108.0, 0.0], [114.0, 0.0]]]}, "properties": {"name": "N00E108_6x6", "kind": "latlon", "epsg": 4326, "lonMult": 1, "height": 6, "width": 6, "available": 30, "selected": 14, "coverage": 0.7479, "unionFrac": 0.7499, "bw": {"40": 5, "20": 9}}}, {"type": "Feature", "geometry": {"type": "Polygon", "coordinates": [[[120.0, 0.0], [120.0, 6.0], [114.0, 6.0], [114.0, 0.0], [120.0, 0.0]]]}, "properties": {"name": "N00E114_6x6", "kind": "latlon", "epsg": 4326, "lonMult": 1, "height": 6, "width": 6, "available": 36, "selected": 17, "coverage": 0.9822, "unionFrac": 0.9831, "bw": {"40": 4, "20": 13}}}, {"type": "Feature", "geometry": {"type": "Polygon", "coordinates": [[[126.0, 0.0], [126.0, 6.0], [120.0, 6.0], [120.0, 0.0], [126.0, 0.0]]]}, "properties": {"name": "N00E120_6x6", "kind": "latlon", "epsg": 4326, "lonMult": 1, "height": 6, "width": 6, "available": 39, "selected": 21, "coverage": 0.6349, "unionFrac": 0.6361, "bw": {"40": 7, "20": 14}}}, {"type": "Feature", "geometry": {"type": "Polygon", "coordinates": [[[132.0, 0.0], [132.0, 6.0], [126.0, 6.0], [126.0, 0.0], [132.0, 0.0]]]}, "properties": {"name": "N00E126_6x6", "kind": "latlon", "epsg": 4326, "lonMult": 1, "height": 6, "width": 6, "available": 29, "selected": 15, "coverage": 0.5954, "unionFrac": 0.5963, "bw": {"40": 4, "20": 11}}}, {"type": "Feature", "geometry": {"type": "Polygon", "coordinates": [[[138.0, 0.0], [138.0, 6.0], [132.0, 6.0], [132.0, 0.0], [138.0, 0.0]]]}, "properties": {"name": "N00E132_6x6", "kind": "latlon", "epsg": 4326, "lonMult": 1, "height": 6, "width": 6, "available": 7, "selected": 4, "coverage": 0.0253, "unionFrac": 0.0261, "bw": {"20": 4}}}, {"type": "Feature", "geometry": {"type": "Polygon", "coordinates": [[[174.0, 0.0], [174.0, 6.0], [168.0, 6.0], [168.0, 0.0], [174.0, 0.0]]]}, "properties": {"name": "N00E168_6x6", "kind": "latlon", "epsg": 4326, "lonMult": 1, "height": 6, "width": 6, "available": 8, "selected": 5, "coverage": 0.1693, "unionFrac": 0.1696, "bw": {"40": 2, "20": 3}}}, {"type": "Feature", "geometry": {"type": "Polygon", "coordinates": [[[180.0, 0.0], [180.0, 6.0], [174.0, 6.0], [174.0, 0.0], [180.0, 0.0]]]}, "properties": {"name": "N00E174_6x6", "kind": "latlon", "epsg": 4326, "lonMult": 1, "height": 6, "width": 6, "available": 4, "selected": 2, "coverage": 0.0148, "unionFrac": 0.0154, "bw": {"20": 2}}}, {"type": "Feature", "geometry": {"type": "Polygon", "coordinates": [[[-84.0, 6.0], [-84.0, 12.0], [-90.0, 12.0], [-90.0, 6.0], [-84.0, 6.0]]]}, "properties": {"name": "N06W090_6x6", "kind": "latlon", "epsg": 4326, "lonMult": 1, "height": 6, "width": 6, "available": 15, "selected": 8, "coverage": 0.3607, "unionFrac": 0.3607, "bw": {"40": 8}}}, {"type": "Feature", "geometry": {"type": "Polygon", "coordinates": [[[-78.0, 6.0], [-78.0, 12.0], [-84.0, 12.0], [-84.0, 6.0], [-78.0, 6.0]]]}, "properties": {"name": "N06W084_6x6", "kind": "latlon", "epsg": 4326, "lonMult": 1, "height": 6, "width": 6, "available": 28, "selected": 15, "coverage": 0.6402, "unionFrac": 0.6428, "bw": {"40": 12, "20": 3}}}, {"type": "Feature", "geometry": {"type": "Polygon", "coordinates": [[[-72.0, 6.0], [-72.0, 12.0], [-78.0, 12.0], [-78.0, 6.0], [-72.0, 6.0]]]}, "properties": {"name": "N06W078_6x6", "kind": "latlon", "epsg": 4326, "lonMult": 1, "height": 6, "width": 6, "available": 38, "selected": 20, "coverage": 0.9214, "unionFrac": 0.9226, "bw": {"40": 16, "20": 4}}}, {"type": "Feature", "geometry": {"type": "Polygon", "coordinates": [[[-66.0, 6.0], [-66.0, 12.0], [-72.0, 12.0], [-72.0, 6.0], [-66.0, 6.0]]]}, "properties": {"name": "N06W072_6x6", "kind": "latlon", "epsg": 4326, "lonMult": 1, "height": 6, "width": 6, "available": 46, "selected": 20, "coverage": 0.9992, "unionFrac": 1.0, "bw": {"40": 18, "20": 2}}}, {"type": "Feature", "geometry": {"type": "Polygon", "coordinates": [[[-60.0, 6.0], [-60.0, 12.0], [-66.0, 12.0], [-66.0, 6.0], [-60.0, 6.0]]]}, "properties": {"name": "N06W066_6x6", "kind": "latlon", "epsg": 4326, "lonMult": 1, "height": 6, "width": 6, "available": 37, "selected": 16, "coverage": 0.9433, "unionFrac": 0.9446, "bw": {"40": 11, "20": 5}}}, {"type": "Feature", "geometry": {"type": "Polygon", "coordinates": [[[-54.0, 6.0], [-54.0, 12.0], [-60.0, 12.0], [-60.0, 6.0], [-54.0, 6.0]]]}, "properties": {"name": "N06W060_6x6", "kind": "latlon", "epsg": 4326, "lonMult": 1, "height": 6, "width": 6, "available": 15, "selected": 6, "coverage": 0.2762, "unionFrac": 0.2778, "bw": {"20": 6}}}, {"type": "Feature", "geometry": {"type": "Polygon", "coordinates": [[[-48.0, 6.0], [-48.0, 12.0], [-54.0, 12.0], [-54.0, 6.0], [-48.0, 6.0]]]}, "properties": {"name": "N06W054_6x6", "kind": "latlon", "epsg": 4326, "lonMult": 1, "height": 6, "width": 6, "available": 5, "selected": 3, "coverage": 0.0217, "unionFrac": 0.0217, "bw": {"20": 3}}}, {"type": "Feature", "geometry": {"type": "Polygon", "coordinates": [[[-12.0, 6.0], [-12.0, 12.0], [-18.0, 12.0], [-18.0, 6.0], [-12.0, 6.0]]]}, "properties": {"name": "N06W018_6x6", "kind": "latlon", "epsg": 4326, "lonMult": 1, "height": 6, "width": 6, "available": 27, "selected": 16, "coverage": 0.5138, "unionFrac": 0.5145, "bw": {"40": 10, "20": 6}}}, {"type": "Feature", "geometry": {"type": "Polygon", "coordinates": [[[-6.0, 6.0], [-6.0, 12.0], [-12.0, 12.0], [-12.0, 6.0], [-6.0, 6.0]]]}, "properties": {"name": "N06W012_6x6", "kind": "latlon", "epsg": 4326, "lonMult": 1, "height": 6, "width": 6, "available": 44, "selected": 21, "coverage": 0.9988, "unionFrac": 0.9999, "bw": {"40": 7, "20": 14}}}, {"type": "Feature", "geometry": {"type": "Polygon", "coordinates": [[[0.0, 6.0], [0.0, 12.0], [-6.0, 12.0], [-6.0, 6.0], [0.0, 6.0]]]}, "properties": {"name": "N06W006_6x6", "kind": "latlon", "epsg": 4326, "lonMult": 1, "height": 6, "width": 6, "available": 45, "selected": 23, "coverage": 0.9986, "unionFrac": 1.0, "bw": {"40": 10, "20": 13}}}, {"type": "Feature", "geometry": {"type": "Polygon", "coordinates": [[[6.0, 6.0], [6.0, 12.0], [0.0, 12.0], [0.0, 6.0], [6.0, 6.0]]]}, "properties": {"name": "N06E000_6x6", "kind": "latlon", "epsg": 4326, "lonMult": 1, "height": 6, "width": 6, "available": 44, "selected": 23, "coverage": 0.9992, "unionFrac": 1.0, "bw": {"40": 13, "20": 10}}}, {"type": "Feature", "geometry": {"type": "Polygon", "coordinates": [[[12.0, 6.0], [12.0, 12.0], [6.0, 12.0], [6.0, 6.0], [12.0, 6.0]]]}, "properties": {"name": "N06E006_6x6", "kind": "latlon", "epsg": 4326, "lonMult": 1, "height": 6, "width": 6, "available": 42, "selected": 20, "coverage": 0.9995, "unionFrac": 1.0, "bw": {"40": 9, "20": 11}}}, {"type": "Feature", "geometry": {"type": "Polygon", "coordinates": [[[18.0, 6.0], [18.0, 12.0], [12.0, 12.0], [12.0, 6.0], [18.0, 6.0]]]}, "properties": {"name": "N06E012_6x6", "kind": "latlon", "epsg": 4326, "lonMult": 1, "height": 6, "width": 6, "available": 45, "selected": 21, "coverage": 0.9982, "unionFrac": 1.0, "bw": {"40": 9, "20": 12}}}, {"type": "Feature", "geometry": {"type": "Polygon", "coordinates": [[[24.0, 6.0], [24.0, 12.0], [18.0, 12.0], [18.0, 6.0], [24.0, 6.0]]]}, "properties": {"name": "N06E018_6x6", "kind": "latlon", "epsg": 4326, "lonMult": 1, "height": 6, "width": 6, "available": 39, "selected": 17, "coverage": 0.9985, "unionFrac": 1.0, "bw": {"40": 1, "20": 16}}}, {"type": "Feature", "geometry": {"type": "Polygon", "coordinates": [[[30.0, 6.0], [30.0, 12.0], [24.0, 12.0], [24.0, 6.0], [30.0, 6.0]]]}, "properties": {"name": "N06E024_6x6", "kind": "latlon", "epsg": 4326, "lonMult": 1, "height": 6, "width": 6, "available": 40, "selected": 18, "coverage": 0.9981, "unionFrac": 1.0, "bw": {"40": 4, "20": 14}}}, {"type": "Feature", "geometry": {"type": "Polygon", "coordinates": [[[36.0, 6.0], [36.0, 12.0], [30.0, 12.0], [30.0, 6.0], [36.0, 6.0]]]}, "properties": {"name": "N06E030_6x6", "kind": "latlon", "epsg": 4326, "lonMult": 1, "height": 6, "width": 6, "available": 35, "selected": 16, "coverage": 0.9983, "unionFrac": 1.0, "bw": {"20": 16}}}, {"type": "Feature", "geometry": {"type": "Polygon", "coordinates": [[[42.0, 6.0], [42.0, 12.0], [36.0, 12.0], [36.0, 6.0], [42.0, 6.0]]]}, "properties": {"name": "N06E036_6x6", "kind": "latlon", "epsg": 4326, "lonMult": 1, "height": 6, "width": 6, "available": 33, "selected": 18, "coverage": 0.9983, "unionFrac": 1.0, "bw": {"20": 18}}}, {"type": "Feature", "geometry": {"type": "Polygon", "coordinates": [[[48.0, 6.0], [48.0, 12.0], [42.0, 12.0], [42.0, 6.0], [48.0, 6.0]]]}, "properties": {"name": "N06E042_6x6", "kind": "latlon", "epsg": 4326, "lonMult": 1, "height": 6, "width": 6, "available": 40, "selected": 18, "coverage": 0.9721, "unionFrac": 0.9729, "bw": {"40": 1, "20": 17}}}, {"type": "Feature", "geometry": {"type": "Polygon", "coordinates": [[[54.0, 6.0], [54.0, 12.0], [48.0, 12.0], [48.0, 6.0], [54.0, 6.0]]]}, "properties": {"name": "N06E048_6x6", "kind": "latlon", "epsg": 4326, "lonMult": 1, "height": 6, "width": 6, "available": 20, "selected": 12, "coverage": 0.5402, "unionFrac": 0.5422, "bw": {"20": 11, "5": 1}}}, {"type": "Feature", "geometry": {"type": "Polygon", "coordinates": [[[60.0, 6.0], [60.0, 12.0], [54.0, 12.0], [54.0, 6.0], [60.0, 6.0]]]}, "properties": {"name": "N06E054_6x6", "kind": "latlon", "epsg": 4326, "lonMult": 1, "height": 6, "width": 6, "available": 1, "selected": 1, "coverage": 0.0086, "unionFrac": 0.0086, "bw": {"5": 1}}}, {"type": "Feature", "geometry": {"type": "Polygon", "coordinates": [[[72.0, 6.0], [72.0, 12.0], [66.0, 12.0], [66.0, 6.0], [72.0, 6.0]]]}, "properties": {"name": "N06E066_6x6", "kind": "latlon", "epsg": 4326, "lonMult": 1, "height": 6, "width": 6, "available": 5, "selected": 4, "coverage": 0.026, "unionFrac": 0.0261, "bw": {"20": 4}}}, {"type": "Feature", "geometry": {"type": "Polygon", "coordinates": [[[78.0, 6.0], [78.0, 12.0], [72.0, 12.0], [72.0, 6.0], [78.0, 6.0]]]}, "properties": {"name": "N06E072_6x6", "kind": "latlon", "epsg": 4326, "lonMult": 1, "height": 6, "width": 6, "available": 32, "selected": 18, "coverage": 0.9076, "unionFrac": 0.9097, "bw": {"40": 6, "20": 12}}}, {"type": "Feature", "geometry": {"type": "Polygon", "coordinates": [[[84.0, 6.0], [84.0, 12.0], [78.0, 12.0], [78.0, 6.0], [84.0, 6.0]]]}, "properties": {"name": "N06E078_6x6", "kind": "latlon", "epsg": 4326, "lonMult": 1, "height": 6, "width": 6, "available": 33, "selected": 18, "coverage": 0.9749, "unionFrac": 0.9758, "bw": {"40": 8, "20": 10}}}, {"type": "Feature", "geometry": {"type": "Polygon", "coordinates": [[[90.0, 6.0], [90.0, 12.0], [84.0, 12.0], [84.0, 6.0], [90.0, 6.0]]]}, "properties": {"name": "N06E084_6x6", "kind": "latlon", "epsg": 4326, "lonMult": 1, "height": 6, "width": 6, "available": 4, "selected": 3, "coverage": 0.0531, "unionFrac": 0.054, "bw": {"20": 3}}}, {"type": "Feature", "geometry": {"type": "Polygon", "coordinates": [[[96.0, 6.0], [96.0, 12.0], [90.0, 12.0], [90.0, 6.0], [96.0, 6.0]]]}, "properties": {"name": "N06E090_6x6", "kind": "latlon", "epsg": 4326, "lonMult": 1, "height": 6, "width": 6, "available": 20, "selected": 12, "coverage": 0.7868, "unionFrac": 0.7872, "bw": {"40": 11, "20": 1}}}, {"type": "Feature", "geometry": {"type": "Polygon", "coordinates": [[[102.0, 6.0], [102.0, 12.0], [96.0, 12.0], [96.0, 6.0], [102.0, 6.0]]]}, "properties": {"name": "N06E096_6x6", "kind": "latlon", "epsg": 4326, "lonMult": 1, "height": 6, "width": 6, "available": 37, "selected": 23, "coverage": 0.8322, "unionFrac": 0.8323, "bw": {"40": 16, "20": 7}}}, {"type": "Feature", "geometry": {"type": "Polygon", "coordinates": [[[108.0, 6.0], [108.0, 12.0], [102.0, 12.0], [102.0, 6.0], [108.0, 6.0]]]}, "properties": {"name": "N06E102_6x6", "kind": "latlon", "epsg": 4326, "lonMult": 1, "height": 6, "width": 6, "available": 41, "selected": 24, "coverage": 0.5864, "unionFrac": 0.5877, "bw": {"40": 16, "20": 8}}}, {"type": "Feature", "geometry": {"type": "Polygon", "coordinates": [[[114.0, 6.0], [114.0, 12.0], [108.0, 12.0], [108.0, 6.0], [114.0, 6.0]]]}, "properties": {"name": "N06E108_6x6", "kind": "latlon", "epsg": 4326, "lonMult": 1, "height": 6, "width": 6, "available": 10, "selected": 7, "coverage": 0.1213, "unionFrac": 0.1218, "bw": {"40": 4, "20": 3}}}, {"type": "Feature", "geometry": {"type": "Polygon", "coordinates": [[[120.0, 6.0], [120.0, 12.0], [114.0, 12.0], [114.0, 6.0], [120.0, 6.0]]]}, "properties": {"name": "N06E114_6x6", "kind": "latlon", "epsg": 4326, "lonMult": 1, "height": 6, "width": 6, "available": 23, "selected": 12, "coverage": 0.526, "unionFrac": 0.5273, "bw": {"40": 3, "20": 9}}}, {"type": "Feature", "geometry": {"type": "Polygon", "coordinates": [[[126.0, 6.0], [126.0, 12.0], [120.0, 12.0], [120.0, 6.0], [126.0, 6.0]]]}, "properties": {"name": "N06E120_6x6", "kind": "latlon", "epsg": 4326, "lonMult": 1, "height": 6, "width": 6, "available": 39, "selected": 22, "coverage": 0.9329, "unionFrac": 0.9339, "bw": {"40": 17, "20": 5}}}, {"type": "Feature", "geometry": {"type": "Polygon", "coordinates": [[[132.0, 6.0], [132.0, 12.0], [126.0, 12.0], [126.0, 6.0], [132.0, 6.0]]]}, "properties": {"name": "N06E126_6x6", "kind": "latlon", "epsg": 4326, "lonMult": 1, "height": 6, "width": 6, "available": 11, "selected": 7, "coverage": 0.2267, "unionFrac": 0.2268, "bw": {"40": 6, "20": 1}}}, {"type": "Feature", "geometry": {"type": "Polygon", "coordinates": [[[174.0, 6.0], [174.0, 12.0], [168.0, 12.0], [168.0, 6.0], [174.0, 6.0]]]}, "properties": {"name": "N06E168_6x6", "kind": "latlon", "epsg": 4326, "lonMult": 1, "height": 6, "width": 6, "available": 4, "selected": 2, "coverage": 0.1199, "unionFrac": 0.1205, "bw": {"40": 2}}}, {"type": "Feature", "geometry": {"type": "Polygon", "coordinates": [[[-102.0, 12.0], [-102.0, 18.0], [-108.0, 18.0], [-108.0, 12.0], [-102.0, 12.0]]]}, "properties": {"name": "N12W108_6x6", "kind": "latlon", "epsg": 4326, "lonMult": 1, "height": 6, "width": 6, "available": 7, "selected": 4, "coverage": 0.0637, "unionFrac": 0.0638, "bw": {"40": 4}}}, {"type": "Feature", "geometry": {"type": "Polygon", "coordinates": [[[-96.0, 12.0], [-96.0, 18.0], [-102.0, 18.0], [-102.0, 12.0], [-96.0, 12.0]]]}, "properties": {"name": "N12W102_6x6", "kind": "latlon", "epsg": 4326, "lonMult": 1, "height": 6, "width": 6, "available": 21, "selected": 10, "coverage": 0.3849, "unionFrac": 0.3856, "bw": {"40": 10}}}, {"type": "Feature", "geometry": {"type": "Polygon", "coordinates": [[[-90.0, 12.0], [-90.0, 18.0], [-96.0, 18.0], [-96.0, 12.0], [-90.0, 12.0]]]}, "properties": {"name": "N12W096_6x6", "kind": "latlon", "epsg": 4326, "lonMult": 1, "height": 6, "width": 6, "available": 26, "selected": 15, "coverage": 0.6598, "unionFrac": 0.6599, "bw": {"40": 15}}}, {"type": "Feature", "geometry": {"type": "Polygon", "coordinates": [[[-84.0, 12.0], [-84.0, 18.0], [-90.0, 18.0], [-90.0, 12.0], [-84.0, 12.0]]]}, "properties": {"name": "N12W090_6x6", "kind": "latlon", "epsg": 4326, "lonMult": 1, "height": 6, "width": 6, "available": 32, "selected": 19, "coverage": 0.8827, "unionFrac": 0.8828, "bw": {"40": 17, "20": 2}}}, {"type": "Feature", "geometry": {"type": "Polygon", "coordinates": [[[-78.0, 12.0], [-78.0, 18.0], [-84.0, 18.0], [-84.0, 12.0], [-78.0, 12.0]]]}, "properties": {"name": "N12W084_6x6", "kind": "latlon", "epsg": 4326, "lonMult": 1, "height": 6, "width": 6, "available": 13, "selected": 6, "coverage": 0.2578, "unionFrac": 0.2578, "bw": {"40": 4, "20": 2}}}, {"type": "Feature", "geometry": {"type": "Polygon", "coordinates": [[[-72.0, 12.0], [-72.0, 18.0], [-78.0, 18.0], [-78.0, 12.0], [-72.0, 12.0]]]}, "properties": {"name": "N12W078_6x6", "kind": "latlon", "epsg": 4326, "lonMult": 1, "height": 6, "width": 6, "available": 23, "selected": 15, "coverage": 0.184, "unionFrac": 0.1851, "bw": {"40": 12, "20": 3}}}, {"type": "Feature", "geometry": {"type": "Polygon", "coordinates": [[[-66.0, 12.0], [-66.0, 18.0], [-72.0, 18.0], [-72.0, 12.0], [-66.0, 12.0]]]}, "properties": {"name": "N12W072_6x6", "kind": "latlon", "epsg": 4326, "lonMult": 1, "height": 6, "width": 6, "available": 31, "selected": 17, "coverage": 0.4548, "unionFrac": 0.4549, "bw": {"40": 15, "20": 2}}}, {"type": "Feature", "geometry": {"type": "Polygon", "coordinates": [[[-60.0, 12.0], [-60.0, 18.0], [-66.0, 18.0], [-66.0, 12.0], [-60.0, 12.0]]]}, "properties": {"name": "N12W066_6x6", "kind": "latlon", "epsg": 4326, "lonMult": 1, "height": 6, "width": 6, "available": 27, "selected": 18, "coverage": 0.5341, "unionFrac": 0.5344, "bw": {"40": 16, "20": 2}}}, {"type": "Feature", "geometry": {"type": "Polygon", "coordinates": [[[-54.0, 12.0], [-54.0, 18.0], [-60.0, 18.0], [-60.0, 12.0], [-54.0, 12.0]]]}, "properties": {"name": "N12W060_6x6", "kind": "latlon", "epsg": 4326, "lonMult": 1, "height": 6, "width": 6, "available": 5, "selected": 4, "coverage": 0.0787, "unionFrac": 0.0787, "bw": {"40": 4}}}, {"type": "Feature", "geometry": {"type": "Polygon", "coordinates": [[[-24.0, 12.0], [-24.0, 18.0], [-30.0, 18.0], [-30.0, 12.0], [-24.0, 12.0]]]}, "properties": {"name": "N12W030_6x6", "kind": "latlon", "epsg": 4326, "lonMult": 1, "height": 6, "width": 6, "available": 2, "selected": 2, "coverage": 0.0595, "unionFrac": 0.0595, "bw": {"20": 2}}}, {"type": "Feature", "geometry": {"type": "Polygon", "coordinates": [[[-18.0, 12.0], [-18.0, 18.0], [-24.0, 18.0], [-24.0, 12.0], [-18.0, 12.0]]]}, "properties": {"name": "N12W024_6x6", "kind": "latlon", "epsg": 4326, "lonMult": 1, "height": 6, "width": 6, "available": 9, "selected": 7, "coverage": 0.191, "unionFrac": 0.192, "bw": {"40": 2, "20": 5}}}, {"type": "Feature", "geometry": {"type": "Polygon", "coordinates": [[[-12.0, 12.0], [-12.0, 18.0], [-18.0, 18.0], [-18.0, 12.0], [-12.0, 12.0]]]}, "properties": {"name": "N12W018_6x6", "kind": "latlon", "epsg": 4326, "lonMult": 1, "height": 6, "width": 6, "available": 39, "selected": 17, "coverage": 0.9874, "unionFrac": 0.9891, "bw": {"40": 7, "20": 10}}}, {"type": "Feature", "geometry": {"type": "Polygon", "coordinates": [[[-6.0, 12.0], [-6.0, 18.0], [-12.0, 18.0], [-12.0, 12.0], [-6.0, 12.0]]]}, "properties": {"name": "N12W012_6x6", "kind": "latlon", "epsg": 4326, "lonMult": 1, "height": 6, "width": 6, "available": 42, "selected": 19, "coverage": 0.9975, "unionFrac": 0.9991, "bw": {"20": 17, "5": 2}}}, {"type": "Feature", "geometry": {"type": "Polygon", "coordinates": [[[0.0, 12.0], [0.0, 18.0], [-6.0, 18.0], [-6.0, 12.0], [0.0, 12.0]]]}, "properties": {"name": "N12W006_6x6", "kind": "latlon", "epsg": 4326, "lonMult": 1, "height": 6, "width": 6, "available": 46, "selected": 23, "coverage": 0.9982, "unionFrac": 0.9991, "bw": {"40": 6, "20": 14, "5": 3}}}, {"type": "Feature", "geometry": {"type": "Polygon", "coordinates": [[[6.0, 12.0], [6.0, 18.0], [0.0, 18.0], [0.0, 12.0], [6.0, 12.0]]]}, "properties": {"name": "N12E000_6x6", "kind": "latlon", "epsg": 4326, "lonMult": 1, "height": 6, "width": 6, "available": 44, "selected": 19, "coverage": 1.0, "unionFrac": 1.0, "bw": {"40": 5, "20": 14}}}, {"type": "Feature", "geometry": {"type": "Polygon", "coordinates": [[[12.0, 12.0], [12.0, 18.0], [6.0, 18.0], [6.0, 12.0], [12.0, 12.0]]]}, "properties": {"name": "N12E006_6x6", "kind": "latlon", "epsg": 4326, "lonMult": 1, "height": 6, "width": 6, "available": 42, "selected": 21, "coverage": 0.9976, "unionFrac": 0.9988, "bw": {"40": 3, "20": 17, "5": 1}}}, {"type": "Feature", "geometry": {"type": "Polygon", "coordinates": [[[18.0, 12.0], [18.0, 18.0], [12.0, 18.0], [12.0, 12.0], [18.0, 12.0]]]}, "properties": {"name": "N12E012_6x6", "kind": "latlon", "epsg": 4326, "lonMult": 1, "height": 6, "width": 6, "available": 47, "selected": 26, "coverage": 0.9974, "unionFrac": 0.9989, "bw": {"40": 5, "20": 11, "5": 10}}}, {"type": "Feature", "geometry": {"type": "Polygon", "coordinates": [[[24.0, 12.0], [24.0, 18.0], [18.0, 18.0], [18.0, 12.0], [24.0, 12.0]]]}, "properties": {"name": "N12E018_6x6", "kind": "latlon", "epsg": 4326, "lonMult": 1, "height": 6, "width": 6, "available": 45, "selected": 25, "coverage": 0.9996, "unionFrac": 0.9999, "bw": {"40": 2, "20": 17, "5": 6}}}, {"type": "Feature", "geometry": {"type": "Polygon", "coordinates": [[[30.0, 12.0], [30.0, 18.0], [24.0, 18.0], [24.0, 12.0], [30.0, 12.0]]]}, "properties": {"name": "N12E024_6x6", "kind": "latlon", "epsg": 4326, "lonMult": 1, "height": 6, "width": 6, "available": 52, "selected": 27, "coverage": 0.9967, "unionFrac": 0.9979, "bw": {"40": 4, "20": 18, "5": 5}}}, {"type": "Feature", "geometry": {"type": "Polygon", "coordinates": [[[36.0, 12.0], [36.0, 18.0], [30.0, 18.0], [30.0, 12.0], [36.0, 12.0]]]}, "properties": {"name": "N12E030_6x6", "kind": "latlon", "epsg": 4326, "lonMult": 1, "height": 6, "width": 6, "available": 39, "selected": 21, "coverage": 0.9946, "unionFrac": 0.9947, "bw": {"40": 9, "20": 12}}}, {"type": "Feature", "geometry": {"type": "Polygon", "coordinates": [[[42.0, 12.0], [42.0, 18.0], [36.0, 18.0], [36.0, 12.0], [42.0, 12.0]]]}, "properties": {"name": "N12E036_6x6", "kind": "latlon", "epsg": 4326, "lonMult": 1, "height": 6, "width": 6, "available": 34, "selected": 23, "coverage": 0.8553, "unionFrac": 0.8561, "bw": {"40": 6, "20": 17}}}, {"type": "Feature", "geometry": {"type": "Polygon", "coordinates": [[[48.0, 12.0], [48.0, 18.0], [42.0, 18.0], [42.0, 12.0], [48.0, 12.0]]]}, "properties": {"name": "N12E042_6x6", "kind": "latlon", "epsg": 4326, "lonMult": 1, "height": 6, "width": 6, "available": 44, "selected": 21, "coverage": 0.9716, "unionFrac": 0.9716, "bw": {"40": 7, "20": 14}}}, {"type": "Feature", "geometry": {"type": "Polygon", "coordinates": [[[54.0, 12.0], [54.0, 18.0], [48.0, 18.0], [48.0, 12.0], [54.0, 12.0]]]}, "properties": {"name": "N12E048_6x6", "kind": "latlon", "epsg": 4326, "lonMult": 1, "height": 6, "width": 6, "available": 35, "selected": 18, "coverage": 0.8045, "unionFrac": 0.806, "bw": {"40": 6, "20": 11, "5": 1}}}, {"type": "Feature", "geometry": {"type": "Polygon", "coordinates": [[[60.0, 12.0], [60.0, 18.0], [54.0, 18.0], [54.0, 12.0], [60.0, 12.0]]]}, "properties": {"name": "N12E054_6x6", "kind": "latlon", "epsg": 4326, "lonMult": 1, "height": 6, "width": 6, "available": 10, "selected": 6, "coverage": 0.2283, "unionFrac": 0.2284, "bw": {"40": 3, "20": 2, "5": 1}}}, {"type": "Feature", "geometry": {"type": "Polygon", "coordinates": [[[72.0, 12.0], [72.0, 18.0], [66.0, 18.0], [66.0, 12.0], [72.0, 12.0]]]}, "properties": {"name": "N12E066_6x6", "kind": "latlon", "epsg": 4326, "lonMult": 1, "height": 6, "width": 6, "available": 16, "selected": 8, "coverage": 0.4634, "unionFrac": 0.4642, "bw": {"20": 8}}}, {"type": "Feature", "geometry": {"type": "Polygon", "coordinates": [[[78.0, 12.0], [78.0, 18.0], [72.0, 18.0], [72.0, 12.0], [78.0, 12.0]]]}, "properties": {"name": "N12E072_6x6", "kind": "latlon", "epsg": 4326, "lonMult": 1, "height": 6, "width": 6, "available": 41, "selected": 14, "coverage": 0.9988, "unionFrac": 1.0, "bw": {"40": 11, "20": 3}}}, {"type": "Feature", "geometry": {"type": "Polygon", "coordinates": [[[84.0, 12.0], [84.0, 18.0], [78.0, 18.0], [78.0, 12.0], [84.0, 12.0]]]}, "properties": {"name": "N12E078_6x6", "kind": "latlon", "epsg": 4326, "lonMult": 1, "height": 6, "width": 6, "available": 41, "selected": 19, "coverage": 0.9977, "unionFrac": 1.0, "bw": {"40": 11, "20": 8}}}, {"type": "Feature", "geometry": {"type": "Polygon", "coordinates": [[[90.0, 12.0], [90.0, 18.0], [84.0, 18.0], [84.0, 12.0], [90.0, 12.0]]]}, "properties": {"name": "N12E084_6x6", "kind": "latlon", "epsg": 4326, "lonMult": 1, "height": 6, "width": 6, "available": 19, "selected": 10, "coverage": 0.4618, "unionFrac": 0.463, "bw": {"40": 1, "20": 9}}}, {"type": "Feature", "geometry": {"type": "Polygon", "coordinates": [[[96.0, 12.0], [96.0, 18.0], [90.0, 18.0], [90.0, 12.0], [96.0, 12.0]]]}, "properties": {"name": "N12E090_6x6", "kind": "latlon", "epsg": 4326, "lonMult": 1, "height": 6, "width": 6, "available": 26, "selected": 17, "coverage": 0.6571, "unionFrac": 0.6572, "bw": {"40": 13, "20": 4}}}, {"type": "Feature", "geometry": {"type": "Polygon", "coordinates": [[[102.0, 12.0], [102.0, 18.0], [96.0, 18.0], [96.0, 12.0], [102.0, 12.0]]]}, "properties": {"name": "N12E096_6x6", "kind": "latlon", "epsg": 4326, "lonMult": 1, "height": 6, "width": 6, "available": 43, "selected": 20, "coverage": 0.9602, "unionFrac": 0.9606, "bw": {"40": 17, "20": 3}}}, {"type": "Feature", "geometry": {"type": "Polygon", "coordinates": [[[108.0, 12.0], [108.0, 18.0], [102.0, 18.0], [102.0, 12.0], [108.0, 12.0]]]}, "properties": {"name": "N12E102_6x6", "kind": "latlon", "epsg": 4326, "lonMult": 1, "height": 6, "width": 6, "available": 57, "selected": 25, "coverage": 0.9994, "unionFrac": 1.0, "bw": {"40": 18, "20": 7}}}, {"type": "Feature", "geometry": {"type": "Polygon", "coordinates": [[[114.0, 12.0], [114.0, 18.0], [108.0, 18.0], [108.0, 12.0], [114.0, 12.0]]]}, "properties": {"name": "N12E108_6x6", "kind": "latlon", "epsg": 4326, "lonMult": 1, "height": 6, "width": 6, "available": 23, "selected": 11, "coverage": 0.4982, "unionFrac": 0.4989, "bw": {"40": 5, "20": 6}}}, {"type": "Feature", "geometry": {"type": "Polygon", "coordinates": [[[120.0, 12.0], [120.0, 18.0], [114.0, 18.0], [114.0, 12.0], [120.0, 12.0]]]}, "properties": {"name": "N12E114_6x6", "kind": "latlon", "epsg": 4326, "lonMult": 1, "height": 6, "width": 6, "available": 16, "selected": 9, "coverage": 0.2827, "unionFrac": 0.2827, "bw": {"40": 6, "20": 3}}}, {"type": "Feature", "geometry": {"type": "Polygon", "coordinates": [[[126.0, 12.0], [126.0, 18.0], [120.0, 18.0], [120.0, 12.0], [126.0, 12.0]]]}, "properties": {"name": "N12E120_6x6", "kind": "latlon", "epsg": 4326, "lonMult": 1, "height": 6, "width": 6, "available": 33, "selected": 13, "coverage": 0.7638, "unionFrac": 0.7646, "bw": {"40": 12, "20": 1}}}, {"type": "Feature", "geometry": {"type": "Polygon", "coordinates": [[[132.0, 12.0], [132.0, 18.0], [126.0, 18.0], [126.0, 12.0], [132.0, 12.0]]]}, "properties": {"name": "N12E126_6x6", "kind": "latlon", "epsg": 4326, "lonMult": 1, "height": 6, "width": 6, "available": 3, "selected": 2, "coverage": 0.0139, "unionFrac": 0.0139, "bw": {"40": 1, "20": 1}}}, {"type": "Feature", "geometry": {"type": "Polygon", "coordinates": [[[144.0, 12.0], [144.0, 18.0], [138.0, 18.0], [138.0, 12.0], [144.0, 12.0]]]}, "properties": {"name": "N12E138_6x6", "kind": "latlon", "epsg": 4326, "lonMult": 1, "height": 6, "width": 6, "available": 7, "selected": 4, "coverage": 0.0512, "unionFrac": 0.0521, "bw": {"40": 3, "20": 1}}}, {"type": "Feature", "geometry": {"type": "Polygon", "coordinates": [[[150.0, 12.0], [150.0, 18.0], [144.0, 18.0], [144.0, 12.0], [150.0, 12.0]]]}, "properties": {"name": "N12E144_6x6", "kind": "latlon", "epsg": 4326, "lonMult": 1, "height": 6, "width": 6, "available": 11, "selected": 8, "coverage": 0.3554, "unionFrac": 0.3557, "bw": {"40": 5, "20": 3}}}, {"type": "Feature", "geometry": {"type": "Polygon", "coordinates": [[[-156.0, 18.0], [-156.0, 24.0], [-162.0, 24.0], [-162.0, 18.0], [-156.0, 18.0]]]}, "properties": {"name": "N18W162_6x6", "kind": "latlon", "epsg": 4326, "lonMult": 1, "height": 6, "width": 6, "available": 10, "selected": 9, "coverage": 0.281, "unionFrac": 0.281, "bw": {"40": 9}}}, {"type": "Feature", "geometry": {"type": "Polygon", "coordinates": [[[-150.0, 18.0], [-150.0, 24.0], [-156.0, 24.0], [-156.0, 18.0], [-150.0, 18.0]]]}, "properties": {"name": "N18W156_6x6", "kind": "latlon", "epsg": 4326, "lonMult": 1, "height": 6, "width": 6, "available": 4, "selected": 4, "coverage": 0.1291, "unionFrac": 0.1291, "bw": {"40": 4}}}, {"type": "Feature", "geometry": {"type": "Polygon", "coordinates": [[[-108.0, 18.0], [-108.0, 24.0], [-114.0, 24.0], [-114.0, 18.0], [-108.0, 18.0]]]}, "properties": {"name": "N18W114_6x6", "kind": "latlon", "epsg": 4326, "lonMult": 1, "height": 6, "width": 6, "available": 12, "selected": 6, "coverage": 0.2011, "unionFrac": 0.2014, "bw": {"40": 4, "20": 2}}}, {"type": "Feature", "geometry": {"type": "Polygon", "coordinates": [[[-102.0, 18.0], [-102.0, 24.0], [-108.0, 24.0], [-108.0, 18.0], [-102.0, 18.0]]]}, "properties": {"name": "N18W108_6x6", "kind": "latlon", "epsg": 4326, "lonMult": 1, "height": 6, "width": 6, "available": 36, "selected": 19, "coverage": 0.8698, "unionFrac": 0.87, "bw": {"40": 16, "20": 3}}}, {"type": "Feature", "geometry": {"type": "Polygon", "coordinates": [[[-96.0, 18.0], [-96.0, 24.0], [-102.0, 24.0], [-102.0, 18.0], [-96.0, 18.0]]]}, "properties": {"name": "N18W102_6x6", "kind": "latlon", "epsg": 4326, "lonMult": 1, "height": 6, "width": 6, "available": 36, "selected": 16, "coverage": 0.9364, "unionFrac": 0.9377, "bw": {"40": 16}}}, {"type": "Feature", "geometry": {"type": "Polygon", "coordinates": [[[-90.0, 18.0], [-90.0, 24.0], [-96.0, 24.0], [-96.0, 18.0], [-90.0, 18.0]]]}, "properties": {"name": "N18W096_6x6", "kind": "latlon", "epsg": 4326, "lonMult": 1, "height": 6, "width": 6, "available": 23, "selected": 11, "coverage": 0.4306, "unionFrac": 0.4308, "bw": {"40": 9, "20": 2}}}, {"type": "Feature", "geometry": {"type": "Polygon", "coordinates": [[[-84.0, 18.0], [-84.0, 24.0], [-90.0, 24.0], [-90.0, 18.0], [-84.0, 18.0]]]}, "properties": {"name": "N18W090_6x6", "kind": "latlon", "epsg": 4326, "lonMult": 1, "height": 6, "width": 6, "available": 19, "selected": 11, "coverage": 0.5633, "unionFrac": 0.5642, "bw": {"40": 9, "20": 2}}}, {"type": "Feature", "geometry": {"type": "Polygon", "coordinates": [[[-78.0, 18.0], [-78.0, 24.0], [-84.0, 24.0], [-84.0, 18.0], [-78.0, 18.0]]]}, "properties": {"name": "N18W084_6x6", "kind": "latlon", "epsg": 4326, "lonMult": 1, "height": 6, "width": 6, "available": 27, "selected": 20, "coverage": 0.6371, "unionFrac": 0.6379, "bw": {"40": 12, "20": 8}}}, {"type": "Feature", "geometry": {"type": "Polygon", "coordinates": [[[-72.0, 18.0], [-72.0, 24.0], [-78.0, 24.0], [-78.0, 18.0], [-72.0, 18.0]]]}, "properties": {"name": "N18W078_6x6", "kind": "latlon", "epsg": 4326, "lonMult": 1, "height": 6, "width": 6, "available": 43, "selected": 25, "coverage": 0.9576, "unionFrac": 0.9586, "bw": {"40": 11, "20": 14}}}, {"type": "Feature", "geometry": {"type": "Polygon", "coordinates": [[[-66.0, 18.0], [-66.0, 24.0], [-72.0, 24.0], [-72.0, 18.0], [-66.0, 18.0]]]}, "properties": {"name": "N18W072_6x6", "kind": "latlon", "epsg": 4326, "lonMult": 1, "height": 6, "width": 6, "available": 18, "selected": 8, "coverage": 0.4294, "unionFrac": 0.4301, "bw": {"40": 5, "20": 3}}}, {"type": "Feature", "geometry": {"type": "Polygon", "coordinates": [[[-60.0, 18.0], [-60.0, 24.0], [-66.0, 24.0], [-66.0, 18.0], [-60.0, 18.0]]]}, "properties": {"name": "N18W066_6x6", "kind": "latlon", "epsg": 4326, "lonMult": 1, "height": 6, "width": 6, "available": 10, "selected": 5, "coverage": 0.1245, "unionFrac": 0.1245, "bw": {"40": 4, "20": 1}}}, {"type": "Feature", "geometry": {"type": "Polygon", "coordinates": [[[-18.0, 18.0], [-18.0, 24.0], [-24.0, 24.0], [-24.0, 18.0], [-18.0, 18.0]]]}, "properties": {"name": "N18W024_6x6", "kind": "latlon", "epsg": 4326, "lonMult": 1, "height": 6, "width": 6, "available": 3, "selected": 3, "coverage": 0.0231, "unionFrac": 0.0231, "bw": {"20": 2, "5": 1}}}, {"type": "Feature", "geometry": {"type": "Polygon", "coordinates": [[[-12.0, 18.0], [-12.0, 24.0], [-18.0, 24.0], [-18.0, 18.0], [-12.0, 18.0]]]}, "properties": {"name": "N18W018_6x6", "kind": "latlon", "epsg": 4326, "lonMult": 1, "height": 6, "width": 6, "available": 38, "selected": 26, "coverage": 0.9161, "unionFrac": 0.9174, "bw": {"40": 5, "20": 9, "5": 12}}}, {"type": "Feature", "geometry": {"type": "Polygon", "coordinates": [[[-6.0, 18.0], [-6.0, 24.0], [-12.0, 24.0], [-12.0, 18.0], [-6.0, 18.0]]]}, "properties": {"name": "N18W012_6x6", "kind": "latlon", "epsg": 4326, "lonMult": 1, "height": 6, "width": 6, "available": 44, "selected": 22, "coverage": 0.9961, "unionFrac": 0.9984, "bw": {"20": 6, "5": 16}}}, {"type": "Feature", "geometry": {"type": "Polygon", "coordinates": [[[0.0, 18.0], [0.0, 24.0], [-6.0, 24.0], [-6.0, 18.0], [0.0, 18.0]]]}, "properties": {"name": "N18W006_6x6", "kind": "latlon", "epsg": 4326, "lonMult": 1, "height": 6, "width": 6, "available": 42, "selected": 21, "coverage": 0.9984, "unionFrac": 0.9989, "bw": {"20": 7, "5": 14}}}, {"type": "Feature", "geometry": {"type": "Polygon", "coordinates": [[[6.0, 18.0], [6.0, 24.0], [0.0, 24.0], [0.0, 18.0], [6.0, 18.0]]]}, "properties": {"name": "N18E000_6x6", "kind": "latlon", "epsg": 4326, "lonMult": 1, "height": 6, "width": 6, "available": 43, "selected": 24, "coverage": 0.9963, "unionFrac": 0.9981, "bw": {"20": 16, "5": 8}}}, {"type": "Feature", "geometry": {"type": "Polygon", "coordinates": [[[12.0, 18.0], [12.0, 24.0], [6.0, 24.0], [6.0, 18.0], [12.0, 18.0]]]}, "properties": {"name": "N18E006_6x6", "kind": "latlon", "epsg": 4326, "lonMult": 1, "height": 6, "width": 6, "available": 47, "selected": 25, "coverage": 0.9911, "unionFrac": 0.9915, "bw": {"20": 15, "5": 10}}}, {"type": "Feature", "geometry": {"type": "Polygon", "coordinates": [[[18.0, 18.0], [18.0, 24.0], [12.0, 24.0], [12.0, 18.0], [18.0, 18.0]]]}, "properties": {"name": "N18E012_6x6", "kind": "latlon", "epsg": 4326, "lonMult": 1, "height": 6, "width": 6, "available": 46, "selected": 26, "coverage": 0.9981, "unionFrac": 0.999, "bw": {"20": 6, "5": 20}}}, {"type": "Feature", "geometry": {"type": "Polygon", "coordinates": [[[24.0, 18.0], [24.0, 24.0], [18.0, 24.0], [18.0, 18.0], [24.0, 18.0]]]}, "properties": {"name": "N18E018_6x6", "kind": "latlon", "epsg": 4326, "lonMult": 1, "height": 6, "width": 6, "available": 42, "selected": 23, "coverage": 0.9951, "unionFrac": 0.996, "bw": {"20": 6, "5": 17}}}, {"type": "Feature", "geometry": {"type": "Polygon", "coordinates": [[[30.0, 18.0], [30.0, 24.0], [24.0, 24.0], [24.0, 18.0], [30.0, 18.0]]]}, "properties": {"name": "N18E024_6x6", "kind": "latlon", "epsg": 4326, "lonMult": 1, "height": 6, "width": 6, "available": 41, "selected": 21, "coverage": 0.9987, "unionFrac": 0.9996, "bw": {"20": 9, "5": 12}}}, {"type": "Feature", "geometry": {"type": "Polygon", "coordinates": [[[36.0, 18.0], [36.0, 24.0], [30.0, 24.0], [30.0, 18.0], [36.0, 18.0]]]}, "properties": {"name": "N18E030_6x6", "kind": "latlon", "epsg": 4326, "lonMult": 1, "height": 6, "width": 6, "available": 38, "selected": 19, "coverage": 0.9985, "unionFrac": 1.0, "bw": {"40": 4, "20": 15}}}, {"type": "Feature", "geometry": {"type": "Polygon", "coordinates": [[[42.0, 18.0], [42.0, 24.0], [36.0, 24.0], [36.0, 18.0], [42.0, 18.0]]]}, "properties": {"name": "N18E036_6x6", "kind": "latlon", "epsg": 4326, "lonMult": 1, "height": 6, "width": 6, "available": 41, "selected": 21, "coverage": 0.9989, "unionFrac": 0.9997, "bw": {"40": 11, "20": 10}}}, {"type": "Feature", "geometry": {"type": "Polygon", "coordinates": [[[48.0, 18.0], [48.0, 24.0], [42.0, 24.0], [42.0, 18.0], [48.0, 18.0]]]}, "properties": {"name": "N18E042_6x6", "kind": "latlon", "epsg": 4326, "lonMult": 1, "height": 6, "width": 6, "available": 44, "selected": 18, "coverage": 0.9995, "unionFrac": 1.0, "bw": {"40": 6, "20": 12}}}, {"type": "Feature", "geometry": {"type": "Polygon", "coordinates": [[[54.0, 18.0], [54.0, 24.0], [48.0, 24.0], [48.0, 18.0], [54.0, 18.0]]]}, "properties": {"name": "N18E048_6x6", "kind": "latlon", "epsg": 4326, "lonMult": 1, "height": 6, "width": 6, "available": 50, "selected": 23, "coverage": 0.9995, "unionFrac": 1.0, "bw": {"40": 11, "20": 12}}}, {"type": "Feature", "geometry": {"type": "Polygon", "coordinates": [[[60.0, 18.0], [60.0, 24.0], [54.0, 24.0], [54.0, 18.0], [60.0, 18.0]]]}, "properties": {"name": "N18E054_6x6", "kind": "latlon", "epsg": 4326, "lonMult": 1, "height": 6, "width": 6, "available": 39, "selected": 23, "coverage": 0.9422, "unionFrac": 0.9423, "bw": {"40": 12, "20": 11}}}, {"type": "Feature", "geometry": {"type": "Polygon", "coordinates": [[[66.0, 18.0], [66.0, 24.0], [60.0, 24.0], [60.0, 18.0], [66.0, 18.0]]]}, "properties": {"name": "N18E060_6x6", "kind": "latlon", "epsg": 4326, "lonMult": 1, "height": 6, "width": 6, "available": 15, "selected": 10, "coverage": 0.3174, "unionFrac": 0.3174, "bw": {"20": 10}}}, {"type": "Feature", "geometry": {"type": "Polygon", "coordinates": [[[72.0, 18.0], [72.0, 24.0], [66.0, 24.0], [66.0, 18.0], [72.0, 18.0]]]}, "properties": {"name": "N18E066_6x6", "kind": "latlon", "epsg": 4326, "lonMult": 1, "height": 6, "width": 6, "available": 41, "selected": 22, "coverage": 0.9643, "unionFrac": 0.9649, "bw": {"40": 11, "20": 11}}}, {"type": "Feature", "geometry": {"type": "Polygon", "coordinates": [[[78.0, 18.0], [78.0, 24.0], [72.0, 24.0], [72.0, 18.0], [78.0, 18.0]]]}, "properties": {"name": "N18E072_6x6", "kind": "latlon", "epsg": 4326, "lonMult": 1, "height": 6, "width": 6, "available": 43, "selected": 15, "coverage": 0.9999, "unionFrac": 1.0, "bw": {"40": 14, "20": 1}}}, {"type": "Feature", "geometry": {"type": "Polygon", "coordinates": [[[84.0, 18.0], [84.0, 24.0], [78.0, 24.0], [78.0, 18.0], [84.0, 18.0]]]}, "properties": {"name": "N18E078_6x6", "kind": "latlon", "epsg": 4326, "lonMult": 1, "height": 6, "width": 6, "available": 38, "selected": 14, "coverage": 0.9996, "unionFrac": 1.0, "bw": {"40": 13, "20": 1}}}, {"type": "Feature", "geometry": {"type": "Polygon", "coordinates": [[[90.0, 18.0], [90.0, 24.0], [84.0, 24.0], [84.0, 18.0], [90.0, 18.0]]]}, "properties": {"name": "N18E084_6x6", "kind": "latlon", "epsg": 4326, "lonMult": 1, "height": 6, "width": 6, "available": 42, "selected": 20, "coverage": 0.9988, "unionFrac": 1.0, "bw": {"40": 10, "20": 10}}}, {"type": "Feature", "geometry": {"type": "Polygon", "coordinates": [[[96.0, 18.0], [96.0, 24.0], [90.0, 24.0], [90.0, 18.0], [96.0, 18.0]]]}, "properties": {"name": "N18E090_6x6", "kind": "latlon", "epsg": 4326, "lonMult": 1, "height": 6, "width": 6, "available": 46, "selected": 18, "coverage": 0.9745, "unionFrac": 0.9745, "bw": {"40": 14, "20": 4}}}, {"type": "Feature", "geometry": {"type": "Polygon", "coordinates": [[[102.0, 18.0], [102.0, 24.0], [96.0, 24.0], [96.0, 18.0], [102.0, 18.0]]]}, "properties": {"name": "N18E096_6x6", "kind": "latlon", "epsg": 4326, "lonMult": 1, "height": 6, "width": 6, "available": 47, "selected": 19, "coverage": 1.0, "unionFrac": 1.0, "bw": {"40": 15, "20": 4}}}, {"type": "Feature", "geometry": {"type": "Polygon", "coordinates": [[[108.0, 18.0], [108.0, 24.0], [102.0, 24.0], [102.0, 18.0], [108.0, 18.0]]]}, "properties": {"name": "N18E102_6x6", "kind": "latlon", "epsg": 4326, "lonMult": 1, "height": 6, "width": 6, "available": 49, "selected": 22, "coverage": 0.9995, "unionFrac": 1.0, "bw": {"40": 8, "20": 14}}}, {"type": "Feature", "geometry": {"type": "Polygon", "coordinates": [[[114.0, 18.0], [114.0, 24.0], [108.0, 24.0], [108.0, 18.0], [114.0, 18.0]]]}, "properties": {"name": "N18E108_6x6", "kind": "latlon", "epsg": 4326, "lonMult": 1, "height": 6, "width": 6, "available": 35, "selected": 14, "coverage": 0.8178, "unionFrac": 0.8185, "bw": {"40": 1, "20": 13}}}, {"type": "Feature", "geometry": {"type": "Polygon", "coordinates": [[[120.0, 18.0], [120.0, 24.0], [114.0, 24.0], [114.0, 18.0], [120.0, 18.0]]]}, "properties": {"name": "N18E114_6x6", "kind": "latlon", "epsg": 4326, "lonMult": 1, "height": 6, "width": 6, "available": 27, "selected": 16, "coverage": 0.3728, "unionFrac": 0.3737, "bw": {"40": 5, "20": 11}}}, {"type": "Feature", "geometry": {"type": "Polygon", "coordinates": [[[126.0, 18.0], [126.0, 24.0], [120.0, 24.0], [120.0, 18.0], [126.0, 18.0]]]}, "properties": {"name": "N18E120_6x6", "kind": "latlon", "epsg": 4326, "lonMult": 1, "height": 6, "width": 6, "available": 26, "selected": 12, "coverage": 0.5891, "unionFrac": 0.5905, "bw": {"40": 7, "20": 5}}}, {"type": "Feature", "geometry": {"type": "Polygon", "coordinates": [[[150.0, 18.0], [150.0, 24.0], [144.0, 24.0], [144.0, 18.0], [150.0, 18.0]]]}, "properties": {"name": "N18E144_6x6", "kind": "latlon", "epsg": 4326, "lonMult": 1, "height": 6, "width": 6, "available": 6, "selected": 5, "coverage": 0.2196, "unionFrac": 0.2202, "bw": {"20": 5}}}, {"type": "Feature", "geometry": {"type": "Polygon", "coordinates": [[[-120.0, 24.0], [-120.0, 30.0], [-126.0, 30.0], [-126.0, 24.0], [-120.0, 24.0]]]}, "properties": {"name": "N24W126_6x6", "kind": "latlon", "epsg": 4326, "lonMult": 1, "height": 6, "width": 6, "available": 1, "selected": 1, "coverage": 0.0078, "unionFrac": 0.0078, "bw": {"20": 1}}}, {"type": "Feature", "geometry": {"type": "Polygon", "coordinates": [[[-114.0, 24.0], [-114.0, 30.0], [-120.0, 30.0], [-120.0, 24.0], [-114.0, 24.0]]]}, "properties": {"name": "N24W120_6x6", "kind": "latlon", "epsg": 4326, "lonMult": 1, "height": 6, "width": 6, "available": 13, "selected": 7, "coverage": 0.3207, "unionFrac": 0.3207, "bw": {"40": 5, "20": 2}}}, {"type": "Feature", "geometry": {"type": "Polygon", "coordinates": [[[-108.0, 24.0], [-108.0, 30.0], [-114.0, 30.0], [-114.0, 24.0], [-108.0, 24.0]]]}, "properties": {"name": "N24W114_6x6", "kind": "latlon", "epsg": 4326, "lonMult": 1, "height": 6, "width": 6, "available": 37, "selected": 15, "coverage": 0.9662, "unionFrac": 0.9662, "bw": {"40": 15}}}, {"type": "Feature", "geometry": {"type": "Polygon", "coordinates": [[[-102.0, 24.0], [-102.0, 30.0], [-108.0, 30.0], [-108.0, 24.0], [-102.0, 24.0]]]}, "properties": {"name": "N24W108_6x6", "kind": "latlon", "epsg": 4326, "lonMult": 1, "height": 6, "width": 6, "available": 44, "selected": 15, "coverage": 0.9992, "unionFrac": 1.0, "bw": {"40": 15}}}, {"type": "Feature", "geometry": {"type": "Polygon", "coordinates": [[[-96.0, 24.0], [-96.0, 30.0], [-102.0, 30.0], [-102.0, 24.0], [-96.0, 24.0]]]}, "properties": {"name": "N24W102_6x6", "kind": "latlon", "epsg": 4326, "lonMult": 1, "height": 6, "width": 6, "available": 37, "selected": 15, "coverage": 0.9799, "unionFrac": 0.9802, "bw": {"40": 15}}}, {"type": "Feature", "geometry": {"type": "Polygon", "coordinates": [[[-90.0, 24.0], [-90.0, 30.0], [-96.0, 30.0], [-96.0, 24.0], [-90.0, 24.0]]]}, "properties": {"name": "N24W096_6x6", "kind": "latlon", "epsg": 4326, "lonMult": 1, "height": 6, "width": 6, "available": 23, "selected": 12, "coverage": 0.4364, "unionFrac": 0.4381, "bw": {"40": 12}}}, {"type": "Feature", "geometry": {"type": "Polygon", "coordinates": [[[-84.0, 24.0], [-84.0, 30.0], [-90.0, 30.0], [-90.0, 24.0], [-84.0, 24.0]]]}, "properties": {"name": "N24W090_6x6", "kind": "latlon", "epsg": 4326, "lonMult": 1, "height": 6, "width": 6, "available": 17, "selected": 10, "coverage": 0.3648, "unionFrac": 0.3648, "bw": {"40": 10}}}, {"type": "Feature", "geometry": {"type": "Polygon", "coordinates": [[[-78.0, 24.0], [-78.0, 30.0], [-84.0, 30.0], [-84.0, 24.0], [-78.0, 24.0]]]}, "properties": {"name": "N24W084_6x6", "kind": "latlon", "epsg": 4326, "lonMult": 1, "height": 6, "width": 6, "available": 30, "selected": 15, "coverage": 0.8789, "unionFrac": 0.8804, "bw": {"40": 14, "20": 1}}}, {"type": "Feature", "geometry": {"type": "Polygon", "coordinates": [[[-72.0, 24.0], [-72.0, 30.0], [-78.0, 30.0], [-78.0, 24.0], [-72.0, 24.0]]]}, "properties": {"name": "N24W078_6x6", "kind": "latlon", "epsg": 4326, "lonMult": 1, "height": 6, "width": 6, "available": 18, "selected": 6, "coverage": 0.313, "unionFrac": 0.3138, "bw": {"40": 2, "20": 4}}}, {"type": "Feature", "geometry": {"type": "Polygon", "coordinates": [[[-18.0, 24.0], [-18.0, 30.0], [-24.0, 30.0], [-24.0, 24.0], [-18.0, 24.0]]]}, "properties": {"name": "N24W024_6x6", "kind": "latlon", "epsg": 4326, "lonMult": 1, "height": 6, "width": 6, "available": 4, "selected": 3, "coverage": 0.1031, "unionFrac": 0.1031, "bw": {"40": 1, "20": 2}}}, {"type": "Feature", "geometry": {"type": "Polygon", "coordinates": [[[-12.0, 24.0], [-12.0, 30.0], [-18.0, 30.0], [-18.0, 24.0], [-12.0, 24.0]]]}, "properties": {"name": "N24W018_6x6", "kind": "latlon", "epsg": 4326, "lonMult": 1, "height": 6, "width": 6, "available": 28, "selected": 17, "coverage": 0.7096, "unionFrac": 0.7111, "bw": {"40": 5, "20": 6, "5": 6}}}, {"type": "Feature", "geometry": {"type": "Polygon", "coordinates": [[[-6.0, 24.0], [-6.0, 30.0], [-12.0, 30.0], [-12.0, 24.0], [-6.0, 24.0]]]}, "properties": {"name": "N24W012_6x6", "kind": "latlon", "epsg": 4326, "lonMult": 1, "height": 6, "width": 6, "available": 46, "selected": 24, "coverage": 0.9829, "unionFrac": 0.9831, "bw": {"40": 1, "20": 9, "5": 14}}}, {"type": "Feature", "geometry": {"type": "Polygon", "coordinates": [[[0.0, 24.0], [0.0, 30.0], [-6.0, 30.0], [-6.0, 24.0], [0.0, 24.0]]]}, "properties": {"name": "N24W006_6x6", "kind": "latlon", "epsg": 4326, "lonMult": 1, "height": 6, "width": 6, "available": 57, "selected": 31, "coverage": 0.9952, "unionFrac": 0.998, "bw": {"20": 17, "5": 14}}}, {"type": "Feature", "geometry": {"type": "Polygon", "coordinates": [[[6.0, 24.0], [6.0, 30.0], [0.0, 30.0], [0.0, 24.0], [6.0, 24.0]]]}, "properties": {"name": "N24E000_6x6", "kind": "latlon", "epsg": 4326, "lonMult": 1, "height": 6, "width": 6, "available": 42, "selected": 24, "coverage": 0.9972, "unionFrac": 0.9985, "bw": {"20": 10, "5": 14}}}, {"type": "Feature", "geometry": {"type": "Polygon", "coordinates": [[[12.0, 24.0], [12.0, 30.0], [6.0, 30.0], [6.0, 24.0], [12.0, 24.0]]]}, "properties": {"name": "N24E006_6x6", "kind": "latlon", "epsg": 4326, "lonMult": 1, "height": 6, "width": 6, "available": 40, "selected": 18, "coverage": 0.9969, "unionFrac": 0.9995, "bw": {"20": 2, "5": 16}}}, {"type": "Feature", "geometry": {"type": "Polygon", "coordinates": [[[18.0, 24.0], [18.0, 30.0], [12.0, 30.0], [12.0, 24.0], [18.0, 24.0]]]}, "properties": {"name": "N24E012_6x6", "kind": "latlon", "epsg": 4326, "lonMult": 1, "height": 6, "width": 6, "available": 51, "selected": 28, "coverage": 0.9954, "unionFrac": 0.9981, "bw": {"40": 5, "20": 5, "5": 18}}}, {"type": "Feature", "geometry": {"type": "Polygon", "coordinates": [[[24.0, 24.0], [24.0, 30.0], [18.0, 30.0], [18.0, 24.0], [24.0, 24.0]]]}, "properties": {"name": "N24E018_6x6", "kind": "latlon", "epsg": 4326, "lonMult": 1, "height": 6, "width": 6, "available": 50, "selected": 27, "coverage": 0.9961, "unionFrac": 0.9977, "bw": {"40": 5, "20": 9, "5": 13}}}, {"type": "Feature", "geometry": {"type": "Polygon", "coordinates": [[[30.0, 24.0], [30.0, 30.0], [24.0, 30.0], [24.0, 24.0], [30.0, 24.0]]]}, "properties": {"name": "N24E024_6x6", "kind": "latlon", "epsg": 4326, "lonMult": 1, "height": 6, "width": 6, "available": 47, "selected": 21, "coverage": 0.9979, "unionFrac": 0.9994, "bw": {"40": 4, "20": 11, "5": 6}}}, {"type": "Feature", "geometry": {"type": "Polygon", "coordinates": [[[36.0, 24.0], [36.0, 30.0], [30.0, 30.0], [30.0, 24.0], [36.0, 24.0]]]}, "properties": {"name": "N24E030_6x6", "kind": "latlon", "epsg": 4326, "lonMult": 1, "height": 6, "width": 6, "available": 43, "selected": 21, "coverage": 0.9995, "unionFrac": 1.0, "bw": {"40": 8, "20": 12, "5": 1}}}, {"type": "Feature", "geometry": {"type": "Polygon", "coordinates": [[[42.0, 24.0], [42.0, 30.0], [36.0, 30.0], [36.0, 24.0], [42.0, 24.0]]]}, "properties": {"name": "N24E036_6x6", "kind": "latlon", "epsg": 4326, "lonMult": 1, "height": 6, "width": 6, "available": 44, "selected": 15, "coverage": 0.9993, "unionFrac": 1.0, "bw": {"40": 3, "20": 12}}}, {"type": "Feature", "geometry": {"type": "Polygon", "coordinates": [[[48.0, 24.0], [48.0, 30.0], [42.0, 30.0], [42.0, 24.0], [48.0, 24.0]]]}, "properties": {"name": "N24E042_6x6", "kind": "latlon", "epsg": 4326, "lonMult": 1, "height": 6, "width": 6, "available": 46, "selected": 19, "coverage": 1.0, "unionFrac": 1.0, "bw": {"40": 7, "20": 12}}}, {"type": "Feature", "geometry": {"type": "Polygon", "coordinates": [[[54.0, 24.0], [54.0, 30.0], [48.0, 30.0], [48.0, 24.0], [54.0, 24.0]]]}, "properties": {"name": "N24E048_6x6", "kind": "latlon", "epsg": 4326, "lonMult": 1, "height": 6, "width": 6, "available": 53, "selected": 19, "coverage": 0.9999, "unionFrac": 1.0, "bw": {"40": 11, "20": 8}}}, {"type": "Feature", "geometry": {"type": "Polygon", "coordinates": [[[60.0, 24.0], [60.0, 30.0], [54.0, 30.0], [54.0, 24.0], [60.0, 24.0]]]}, "properties": {"name": "N24E054_6x6", "kind": "latlon", "epsg": 4326, "lonMult": 1, "height": 6, "width": 6, "available": 42, "selected": 20, "coverage": 0.9994, "unionFrac": 1.0, "bw": {"40": 6, "20": 14}}}, {"type": "Feature", "geometry": {"type": "Polygon", "coordinates": [[[66.0, 24.0], [66.0, 30.0], [60.0, 30.0], [60.0, 24.0], [66.0, 24.0]]]}, "properties": {"name": "N24E060_6x6", "kind": "latlon", "epsg": 4326, "lonMult": 1, "height": 6, "width": 6, "available": 47, "selected": 22, "coverage": 0.979, "unionFrac": 0.9794, "bw": {"40": 14, "20": 8}}}, {"type": "Feature", "geometry": {"type": "Polygon", "coordinates": [[[72.0, 24.0], [72.0, 30.0], [66.0, 30.0], [66.0, 24.0], [72.0, 24.0]]]}, "properties": {"name": "N24E066_6x6", "kind": "latlon", "epsg": 4326, "lonMult": 1, "height": 6, "width": 6, "available": 48, "selected": 16, "coverage": 1.0, "unionFrac": 1.0, "bw": {"40": 15, "20": 1}}}, {"type": "Feature", "geometry": {"type": "Polygon", "coordinates": [[[78.0, 24.0], [78.0, 30.0], [72.0, 30.0], [72.0, 24.0], [78.0, 24.0]]]}, "properties": {"name": "N24E072_6x6", "kind": "latlon", "epsg": 4326, "lonMult": 1, "height": 6, "width": 6, "available": 45, "selected": 15, "coverage": 0.9989, "unionFrac": 1.0, "bw": {"40": 15}}}, {"type": "Feature", "geometry": {"type": "Polygon", "coordinates": [[[84.0, 24.0], [84.0, 30.0], [78.0, 30.0], [78.0, 24.0], [84.0, 24.0]]]}, "properties": {"name": "N24E078_6x6", "kind": "latlon", "epsg": 4326, "lonMult": 1, "height": 6, "width": 6, "available": 43, "selected": 18, "coverage": 0.9995, "unionFrac": 1.0, "bw": {"40": 15, "20": 3}}}, {"type": "Feature", "geometry": {"type": "Polygon", "coordinates": [[[90.0, 24.0], [90.0, 30.0], [84.0, 30.0], [84.0, 24.0], [90.0, 24.0]]]}, "properties": {"name": "N24E084_6x6", "kind": "latlon", "epsg": 4326, "lonMult": 1, "height": 6, "width": 6, "available": 41, "selected": 15, "coverage": 0.9995, "unionFrac": 1.0, "bw": {"40": 13, "20": 2}}}, {"type": "Feature", "geometry": {"type": "Polygon", "coordinates": [[[96.0, 24.0], [96.0, 30.0], [90.0, 30.0], [90.0, 24.0], [96.0, 24.0]]]}, "properties": {"name": "N24E090_6x6", "kind": "latlon", "epsg": 4326, "lonMult": 1, "height": 6, "width": 6, "available": 47, "selected": 16, "coverage": 1.0, "unionFrac": 1.0, "bw": {"40": 16}}}, {"type": "Feature", "geometry": {"type": "Polygon", "coordinates": [[[102.0, 24.0], [102.0, 30.0], [96.0, 30.0], [96.0, 24.0], [102.0, 24.0]]]}, "properties": {"name": "N24E096_6x6", "kind": "latlon", "epsg": 4326, "lonMult": 1, "height": 6, "width": 6, "available": 49, "selected": 15, "coverage": 0.9991, "unionFrac": 1.0, "bw": {"40": 7, "20": 8}}}, {"type": "Feature", "geometry": {"type": "Polygon", "coordinates": [[[108.0, 24.0], [108.0, 30.0], [102.0, 30.0], [102.0, 24.0], [108.0, 24.0]]]}, "properties": {"name": "N24E102_6x6", "kind": "latlon", "epsg": 4326, "lonMult": 1, "height": 6, "width": 6, "available": 40, "selected": 15, "coverage": 0.9998, "unionFrac": 1.0, "bw": {"20": 15}}}, {"type": "Feature", "geometry": {"type": "Polygon", "coordinates": [[[114.0, 24.0], [114.0, 30.0], [108.0, 30.0], [108.0, 24.0], [114.0, 24.0]]]}, "properties": {"name": "N24E108_6x6", "kind": "latlon", "epsg": 4326, "lonMult": 1, "height": 6, "width": 6, "available": 41, "selected": 17, "coverage": 1.0, "unionFrac": 1.0, "bw": {"20": 17}}}, {"type": "Feature", "geometry": {"type": "Polygon", "coordinates": [[[120.0, 24.0], [120.0, 30.0], [114.0, 30.0], [114.0, 24.0], [120.0, 24.0]]]}, "properties": {"name": "N24E114_6x6", "kind": "latlon", "epsg": 4326, "lonMult": 1, "height": 6, "width": 6, "available": 41, "selected": 17, "coverage": 0.9995, "unionFrac": 1.0, "bw": {"40": 1, "20": 16}}}, {"type": "Feature", "geometry": {"type": "Polygon", "coordinates": [[[126.0, 24.0], [126.0, 30.0], [120.0, 30.0], [120.0, 24.0], [126.0, 24.0]]]}, "properties": {"name": "N24E120_6x6", "kind": "latlon", "epsg": 4326, "lonMult": 1, "height": 6, "width": 6, "available": 24, "selected": 11, "coverage": 0.5077, "unionFrac": 0.5084, "bw": {"40": 4, "20": 7}}}, {"type": "Feature", "geometry": {"type": "Polygon", "coordinates": [[[132.0, 24.0], [132.0, 30.0], [126.0, 30.0], [126.0, 24.0], [132.0, 24.0]]]}, "properties": {"name": "N24E126_6x6", "kind": "latlon", "epsg": 4326, "lonMult": 1, "height": 6, "width": 6, "available": 8, "selected": 7, "coverage": 0.4439, "unionFrac": 0.4441, "bw": {"40": 1, "20": 6}}}, {"type": "Feature", "geometry": {"type": "Polygon", "coordinates": [[[144.0, 24.0], [144.0, 30.0], [138.0, 30.0], [138.0, 24.0], [144.0, 24.0]]]}, "properties": {"name": "N24E138_6x6", "kind": "latlon", "epsg": 4326, "lonMult": 1, "height": 6, "width": 6, "available": 6, "selected": 6, "coverage": 0.4115, "unionFrac": 0.4115, "bw": {"20": 6}}}, {"type": "Feature", "geometry": {"type": "Polygon", "coordinates": [[[-120.0, 30.0], [-120.0, 36.0], [-126.0, 36.0], [-126.0, 30.0], [-120.0, 30.0]]]}, "properties": {"name": "N30W126_6x6", "kind": "latlon", "epsg": 4326, "lonMult": 1, "height": 6, "width": 6, "available": 14, "selected": 7, "coverage": 0.2299, "unionFrac": 0.2305, "bw": {"40": 7}}}, {"type": "Feature", "geometry": {"type": "Polygon", "coordinates": [[[-114.0, 30.0], [-114.0, 36.0], [-120.0, 36.0], [-120.0, 30.0], [-114.0, 30.0]]]}, "properties": {"name": "N30W120_6x6", "kind": "latlon", "epsg": 4326, "lonMult": 1, "height": 6, "width": 6, "available": 38, "selected": 16, "coverage": 0.9176, "unionFrac": 0.9181, "bw": {"40": 16}}}, {"type": "Feature", "geometry": {"type": "Polygon", "coordinates": [[[-108.0, 30.0], [-108.0, 36.0], [-114.0, 36.0], [-114.0, 30.0], [-108.0, 30.0]]]}, "properties": {"name": "N30W114_6x6", "kind": "latlon", "epsg": 4326, "lonMult": 1, "height": 6, "width": 6, "available": 45, "selected": 14, "coverage": 0.9988, "unionFrac": 1.0, "bw": {"40": 14}}}, {"type": "Feature", "geometry": {"type": "Polygon", "coordinates": [[[-102.0, 30.0], [-102.0, 36.0], [-108.0, 36.0], [-108.0, 30.0], [-102.0, 30.0]]]}, "properties": {"name": "N30W108_6x6", "kind": "latlon", "epsg": 4326, "lonMult": 1, "height": 6, "width": 6, "available": 44, "selected": 16, "coverage": 1.0, "unionFrac": 1.0, "bw": {"40": 16}}}, {"type": "Feature", "geometry": {"type": "Polygon", "coordinates": [[[-96.0, 30.0], [-96.0, 36.0], [-102.0, 36.0], [-102.0, 30.0], [-96.0, 30.0]]]}, "properties": {"name": "N30W102_6x6", "kind": "latlon", "epsg": 4326, "lonMult": 1, "height": 6, "width": 6, "available": 40, "selected": 15, "coverage": 0.9998, "unionFrac": 1.0, "bw": {"40": 15}}}, {"type": "Feature", "geometry": {"type": "Polygon", "coordinates": [[[-90.0, 30.0], [-90.0, 36.0], [-96.0, 36.0], [-96.0, 30.0], [-90.0, 30.0]]]}, "properties": {"name": "N30W096_6x6", "kind": "latlon", "epsg": 4326, "lonMult": 1, "height": 6, "width": 6, "available": 42, "selected": 16, "coverage": 1.0, "unionFrac": 1.0, "bw": {"40": 16}}}, {"type": "Feature", "geometry": {"type": "Polygon", "coordinates": [[[-84.0, 30.0], [-84.0, 36.0], [-90.0, 36.0], [-90.0, 30.0], [-84.0, 30.0]]]}, "properties": {"name": "N30W090_6x6", "kind": "latlon", "epsg": 4326, "lonMult": 1, "height": 6, "width": 6, "available": 43, "selected": 15, "coverage": 1.0, "unionFrac": 1.0, "bw": {"40": 15}}}, {"type": "Feature", "geometry": {"type": "Polygon", "coordinates": [[[-78.0, 30.0], [-78.0, 36.0], [-84.0, 36.0], [-84.0, 30.0], [-78.0, 30.0]]]}, "properties": {"name": "N30W084_6x6", "kind": "latlon", "epsg": 4326, "lonMult": 1, "height": 6, "width": 6, "available": 35, "selected": 15, "coverage": 0.9126, "unionFrac": 0.9126, "bw": {"40": 15}}}, {"type": "Feature", "geometry": {"type": "Polygon", "coordinates": [[[-72.0, 30.0], [-72.0, 36.0], [-78.0, 36.0], [-78.0, 30.0], [-72.0, 30.0]]]}, "properties": {"name": "N30W078_6x6", "kind": "latlon", "epsg": 4326, "lonMult": 1, "height": 6, "width": 6, "available": 14, "selected": 8, "coverage": 0.3069, "unionFrac": 0.3069, "bw": {"40": 8}}}, {"type": "Feature", "geometry": {"type": "Polygon", "coordinates": [[[-12.0, 30.0], [-12.0, 36.0], [-18.0, 36.0], [-18.0, 30.0], [-12.0, 30.0]]]}, "properties": {"name": "N30W018_6x6", "kind": "latlon", "epsg": 4326, "lonMult": 1, "height": 6, "width": 6, "available": 1, "selected": 1, "coverage": 0.0016, "unionFrac": 0.0016, "bw": {"5": 1}}}, {"type": "Feature", "geometry": {"type": "Polygon", "coordinates": [[[-6.0, 30.0], [-6.0, 36.0], [-12.0, 36.0], [-12.0, 30.0], [-6.0, 30.0]]]}, "properties": {"name": "N30W012_6x6", "kind": "latlon", "epsg": 4326, "lonMult": 1, "height": 6, "width": 6, "available": 31, "selected": 13, "coverage": 0.7193, "unionFrac": 0.7199, "bw": {"40": 7, "20": 4, "5": 2}}}, {"type": "Feature", "geometry": {"type": "Polygon", "coordinates": [[[0.0, 30.0], [0.0, 36.0], [-6.0, 36.0], [-6.0, 30.0], [0.0, 30.0]]]}, "properties": {"name": "N30W006_6x6", "kind": "latlon", "epsg": 4326, "lonMult": 1, "height": 6, "width": 6, "available": 55, "selected": 21, "coverage": 0.9981, "unionFrac": 0.9995, "bw": {"40": 10, "20": 9, "5": 2}}}, {"type": "Feature", "geometry": {"type": "Polygon", "coordinates": [[[6.0, 30.0], [6.0, 36.0], [0.0, 36.0], [0.0, 30.0], [6.0, 30.0]]]}, "properties": {"name": "N30E000_6x6", "kind": "latlon", "epsg": 4326, "lonMult": 1, "height": 6, "width": 6, "available": 47, "selected": 20, "coverage": 0.9961, "unionFrac": 0.9966, "bw": {"40": 9, "20": 7, "5": 4}}}, {"type": "Feature", "geometry": {"type": "Polygon", "coordinates": [[[12.0, 30.0], [12.0, 36.0], [6.0, 36.0], [6.0, 30.0], [12.0, 30.0]]]}, "properties": {"name": "N30E006_6x6", "kind": "latlon", "epsg": 4326, "lonMult": 1, "height": 6, "width": 6, "available": 49, "selected": 22, "coverage": 0.9976, "unionFrac": 0.9988, "bw": {"40": 11, "20": 3, "5": 8}}}, {"type": "Feature", "geometry": {"type": "Polygon", "coordinates": [[[18.0, 30.0], [18.0, 36.0], [12.0, 36.0], [12.0, 30.0], [18.0, 30.0]]]}, "properties": {"name": "N30E012_6x6", "kind": "latlon", "epsg": 4326, "lonMult": 1, "height": 6, "width": 6, "available": 34, "selected": 16, "coverage": 0.6502, "unionFrac": 0.6509, "bw": {"40": 10, "20": 3, "5": 3}}}, {"type": "Feature", "geometry": {"type": "Polygon", "coordinates": [[[24.0, 30.0], [24.0, 36.0], [18.0, 36.0], [18.0, 30.0], [24.0, 30.0]]]}, "properties": {"name": "N30E018_6x6", "kind": "latlon", "epsg": 4326, "lonMult": 1, "height": 6, "width": 6, "available": 33, "selected": 17, "coverage": 0.5723, "unionFrac": 0.5727, "bw": {"40": 10, "20": 5, "5": 2}}}, {"type": "Feature", "geometry": {"type": "Polygon", "coordinates": [[[30.0, 30.0], [30.0, 36.0], [24.0, 36.0], [24.0, 30.0], [30.0, 30.0]]]}, "properties": {"name": "N30E024_6x6", "kind": "latlon", "epsg": 4326, "lonMult": 1, "height": 6, "width": 6, "available": 34, "selected": 18, "coverage": 0.6297, "unionFrac": 0.6305, "bw": {"40": 4, "20": 13, "5": 1}}}, {"type": "Feature", "geometry": {"type": "Polygon", "coordinates": [[[36.0, 30.0], [36.0, 36.0], [30.0, 36.0], [30.0, 30.0], [36.0, 30.0]]]}, "properties": {"name": "N30E030_6x6", "kind": "latlon", "epsg": 4326, "lonMult": 1, "height": 6, "width": 6, "available": 32, "selected": 14, "coverage": 0.7506, "unionFrac": 0.7515, "bw": {"40": 1, "20": 13}}}, {"type": "Feature", "geometry": {"type": "Polygon", "coordinates": [[[42.0, 30.0], [42.0, 36.0], [36.0, 36.0], [36.0, 30.0], [42.0, 30.0]]]}, "properties": {"name": "N30E036_6x6", "kind": "latlon", "epsg": 4326, "lonMult": 1, "height": 6, "width": 6, "available": 44, "selected": 15, "coverage": 1.0, "unionFrac": 1.0, "bw": {"20": 15}}}, {"type": "Feature", "geometry": {"type": "Polygon", "coordinates": [[[48.0, 30.0], [48.0, 36.0], [42.0, 36.0], [42.0, 30.0], [48.0, 30.0]]]}, "properties": {"name": "N30E042_6x6", "kind": "latlon", "epsg": 4326, "lonMult": 1, "height": 6, "width": 6, "available": 52, "selected": 20, "coverage": 0.9997, "unionFrac": 1.0, "bw": {"40": 8, "20": 12}}}, {"type": "Feature", "geometry": {"type": "Polygon", "coordinates": [[[54.0, 30.0], [54.0, 36.0], [48.0, 36.0], [48.0, 30.0], [54.0, 30.0]]]}, "properties": {"name": "N30E048_6x6", "kind": "latlon", "epsg": 4326, "lonMult": 1, "height": 6, "width": 6, "available": 42, "selected": 17, "coverage": 0.9992, "unionFrac": 1.0, "bw": {"40": 6, "20": 11}}}, {"type": "Feature", "geometry": {"type": "Polygon", "coordinates": [[[60.0, 30.0], [60.0, 36.0], [54.0, 36.0], [54.0, 30.0], [60.0, 30.0]]]}, "properties": {"name": "N30E054_6x6", "kind": "latlon", "epsg": 4326, "lonMult": 1, "height": 6, "width": 6, "available": 39, "selected": 17, "coverage": 0.9995, "unionFrac": 1.0, "bw": {"40": 3, "20": 14}}}, {"type": "Feature", "geometry": {"type": "Polygon", "coordinates": [[[66.0, 30.0], [66.0, 36.0], [60.0, 36.0], [60.0, 30.0], [66.0, 30.0]]]}, "properties": {"name": "N30E060_6x6", "kind": "latlon", "epsg": 4326, "lonMult": 1, "height": 6, "width": 6, "available": 52, "selected": 17, "coverage": 1.0, "unionFrac": 1.0, "bw": {"40": 14, "20": 3}}}, {"type": "Feature", "geometry": {"type": "Polygon", "coordinates": [[[72.0, 30.0], [72.0, 36.0], [66.0, 36.0], [66.0, 30.0], [72.0, 30.0]]]}, "properties": {"name": "N30E066_6x6", "kind": "latlon", "epsg": 4326, "lonMult": 1, "height": 6, "width": 6, "available": 46, "selected": 16, "coverage": 1.0, "unionFrac": 1.0, "bw": {"40": 16}}}, {"type": "Feature", "geometry": {"type": "Polygon", "coordinates": [[[78.0, 30.0], [78.0, 36.0], [72.0, 36.0], [72.0, 30.0], [78.0, 30.0]]]}, "properties": {"name": "N30E072_6x6", "kind": "latlon", "epsg": 4326, "lonMult": 1, "height": 6, "width": 6, "available": 49, "selected": 17, "coverage": 1.0, "unionFrac": 1.0, "bw": {"40": 17}}}, {"type": "Feature", "geometry": {"type": "Polygon", "coordinates": [[[84.0, 30.0], [84.0, 36.0], [78.0, 36.0], [78.0, 30.0], [84.0, 30.0]]]}, "properties": {"name": "N30E078_6x6", "kind": "latlon", "epsg": 4326, "lonMult": 1, "height": 6, "width": 6, "available": 44, "selected": 19, "coverage": 0.9984, "unionFrac": 1.0, "bw": {"40": 16, "20": 3}}}, {"type": "Feature", "geometry": {"type": "Polygon", "coordinates": [[[90.0, 30.0], [90.0, 36.0], [84.0, 36.0], [84.0, 30.0], [90.0, 30.0]]]}, "properties": {"name": "N30E084_6x6", "kind": "latlon", "epsg": 4326, "lonMult": 1, "height": 6, "width": 6, "available": 47, "selected": 19, "coverage": 1.0, "unionFrac": 1.0, "bw": {"40": 9, "20": 10}}}, {"type": "Feature", "geometry": {"type": "Polygon", "coordinates": [[[96.0, 30.0], [96.0, 36.0], [90.0, 36.0], [90.0, 30.0], [96.0, 30.0]]]}, "properties": {"name": "N30E090_6x6", "kind": "latlon", "epsg": 4326, "lonMult": 1, "height": 6, "width": 6, "available": 50, "selected": 15, "coverage": 0.9985, "unionFrac": 1.0, "bw": {"40": 5, "20": 10}}}, {"type": "Feature", "geometry": {"type": "Polygon", "coordinates": [[[102.0, 30.0], [102.0, 36.0], [96.0, 36.0], [96.0, 30.0], [102.0, 30.0]]]}, "properties": {"name": "N30E096_6x6", "kind": "latlon", "epsg": 4326, "lonMult": 1, "height": 6, "width": 6, "available": 48, "selected": 17, "coverage": 1.0, "unionFrac": 1.0, "bw": {"40": 2, "20": 15}}}, {"type": "Feature", "geometry": {"type": "Polygon", "coordinates": [[[108.0, 30.0], [108.0, 36.0], [102.0, 36.0], [102.0, 30.0], [108.0, 30.0]]]}, "properties": {"name": "N30E102_6x6", "kind": "latlon", "epsg": 4326, "lonMult": 1, "height": 6, "width": 6, "available": 41, "selected": 14, "coverage": 0.9997, "unionFrac": 1.0, "bw": {"20": 14}}}, {"type": "Feature", "geometry": {"type": "Polygon", "coordinates": [[[114.0, 30.0], [114.0, 36.0], [108.0, 36.0], [108.0, 30.0], [114.0, 30.0]]]}, "properties": {"name": "N30E108_6x6", "kind": "latlon", "epsg": 4326, "lonMult": 1, "height": 6, "width": 6, "available": 42, "selected": 16, "coverage": 0.9999, "unionFrac": 1.0, "bw": {"20": 16}}}, {"type": "Feature", "geometry": {"type": "Polygon", "coordinates": [[[120.0, 30.0], [120.0, 36.0], [114.0, 36.0], [114.0, 30.0], [120.0, 30.0]]]}, "properties": {"name": "N30E114_6x6", "kind": "latlon", "epsg": 4326, "lonMult": 1, "height": 6, "width": 6, "available": 40, "selected": 15, "coverage": 1.0, "unionFrac": 1.0, "bw": {"20": 15}}}, {"type": "Feature", "geometry": {"type": "Polygon", "coordinates": [[[126.0, 30.0], [126.0, 36.0], [120.0, 36.0], [120.0, 30.0], [126.0, 30.0]]]}, "properties": {"name": "N30E120_6x6", "kind": "latlon", "epsg": 4326, "lonMult": 1, "height": 6, "width": 6, "available": 25, "selected": 12, "coverage": 0.5453, "unionFrac": 0.5453, "bw": {"40": 4, "20": 8}}}, {"type": "Feature", "geometry": {"type": "Polygon", "coordinates": [[[132.0, 30.0], [132.0, 36.0], [126.0, 36.0], [126.0, 30.0], [132.0, 30.0]]]}, "properties": {"name": "N30E126_6x6", "kind": "latlon", "epsg": 4326, "lonMult": 1, "height": 6, "width": 6, "available": 36, "selected": 16, "coverage": 0.8027, "unionFrac": 0.804, "bw": {"40": 13, "20": 3}}}, {"type": "Feature", "geometry": {"type": "Polygon", "coordinates": [[[138.0, 30.0], [138.0, 36.0], [132.0, 36.0], [132.0, 30.0], [138.0, 30.0]]]}, "properties": {"name": "N30E132_6x6", "kind": "latlon", "epsg": 4326, "lonMult": 1, "height": 6, "width": 6, "available": 31, "selected": 15, "coverage": 0.6003, "unionFrac": 0.6014, "bw": {"40": 14, "20": 1}}}, {"type": "Feature", "geometry": {"type": "Polygon", "coordinates": [[[144.0, 30.0], [144.0, 36.0], [138.0, 36.0], [138.0, 30.0], [144.0, 30.0]]]}, "properties": {"name": "N30E138_6x6", "kind": "latlon", "epsg": 4326, "lonMult": 1, "height": 6, "width": 6, "available": 18, "selected": 11, "coverage": 0.4368, "unionFrac": 0.4374, "bw": {"40": 7, "20": 4}}}, {"type": "Feature", "geometry": {"type": "Polygon", "coordinates": [[[-126.0, 36.0], [-126.0, 42.0], [-132.0, 42.0], [-132.0, 36.0], [-126.0, 36.0]]]}, "properties": {"name": "N36W132_6x6", "kind": "latlon", "epsg": 4326, "lonMult": 1, "height": 6, "width": 6, "available": 4, "selected": 3, "coverage": 0.0423, "unionFrac": 0.0423, "bw": {"40": 3}}}, {"type": "Feature", "geometry": {"type": "Polygon", "coordinates": [[[-120.0, 36.0], [-120.0, 42.0], [-126.0, 42.0], [-126.0, 36.0], [-120.0, 36.0]]]}, "properties": {"name": "N36W126_6x6", "kind": "latlon", "epsg": 4326, "lonMult": 1, "height": 6, "width": 6, "available": 30, "selected": 14, "coverage": 0.879, "unionFrac": 0.8791, "bw": {"40": 14}}}, {"type": "Feature", "geometry": {"type": "Polygon", "coordinates": [[[-114.0, 36.0], [-114.0, 42.0], [-120.0, 42.0], [-120.0, 36.0], [-114.0, 36.0]]]}, "properties": {"name": "N36W120_6x6", "kind": "latlon", "epsg": 4326, "lonMult": 1, "height": 6, "width": 6, "available": 41, "selected": 15, "coverage": 0.9994, "unionFrac": 1.0, "bw": {"40": 15}}}, {"type": "Feature", "geometry": {"type": "Polygon", "coordinates": [[[-108.0, 36.0], [-108.0, 42.0], [-114.0, 42.0], [-114.0, 36.0], [-108.0, 36.0]]]}, "properties": {"name": "N36W114_6x6", "kind": "latlon", "epsg": 4326, "lonMult": 1, "height": 6, "width": 6, "available": 43, "selected": 13, "coverage": 0.9992, "unionFrac": 1.0, "bw": {"40": 13}}}, {"type": "Feature", "geometry": {"type": "Polygon", "coordinates": [[[-102.0, 36.0], [-102.0, 42.0], [-108.0, 42.0], [-108.0, 36.0], [-102.0, 36.0]]]}, "properties": {"name": "N36W108_6x6", "kind": "latlon", "epsg": 4326, "lonMult": 1, "height": 6, "width": 6, "available": 45, "selected": 14, "coverage": 0.9988, "unionFrac": 1.0, "bw": {"40": 14}}}, {"type": "Feature", "geometry": {"type": "Polygon", "coordinates": [[[-96.0, 36.0], [-96.0, 42.0], [-102.0, 42.0], [-102.0, 36.0], [-96.0, 36.0]]]}, "properties": {"name": "N36W102_6x6", "kind": "latlon", "epsg": 4326, "lonMult": 1, "height": 6, "width": 6, "available": 42, "selected": 14, "coverage": 0.9993, "unionFrac": 1.0, "bw": {"40": 14}}}, {"type": "Feature", "geometry": {"type": "Polygon", "coordinates": [[[-90.0, 36.0], [-90.0, 42.0], [-96.0, 42.0], [-96.0, 36.0], [-90.0, 36.0]]]}, "properties": {"name": "N36W096_6x6", "kind": "latlon", "epsg": 4326, "lonMult": 1, "height": 6, "width": 6, "available": 55, "selected": 21, "coverage": 1.0, "unionFrac": 1.0, "bw": {"40": 16, "20": 5}}}, {"type": "Feature", "geometry": {"type": "Polygon", "coordinates": [[[-84.0, 36.0], [-84.0, 42.0], [-90.0, 42.0], [-90.0, 36.0], [-84.0, 36.0]]]}, "properties": {"name": "N36W090_6x6", "kind": "latlon", "epsg": 4326, "lonMult": 1, "height": 6, "width": 6, "available": 61, "selected": 22, "coverage": 0.9998, "unionFrac": 1.0, "bw": {"40": 12, "20": 10}}}, {"type": "Feature", "geometry": {"type": "Polygon", "coordinates": [[[-78.0, 36.0], [-78.0, 42.0], [-84.0, 42.0], [-84.0, 36.0], [-78.0, 36.0]]]}, "properties": {"name": "N36W084_6x6", "kind": "latlon", "epsg": 4326, "lonMult": 1, "height": 6, "width": 6, "available": 52, "selected": 16, "coverage": 1.0, "unionFrac": 1.0, "bw": {"40": 14, "20": 2}}}, {"type": "Feature", "geometry": {"type": "Polygon", "coordinates": [[[-72.0, 36.0], [-72.0, 42.0], [-78.0, 42.0], [-78.0, 36.0], [-72.0, 36.0]]]}, "properties": {"name": "N36W078_6x6", "kind": "latlon", "epsg": 4326, "lonMult": 1, "height": 6, "width": 6, "available": 33, "selected": 13, "coverage": 0.8661, "unionFrac": 0.8686, "bw": {"40": 13}}}, {"type": "Feature", "geometry": {"type": "Polygon", "coordinates": [[[-66.0, 36.0], [-66.0, 42.0], [-72.0, 42.0], [-72.0, 36.0], [-66.0, 36.0]]]}, "properties": {"name": "N36W072_6x6", "kind": "latlon", "epsg": 4326, "lonMult": 1, "height": 6, "width": 6, "available": 8, "selected": 5, "coverage": 0.1291, "unionFrac": 0.1291, "bw": {"40": 5}}}, {"type": "Feature", "geometry": {"type": "Polygon", "coordinates": [[[-24.0, 36.0], [-24.0, 42.0], [-30.0, 42.0], [-30.0, 36.0], [-24.0, 36.0]]]}, "properties": {"name": "N36W030_6x6", "kind": "latlon", "epsg": 4326, "lonMult": 1, "height": 6, "width": 6, "available": 2, "selected": 2, "coverage": 0.1753, "unionFrac": 0.1753, "bw": {"20": 2}}}, {"type": "Feature", "geometry": {"type": "Polygon", "coordinates": [[[-6.0, 36.0], [-6.0, 42.0], [-12.0, 42.0], [-12.0, 36.0], [-6.0, 36.0]]]}, "properties": {"name": "N36W012_6x6", "kind": "latlon", "epsg": 4326, "lonMult": 1, "height": 6, "width": 6, "available": 26, "selected": 16, "coverage": 0.794, "unionFrac": 0.794, "bw": {"40": 3, "20": 13}}}, {"type": "Feature", "geometry": {"type": "Polygon", "coordinates": [[[0.0, 36.0], [0.0, 42.0], [-6.0, 42.0], [-6.0, 36.0], [0.0, 36.0]]]}, "properties": {"name": "N36W006_6x6", "kind": "latlon", "epsg": 4326, "lonMult": 1, "height": 6, "width": 6, "available": 52, "selected": 18, "coverage": 0.9992, "unionFrac": 1.0, "bw": {"40": 5, "20": 13}}}, {"type": "Feature", "geometry": {"type": "Polygon", "coordinates": [[[6.0, 36.0], [6.0, 42.0], [0.0, 42.0], [0.0, 36.0], [6.0, 36.0]]]}, "properties": {"name": "N36E000_6x6", "kind": "latlon", "epsg": 4326, "lonMult": 1, "height": 6, "width": 6, "available": 38, "selected": 16, "coverage": 0.6716, "unionFrac": 0.6718, "bw": {"40": 7, "20": 8, "5": 1}}}, {"type": "Feature", "geometry": {"type": "Polygon", "coordinates": [[[12.0, 36.0], [12.0, 42.0], [6.0, 42.0], [6.0, 36.0], [12.0, 36.0]]]}, "properties": {"name": "N36E006_6x6", "kind": "latlon", "epsg": 4326, "lonMult": 1, "height": 6, "width": 6, "available": 32, "selected": 16, "coverage": 0.8459, "unionFrac": 0.8463, "bw": {"40": 6, "20": 10}}}, {"type": "Feature", "geometry": {"type": "Polygon", "coordinates": [[[18.0, 36.0], [18.0, 42.0], [12.0, 42.0], [12.0, 36.0], [18.0, 36.0]]]}, "properties": {"name": "N36E012_6x6", "kind": "latlon", "epsg": 4326, "lonMult": 1, "height": 6, "width": 6, "available": 31, "selected": 14, "coverage": 0.8817, "unionFrac": 0.8837, "bw": {"40": 1, "20": 13}}}, {"type": "Feature", "geometry": {"type": "Polygon", "coordinates": [[[24.0, 36.0], [24.0, 42.0], [18.0, 42.0], [18.0, 36.0], [24.0, 36.0]]]}, "properties": {"name": "N36E018_6x6", "kind": "latlon", "epsg": 4326, "lonMult": 1, "height": 6, "width": 6, "available": 34, "selected": 14, "coverage": 0.9172, "unionFrac": 0.919, "bw": {"20": 14}}}, {"type": "Feature", "geometry": {"type": "Polygon", "coordinates": [[[30.0, 36.0], [30.0, 42.0], [24.0, 42.0], [24.0, 36.0], [30.0, 36.0]]]}, "properties": {"name": "N36E024_6x6", "kind": "latlon", "epsg": 4326, "lonMult": 1, "height": 6, "width": 6, "available": 39, "selected": 15, "coverage": 0.9987, "unionFrac": 1.0, "bw": {"20": 15}}}, {"type": "Feature", "geometry": {"type": "Polygon", "coordinates": [[[36.0, 36.0], [36.0, 42.0], [30.0, 42.0], [30.0, 36.0], [36.0, 36.0]]]}, "properties": {"name": "N36E030_6x6", "kind": "latlon", "epsg": 4326, "lonMult": 1, "height": 6, "width": 6, "available": 39, "selected": 14, "coverage": 0.9998, "unionFrac": 1.0, "bw": {"20": 14}}}, {"type": "Feature", "geometry": {"type": "Polygon", "coordinates": [[[42.0, 36.0], [42.0, 42.0], [36.0, 42.0], [36.0, 36.0], [42.0, 36.0]]]}, "properties": {"name": "N36E036_6x6", "kind": "latlon", "epsg": 4326, "lonMult": 1, "height": 6, "width": 6, "available": 40, "selected": 16, "coverage": 0.9982, "unionFrac": 0.9985, "bw": {"40": 1, "20": 15}}}, {"type": "Feature", "geometry": {"type": "Polygon", "coordinates": [[[48.0, 36.0], [48.0, 42.0], [42.0, 42.0], [42.0, 36.0], [48.0, 36.0]]]}, "properties": {"name": "N36E042_6x6", "kind": "latlon", "epsg": 4326, "lonMult": 1, "height": 6, "width": 6, "available": 45, "selected": 18, "coverage": 0.9992, "unionFrac": 1.0, "bw": {"40": 8, "20": 10}}}, {"type": "Feature", "geometry": {"type": "Polygon", "coordinates": [[[54.0, 36.0], [54.0, 42.0], [48.0, 42.0], [48.0, 36.0], [54.0, 36.0]]]}, "properties": {"name": "N36E048_6x6", "kind": "latlon", "epsg": 4326, "lonMult": 1, "height": 6, "width": 6, "available": 40, "selected": 17, "coverage": 1.0, "unionFrac": 1.0, "bw": {"40": 5, "20": 12}}}, {"type": "Feature", "geometry": {"type": "Polygon", "coordinates": [[[60.0, 36.0], [60.0, 42.0], [54.0, 42.0], [54.0, 36.0], [60.0, 36.0]]]}, "properties": {"name": "N36E054_6x6", "kind": "latlon", "epsg": 4326, "lonMult": 1, "height": 6, "width": 6, "available": 37, "selected": 14, "coverage": 1.0, "unionFrac": 1.0, "bw": {"20": 14}}}, {"type": "Feature", "geometry": {"type": "Polygon", "coordinates": [[[66.0, 36.0], [66.0, 42.0], [60.0, 42.0], [60.0, 36.0], [66.0, 36.0]]]}, "properties": {"name": "N36E060_6x6", "kind": "latlon", "epsg": 4326, "lonMult": 1, "height": 6, "width": 6, "available": 47, "selected": 18, "coverage": 1.0, "unionFrac": 1.0, "bw": {"40": 4, "20": 14}}}, {"type": "Feature", "geometry": {"type": "Polygon", "coordinates": [[[72.0, 36.0], [72.0, 42.0], [66.0, 42.0], [66.0, 36.0], [72.0, 36.0]]]}, "properties": {"name": "N36E066_6x6", "kind": "latlon", "epsg": 4326, "lonMult": 1, "height": 6, "width": 6, "available": 50, "selected": 18, "coverage": 1.0, "unionFrac": 1.0, "bw": {"40": 8, "20": 10}}}, {"type": "Feature", "geometry": {"type": "Polygon", "coordinates": [[[78.0, 36.0], [78.0, 42.0], [72.0, 42.0], [72.0, 36.0], [78.0, 36.0]]]}, "properties": {"name": "N36E072_6x6", "kind": "latlon", "epsg": 4326, "lonMult": 1, "height": 6, "width": 6, "available": 46, "selected": 17, "coverage": 0.9998, "unionFrac": 0.9999, "bw": {"40": 6, "20": 11}}}, {"type": "Feature", "geometry": {"type": "Polygon", "coordinates": [[[84.0, 36.0], [84.0, 42.0], [78.0, 42.0], [78.0, 36.0], [84.0, 36.0]]]}, "properties": {"name": "N36E078_6x6", "kind": "latlon", "epsg": 4326, "lonMult": 1, "height": 6, "width": 6, "available": 41, "selected": 18, "coverage": 1.0, "unionFrac": 1.0, "bw": {"40": 3, "20": 15}}}, {"type": "Feature", "geometry": {"type": "Polygon", "coordinates": [[[90.0, 36.0], [90.0, 42.0], [84.0, 42.0], [84.0, 36.0], [90.0, 36.0]]]}, "properties": {"name": "N36E084_6x6", "kind": "latlon", "epsg": 4326, "lonMult": 1, "height": 6, "width": 6, "available": 41, "selected": 15, "coverage": 0.9996, "unionFrac": 1.0, "bw": {"20": 15}}}, {"type": "Feature", "geometry": {"type": "Polygon", "coordinates": [[[96.0, 36.0], [96.0, 42.0], [90.0, 42.0], [90.0, 36.0], [96.0, 36.0]]]}, "properties": {"name": "N36E090_6x6", "kind": "latlon", "epsg": 4326, "lonMult": 1, "height": 6, "width": 6, "available": 43, "selected": 13, "coverage": 1.0, "unionFrac": 1.0, "bw": {"20": 13}}}, {"type": "Feature", "geometry": {"type": "Polygon", "coordinates": [[[102.0, 36.0], [102.0, 42.0], [96.0, 42.0], [96.0, 36.0], [102.0, 36.0]]]}, "properties": {"name": "N36E096_6x6", "kind": "latlon", "epsg": 4326, "lonMult": 1, "height": 6, "width": 6, "available": 43, "selected": 15, "coverage": 1.0, "unionFrac": 1.0, "bw": {"20": 15}}}, {"type": "Feature", "geometry": {"type": "Polygon", "coordinates": [[[108.0, 36.0], [108.0, 42.0], [102.0, 42.0], [102.0, 36.0], [108.0, 36.0]]]}, "properties": {"name": "N36E102_6x6", "kind": "latlon", "epsg": 4326, "lonMult": 1, "height": 6, "width": 6, "available": 43, "selected": 14, "coverage": 0.9997, "unionFrac": 1.0, "bw": {"20": 14}}}, {"type": "Feature", "geometry": {"type": "Polygon", "coordinates": [[[114.0, 36.0], [114.0, 42.0], [108.0, 42.0], [108.0, 36.0], [114.0, 36.0]]]}, "properties": {"name": "N36E108_6x6", "kind": "latlon", "epsg": 4326, "lonMult": 1, "height": 6, "width": 6, "available": 44, "selected": 15, "coverage": 1.0, "unionFrac": 1.0, "bw": {"20": 15}}}, {"type": "Feature", "geometry": {"type": "Polygon", "coordinates": [[[120.0, 36.0], [120.0, 42.0], [114.0, 42.0], [114.0, 36.0], [120.0, 36.0]]]}, "properties": {"name": "N36E114_6x6", "kind": "latlon", "epsg": 4326, "lonMult": 1, "height": 6, "width": 6, "available": 41, "selected": 16, "coverage": 1.0, "unionFrac": 1.0, "bw": {"20": 16}}}, {"type": "Feature", "geometry": {"type": "Polygon", "coordinates": [[[126.0, 36.0], [126.0, 42.0], [120.0, 42.0], [120.0, 36.0], [126.0, 36.0]]]}, "properties": {"name": "N36E120_6x6", "kind": "latlon", "epsg": 4326, "lonMult": 1, "height": 6, "width": 6, "available": 37, "selected": 17, "coverage": 0.9341, "unionFrac": 0.9348, "bw": {"40": 6, "20": 11}}}, {"type": "Feature", "geometry": {"type": "Polygon", "coordinates": [[[132.0, 36.0], [132.0, 42.0], [126.0, 42.0], [126.0, 36.0], [132.0, 36.0]]]}, "properties": {"name": "N36E126_6x6", "kind": "latlon", "epsg": 4326, "lonMult": 1, "height": 6, "width": 6, "available": 40, "selected": 18, "coverage": 0.8595, "unionFrac": 0.8597, "bw": {"40": 8, "20": 10}}}, {"type": "Feature", "geometry": {"type": "Polygon", "coordinates": [[[138.0, 36.0], [138.0, 42.0], [132.0, 42.0], [132.0, 36.0], [138.0, 36.0]]]}, "properties": {"name": "N36E132_6x6", "kind": "latlon", "epsg": 4326, "lonMult": 1, "height": 6, "width": 6, "available": 27, "selected": 12, "coverage": 0.4609, "unionFrac": 0.4609, "bw": {"40": 9, "20": 3}}}, {"type": "Feature", "geometry": {"type": "Polygon", "coordinates": [[[144.0, 36.0], [144.0, 42.0], [138.0, 42.0], [138.0, 36.0], [144.0, 36.0]]]}, "properties": {"name": "N36E138_6x6", "kind": "latlon", "epsg": 4326, "lonMult": 1, "height": 6, "width": 6, "available": 26, "selected": 12, "coverage": 0.8984, "unionFrac": 0.8988, "bw": {"40": 12}}}, {"type": "Feature", "geometry": {"type": "Polygon", "coordinates": [[[150.0, 36.0], [150.0, 42.0], [144.0, 42.0], [144.0, 36.0], [150.0, 36.0]]]}, "properties": {"name": "N36E144_6x6", "kind": "latlon", "epsg": 4326, "lonMult": 1, "height": 6, "width": 6, "available": 6, "selected": 3, "coverage": 0.0588, "unionFrac": 0.0593, "bw": {"40": 3}}}, {"type": "Feature", "geometry": {"type": "Polygon", "coordinates": [[[-126.0, 42.0], [-126.0, 48.0], [-132.0, 48.0], [-132.0, 42.0], [-126.0, 42.0]]]}, "properties": {"name": "N42W132_6x6", "kind": "latlon", "epsg": 4326, "lonMult": 1, "height": 6, "width": 6, "available": 8, "selected": 5, "coverage": 0.0728, "unionFrac": 0.0728, "bw": {"40": 5}}}, {"type": "Feature", "geometry": {"type": "Polygon", "coordinates": [[[-120.0, 42.0], [-120.0, 48.0], [-126.0, 48.0], [-126.0, 42.0], [-120.0, 42.0]]]}, "properties": {"name": "N42W126_6x6", "kind": "latlon", "epsg": 4326, "lonMult": 1, "height": 6, "width": 6, "available": 34, "selected": 13, "coverage": 0.9693, "unionFrac": 0.971, "bw": {"40": 13}}}, {"type": "Feature", "geometry": {"type": "Polygon", "coordinates": [[[-114.0, 42.0], [-114.0, 48.0], [-120.0, 48.0], [-120.0, 42.0], [-114.0, 42.0]]]}, "properties": {"name": "N42W120_6x6", "kind": "latlon", "epsg": 4326, "lonMult": 1, "height": 6, "width": 6, "available": 40, "selected": 13, "coverage": 0.9987, "unionFrac": 1.0, "bw": {"40": 13}}}, {"type": "Feature", "geometry": {"type": "Polygon", "coordinates": [[[-108.0, 42.0], [-108.0, 48.0], [-114.0, 48.0], [-114.0, 42.0], [-108.0, 42.0]]]}, "properties": {"name": "N42W114_6x6", "kind": "latlon", "epsg": 4326, "lonMult": 1, "height": 6, "width": 6, "available": 43, "selected": 13, "coverage": 0.9995, "unionFrac": 1.0, "bw": {"40": 13}}}, {"type": "Feature", "geometry": {"type": "Polygon", "coordinates": [[[-102.0, 42.0], [-102.0, 48.0], [-108.0, 48.0], [-108.0, 42.0], [-102.0, 42.0]]]}, "properties": {"name": "N42W108_6x6", "kind": "latlon", "epsg": 4326, "lonMult": 1, "height": 6, "width": 6, "available": 40, "selected": 13, "coverage": 0.9995, "unionFrac": 1.0, "bw": {"40": 13}}}, {"type": "Feature", "geometry": {"type": "Polygon", "coordinates": [[[-96.0, 42.0], [-96.0, 48.0], [-102.0, 48.0], [-102.0, 42.0], [-96.0, 42.0]]]}, "properties": {"name": "N42W102_6x6", "kind": "latlon", "epsg": 4326, "lonMult": 1, "height": 6, "width": 6, "available": 40, "selected": 13, "coverage": 0.9996, "unionFrac": 1.0, "bw": {"40": 13}}}, {"type": "Feature", "geometry": {"type": "Polygon", "coordinates": [[[-90.0, 42.0], [-90.0, 48.0], [-96.0, 48.0], [-96.0, 42.0], [-90.0, 42.0]]]}, "properties": {"name": "N42W096_6x6", "kind": "latlon", "epsg": 4326, "lonMult": 1, "height": 6, "width": 6, "available": 53, "selected": 16, "coverage": 0.9997, "unionFrac": 1.0, "bw": {"40": 12, "20": 4}}}, {"type": "Feature", "geometry": {"type": "Polygon", "coordinates": [[[-84.0, 42.0], [-84.0, 48.0], [-90.0, 48.0], [-90.0, 42.0], [-84.0, 42.0]]]}, "properties": {"name": "N42W090_6x6", "kind": "latlon", "epsg": 4326, "lonMult": 1, "height": 6, "width": 6, "available": 69, "selected": 17, "coverage": 0.9985, "unionFrac": 1.0, "bw": {"40": 7, "20": 10}}}, {"type": "Feature", "geometry": {"type": "Polygon", "coordinates": [[[-78.0, 42.0], [-78.0, 48.0], [-84.0, 48.0], [-84.0, 42.0], [-78.0, 42.0]]]}, "properties": {"name": "N42W084_6x6", "kind": "latlon", "epsg": 4326, "lonMult": 1, "height": 6, "width": 6, "available": 62, "selected": 18, "coverage": 1.0, "unionFrac": 1.0, "bw": {"40": 14, "20": 4}}}, {"type": "Feature", "geometry": {"type": "Polygon", "coordinates": [[[-72.0, 42.0], [-72.0, 48.0], [-78.0, 48.0], [-78.0, 42.0], [-72.0, 42.0]]]}, "properties": {"name": "N42W078_6x6", "kind": "latlon", "epsg": 4326, "lonMult": 1, "height": 6, "width": 6, "available": 35, "selected": 12, "coverage": 0.9998, "unionFrac": 1.0, "bw": {"40": 12}}}, {"type": "Feature", "geometry": {"type": "Polygon", "coordinates": [[[-66.0, 42.0], [-66.0, 48.0], [-72.0, 48.0], [-72.0, 42.0], [-66.0, 42.0]]]}, "properties": {"name": "N42W072_6x6", "kind": "latlon", "epsg": 4326, "lonMult": 1, "height": 6, "width": 6, "available": 31, "selected": 12, "coverage": 0.9355, "unionFrac": 0.9369, "bw": {"40": 12}}}, {"type": "Feature", "geometry": {"type": "Polygon", "coordinates": [[[-60.0, 42.0], [-60.0, 48.0], [-66.0, 48.0], [-66.0, 42.0], [-60.0, 42.0]]]}, "properties": {"name": "N42W066_6x6", "kind": "latlon", "epsg": 4326, "lonMult": 1, "height": 6, "width": 6, "available": 26, "selected": 12, "coverage": 0.7539, "unionFrac": 0.7544, "bw": {"40": 11, "5": 1}}}, {"type": "Feature", "geometry": {"type": "Polygon", "coordinates": [[[-54.0, 42.0], [-54.0, 48.0], [-60.0, 48.0], [-60.0, 42.0], [-54.0, 42.0]]]}, "properties": {"name": "N42W060_6x6", "kind": "latlon", "epsg": 4326, "lonMult": 1, "height": 6, "width": 6, "available": 16, "selected": 8, "coverage": 0.3546, "unionFrac": 0.3548, "bw": {"40": 8}}}, {"type": "Feature", "geometry": {"type": "Polygon", "coordinates": [[[-48.0, 42.0], [-48.0, 48.0], [-54.0, 48.0], [-54.0, 42.0], [-48.0, 42.0]]]}, "properties": {"name": "N42W054_6x6", "kind": "latlon", "epsg": 4326, "lonMult": 1, "height": 6, "width": 6, "available": 6, "selected": 3, "coverage": 0.1016, "unionFrac": 0.1016, "bw": {"40": 3}}}, {"type": "Feature", "geometry": {"type": "Polygon", "coordinates": [[[-6.0, 42.0], [-6.0, 48.0], [-12.0, 48.0], [-12.0, 42.0], [-6.0, 42.0]]]}, "properties": {"name": "N42W012_6x6", "kind": "latlon", "epsg": 4326, "lonMult": 1, "height": 6, "width": 6, "available": 10, "selected": 6, "coverage": 0.2334, "unionFrac": 0.2342, "bw": {"20": 6}}}, {"type": "Feature", "geometry": {"type": "Polygon", "coordinates": [[[0.0, 42.0], [0.0, 48.0], [-6.0, 48.0], [-6.0, 42.0], [0.0, 42.0]]]}, "properties": {"name": "N42W006_6x6", "kind": "latlon", "epsg": 4326, "lonMult": 1, "height": 6, "width": 6, "available": 26, "selected": 14, "coverage": 0.836, "unionFrac": 0.836, "bw": {"20": 14}}}, {"type": "Feature", "geometry": {"type": "Polygon", "coordinates": [[[6.0, 42.0], [6.0, 48.0], [0.0, 48.0], [0.0, 42.0], [6.0, 42.0]]]}, "properties": {"name": "N42E000_6x6", "kind": "latlon", "epsg": 4326, "lonMult": 1, "height": 6, "width": 6, "available": 34, "selected": 17, "coverage": 0.9861, "unionFrac": 0.9871, "bw": {"40": 2, "20": 14, "5": 1}}}, {"type": "Feature", "geometry": {"type": "Polygon", "coordinates": [[[12.0, 42.0], [12.0, 48.0], [6.0, 48.0], [6.0, 42.0], [12.0, 42.0]]]}, "properties": {"name": "N42E006_6x6", "kind": "latlon", "epsg": 4326, "lonMult": 1, "height": 6, "width": 6, "available": 42, "selected": 22, "coverage": 0.9684, "unionFrac": 0.9686, "bw": {"40": 13, "20": 9}}}, {"type": "Feature", "geometry": {"type": "Polygon", "coordinates": [[[18.0, 42.0], [18.0, 48.0], [12.0, 48.0], [12.0, 42.0], [18.0, 42.0]]]}, "properties": {"name": "N42E012_6x6", "kind": "latlon", "epsg": 4326, "lonMult": 1, "height": 6, "width": 6, "available": 44, "selected": 15, "coverage": 0.9983, "unionFrac": 1.0, "bw": {"40": 3, "20": 12}}}, {"type": "Feature", "geometry": {"type": "Polygon", "coordinates": [[[24.0, 42.0], [24.0, 48.0], [18.0, 48.0], [18.0, 42.0], [24.0, 42.0]]]}, "properties": {"name": "N42E018_6x6", "kind": "latlon", "epsg": 4326, "lonMult": 1, "height": 6, "width": 6, "available": 42, "selected": 14, "coverage": 0.9995, "unionFrac": 1.0, "bw": {"20": 14}}}, {"type": "Feature", "geometry": {"type": "Polygon", "coordinates": [[[30.0, 42.0], [30.0, 48.0], [24.0, 48.0], [24.0, 42.0], [30.0, 42.0]]]}, "properties": {"name": "N42E024_6x6", "kind": "latlon", "epsg": 4326, "lonMult": 1, "height": 6, "width": 6, "available": 36, "selected": 13, "coverage": 0.9989, "unionFrac": 1.0, "bw": {"20": 13}}}, {"type": "Feature", "geometry": {"type": "Polygon", "coordinates": [[[36.0, 42.0], [36.0, 48.0], [30.0, 48.0], [30.0, 42.0], [36.0, 42.0]]]}, "properties": {"name": "N42E030_6x6", "kind": "latlon", "epsg": 4326, "lonMult": 1, "height": 6, "width": 6, "available": 36, "selected": 16, "coverage": 0.7996, "unionFrac": 0.802, "bw": {"20": 16}}}, {"type": "Feature", "geometry": {"type": "Polygon", "coordinates": [[[42.0, 42.0], [42.0, 48.0], [36.0, 48.0], [36.0, 42.0], [42.0, 42.0]]]}, "properties": {"name": "N42E036_6x6", "kind": "latlon", "epsg": 4326, "lonMult": 1, "height": 6, "width": 6, "available": 39, "selected": 15, "coverage": 0.925, "unionFrac": 0.926, "bw": {"40": 2, "20": 13}}}, {"type": "Feature", "geometry": {"type": "Polygon", "coordinates": [[[48.0, 42.0], [48.0, 48.0], [42.0, 48.0], [42.0, 42.0], [48.0, 42.0]]]}, "properties": {"name": "N42E042_6x6", "kind": "latlon", "epsg": 4326, "lonMult": 1, "height": 6, "width": 6, "available": 43, "selected": 20, "coverage": 0.999, "unionFrac": 1.0, "bw": {"40": 10, "20": 10}}}, {"type": "Feature", "geometry": {"type": "Polygon", "coordinates": [[[54.0, 42.0], [54.0, 48.0], [48.0, 48.0], [48.0, 42.0], [54.0, 42.0]]]}, "properties": {"name": "N42E048_6x6", "kind": "latlon", "epsg": 4326, "lonMult": 1, "height": 6, "width": 6, "available": 37, "selected": 16, "coverage": 1.0, "unionFrac": 1.0, "bw": {"40": 2, "20": 14}}}, {"type": "Feature", "geometry": {"type": "Polygon", "coordinates": [[[60.0, 42.0], [60.0, 48.0], [54.0, 48.0], [54.0, 42.0], [60.0, 42.0]]]}, "properties": {"name": "N42E054_6x6", "kind": "latlon", "epsg": 4326, "lonMult": 1, "height": 6, "width": 6, "available": 40, "selected": 11, "coverage": 0.9983, "unionFrac": 1.0, "bw": {"20": 11}}}, {"type": "Feature", "geometry": {"type": "Polygon", "coordinates": [[[66.0, 42.0], [66.0, 48.0], [60.0, 48.0], [60.0, 42.0], [66.0, 42.0]]]}, "properties": {"name": "N42E060_6x6", "kind": "latlon", "epsg": 4326, "lonMult": 1, "height": 6, "width": 6, "available": 40, "selected": 12, "coverage": 0.9995, "unionFrac": 1.0, "bw": {"20": 12}}}, {"type": "Feature", "geometry": {"type": "Polygon", "coordinates": [[[72.0, 42.0], [72.0, 48.0], [66.0, 48.0], [66.0, 42.0], [72.0, 42.0]]]}, "properties": {"name": "N42E066_6x6", "kind": "latlon", "epsg": 4326, "lonMult": 1, "height": 6, "width": 6, "available": 47, "selected": 13, "coverage": 0.9995, "unionFrac": 1.0, "bw": {"20": 13}}}, {"type": "Feature", "geometry": {"type": "Polygon", "coordinates": [[[78.0, 42.0], [78.0, 48.0], [72.0, 48.0], [72.0, 42.0], [78.0, 42.0]]]}, "properties": {"name": "N42E072_6x6", "kind": "latlon", "epsg": 4326, "lonMult": 1, "height": 6, "width": 6, "available": 41, "selected": 13, "coverage": 1.0, "unionFrac": 1.0, "bw": {"20": 13}}}, {"type": "Feature", "geometry": {"type": "Polygon", "coordinates": [[[84.0, 42.0], [84.0, 48.0], [78.0, 48.0], [78.0, 42.0], [84.0, 42.0]]]}, "properties": {"name": "N42E078_6x6", "kind": "latlon", "epsg": 4326, "lonMult": 1, "height": 6, "width": 6, "available": 37, "selected": 15, "coverage": 0.9999, "unionFrac": 1.0, "bw": {"20": 15}}}, {"type": "Feature", "geometry": {"type": "Polygon", "coordinates": [[[90.0, 42.0], [90.0, 48.0], [84.0, 48.0], [84.0, 42.0], [90.0, 42.0]]]}, "properties": {"name": "N42E084_6x6", "kind": "latlon", "epsg": 4326, "lonMult": 1, "height": 6, "width": 6, "available": 40, "selected": 12, "coverage": 0.9995, "unionFrac": 1.0, "bw": {"20": 12}}}, {"type": "Feature", "geometry": {"type": "Polygon", "coordinates": [[[96.0, 42.0], [96.0, 48.0], [90.0, 48.0], [90.0, 42.0], [96.0, 42.0]]]}, "properties": {"name": "N42E090_6x6", "kind": "latlon", "epsg": 4326, "lonMult": 1, "height": 6, "width": 6, "available": 42, "selected": 13, "coverage": 0.9997, "unionFrac": 1.0, "bw": {"20": 13}}}, {"type": "Feature", "geometry": {"type": "Polygon", "coordinates": [[[102.0, 42.0], [102.0, 48.0], [96.0, 48.0], [96.0, 42.0], [102.0, 42.0]]]}, "properties": {"name": "N42E096_6x6", "kind": "latlon", "epsg": 4326, "lonMult": 1, "height": 6, "width": 6, "available": 41, "selected": 13, "coverage": 0.9989, "unionFrac": 1.0, "bw": {"20": 13}}}, {"type": "Feature", "geometry": {"type": "Polygon", "coordinates": [[[108.0, 42.0], [108.0, 48.0], [102.0, 48.0], [102.0, 42.0], [108.0, 42.0]]]}, "properties": {"name": "N42E102_6x6", "kind": "latlon", "epsg": 4326, "lonMult": 1, "height": 6, "width": 6, "available": 41, "selected": 15, "coverage": 1.0, "unionFrac": 1.0, "bw": {"20": 15}}}, {"type": "Feature", "geometry": {"type": "Polygon", "coordinates": [[[114.0, 42.0], [114.0, 48.0], [108.0, 48.0], [108.0, 42.0], [114.0, 42.0]]]}, "properties": {"name": "N42E108_6x6", "kind": "latlon", "epsg": 4326, "lonMult": 1, "height": 6, "width": 6, "available": 40, "selected": 12, "coverage": 0.9994, "unionFrac": 1.0, "bw": {"20": 12}}}, {"type": "Feature", "geometry": {"type": "Polygon", "coordinates": [[[120.0, 42.0], [120.0, 48.0], [114.0, 48.0], [114.0, 42.0], [120.0, 42.0]]]}, "properties": {"name": "N42E114_6x6", "kind": "latlon", "epsg": 4326, "lonMult": 1, "height": 6, "width": 6, "available": 42, "selected": 13, "coverage": 0.9997, "unionFrac": 1.0, "bw": {"20": 13}}}, {"type": "Feature", "geometry": {"type": "Polygon", "coordinates": [[[126.0, 42.0], [126.0, 48.0], [120.0, 48.0], [120.0, 42.0], [126.0, 42.0]]]}, "properties": {"name": "N42E120_6x6", "kind": "latlon", "epsg": 4326, "lonMult": 1, "height": 6, "width": 6, "available": 43, "selected": 14, "coverage": 0.9995, "unionFrac": 1.0, "bw": {"40": 1, "20": 13}}}, {"type": "Feature", "geometry": {"type": "Polygon", "coordinates": [[[132.0, 42.0], [132.0, 48.0], [126.0, 48.0], [126.0, 42.0], [132.0, 42.0]]]}, "properties": {"name": "N42E126_6x6", "kind": "latlon", "epsg": 4326, "lonMult": 1, "height": 6, "width": 6, "available": 39, "selected": 13, "coverage": 0.999, "unionFrac": 1.0, "bw": {"20": 13}}}, {"type": "Feature", "geometry": {"type": "Polygon", "coordinates": [[[138.0, 42.0], [138.0, 48.0], [132.0, 48.0], [132.0, 42.0], [138.0, 42.0]]]}, "properties": {"name": "N42E132_6x6", "kind": "latlon", "epsg": 4326, "lonMult": 1, "height": 6, "width": 6, "available": 36, "selected": 17, "coverage": 0.8766, "unionFrac": 0.8768, "bw": {"40": 3, "20": 14}}}, {"type": "Feature", "geometry": {"type": "Polygon", "coordinates": [[[144.0, 42.0], [144.0, 48.0], [138.0, 48.0], [138.0, 42.0], [144.0, 42.0]]]}, "properties": {"name": "N42E138_6x6", "kind": "latlon", "epsg": 4326, "lonMult": 1, "height": 6, "width": 6, "available": 35, "selected": 15, "coverage": 0.9847, "unionFrac": 0.9859, "bw": {"40": 9, "20": 6}}}, {"type": "Feature", "geometry": {"type": "Polygon", "coordinates": [[[150.0, 42.0], [150.0, 48.0], [144.0, 48.0], [144.0, 42.0], [150.0, 42.0]]]}, "properties": {"name": "N42E144_6x6", "kind": "latlon", "epsg": 4326, "lonMult": 1, "height": 6, "width": 6, "available": 20, "selected": 13, "coverage": 0.6403, "unionFrac": 0.6404, "bw": {"40": 7, "20": 6}}}, {"type": "Feature", "geometry": {"type": "Polygon", "coordinates": [[[156.0, 42.0], [156.0, 48.0], [150.0, 48.0], [150.0, 42.0], [156.0, 42.0]]]}, "properties": {"name": "N42E150_6x6", "kind": "latlon", "epsg": 4326, "lonMult": 1, "height": 6, "width": 6, "available": 8, "selected": 6, "coverage": 0.3568, "unionFrac": 0.357, "bw": {"20": 6}}}, {"type": "Feature", "geometry": {"type": "Polygon", "coordinates": [[[162.0, 42.0], [162.0, 48.0], [156.0, 48.0], [156.0, 42.0], [162.0, 42.0]]]}, "properties": {"name": "N42E156_6x6", "kind": "latlon", "epsg": 4326, "lonMult": 1, "height": 6, "width": 6, "available": 1, "selected": 1, "coverage": 0.0133, "unionFrac": 0.0133, "bw": {"20": 1}}}, {"type": "Feature", "geometry": {"type": "Polygon", "coordinates": [[[-174.0, 48.0], [-174.0, 54.0], [-180.0, 54.0], [-180.0, 48.0], [-174.0, 48.0]]]}, "properties": {"name": "N48W180_6x6", "kind": "latlon", "epsg": 4326, "lonMult": 1, "height": 6, "width": 6, "available": 3, "selected": 3, "coverage": 0.281, "unionFrac": 0.281, "bw": {"20": 3}}}, {"type": "Feature", "geometry": {"type": "Polygon", "coordinates": [[[-168.0, 48.0], [-168.0, 54.0], [-174.0, 54.0], [-174.0, 48.0], [-168.0, 48.0]]]}, "properties": {"name": "N48W174_6x6", "kind": "latlon", "epsg": 4326, "lonMult": 1, "height": 6, "width": 6, "available": 10, "selected": 6, "coverage": 0.3507, "unionFrac": 0.351, "bw": {"40": 1, "20": 5}}}, {"type": "Feature", "geometry": {"type": "Polygon", "coordinates": [[[-162.0, 48.0], [-162.0, 54.0], [-168.0, 54.0], [-168.0, 48.0], [-162.0, 48.0]]]}, "properties": {"name": "N48W168_6x6", "kind": "latlon", "epsg": 4326, "lonMult": 1, "height": 6, "width": 6, "available": 12, "selected": 7, "coverage": 0.2079, "unionFrac": 0.2079, "bw": {"40": 3, "20": 4}}}, {"type": "Feature", "geometry": {"type": "Polygon", "coordinates": [[[-156.0, 48.0], [-156.0, 54.0], [-162.0, 54.0], [-162.0, 48.0], [-156.0, 48.0]]]}, "properties": {"name": "N48W162_6x6", "kind": "latlon", "epsg": 4326, "lonMult": 1, "height": 6, "width": 6, "available": 5, "selected": 5, "coverage": 0.0298, "unionFrac": 0.0298, "bw": {"40": 2, "20": 3}}}, {"type": "Feature", "geometry": {"type": "Polygon", "coordinates": [[[-132.0, 48.0], [-132.0, 54.0], [-138.0, 54.0], [-138.0, 48.0], [-132.0, 48.0]]]}, "properties": {"name": "N48W138_6x6", "kind": "latlon", "epsg": 4326, "lonMult": 1, "height": 6, "width": 6, "available": 6, "selected": 2, "coverage": 0.1734, "unionFrac": 0.1734, "bw": {"40": 2}}}, {"type": "Feature", "geometry": {"type": "Polygon", "coordinates": [[[-126.0, 48.0], [-126.0, 54.0], [-132.0, 54.0], [-132.0, 48.0], [-126.0, 48.0]]]}, "properties": {"name": "N48W132_6x6", "kind": "latlon", "epsg": 4326, "lonMult": 1, "height": 6, "width": 6, "available": 27, "selected": 13, "coverage": 0.742, "unionFrac": 0.7427, "bw": {"40": 12, "5": 1}}}, {"type": "Feature", "geometry": {"type": "Polygon", "coordinates": [[[-120.0, 48.0], [-120.0, 54.0], [-126.0, 54.0], [-126.0, 48.0], [-120.0, 48.0]]]}, "properties": {"name": "N48W126_6x6", "kind": "latlon", "epsg": 4326, "lonMult": 1, "height": 6, "width": 6, "available": 37, "selected": 11, "coverage": 0.9994, "unionFrac": 1.0, "bw": {"40": 11}}}, {"type": "Feature", "geometry": {"type": "Polygon", "coordinates": [[[-114.0, 48.0], [-114.0, 54.0], [-120.0, 54.0], [-120.0, 48.0], [-114.0, 48.0]]]}, "properties": {"name": "N48W120_6x6", "kind": "latlon", "epsg": 4326, "lonMult": 1, "height": 6, "width": 6, "available": 40, "selected": 11, "coverage": 1.0, "unionFrac": 1.0, "bw": {"40": 11}}}, {"type": "Feature", "geometry": {"type": "Polygon", "coordinates": [[[-108.0, 48.0], [-108.0, 54.0], [-114.0, 54.0], [-114.0, 48.0], [-108.0, 48.0]]]}, "properties": {"name": "N48W114_6x6", "kind": "latlon", "epsg": 4326, "lonMult": 1, "height": 6, "width": 6, "available": 42, "selected": 12, "coverage": 1.0, "unionFrac": 1.0, "bw": {"40": 12}}}, {"type": "Feature", "geometry": {"type": "Polygon", "coordinates": [[[-102.0, 48.0], [-102.0, 54.0], [-108.0, 54.0], [-108.0, 48.0], [-102.0, 48.0]]]}, "properties": {"name": "N48W108_6x6", "kind": "latlon", "epsg": 4326, "lonMult": 1, "height": 6, "width": 6, "available": 40, "selected": 11, "coverage": 0.9995, "unionFrac": 1.0, "bw": {"40": 11}}}, {"type": "Feature", "geometry": {"type": "Polygon", "coordinates": [[[-96.0, 48.0], [-96.0, 54.0], [-102.0, 54.0], [-102.0, 48.0], [-96.0, 48.0]]]}, "properties": {"name": "N48W102_6x6", "kind": "latlon", "epsg": 4326, "lonMult": 1, "height": 6, "width": 6, "available": 39, "selected": 13, "coverage": 1.0, "unionFrac": 1.0, "bw": {"40": 13}}}, {"type": "Feature", "geometry": {"type": "Polygon", "coordinates": [[[-90.0, 48.0], [-90.0, 54.0], [-96.0, 54.0], [-96.0, 48.0], [-90.0, 48.0]]]}, "properties": {"name": "N48W096_6x6", "kind": "latlon", "epsg": 4326, "lonMult": 1, "height": 6, "width": 6, "available": 43, "selected": 11, "coverage": 0.9988, "unionFrac": 1.0, "bw": {"40": 11}}}, {"type": "Feature", "geometry": {"type": "Polygon", "coordinates": [[[-84.0, 48.0], [-84.0, 54.0], [-90.0, 54.0], [-90.0, 48.0], [-84.0, 48.0]]]}, "properties": {"name": "N48W090_6x6", "kind": "latlon", "epsg": 4326, "lonMult": 1, "height": 6, "width": 6, "available": 48, "selected": 14, "coverage": 1.0, "unionFrac": 1.0, "bw": {"40": 14}}}, {"type": "Feature", "geometry": {"type": "Polygon", "coordinates": [[[-78.0, 48.0], [-78.0, 54.0], [-84.0, 54.0], [-84.0, 48.0], [-78.0, 48.0]]]}, "properties": {"name": "N48W084_6x6", "kind": "latlon", "epsg": 4326, "lonMult": 1, "height": 6, "width": 6, "available": 44, "selected": 12, "coverage": 0.9997, "unionFrac": 1.0, "bw": {"40": 12}}}, {"type": "Feature", "geometry": {"type": "Polygon", "coordinates": [[[-72.0, 48.0], [-72.0, 54.0], [-78.0, 54.0], [-78.0, 48.0], [-72.0, 48.0]]]}, "properties": {"name": "N48W078_6x6", "kind": "latlon", "epsg": 4326, "lonMult": 1, "height": 6, "width": 6, "available": 37, "selected": 13, "coverage": 0.9999, "unionFrac": 1.0, "bw": {"40": 13}}}, {"type": "Feature", "geometry": {"type": "Polygon", "coordinates": [[[-66.0, 48.0], [-66.0, 54.0], [-72.0, 54.0], [-72.0, 48.0], [-66.0, 48.0]]]}, "properties": {"name": "N48W072_6x6", "kind": "latlon", "epsg": 4326, "lonMult": 1, "height": 6, "width": 6, "available": 39, "selected": 11, "coverage": 1.0, "unionFrac": 1.0, "bw": {"40": 11}}}, {"type": "Feature", "geometry": {"type": "Polygon", "coordinates": [[[-60.0, 48.0], [-60.0, 54.0], [-66.0, 54.0], [-66.0, 48.0], [-60.0, 48.0]]]}, "properties": {"name": "N48W066_6x6", "kind": "latlon", "epsg": 4326, "lonMult": 1, "height": 6, "width": 6, "available": 41, "selected": 12, "coverage": 0.9958, "unionFrac": 0.997, "bw": {"40": 12}}}, {"type": "Feature", "geometry": {"type": "Polygon", "coordinates": [[[-54.0, 48.0], [-54.0, 54.0], [-60.0, 54.0], [-60.0, 48.0], [-54.0, 48.0]]]}, "properties": {"name": "N48W060_6x6", "kind": "latlon", "epsg": 4326, "lonMult": 1, "height": 6, "width": 6, "available": 30, "selected": 13, "coverage": 0.9613, "unionFrac": 0.9619, "bw": {"40": 13}}}, {"type": "Feature", "geometry": {"type": "Polygon", "coordinates": [[[-48.0, 48.0], [-48.0, 54.0], [-54.0, 54.0], [-54.0, 48.0], [-48.0, 48.0]]]}, "properties": {"name": "N48W054_6x6", "kind": "latlon", "epsg": 4326, "lonMult": 1, "height": 6, "width": 6, "available": 8, "selected": 6, "coverage": 0.1173, "unionFrac": 0.1179, "bw": {"40": 6}}}, {"type": "Feature", "geometry": {"type": "Polygon", "coordinates": [[[-12.0, 48.0], [-12.0, 54.0], [-18.0, 54.0], [-18.0, 48.0], [-12.0, 48.0]]]}, "properties": {"name": "N48W018_6x6", "kind": "latlon", "epsg": 4326, "lonMult": 1, "height": 6, "width": 6, "available": 4, "selected": 4, "coverage": 0.06, "unionFrac": 0.06, "bw": {"20": 4}}}, {"type": "Feature", "geometry": {"type": "Polygon", "coordinates": [[[-6.0, 48.0], [-6.0, 54.0], [-12.0, 54.0], [-12.0, 48.0], [-6.0, 48.0]]]}, "properties": {"name": "N48W012_6x6", "kind": "latlon", "epsg": 4326, "lonMult": 1, "height": 6, "width": 6, "available": 20, "selected": 9, "coverage": 0.6274, "unionFrac": 0.6287, "bw": {"20": 9}}}, {"type": "Feature", "geometry": {"type": "Polygon", "coordinates": [[[0.0, 48.0], [0.0, 54.0], [-6.0, 54.0], [-6.0, 48.0], [0.0, 48.0]]]}, "properties": {"name": "N48W006_6x6", "kind": "latlon", "epsg": 4326, "lonMult": 1, "height": 6, "width": 6, "available": 30, "selected": 13, "coverage": 0.987, "unionFrac": 0.9881, "bw": {"20": 13}}}, {"type": "Feature", "geometry": {"type": "Polygon", "coordinates": [[[6.0, 48.0], [6.0, 54.0], [0.0, 54.0], [0.0, 48.0], [6.0, 48.0]]]}, "properties": {"name": "N48E000_6x6", "kind": "latlon", "epsg": 4326, "lonMult": 1, "height": 6, "width": 6, "available": 32, "selected": 13, "coverage": 0.9699, "unionFrac": 0.9703, "bw": {"20": 13}}}, {"type": "Feature", "geometry": {"type": "Polygon", "coordinates": [[[12.0, 48.0], [12.0, 54.0], [6.0, 54.0], [6.0, 48.0], [12.0, 48.0]]]}, "properties": {"name": "N48E006_6x6", "kind": "latlon", "epsg": 4326, "lonMult": 1, "height": 6, "width": 6, "available": 41, "selected": 16, "coverage": 0.9952, "unionFrac": 0.9955, "bw": {"40": 3, "20": 13}}}, {"type": "Feature", "geometry": {"type": "Polygon", "coordinates": [[[18.0, 48.0], [18.0, 54.0], [12.0, 54.0], [12.0, 48.0], [18.0, 48.0]]]}, "properties": {"name": "N48E012_6x6", "kind": "latlon", "epsg": 4326, "lonMult": 1, "height": 6, "width": 6, "available": 41, "selected": 15, "coverage": 0.9998, "unionFrac": 1.0, "bw": {"40": 2, "20": 13}}}, {"type": "Feature", "geometry": {"type": "Polygon", "coordinates": [[[24.0, 48.0], [24.0, 54.0], [18.0, 54.0], [18.0, 48.0], [24.0, 48.0]]]}, "properties": {"name": "N48E018_6x6", "kind": "latlon", "epsg": 4326, "lonMult": 1, "height": 6, "width": 6, "available": 41, "selected": 13, "coverage": 0.9997, "unionFrac": 1.0, "bw": {"20": 13}}}, {"type": "Feature", "geometry": {"type": "Polygon", "coordinates": [[[30.0, 48.0], [30.0, 54.0], [24.0, 54.0], [24.0, 48.0], [30.0, 48.0]]]}, "properties": {"name": "N48E024_6x6", "kind": "latlon", "epsg": 4326, "lonMult": 1, "height": 6, "width": 6, "available": 40, "selected": 11, "coverage": 0.9985, "unionFrac": 1.0, "bw": {"20": 11}}}, {"type": "Feature", "geometry": {"type": "Polygon", "coordinates": [[[36.0, 48.0], [36.0, 54.0], [30.0, 54.0], [30.0, 48.0], [36.0, 48.0]]]}, "properties": {"name": "N48E030_6x6", "kind": "latlon", "epsg": 4326, "lonMult": 1, "height": 6, "width": 6, "available": 40, "selected": 11, "coverage": 1.0, "unionFrac": 1.0, "bw": {"20": 11}}}, {"type": "Feature", "geometry": {"type": "Polygon", "coordinates": [[[42.0, 48.0], [42.0, 54.0], [36.0, 54.0], [36.0, 48.0], [42.0, 48.0]]]}, "properties": {"name": "N48E036_6x6", "kind": "latlon", "epsg": 4326, "lonMult": 1, "height": 6, "width": 6, "available": 42, "selected": 11, "coverage": 0.9995, "unionFrac": 1.0, "bw": {"20": 11}}}, {"type": "Feature", "geometry": {"type": "Polygon", "coordinates": [[[48.0, 48.0], [48.0, 54.0], [42.0, 54.0], [42.0, 48.0], [48.0, 48.0]]]}, "properties": {"name": "N48E042_6x6", "kind": "latlon", "epsg": 4326, "lonMult": 1, "height": 6, "width": 6, "available": 39, "selected": 14, "coverage": 0.9999, "unionFrac": 1.0, "bw": {"40": 4, "20": 10}}}, {"type": "Feature", "geometry": {"type": "Polygon", "coordinates": [[[54.0, 48.0], [54.0, 54.0], [48.0, 54.0], [48.0, 48.0], [54.0, 48.0]]]}, "properties": {"name": "N48E048_6x6", "kind": "latlon", "epsg": 4326, "lonMult": 1, "height": 6, "width": 6, "available": 37, "selected": 11, "coverage": 0.9999, "unionFrac": 1.0, "bw": {"20": 11}}}, {"type": "Feature", "geometry": {"type": "Polygon", "coordinates": [[[60.0, 48.0], [60.0, 54.0], [54.0, 54.0], [54.0, 48.0], [60.0, 48.0]]]}, "properties": {"name": "N48E054_6x6", "kind": "latlon", "epsg": 4326, "lonMult": 1, "height": 6, "width": 6, "available": 40, "selected": 11, "coverage": 0.9991, "unionFrac": 1.0, "bw": {"20": 11}}}, {"type": "Feature", "geometry": {"type": "Polygon", "coordinates": [[[66.0, 48.0], [66.0, 54.0], [60.0, 54.0], [60.0, 48.0], [66.0, 48.0]]]}, "properties": {"name": "N48E060_6x6", "kind": "latlon", "epsg": 4326, "lonMult": 1, "height": 6, "width": 6, "available": 40, "selected": 12, "coverage": 1.0, "unionFrac": 1.0, "bw": {"20": 12}}}, {"type": "Feature", "geometry": {"type": "Polygon", "coordinates": [[[72.0, 48.0], [72.0, 54.0], [66.0, 54.0], [66.0, 48.0], [72.0, 48.0]]]}, "properties": {"name": "N48E066_6x6", "kind": "latlon", "epsg": 4326, "lonMult": 1, "height": 6, "width": 6, "available": 40, "selected": 14, "coverage": 1.0, "unionFrac": 1.0, "bw": {"20": 14}}}, {"type": "Feature", "geometry": {"type": "Polygon", "coordinates": [[[78.0, 48.0], [78.0, 54.0], [72.0, 54.0], [72.0, 48.0], [78.0, 48.0]]]}, "properties": {"name": "N48E072_6x6", "kind": "latlon", "epsg": 4326, "lonMult": 1, "height": 6, "width": 6, "available": 42, "selected": 12, "coverage": 1.0, "unionFrac": 1.0, "bw": {"20": 12}}}, {"type": "Feature", "geometry": {"type": "Polygon", "coordinates": [[[84.0, 48.0], [84.0, 54.0], [78.0, 54.0], [78.0, 48.0], [84.0, 48.0]]]}, "properties": {"name": "N48E078_6x6", "kind": "latlon", "epsg": 4326, "lonMult": 1, "height": 6, "width": 6, "available": 42, "selected": 11, "coverage": 0.9997, "unionFrac": 1.0, "bw": {"20": 11}}}, {"type": "Feature", "geometry": {"type": "Polygon", "coordinates": [[[90.0, 48.0], [90.0, 54.0], [84.0, 54.0], [84.0, 48.0], [90.0, 48.0]]]}, "properties": {"name": "N48E084_6x6", "kind": "latlon", "epsg": 4326, "lonMult": 1, "height": 6, "width": 6, "available": 41, "selected": 12, "coverage": 1.0, "unionFrac": 1.0, "bw": {"20": 12}}}, {"type": "Feature", "geometry": {"type": "Polygon", "coordinates": [[[96.0, 48.0], [96.0, 54.0], [90.0, 54.0], [90.0, 48.0], [96.0, 48.0]]]}, "properties": {"name": "N48E090_6x6", "kind": "latlon", "epsg": 4326, "lonMult": 1, "height": 6, "width": 6, "available": 43, "selected": 10, "coverage": 0.9987, "unionFrac": 1.0, "bw": {"20": 10}}}, {"type": "Feature", "geometry": {"type": "Polygon", "coordinates": [[[102.0, 48.0], [102.0, 54.0], [96.0, 54.0], [96.0, 48.0], [102.0, 48.0]]]}, "properties": {"name": "N48E096_6x6", "kind": "latlon", "epsg": 4326, "lonMult": 1, "height": 6, "width": 6, "available": 42, "selected": 11, "coverage": 0.9995, "unionFrac": 1.0, "bw": {"20": 11}}}, {"type": "Feature", "geometry": {"type": "Polygon", "coordinates": [[[108.0, 48.0], [108.0, 54.0], [102.0, 54.0], [102.0, 48.0], [108.0, 48.0]]]}, "properties": {"name": "N48E102_6x6", "kind": "latlon", "epsg": 4326, "lonMult": 1, "height": 6, "width": 6, "available": 41, "selected": 11, "coverage": 1.0, "unionFrac": 1.0, "bw": {"20": 11}}}, {"type": "Feature", "geometry": {"type": "Polygon", "coordinates": [[[114.0, 48.0], [114.0, 54.0], [108.0, 54.0], [108.0, 48.0], [114.0, 48.0]]]}, "properties": {"name": "N48E108_6x6", "kind": "latlon", "epsg": 4326, "lonMult": 1, "height": 6, "width": 6, "available": 40, "selected": 11, "coverage": 0.9998, "unionFrac": 1.0, "bw": {"20": 11}}}, {"type": "Feature", "geometry": {"type": "Polygon", "coordinates": [[[120.0, 48.0], [120.0, 54.0], [114.0, 54.0], [114.0, 48.0], [120.0, 48.0]]]}, "properties": {"name": "N48E114_6x6", "kind": "latlon", "epsg": 4326, "lonMult": 1, "height": 6, "width": 6, "available": 42, "selected": 12, "coverage": 0.9991, "unionFrac": 1.0, "bw": {"20": 12}}}, {"type": "Feature", "geometry": {"type": "Polygon", "coordinates": [[[126.0, 48.0], [126.0, 54.0], [120.0, 54.0], [120.0, 48.0], [126.0, 48.0]]]}, "properties": {"name": "N48E120_6x6", "kind": "latlon", "epsg": 4326, "lonMult": 1, "height": 6, "width": 6, "available": 42, "selected": 14, "coverage": 1.0, "unionFrac": 1.0, "bw": {"20": 14}}}, {"type": "Feature", "geometry": {"type": "Polygon", "coordinates": [[[132.0, 48.0], [132.0, 54.0], [126.0, 54.0], [126.0, 48.0], [132.0, 48.0]]]}, "properties": {"name": "N48E126_6x6", "kind": "latlon", "epsg": 4326, "lonMult": 1, "height": 6, "width": 6, "available": 41, "selected": 12, "coverage": 0.9991, "unionFrac": 1.0, "bw": {"20": 12}}}, {"type": "Feature", "geometry": {"type": "Polygon", "coordinates": [[[138.0, 48.0], [138.0, 54.0], [132.0, 54.0], [132.0, 48.0], [138.0, 48.0]]]}, "properties": {"name": "N48E132_6x6", "kind": "latlon", "epsg": 4326, "lonMult": 1, "height": 6, "width": 6, "available": 42, "selected": 15, "coverage": 0.9997, "unionFrac": 1.0, "bw": {"40": 4, "20": 11}}}, {"type": "Feature", "geometry": {"type": "Polygon", "coordinates": [[[144.0, 48.0], [144.0, 54.0], [138.0, 54.0], [138.0, 48.0], [144.0, 48.0]]]}, "properties": {"name": "N48E138_6x6", "kind": "latlon", "epsg": 4326, "lonMult": 1, "height": 6, "width": 6, "available": 37, "selected": 16, "coverage": 0.9999, "unionFrac": 1.0, "bw": {"40": 4, "20": 12}}}, {"type": "Feature", "geometry": {"type": "Polygon", "coordinates": [[[150.0, 48.0], [150.0, 54.0], [144.0, 54.0], [144.0, 48.0], [150.0, 48.0]]]}, "properties": {"name": "N48E144_6x6", "kind": "latlon", "epsg": 4326, "lonMult": 1, "height": 6, "width": 6, "available": 11, "selected": 6, "coverage": 0.3208, "unionFrac": 0.3209, "bw": {"20": 6}}}, {"type": "Feature", "geometry": {"type": "Polygon", "coordinates": [[[156.0, 48.0], [156.0, 54.0], [150.0, 54.0], [150.0, 48.0], [156.0, 48.0]]]}, "properties": {"name": "N48E150_6x6", "kind": "latlon", "epsg": 4326, "lonMult": 1, "height": 6, "width": 6, "available": 17, "selected": 12, "coverage": 0.5997, "unionFrac": 0.5997, "bw": {"40": 3, "20": 9}}}, {"type": "Feature", "geometry": {"type": "Polygon", "coordinates": [[[162.0, 48.0], [162.0, 54.0], [156.0, 54.0], [156.0, 48.0], [162.0, 48.0]]]}, "properties": {"name": "N48E156_6x6", "kind": "latlon", "epsg": 4326, "lonMult": 1, "height": 6, "width": 6, "available": 25, "selected": 11, "coverage": 0.6269, "unionFrac": 0.6271, "bw": {"40": 7, "20": 4}}}, {"type": "Feature", "geometry": {"type": "Polygon", "coordinates": [[[168.0, 48.0], [168.0, 54.0], [162.0, 54.0], [162.0, 48.0], [168.0, 48.0]]]}, "properties": {"name": "N48E162_6x6", "kind": "latlon", "epsg": 4326, "lonMult": 1, "height": 6, "width": 6, "available": 5, "selected": 3, "coverage": 0.0664, "unionFrac": 0.0666, "bw": {"40": 1, "20": 2}}}, {"type": "Feature", "geometry": {"type": "Polygon", "coordinates": [[[174.0, 48.0], [174.0, 54.0], [168.0, 54.0], [168.0, 48.0], [174.0, 48.0]]]}, "properties": {"name": "N48E168_6x6", "kind": "latlon", "epsg": 4326, "lonMult": 1, "height": 6, "width": 6, "available": 1, "selected": 1, "coverage": 0.1294, "unionFrac": 0.1294, "bw": {"20": 1}}}, {"type": "Feature", "geometry": {"type": "Polygon", "coordinates": [[[180.0, 48.0], [180.0, 54.0], [174.0, 54.0], [174.0, 48.0], [180.0, 48.0]]]}, "properties": {"name": "N48E174_6x6", "kind": "latlon", "epsg": 4326, "lonMult": 1, "height": 6, "width": 6, "available": 4, "selected": 3, "coverage": 0.2412, "unionFrac": 0.242, "bw": {"20": 3}}}, {"type": "Feature", "geometry": {"type": "Polygon", "coordinates": [[[-168.0, 54.0], [-168.0, 60.0], [-174.0, 60.0], [-174.0, 54.0], [-168.0, 54.0]]]}, "properties": {"name": "N54W174_6x6", "kind": "latlon", "epsg": 4326, "lonMult": 1, "height": 6, "width": 6, "available": 6, "selected": 5, "coverage": 0.098, "unionFrac": 0.098, "bw": {"40": 1, "20": 4}}}, {"type": "Feature", "geometry": {"type": "Polygon", "coordinates": [[[-162.0, 54.0], [-162.0, 60.0], [-168.0, 60.0], [-168.0, 54.0], [-162.0, 54.0]]]}, "properties": {"name": "N54W168_6x6", "kind": "latlon", "epsg": 4326, "lonMult": 1, "height": 6, "width": 6, "available": 39, "selected": 14, "coverage": 0.7647, "unionFrac": 0.7647, "bw": {"40": 10, "20": 4}}}, {"type": "Feature", "geometry": {"type": "Polygon", "coordinates": [[[-156.0, 54.0], [-156.0, 60.0], [-162.0, 60.0], [-162.0, 54.0], [-156.0, 54.0]]]}, "properties": {"name": "N54W162_6x6", "kind": "latlon", "epsg": 4326, "lonMult": 1, "height": 6, "width": 6, "available": 50, "selected": 16, "coverage": 0.9579, "unionFrac": 0.9586, "bw": {"40": 14, "20": 2}}}, {"type": "Feature", "geometry": {"type": "Polygon", "coordinates": [[[-150.0, 54.0], [-150.0, 60.0], [-156.0, 60.0], [-156.0, 54.0], [-150.0, 54.0]]]}, "properties": {"name": "N54W156_6x6", "kind": "latlon", "epsg": 4326, "lonMult": 1, "height": 6, "width": 6, "available": 31, "selected": 10, "coverage": 0.8372, "unionFrac": 0.8372, "bw": {"40": 10}}}, {"type": "Feature", "geometry": {"type": "Polygon", "coordinates": [[[-144.0, 54.0], [-144.0, 60.0], [-150.0, 60.0], [-150.0, 54.0], [-144.0, 54.0]]]}, "properties": {"name": "N54W150_6x6", "kind": "latlon", "epsg": 4326, "lonMult": 1, "height": 6, "width": 6, "available": 17, "selected": 5, "coverage": 0.3769, "unionFrac": 0.377, "bw": {"40": 5}}}, {"type": "Feature", "geometry": {"type": "Polygon", "coordinates": [[[-138.0, 54.0], [-138.0, 60.0], [-144.0, 60.0], [-144.0, 54.0], [-138.0, 54.0]]]}, "properties": {"name": "N54W144_6x6", "kind": "latlon", "epsg": 4326, "lonMult": 1, "height": 6, "width": 6, "available": 18, "selected": 6, "coverage": 0.4421, "unionFrac": 0.443, "bw": {"40": 6}}}, {"type": "Feature", "geometry": {"type": "Polygon", "coordinates": [[[-132.0, 54.0], [-132.0, 60.0], [-138.0, 60.0], [-138.0, 54.0], [-132.0, 54.0]]]}, "properties": {"name": "N54W138_6x6", "kind": "latlon", "epsg": 4326, "lonMult": 1, "height": 6, "width": 6, "available": 30, "selected": 10, "coverage": 0.8859, "unionFrac": 0.8863, "bw": {"40": 10}}}, {"type": "Feature", "geometry": {"type": "Polygon", "coordinates": [[[-126.0, 54.0], [-126.0, 60.0], [-132.0, 60.0], [-132.0, 54.0], [-126.0, 54.0]]]}, "properties": {"name": "N54W132_6x6", "kind": "latlon", "epsg": 4326, "lonMult": 1, "height": 6, "width": 6, "available": 33, "selected": 9, "coverage": 0.9994, "unionFrac": 1.0, "bw": {"40": 9}}}, {"type": "Feature", "geometry": {"type": "Polygon", "coordinates": [[[-120.0, 54.0], [-120.0, 60.0], [-126.0, 60.0], [-126.0, 54.0], [-120.0, 54.0]]]}, "properties": {"name": "N54W126_6x6", "kind": "latlon", "epsg": 4326, "lonMult": 1, "height": 6, "width": 6, "available": 32, "selected": 10, "coverage": 1.0, "unionFrac": 1.0, "bw": {"40": 10}}}, {"type": "Feature", "geometry": {"type": "Polygon", "coordinates": [[[-114.0, 54.0], [-114.0, 60.0], [-120.0, 60.0], [-120.0, 54.0], [-114.0, 54.0]]]}, "properties": {"name": "N54W120_6x6", "kind": "latlon", "epsg": 4326, "lonMult": 1, "height": 6, "width": 6, "available": 33, "selected": 12, "coverage": 1.0, "unionFrac": 1.0, "bw": {"40": 12}}}, {"type": "Feature", "geometry": {"type": "Polygon", "coordinates": [[[-108.0, 54.0], [-108.0, 60.0], [-114.0, 60.0], [-114.0, 54.0], [-108.0, 54.0]]]}, "properties": {"name": "N54W114_6x6", "kind": "latlon", "epsg": 4326, "lonMult": 1, "height": 6, "width": 6, "available": 32, "selected": 12, "coverage": 1.0, "unionFrac": 1.0, "bw": {"40": 12}}}, {"type": "Feature", "geometry": {"type": "Polygon", "coordinates": [[[-102.0, 54.0], [-102.0, 60.0], [-108.0, 60.0], [-108.0, 54.0], [-102.0, 54.0]]]}, "properties": {"name": "N54W108_6x6", "kind": "latlon", "epsg": 4326, "lonMult": 1, "height": 6, "width": 6, "available": 33, "selected": 11, "coverage": 1.0, "unionFrac": 1.0, "bw": {"40": 11}}}, {"type": "Feature", "geometry": {"type": "Polygon", "coordinates": [[[-96.0, 54.0], [-96.0, 60.0], [-102.0, 60.0], [-102.0, 54.0], [-96.0, 54.0]]]}, "properties": {"name": "N54W102_6x6", "kind": "latlon", "epsg": 4326, "lonMult": 1, "height": 6, "width": 6, "available": 34, "selected": 11, "coverage": 1.0, "unionFrac": 1.0, "bw": {"40": 11}}}, {"type": "Feature", "geometry": {"type": "Polygon", "coordinates": [[[-90.0, 54.0], [-90.0, 60.0], [-96.0, 60.0], [-96.0, 54.0], [-90.0, 54.0]]]}, "properties": {"name": "N54W096_6x6", "kind": "latlon", "epsg": 4326, "lonMult": 1, "height": 6, "width": 6, "available": 37, "selected": 16, "coverage": 0.9787, "unionFrac": 0.9789, "bw": {"40": 14, "5": 2}}}, {"type": "Feature", "geometry": {"type": "Polygon", "coordinates": [[[-84.0, 54.0], [-84.0, 60.0], [-90.0, 60.0], [-90.0, 54.0], [-84.0, 54.0]]]}, "properties": {"name": "N54W090_6x6", "kind": "latlon", "epsg": 4326, "lonMult": 1, "height": 6, "width": 6, "available": 27, "selected": 13, "coverage": 0.6148, "unionFrac": 0.6148, "bw": {"40": 10, "5": 3}}}, {"type": "Feature", "geometry": {"type": "Polygon", "coordinates": [[[-78.0, 54.0], [-78.0, 60.0], [-84.0, 60.0], [-84.0, 54.0], [-78.0, 54.0]]]}, "properties": {"name": "N54W084_6x6", "kind": "latlon", "epsg": 4326, "lonMult": 1, "height": 6, "width": 6, "available": 32, "selected": 14, "coverage": 0.8099, "unionFrac": 0.81, "bw": {"40": 11, "5": 3}}}, {"type": "Feature", "geometry": {"type": "Polygon", "coordinates": [[[-72.0, 54.0], [-72.0, 60.0], [-78.0, 60.0], [-78.0, 54.0], [-72.0, 54.0]]]}, "properties": {"name": "N54W078_6x6", "kind": "latlon", "epsg": 4326, "lonMult": 1, "height": 6, "width": 6, "available": 40, "selected": 9, "coverage": 0.9991, "unionFrac": 1.0, "bw": {"40": 9}}}, {"type": "Feature", "geometry": {"type": "Polygon", "coordinates": [[[-66.0, 54.0], [-66.0, 60.0], [-72.0, 60.0], [-72.0, 54.0], [-66.0, 54.0]]]}, "properties": {"name": "N54W072_6x6", "kind": "latlon", "epsg": 4326, "lonMult": 1, "height": 6, "width": 6, "available": 43, "selected": 15, "coverage": 1.0, "unionFrac": 1.0, "bw": {"40": 14, "5": 1}}}, {"type": "Feature", "geometry": {"type": "Polygon", "coordinates": [[[-60.0, 54.0], [-60.0, 60.0], [-66.0, 60.0], [-66.0, 54.0], [-60.0, 54.0]]]}, "properties": {"name": "N54W066_6x6", "kind": "latlon", "epsg": 4326, "lonMult": 1, "height": 6, "width": 6, "available": 39, "selected": 11, "coverage": 0.9997, "unionFrac": 0.9998, "bw": {"40": 10, "5": 1}}}, {"type": "Feature", "geometry": {"type": "Polygon", "coordinates": [[[-54.0, 54.0], [-54.0, 60.0], [-60.0, 60.0], [-60.0, 54.0], [-54.0, 54.0]]]}, "properties": {"name": "N54W060_6x6", "kind": "latlon", "epsg": 4326, "lonMult": 1, "height": 6, "width": 6, "available": 15, "selected": 5, "coverage": 0.3643, "unionFrac": 0.3645, "bw": {"40": 4, "5": 1}}}, {"type": "Feature", "geometry": {"type": "Polygon", "coordinates": [[[-48.0, 54.0], [-48.0, 60.0], [-54.0, 60.0], [-54.0, 54.0], [-48.0, 54.0]]]}, "properties": {"name": "N54W054_6x6", "kind": "latlon", "epsg": 4326, "lonMult": 1, "height": 6, "width": 6, "available": 2, "selected": 1, "coverage": 0.0129, "unionFrac": 0.0129, "bw": {"77": 1}}}, {"type": "Feature", "geometry": {"type": "Polygon", "coordinates": [[[-42.0, 54.0], [-42.0, 60.0], [-48.0, 60.0], [-48.0, 54.0], [-42.0, 54.0]]]}, "properties": {"name": "N54W048_6x6", "kind": "latlon", "epsg": 4326, "lonMult": 1, "height": 6, "width": 6, "available": 7, "selected": 5, "coverage": 0.1241, "unionFrac": 0.1242, "bw": {"77": 5}}}, {"type": "Feature", "geometry": {"type": "Polygon", "coordinates": [[[-36.0, 54.0], [-36.0, 60.0], [-42.0, 60.0], [-42.0, 54.0], [-36.0, 54.0]]]}, "properties": {"name": "N54W042_6x6", "kind": "latlon", "epsg": 4326, "lonMult": 1, "height": 6, "width": 6, "available": 2, "selected": 1, "coverage": 0.0157, "unionFrac": 0.0157, "bw": {"77": 1}}}, {"type": "Feature", "geometry": {"type": "Polygon", "coordinates": [[[-6.0, 54.0], [-6.0, 60.0], [-12.0, 60.0], [-12.0, 54.0], [-6.0, 54.0]]]}, "properties": {"name": "N54W012_6x6", "kind": "latlon", "epsg": 4326, "lonMult": 1, "height": 6, "width": 6, "available": 15, "selected": 7, "coverage": 0.7239, "unionFrac": 0.7239, "bw": {"20": 7}}}, {"type": "Feature", "geometry": {"type": "Polygon", "coordinates": [[[0.0, 54.0], [0.0, 60.0], [-6.0, 60.0], [-6.0, 54.0], [0.0, 54.0]]]}, "properties": {"name": "N54W006_6x6", "kind": "latlon", "epsg": 4326, "lonMult": 1, "height": 6, "width": 6, "available": 22, "selected": 11, "coverage": 0.9239, "unionFrac": 0.9245, "bw": {"20": 11}}}, {"type": "Feature", "geometry": {"type": "Polygon", "coordinates": [[[6.0, 54.0], [6.0, 60.0], [0.0, 60.0], [0.0, 54.0], [6.0, 54.0]]]}, "properties": {"name": "N54E000_6x6", "kind": "latlon", "epsg": 4326, "lonMult": 1, "height": 6, "width": 6, "available": 15, "selected": 11, "coverage": 0.3725, "unionFrac": 0.3725, "bw": {"20": 11}}}, {"type": "Feature", "geometry": {"type": "Polygon", "coordinates": [[[12.0, 54.0], [12.0, 60.0], [6.0, 60.0], [6.0, 54.0], [12.0, 54.0]]]}, "properties": {"name": "N54E006_6x6", "kind": "latlon", "epsg": 4326, "lonMult": 1, "height": 6, "width": 6, "available": 26, "selected": 10, "coverage": 0.9286, "unionFrac": 0.9288, "bw": {"20": 10}}}, {"type": "Feature", "geometry": {"type": "Polygon", "coordinates": [[[18.0, 54.0], [18.0, 60.0], [12.0, 60.0], [12.0, 54.0], [18.0, 54.0]]]}, "properties": {"name": "N54E012_6x6", "kind": "latlon", "epsg": 4326, "lonMult": 1, "height": 6, "width": 6, "available": 26, "selected": 10, "coverage": 0.9997, "unionFrac": 1.0, "bw": {"20": 10}}}, {"type": "Feature", "geometry": {"type": "Polygon", "coordinates": [[[24.0, 54.0], [24.0, 60.0], [18.0, 60.0], [18.0, 54.0], [24.0, 54.0]]]}, "properties": {"name": "N54E018_6x6", "kind": "latlon", "epsg": 4326, "lonMult": 1, "height": 6, "width": 6, "available": 27, "selected": 10, "coverage": 0.9991, "unionFrac": 1.0, "bw": {"20": 10}}}, {"type": "Feature", "geometry": {"type": "Polygon", "coordinates": [[[30.0, 54.0], [30.0, 60.0], [24.0, 60.0], [24.0, 54.0], [30.0, 54.0]]]}, "properties": {"name": "N54E024_6x6", "kind": "latlon", "epsg": 4326, "lonMult": 1, "height": 6, "width": 6, "available": 39, "selected": 13, "coverage": 0.9998, "unionFrac": 1.0, "bw": {"40": 3, "20": 10}}}, {"type": "Feature", "geometry": {"type": "Polygon", "coordinates": [[[36.0, 54.0], [36.0, 60.0], [30.0, 60.0], [30.0, 54.0], [36.0, 54.0]]]}, "properties": {"name": "N54E030_6x6", "kind": "latlon", "epsg": 4326, "lonMult": 1, "height": 6, "width": 6, "available": 41, "selected": 13, "coverage": 0.9995, "unionFrac": 1.0, "bw": {"40": 5, "20": 8}}}, {"type": "Feature", "geometry": {"type": "Polygon", "coordinates": [[[42.0, 54.0], [42.0, 60.0], [36.0, 60.0], [36.0, 54.0], [42.0, 54.0]]]}, "properties": {"name": "N54E036_6x6", "kind": "latlon", "epsg": 4326, "lonMult": 1, "height": 6, "width": 6, "available": 36, "selected": 11, "coverage": 0.9999, "unionFrac": 1.0, "bw": {"40": 3, "20": 8}}}, {"type": "Feature", "geometry": {"type": "Polygon", "coordinates": [[[48.0, 54.0], [48.0, 60.0], [42.0, 60.0], [42.0, 54.0], [48.0, 54.0]]]}, "properties": {"name": "N54E042_6x6", "kind": "latlon", "epsg": 4326, "lonMult": 1, "height": 6, "width": 6, "available": 31, "selected": 11, "coverage": 1.0, "unionFrac": 1.0, "bw": {"20": 11}}}, {"type": "Feature", "geometry": {"type": "Polygon", "coordinates": [[[54.0, 54.0], [54.0, 60.0], [48.0, 60.0], [48.0, 54.0], [54.0, 54.0]]]}, "properties": {"name": "N54E048_6x6", "kind": "latlon", "epsg": 4326, "lonMult": 1, "height": 6, "width": 6, "available": 33, "selected": 12, "coverage": 0.9999, "unionFrac": 1.0, "bw": {"20": 12}}}, {"type": "Feature", "geometry": {"type": "Polygon", "coordinates": [[[60.0, 54.0], [60.0, 60.0], [54.0, 60.0], [54.0, 54.0], [60.0, 54.0]]]}, "properties": {"name": "N54E054_6x6", "kind": "latlon", "epsg": 4326, "lonMult": 1, "height": 6, "width": 6, "available": 35, "selected": 11, "coverage": 1.0, "unionFrac": 1.0, "bw": {"20": 11}}}, {"type": "Feature", "geometry": {"type": "Polygon", "coordinates": [[[66.0, 54.0], [66.0, 60.0], [60.0, 60.0], [60.0, 54.0], [66.0, 54.0]]]}, "properties": {"name": "N54E060_6x6", "kind": "latlon", "epsg": 4326, "lonMult": 1, "height": 6, "width": 6, "available": 32, "selected": 10, "coverage": 1.0, "unionFrac": 1.0, "bw": {"20": 10}}}, {"type": "Feature", "geometry": {"type": "Polygon", "coordinates": [[[72.0, 54.0], [72.0, 60.0], [66.0, 60.0], [66.0, 54.0], [72.0, 54.0]]]}, "properties": {"name": "N54E066_6x6", "kind": "latlon", "epsg": 4326, "lonMult": 1, "height": 6, "width": 6, "available": 29, "selected": 9, "coverage": 1.0, "unionFrac": 1.0, "bw": {"20": 9}}}, {"type": "Feature", "geometry": {"type": "Polygon", "coordinates": [[[78.0, 54.0], [78.0, 60.0], [72.0, 60.0], [72.0, 54.0], [78.0, 54.0]]]}, "properties": {"name": "N54E072_6x6", "kind": "latlon", "epsg": 4326, "lonMult": 1, "height": 6, "width": 6, "available": 32, "selected": 10, "coverage": 1.0, "unionFrac": 1.0, "bw": {"20": 10}}}, {"type": "Feature", "geometry": {"type": "Polygon", "coordinates": [[[84.0, 54.0], [84.0, 60.0], [78.0, 60.0], [78.0, 54.0], [84.0, 54.0]]]}, "properties": {"name": "N54E078_6x6", "kind": "latlon", "epsg": 4326, "lonMult": 1, "height": 6, "width": 6, "available": 34, "selected": 10, "coverage": 0.999, "unionFrac": 1.0, "bw": {"20": 10}}}, {"type": "Feature", "geometry": {"type": "Polygon", "coordinates": [[[90.0, 54.0], [90.0, 60.0], [84.0, 60.0], [84.0, 54.0], [90.0, 54.0]]]}, "properties": {"name": "N54E084_6x6", "kind": "latlon", "epsg": 4326, "lonMult": 1, "height": 6, "width": 6, "available": 33, "selected": 11, "coverage": 0.9999, "unionFrac": 1.0, "bw": {"20": 11}}}, {"type": "Feature", "geometry": {"type": "Polygon", "coordinates": [[[96.0, 54.0], [96.0, 60.0], [90.0, 60.0], [90.0, 54.0], [96.0, 54.0]]]}, "properties": {"name": "N54E090_6x6", "kind": "latlon", "epsg": 4326, "lonMult": 1, "height": 6, "width": 6, "available": 32, "selected": 11, "coverage": 1.0, "unionFrac": 1.0, "bw": {"20": 11}}}, {"type": "Feature", "geometry": {"type": "Polygon", "coordinates": [[[102.0, 54.0], [102.0, 60.0], [96.0, 60.0], [96.0, 54.0], [102.0, 54.0]]]}, "properties": {"name": "N54E096_6x6", "kind": "latlon", "epsg": 4326, "lonMult": 1, "height": 6, "width": 6, "available": 33, "selected": 11, "coverage": 1.0, "unionFrac": 1.0, "bw": {"20": 11}}}, {"type": "Feature", "geometry": {"type": "Polygon", "coordinates": [[[108.0, 54.0], [108.0, 60.0], [102.0, 60.0], [102.0, 54.0], [108.0, 54.0]]]}, "properties": {"name": "N54E102_6x6", "kind": "latlon", "epsg": 4326, "lonMult": 1, "height": 6, "width": 6, "available": 33, "selected": 11, "coverage": 1.0, "unionFrac": 1.0, "bw": {"20": 11}}}, {"type": "Feature", "geometry": {"type": "Polygon", "coordinates": [[[114.0, 54.0], [114.0, 60.0], [108.0, 60.0], [108.0, 54.0], [114.0, 54.0]]]}, "properties": {"name": "N54E108_6x6", "kind": "latlon", "epsg": 4326, "lonMult": 1, "height": 6, "width": 6, "available": 34, "selected": 11, "coverage": 1.0, "unionFrac": 1.0, "bw": {"20": 11}}}, {"type": "Feature", "geometry": {"type": "Polygon", "coordinates": [[[120.0, 54.0], [120.0, 60.0], [114.0, 60.0], [114.0, 54.0], [120.0, 54.0]]]}, "properties": {"name": "N54E114_6x6", "kind": "latlon", "epsg": 4326, "lonMult": 1, "height": 6, "width": 6, "available": 33, "selected": 10, "coverage": 0.9998, "unionFrac": 1.0, "bw": {"20": 10}}}, {"type": "Feature", "geometry": {"type": "Polygon", "coordinates": [[[126.0, 54.0], [126.0, 60.0], [120.0, 60.0], [120.0, 54.0], [126.0, 54.0]]]}, "properties": {"name": "N54E120_6x6", "kind": "latlon", "epsg": 4326, "lonMult": 1, "height": 6, "width": 6, "available": 32, "selected": 10, "coverage": 1.0, "unionFrac": 1.0, "bw": {"20": 10}}}, {"type": "Feature", "geometry": {"type": "Polygon", "coordinates": [[[132.0, 54.0], [132.0, 60.0], [126.0, 60.0], [126.0, 54.0], [132.0, 54.0]]]}, "properties": {"name": "N54E126_6x6", "kind": "latlon", "epsg": 4326, "lonMult": 1, "height": 6, "width": 6, "available": 32, "selected": 10, "coverage": 1.0, "unionFrac": 1.0, "bw": {"20": 10}}}, {"type": "Feature", "geometry": {"type": "Polygon", "coordinates": [[[138.0, 54.0], [138.0, 60.0], [132.0, 60.0], [132.0, 54.0], [138.0, 54.0]]]}, "properties": {"name": "N54E132_6x6", "kind": "latlon", "epsg": 4326, "lonMult": 1, "height": 6, "width": 6, "available": 32, "selected": 11, "coverage": 0.9992, "unionFrac": 1.0, "bw": {"20": 11}}}, {"type": "Feature", "geometry": {"type": "Polygon", "coordinates": [[[144.0, 54.0], [144.0, 60.0], [138.0, 60.0], [138.0, 54.0], [144.0, 54.0]]]}, "properties": {"name": "N54E138_6x6", "kind": "latlon", "epsg": 4326, "lonMult": 1, "height": 6, "width": 6, "available": 20, "selected": 12, "coverage": 0.6853, "unionFrac": 0.6853, "bw": {"20": 12}}}, {"type": "Feature", "geometry": {"type": "Polygon", "coordinates": [[[150.0, 54.0], [150.0, 60.0], [144.0, 60.0], [144.0, 54.0], [150.0, 54.0]]]}, "properties": {"name": "N54E144_6x6", "kind": "latlon", "epsg": 4326, "lonMult": 1, "height": 6, "width": 6, "available": 8, "selected": 6, "coverage": 0.3173, "unionFrac": 0.3173, "bw": {"20": 6}}}, {"type": "Feature", "geometry": {"type": "Polygon", "coordinates": [[[156.0, 54.0], [156.0, 60.0], [150.0, 60.0], [150.0, 54.0], [156.0, 54.0]]]}, "properties": {"name": "N54E150_6x6", "kind": "latlon", "epsg": 4326, "lonMult": 1, "height": 6, "width": 6, "available": 18, "selected": 8, "coverage": 0.6115, "unionFrac": 0.6125, "bw": {"20": 8}}}, {"type": "Feature", "geometry": {"type": "Polygon", "coordinates": [[[162.0, 54.0], [162.0, 60.0], [156.0, 60.0], [156.0, 54.0], [162.0, 54.0]]]}, "properties": {"name": "N54E156_6x6", "kind": "latlon", "epsg": 4326, "lonMult": 1, "height": 6, "width": 6, "available": 35, "selected": 13, "coverage": 0.9093, "unionFrac": 0.9096, "bw": {"40": 4, "20": 9}}}, {"type": "Feature", "geometry": {"type": "Polygon", "coordinates": [[[168.0, 54.0], [168.0, 60.0], [162.0, 60.0], [162.0, 54.0], [168.0, 54.0]]]}, "properties": {"name": "N54E162_6x6", "kind": "latlon", "epsg": 4326, "lonMult": 1, "height": 6, "width": 6, "available": 22, "selected": 10, "coverage": 0.8584, "unionFrac": 0.8584, "bw": {"40": 3, "20": 7}}}, {"type": "Feature", "geometry": {"type": "Polygon", "coordinates": [[[174.0, 54.0], [174.0, 60.0], [168.0, 60.0], [168.0, 54.0], [174.0, 54.0]]]}, "properties": {"name": "N54E168_6x6", "kind": "latlon", "epsg": 4326, "lonMult": 1, "height": 6, "width": 6, "available": 5, "selected": 4, "coverage": 0.0775, "unionFrac": 0.0775, "bw": {"20": 4}}}, {"type": "Feature", "geometry": {"type": "Polygon", "coordinates": [[[-168.0, 60.0], [-168.0, 66.0], [-180.0, 66.0], [-180.0, 60.0], [-168.0, 60.0]]]}, "properties": {"name": "N60W180_6x12", "kind": "latlon", "epsg": 4326, "lonMult": 2, "height": 6, "width": 12, "available": 51, "selected": 19, "coverage": 0.5046, "unionFrac": 0.5047, "bw": {"40": 4, "20": 10, "5": 5}}}, {"type": "Feature", "geometry": {"type": "Polygon", "coordinates": [[[-156.0, 60.0], [-156.0, 66.0], [-168.0, 66.0], [-168.0, 60.0], [-156.0, 60.0]]]}, "properties": {"name": "N60W168_6x12", "kind": "latlon", "epsg": 4326, "lonMult": 2, "height": 6, "width": 12, "available": 77, "selected": 21, "coverage": 0.9984, "unionFrac": 0.9985, "bw": {"40": 18, "20": 2, "5": 1}}}, {"type": "Feature", "geometry": {"type": "Polygon", "coordinates": [[[-144.0, 60.0], [-144.0, 66.0], [-156.0, 66.0], [-156.0, 60.0], [-144.0, 60.0]]]}, "properties": {"name": "N60W156_6x12", "kind": "latlon", "epsg": 4326, "lonMult": 2, "height": 6, "width": 12, "available": 82, "selected": 18, "coverage": 0.9996, "unionFrac": 1.0, "bw": {"40": 18}}}, {"type": "Feature", "geometry": {"type": "Polygon", "coordinates": [[[-132.0, 60.0], [-132.0, 66.0], [-144.0, 66.0], [-144.0, 60.0], [-132.0, 60.0]]]}, "properties": {"name": "N60W144_6x12", "kind": "latlon", "epsg": 4326, "lonMult": 2, "height": 6, "width": 12, "available": 68, "selected": 16, "coverage": 0.998, "unionFrac": 1.0, "bw": {"40": 16}}}, {"type": "Feature", "geometry": {"type": "Polygon", "coordinates": [[[-120.0, 60.0], [-120.0, 66.0], [-132.0, 66.0], [-132.0, 60.0], [-120.0, 60.0]]]}, "properties": {"name": "N60W132_6x12", "kind": "latlon", "epsg": 4326, "lonMult": 2, "height": 6, "width": 12, "available": 42, "selected": 17, "coverage": 0.9994, "unionFrac": 1.0, "bw": {"40": 17}}}, {"type": "Feature", "geometry": {"type": "Polygon", "coordinates": [[[-108.0, 60.0], [-108.0, 66.0], [-120.0, 66.0], [-120.0, 60.0], [-108.0, 60.0]]]}, "properties": {"name": "N60W120_6x12", "kind": "latlon", "epsg": 4326, "lonMult": 2, "height": 6, "width": 12, "available": 44, "selected": 16, "coverage": 0.9992, "unionFrac": 1.0, "bw": {"40": 16}}}, {"type": "Feature", "geometry": {"type": "Polygon", "coordinates": [[[-96.0, 60.0], [-96.0, 66.0], [-108.0, 66.0], [-108.0, 60.0], [-96.0, 60.0]]]}, "properties": {"name": "N60W108_6x12", "kind": "latlon", "epsg": 4326, "lonMult": 2, "height": 6, "width": 12, "available": 46, "selected": 17, "coverage": 1.0, "unionFrac": 1.0, "bw": {"40": 17}}}, {"type": "Feature", "geometry": {"type": "Polygon", "coordinates": [[[-84.0, 60.0], [-84.0, 66.0], [-96.0, 66.0], [-96.0, 60.0], [-84.0, 60.0]]]}, "properties": {"name": "N60W096_6x12", "kind": "latlon", "epsg": 4326, "lonMult": 2, "height": 6, "width": 12, "available": 62, "selected": 19, "coverage": 0.9509, "unionFrac": 0.952, "bw": {"40": 13, "5": 6}}}, {"type": "Feature", "geometry": {"type": "Polygon", "coordinates": [[[-72.0, 60.0], [-72.0, 66.0], [-84.0, 66.0], [-84.0, 60.0], [-72.0, 60.0]]]}, "properties": {"name": "N60W084_6x12", "kind": "latlon", "epsg": 4326, "lonMult": 2, "height": 6, "width": 12, "available": 85, "selected": 23, "coverage": 0.9902, "unionFrac": 0.991, "bw": {"40": 18, "5": 5}}}, {"type": "Feature", "geometry": {"type": "Polygon", "coordinates": [[[-60.0, 60.0], [-60.0, 66.0], [-72.0, 66.0], [-72.0, 60.0], [-60.0, 60.0]]]}, "properties": {"name": "N60W072_6x12", "kind": "latlon", "epsg": 4326, "lonMult": 2, "height": 6, "width": 12, "available": 82, "selected": 20, "coverage": 0.9993, "unionFrac": 1.0, "bw": {"77": 2, "40": 13, "5": 5}}}, {"type": "Feature", "geometry": {"type": "Polygon", "coordinates": [[[-48.0, 60.0], [-48.0, 66.0], [-60.0, 66.0], [-60.0, 60.0], [-48.0, 60.0]]]}, "properties": {"name": "N60W060_6x12", "kind": "latlon", "epsg": 4326, "lonMult": 2, "height": 6, "width": 12, "available": 50, "selected": 21, "coverage": 0.7129, "unionFrac": 0.7138, "bw": {"77": 15, "5": 6}}}, {"type": "Feature", "geometry": {"type": "Polygon", "coordinates": [[[-36.0, 60.0], [-36.0, 66.0], [-48.0, 66.0], [-48.0, 60.0], [-36.0, 60.0]]]}, "properties": {"name": "N60W048_6x12", "kind": "latlon", "epsg": 4326, "lonMult": 2, "height": 6, "width": 12, "available": 48, "selected": 27, "coverage": 0.8589, "unionFrac": 0.8589, "bw": {"77": 26, "5": 1}}}, {"type": "Feature", "geometry": {"type": "Polygon", "coordinates": [[[-24.0, 60.0], [-24.0, 66.0], [-36.0, 66.0], [-36.0, 60.0], [-24.0, 60.0]]]}, "properties": {"name": "N60W036_6x12", "kind": "latlon", "epsg": 4326, "lonMult": 2, "height": 6, "width": 12, "available": 29, "selected": 12, "coverage": 0.4028, "unionFrac": 0.4028, "bw": {"77": 2, "40": 6, "5": 4}}}, {"type": "Feature", "geometry": {"type": "Polygon", "coordinates": [[[-12.0, 60.0], [-12.0, 66.0], [-24.0, 66.0], [-24.0, 60.0], [-12.0, 60.0]]]}, "properties": {"name": "N60W024_6x12", "kind": "latlon", "epsg": 4326, "lonMult": 2, "height": 6, "width": 12, "available": 39, "selected": 11, "coverage": 0.5696, "unionFrac": 0.5702, "bw": {"40": 11}}}, {"type": "Feature", "geometry": {"type": "Polygon", "coordinates": [[[0.0, 60.0], [0.0, 66.0], [-12.0, 66.0], [-12.0, 60.0], [0.0, 60.0]]]}, "properties": {"name": "N60W012_6x12", "kind": "latlon", "epsg": 4326, "lonMult": 2, "height": 6, "width": 12, "available": 8, "selected": 6, "coverage": 0.2303, "unionFrac": 0.2304, "bw": {"40": 3, "20": 3}}}, {"type": "Feature", "geometry": {"type": "Polygon", "coordinates": [[[12.0, 60.0], [12.0, 66.0], [0.0, 66.0], [0.0, 60.0], [12.0, 60.0]]]}, "properties": {"name": "N60E000_6x12", "kind": "latlon", "epsg": 4326, "lonMult": 2, "height": 6, "width": 12, "available": 23, "selected": 10, "coverage": 0.6046, "unionFrac": 0.6057, "bw": {"20": 10}}}, {"type": "Feature", "geometry": {"type": "Polygon", "coordinates": [[[24.0, 60.0], [24.0, 66.0], [12.0, 66.0], [12.0, 60.0], [24.0, 60.0]]]}, "properties": {"name": "N60E012_6x12", "kind": "latlon", "epsg": 4326, "lonMult": 2, "height": 6, "width": 12, "available": 41, "selected": 17, "coverage": 0.9984, "unionFrac": 1.0, "bw": {"20": 17}}}, {"type": "Feature", "geometry": {"type": "Polygon", "coordinates": [[[36.0, 60.0], [36.0, 66.0], [24.0, 66.0], [24.0, 60.0], [36.0, 60.0]]]}, "properties": {"name": "N60E024_6x12", "kind": "latlon", "epsg": 4326, "lonMult": 2, "height": 6, "width": 12, "available": 55, "selected": 16, "coverage": 0.999, "unionFrac": 1.0, "bw": {"40": 2, "20": 14}}}, {"type": "Feature", "geometry": {"type": "Polygon", "coordinates": [[[48.0, 60.0], [48.0, 66.0], [36.0, 66.0], [36.0, 60.0], [48.0, 60.0]]]}, "properties": {"name": "N60E036_6x12", "kind": "latlon", "epsg": 4326, "lonMult": 2, "height": 6, "width": 12, "available": 63, "selected": 15, "coverage": 1.0, "unionFrac": 1.0, "bw": {"20": 15}}}, {"type": "Feature", "geometry": {"type": "Polygon", "coordinates": [[[60.0, 60.0], [60.0, 66.0], [48.0, 66.0], [48.0, 60.0], [60.0, 60.0]]]}, "properties": {"name": "N60E048_6x12", "kind": "latlon", "epsg": 4326, "lonMult": 2, "height": 6, "width": 12, "available": 47, "selected": 15, "coverage": 0.999, "unionFrac": 1.0, "bw": {"20": 15}}}, {"type": "Feature", "geometry": {"type": "Polygon", "coordinates": [[[72.0, 60.0], [72.0, 66.0], [60.0, 66.0], [60.0, 60.0], [72.0, 60.0]]]}, "properties": {"name": "N60E060_6x12", "kind": "latlon", "epsg": 4326, "lonMult": 2, "height": 6, "width": 12, "available": 46, "selected": 16, "coverage": 0.9989, "unionFrac": 1.0, "bw": {"20": 16}}}, {"type": "Feature", "geometry": {"type": "Polygon", "coordinates": [[[84.0, 60.0], [84.0, 66.0], [72.0, 66.0], [72.0, 60.0], [84.0, 60.0]]]}, "properties": {"name": "N60E072_6x12", "kind": "latlon", "epsg": 4326, "lonMult": 2, "height": 6, "width": 12, "available": 47, "selected": 15, "coverage": 0.9993, "unionFrac": 1.0, "bw": {"20": 15}}}, {"type": "Feature", "geometry": {"type": "Polygon", "coordinates": [[[96.0, 60.0], [96.0, 66.0], [84.0, 66.0], [84.0, 60.0], [96.0, 60.0]]]}, "properties": {"name": "N60E084_6x12", "kind": "latlon", "epsg": 4326, "lonMult": 2, "height": 6, "width": 12, "available": 44, "selected": 15, "coverage": 0.9996, "unionFrac": 1.0, "bw": {"20": 15}}}, {"type": "Feature", "geometry": {"type": "Polygon", "coordinates": [[[108.0, 60.0], [108.0, 66.0], [96.0, 66.0], [96.0, 60.0], [108.0, 60.0]]]}, "properties": {"name": "N60E096_6x12", "kind": "latlon", "epsg": 4326, "lonMult": 2, "height": 6, "width": 12, "available": 44, "selected": 15, "coverage": 0.999, "unionFrac": 1.0, "bw": {"20": 15}}}, {"type": "Feature", "geometry": {"type": "Polygon", "coordinates": [[[120.0, 60.0], [120.0, 66.0], [108.0, 66.0], [108.0, 60.0], [120.0, 60.0]]]}, "properties": {"name": "N60E108_6x12", "kind": "latlon", "epsg": 4326, "lonMult": 2, "height": 6, "width": 12, "available": 45, "selected": 14, "coverage": 1.0, "unionFrac": 1.0, "bw": {"20": 14}}}, {"type": "Feature", "geometry": {"type": "Polygon", "coordinates": [[[132.0, 60.0], [132.0, 66.0], [120.0, 66.0], [120.0, 60.0], [132.0, 60.0]]]}, "properties": {"name": "N60E120_6x12", "kind": "latlon", "epsg": 4326, "lonMult": 2, "height": 6, "width": 12, "available": 43, "selected": 16, "coverage": 0.9986, "unionFrac": 1.0, "bw": {"20": 16}}}, {"type": "Feature", "geometry": {"type": "Polygon", "coordinates": [[[144.0, 60.0], [144.0, 66.0], [132.0, 66.0], [132.0, 60.0], [144.0, 60.0]]]}, "properties": {"name": "N60E132_6x12", "kind": "latlon", "epsg": 4326, "lonMult": 2, "height": 6, "width": 12, "available": 42, "selected": 17, "coverage": 0.9995, "unionFrac": 1.0, "bw": {"20": 17}}}, {"type": "Feature", "geometry": {"type": "Polygon", "coordinates": [[[156.0, 60.0], [156.0, 66.0], [144.0, 66.0], [144.0, 60.0], [156.0, 60.0]]]}, "properties": {"name": "N60E144_6x12", "kind": "latlon", "epsg": 4326, "lonMult": 2, "height": 6, "width": 12, "available": 43, "selected": 16, "coverage": 1.0, "unionFrac": 1.0, "bw": {"20": 16}}}, {"type": "Feature", "geometry": {"type": "Polygon", "coordinates": [[[168.0, 60.0], [168.0, 66.0], [156.0, 66.0], [156.0, 60.0], [168.0, 60.0]]]}, "properties": {"name": "N60E156_6x12", "kind": "latlon", "epsg": 4326, "lonMult": 2, "height": 6, "width": 12, "available": 43, "selected": 18, "coverage": 0.9858, "unionFrac": 0.9869, "bw": {"20": 18}}}, {"type": "Feature", "geometry": {"type": "Polygon", "coordinates": [[[180.0, 60.0], [180.0, 66.0], [168.0, 66.0], [168.0, 60.0], [180.0, 60.0]]]}, "properties": {"name": "N60E168_6x12", "kind": "latlon", "epsg": 4326, "lonMult": 2, "height": 6, "width": 12, "available": 40, "selected": 12, "coverage": 0.8669, "unionFrac": 0.8692, "bw": {"20": 12}}}, {"type": "Feature", "geometry": {"type": "Polygon", "coordinates": [[[-162.0, 66.0], [-162.0, 72.0], [-180.0, 72.0], [-180.0, 66.0], [-162.0, 66.0]]]}, "properties": {"name": "N66W180_6x18", "kind": "latlon", "epsg": 4326, "lonMult": 3, "height": 6, "width": 18, "available": 129, "selected": 27, "coverage": 0.9167, "unionFrac": 0.9169, "bw": {"40": 9, "20": 5, "5": 13}}}, {"type": "Feature", "geometry": {"type": "Polygon", "coordinates": [[[-144.0, 66.0], [-144.0, 72.0], [-162.0, 72.0], [-162.0, 66.0], [-144.0, 66.0]]]}, "properties": {"name": "N66W162_6x18", "kind": "latlon", "epsg": 4326, "lonMult": 3, "height": 6, "width": 18, "available": 162, "selected": 28, "coverage": 0.9996, "unionFrac": 1.0, "bw": {"40": 23, "5": 5}}}, {"type": "Feature", "geometry": {"type": "Polygon", "coordinates": [[[-126.0, 66.0], [-126.0, 72.0], [-144.0, 72.0], [-144.0, 66.0], [-126.0, 66.0]]]}, "properties": {"name": "N66W144_6x18", "kind": "latlon", "epsg": 4326, "lonMult": 3, "height": 6, "width": 18, "available": 145, "selected": 24, "coverage": 0.9996, "unionFrac": 1.0, "bw": {"40": 18, "5": 6}}}, {"type": "Feature", "geometry": {"type": "Polygon", "coordinates": [[[-108.0, 66.0], [-108.0, 72.0], [-126.0, 72.0], [-126.0, 66.0], [-108.0, 66.0]]]}, "properties": {"name": "N66W126_6x18", "kind": "latlon", "epsg": 4326, "lonMult": 3, "height": 6, "width": 18, "available": 127, "selected": 21, "coverage": 0.998, "unionFrac": 0.9987, "bw": {"40": 20, "5": 1}}}, {"type": "Feature", "geometry": {"type": "Polygon", "coordinates": [[[-90.0, 66.0], [-90.0, 72.0], [-108.0, 72.0], [-108.0, 66.0], [-90.0, 66.0]]]}, "properties": {"name": "N66W108_6x18", "kind": "latlon", "epsg": 4326, "lonMult": 3, "height": 6, "width": 18, "available": 131, "selected": 22, "coverage": 0.9991, "unionFrac": 1.0, "bw": {"40": 21, "5": 1}}}, {"type": "Feature", "geometry": {"type": "Polygon", "coordinates": [[[-72.0, 66.0], [-72.0, 72.0], [-90.0, 72.0], [-90.0, 66.0], [-72.0, 66.0]]]}, "properties": {"name": "N66W090_6x18", "kind": "latlon", "epsg": 4326, "lonMult": 3, "height": 6, "width": 18, "available": 154, "selected": 31, "coverage": 0.9994, "unionFrac": 1.0, "bw": {"77": 8, "40": 21, "5": 2}}}, {"type": "Feature", "geometry": {"type": "Polygon", "coordinates": [[[-54.0, 66.0], [-54.0, 72.0], [-72.0, 72.0], [-72.0, 66.0], [-54.0, 66.0]]]}, "properties": {"name": "N66W072_6x18", "kind": "latlon", "epsg": 4326, "lonMult": 3, "height": 6, "width": 18, "available": 171, "selected": 42, "coverage": 0.9988, "unionFrac": 1.0, "bw": {"77": 22, "40": 10, "5": 10}}}, {"type": "Feature", "geometry": {"type": "Polygon", "coordinates": [[[-36.0, 66.0], [-36.0, 72.0], [-54.0, 72.0], [-54.0, 66.0], [-36.0, 66.0]]]}, "properties": {"name": "N66W054_6x18", "kind": "latlon", "epsg": 4326, "lonMult": 3, "height": 6, "width": 18, "available": 113, "selected": 35, "coverage": 0.998, "unionFrac": 1.0, "bw": {"77": 35}}}, {"type": "Feature", "geometry": {"type": "Polygon", "coordinates": [[[-18.0, 66.0], [-18.0, 72.0], [-36.0, 72.0], [-36.0, 66.0], [-18.0, 66.0]]]}, "properties": {"name": "N66W036_6x18", "kind": "latlon", "epsg": 4326, "lonMult": 3, "height": 6, "width": 18, "available": 136, "selected": 42, "coverage": 0.9973, "unionFrac": 0.9996, "bw": {"77": 28, "40": 6, "5": 8}}}, {"type": "Feature", "geometry": {"type": "Polygon", "coordinates": [[[0.0, 66.0], [0.0, 72.0], [-18.0, 72.0], [-18.0, 66.0], [0.0, 66.0]]]}, "properties": {"name": "N66W018_6x18", "kind": "latlon", "epsg": 4326, "lonMult": 3, "height": 6, "width": 18, "available": 61, "selected": 12, "coverage": 0.442, "unionFrac": 0.4428, "bw": {"40": 4, "20": 1, "5": 7}}}, {"type": "Feature", "geometry": {"type": "Polygon", "coordinates": [[[18.0, 66.0], [18.0, 72.0], [0.0, 72.0], [0.0, 66.0], [18.0, 66.0]]]}, "properties": {"name": "N66E000_6x18", "kind": "latlon", "epsg": 4326, "lonMult": 3, "height": 6, "width": 18, "available": 20, "selected": 12, "coverage": 0.424, "unionFrac": 0.4248, "bw": {"20": 7, "5": 5}}}, {"type": "Feature", "geometry": {"type": "Polygon", "coordinates": [[[36.0, 66.0], [36.0, 72.0], [18.0, 72.0], [18.0, 66.0], [36.0, 66.0]]]}, "properties": {"name": "N66E018_6x18", "kind": "latlon", "epsg": 4326, "lonMult": 3, "height": 6, "width": 18, "available": 49, "selected": 19, "coverage": 0.9073, "unionFrac": 0.909, "bw": {"20": 19}}}, {"type": "Feature", "geometry": {"type": "Polygon", "coordinates": [[[54.0, 66.0], [54.0, 72.0], [36.0, 72.0], [36.0, 66.0], [54.0, 66.0]]]}, "properties": {"name": "N66E036_6x18", "kind": "latlon", "epsg": 4326, "lonMult": 3, "height": 6, "width": 18, "available": 82, "selected": 22, "coverage": 0.8018, "unionFrac": 0.8027, "bw": {"20": 18, "5": 4}}}, {"type": "Feature", "geometry": {"type": "Polygon", "coordinates": [[[72.0, 66.0], [72.0, 72.0], [54.0, 72.0], [54.0, 66.0], [72.0, 66.0]]]}, "properties": {"name": "N66E054_6x18", "kind": "latlon", "epsg": 4326, "lonMult": 3, "height": 6, "width": 18, "available": 132, "selected": 19, "coverage": 0.9991, "unionFrac": 1.0, "bw": {"20": 18, "5": 1}}}, {"type": "Feature", "geometry": {"type": "Polygon", "coordinates": [[[90.0, 66.0], [90.0, 72.0], [72.0, 72.0], [72.0, 66.0], [90.0, 66.0]]]}, "properties": {"name": "N66E072_6x18", "kind": "latlon", "epsg": 4326, "lonMult": 3, "height": 6, "width": 18, "available": 106, "selected": 20, "coverage": 0.9987, "unionFrac": 1.0, "bw": {"20": 20}}}, {"type": "Feature", "geometry": {"type": "Polygon", "coordinates": [[[108.0, 66.0], [108.0, 72.0], [90.0, 72.0], [90.0, 66.0], [108.0, 66.0]]]}, "properties": {"name": "N66E090_6x18", "kind": "latlon", "epsg": 4326, "lonMult": 3, "height": 6, "width": 18, "available": 68, "selected": 18, "coverage": 0.9984, "unionFrac": 1.0, "bw": {"20": 18}}}, {"type": "Feature", "geometry": {"type": "Polygon", "coordinates": [[[126.0, 66.0], [126.0, 72.0], [108.0, 72.0], [108.0, 66.0], [126.0, 66.0]]]}, "properties": {"name": "N66E108_6x18", "kind": "latlon", "epsg": 4326, "lonMult": 3, "height": 6, "width": 18, "available": 86, "selected": 17, "coverage": 0.9983, "unionFrac": 1.0, "bw": {"20": 17}}}, {"type": "Feature", "geometry": {"type": "Polygon", "coordinates": [[[144.0, 66.0], [144.0, 72.0], [126.0, 72.0], [126.0, 66.0], [144.0, 66.0]]]}, "properties": {"name": "N66E126_6x18", "kind": "latlon", "epsg": 4326, "lonMult": 3, "height": 6, "width": 18, "available": 99, "selected": 20, "coverage": 0.9978, "unionFrac": 1.0, "bw": {"20": 20}}}, {"type": "Feature", "geometry": {"type": "Polygon", "coordinates": [[[162.0, 66.0], [162.0, 72.0], [144.0, 72.0], [144.0, 66.0], [162.0, 66.0]]]}, "properties": {"name": "N66E144_6x18", "kind": "latlon", "epsg": 4326, "lonMult": 3, "height": 6, "width": 18, "available": 113, "selected": 24, "coverage": 0.9993, "unionFrac": 1.0, "bw": {"20": 22, "5": 2}}}, {"type": "Feature", "geometry": {"type": "Polygon", "coordinates": [[[180.0, 66.0], [180.0, 72.0], [162.0, 72.0], [162.0, 66.0], [180.0, 66.0]]]}, "properties": {"name": "N66E162_6x18", "kind": "latlon", "epsg": 4326, "lonMult": 3, "height": 6, "width": 18, "available": 142, "selected": 26, "coverage": 0.9982, "unionFrac": 1.0, "bw": {"20": 20, "5": 6}}}, {"type": "Feature", "geometry": {"type": "Polygon", "coordinates": [[[-156.0, 72.0], [-156.0, 77.5], [-180.0, 77.5], [-180.0, 72.0], [-156.0, 72.0]]]}, "properties": {"name": "N72W180_6x24", "kind": "latlon", "epsg": 4326, "lonMult": 4, "height": 6, "width": 24, "available": 174, "selected": 17, "coverage": 0.9345, "unionFrac": 0.9356, "bw": {"5": 17}}}, {"type": "Feature", "geometry": {"type": "Polygon", "coordinates": [[[-132.0, 72.0], [-132.0, 77.5], [-156.0, 77.5], [-156.0, 72.0], [-132.0, 72.0]]]}, "properties": {"name": "N72W156_6x24", "kind": "latlon", "epsg": 4326, "lonMult": 4, "height": 6, "width": 24, "available": 246, "selected": 16, "coverage": 0.9988, "unionFrac": 1.0, "bw": {"5": 16}}}, {"type": "Feature", "geometry": {"type": "Polygon", "coordinates": [[[-108.0, 72.0], [-108.0, 77.5], [-132.0, 77.5], [-132.0, 72.0], [-108.0, 72.0]]]}, "properties": {"name": "N72W132_6x24", "kind": "latlon", "epsg": 4326, "lonMult": 4, "height": 6, "width": 24, "available": 293, "selected": 23, "coverage": 0.9989, "unionFrac": 1.0, "bw": {"40": 15, "5": 8}}}, {"type": "Feature", "geometry": {"type": "Polygon", "coordinates": [[[-84.0, 72.0], [-84.0, 77.5], [-108.0, 77.5], [-108.0, 72.0], [-84.0, 72.0]]]}, "properties": {"name": "N72W108_6x24", "kind": "latlon", "epsg": 4326, "lonMult": 4, "height": 6, "width": 24, "available": 266, "selected": 25, "coverage": 0.9991, "unionFrac": 1.0, "bw": {"77": 2, "40": 19, "5": 4}}}, {"type": "Feature", "geometry": {"type": "Polygon", "coordinates": [[[-60.0, 72.0], [-60.0, 77.5], [-84.0, 77.5], [-84.0, 72.0], [-60.0, 72.0]]]}, "properties": {"name": "N72W084_6x24", "kind": "latlon", "epsg": 4326, "lonMult": 4, "height": 6, "width": 24, "available": 267, "selected": 41, "coverage": 0.9981, "unionFrac": 1.0, "bw": {"77": 19, "40": 12, "5": 10}}}, {"type": "Feature", "geometry": {"type": "Polygon", "coordinates": [[[-36.0, 72.0], [-36.0, 77.5], [-60.0, 77.5], [-60.0, 72.0], [-36.0, 72.0]]]}, "properties": {"name": "N72W060_6x24", "kind": "latlon", "epsg": 4326, "lonMult": 4, "height": 6, "width": 24, "available": 152, "selected": 37, "coverage": 0.9848, "unionFrac": 0.9864, "bw": {"77": 34, "5": 3}}}, {"type": "Feature", "geometry": {"type": "Polygon", "coordinates": [[[-12.0, 72.0], [-12.0, 77.5], [-36.0, 77.5], [-36.0, 72.0], [-12.0, 72.0]]]}, "properties": {"name": "N72W036_6x24", "kind": "latlon", "epsg": 4326, "lonMult": 4, "height": 6, "width": 24, "available": 182, "selected": 32, "coverage": 0.9854, "unionFrac": 0.9896, "bw": {"77": 27, "20": 1, "5": 4}}}, {"type": "Feature", "geometry": {"type": "Polygon", "coordinates": [[[12.0, 72.0], [12.0, 77.5], [-12.0, 77.5], [-12.0, 72.0], [12.0, 72.0]]]}, "properties": {"name": "N72W012_6x24", "kind": "latlon", "epsg": 4326, "lonMult": 4, "height": 6, "width": 24, "available": 119, "selected": 18, "coverage": 0.6565, "unionFrac": 0.6599, "bw": {"20": 1, "5": 17}}}, {"type": "Feature", "geometry": {"type": "Polygon", "coordinates": [[[36.0, 72.0], [36.0, 77.5], [12.0, 77.5], [12.0, 72.0], [36.0, 72.0]]]}, "properties": {"name": "N72E012_6x24", "kind": "latlon", "epsg": 4326, "lonMult": 4, "height": 6, "width": 24, "available": 105, "selected": 20, "coverage": 0.6053, "unionFrac": 0.6083, "bw": {"77": 4, "20": 2, "5": 14}}}, {"type": "Feature", "geometry": {"type": "Polygon", "coordinates": [[[60.0, 72.0], [60.0, 77.5], [36.0, 77.5], [36.0, 72.0], [60.0, 72.0]]]}, "properties": {"name": "N72E036_6x24", "kind": "latlon", "epsg": 4326, "lonMult": 4, "height": 6, "width": 24, "available": 168, "selected": 20, "coverage": 0.8221, "unionFrac": 0.8243, "bw": {"20": 8, "5": 12}}}, {"type": "Feature", "geometry": {"type": "Polygon", "coordinates": [[[84.0, 72.0], [84.0, 77.5], [60.0, 77.5], [60.0, 72.0], [84.0, 72.0]]]}, "properties": {"name": "N72E060_6x24", "kind": "latlon", "epsg": 4326, "lonMult": 4, "height": 6, "width": 24, "available": 242, "selected": 25, "coverage": 0.9971, "unionFrac": 1.0, "bw": {"20": 16, "5": 9}}}, {"type": "Feature", "geometry": {"type": "Polygon", "coordinates": [[[108.0, 72.0], [108.0, 77.5], [84.0, 77.5], [84.0, 72.0], [108.0, 72.0]]]}, "properties": {"name": "N72E084_6x24", "kind": "latlon", "epsg": 4326, "lonMult": 4, "height": 6, "width": 24, "available": 198, "selected": 31, "coverage": 0.9997, "unionFrac": 1.0, "bw": {"20": 27, "5": 4}}}, {"type": "Feature", "geometry": {"type": "Polygon", "coordinates": [[[132.0, 72.0], [132.0, 77.5], [108.0, 77.5], [108.0, 72.0], [132.0, 72.0]]]}, "properties": {"name": "N72E108_6x24", "kind": "latlon", "epsg": 4326, "lonMult": 4, "height": 6, "width": 24, "available": 216, "selected": 22, "coverage": 0.9987, "unionFrac": 1.0, "bw": {"20": 14, "5": 8}}}, {"type": "Feature", "geometry": {"type": "Polygon", "coordinates": [[[156.0, 72.0], [156.0, 77.5], [132.0, 77.5], [132.0, 72.0], [156.0, 72.0]]]}, "properties": {"name": "N72E132_6x24", "kind": "latlon", "epsg": 4326, "lonMult": 4, "height": 6, "width": 24, "available": 247, "selected": 34, "coverage": 0.9975, "unionFrac": 1.0, "bw": {"20": 25, "5": 9}}}, {"type": "Feature", "geometry": {"type": "Polygon", "coordinates": [[[180.0, 72.0], [180.0, 77.5], [156.0, 77.5], [156.0, 72.0], [180.0, 72.0]]]}, "properties": {"name": "N72E156_6x24", "kind": "latlon", "epsg": 4326, "lonMult": 4, "height": 6, "width": 24, "available": 271, "selected": 19, "coverage": 0.9982, "unionFrac": 1.0, "bw": {"20": 2, "5": 17}}}, {"type": "Feature", "geometry": {"type": "Polygon", "coordinates": [[[180.0, -90.0], [180.0, -84.0], [-180.0, -84.0], [-180.0, -90.0], [180.0, -90.0]]]}, "properties": {"name": "S84PS3031", "kind": "ps", "epsg": 3031, "halfWidthM": 652487, "lonMult": null, "height": null, "width": null, "available": 333, "selected": 52, "coverage": 0.8938, "unionFrac": 0.9023, "bw": {"40": 52}}}]}